name,percent
John,0.081541
William,0.080511
James,0.050057
Charles,0.045167
George,0.043292
Frank,0.02738
Joseph,0.022229
Thomas,0.021401
Henry,0.020641
Robert,0.020404
Edward,0.019965
Harry,0.018175
Walter,0.014822
Arthur,0.013504
Fred,0.013251
Albert,0.012609
Samuel,0.008648
David,0.007339
Louis,0.006993
Joe,0.006174
Charlie,0.006165
Clarence,0.006165
Richard,0.006148
Andrew,0.005439
Daniel,0.00543
Ernest,0.005194
Will,0.004966
Jesse,0.004805
Oscar,0.004594
Lewis,0.004366
Peter,0.004189
Benjamin,0.004138
Frederick,0.004079
Willie,0.00402
Alfred,0.003961
Sam,0.00386
Roy,0.003716
Herbert,0.003581
Jacob,0.003412
Tom,0.00337
Elmer,0.00315
Carl,0.003142
Lee,0.003049
Howard,0.003015
Martin,0.003015
Michael,0.00299
Bert,0.002939
Herman,0.002931
Jim,0.002914
Francis,0.002905
Harvey,0.002905
Earl,0.002829
Eugene,0.00277
Ralph,0.002677
Ed,0.002618
Claude,0.00261
Edwin,0.00261
Ben,0.002576
Charley,0.002576
Paul,0.002542
Edgar,0.00239
Isaac,0.002314
Otto,0.002289
Luther,0.002196
Lawrence,0.00217
Ira,0.002103
Patrick,0.002094
Guy,0.002018
Oliver,0.001976
Theodore,0.001959
Hugh,0.001892
Clyde,0.001866
Alexander,0.001782
August,0.001774
Floyd,0.00174
Homer,0.001731
Jack,0.001723
Leonard,0.001689
Horace,0.001681
Marion,0.001596
Philip,0.001571
Allen,0.001554
Archie,0.001546
Stephen,0.001486
Chester,0.001419
Willis,0.001402
Raymond,0.001394
Rufus,0.001377
Warren,0.001334
Jessie,0.001301
Milton,0.001258
Alex,0.001241
Leo,0.001241
Julius,0.001208
Ray,0.001199
Sidney,0.001199
Bernard,0.001182
Dan,0.001182
Jerry,0.001149
Calvin,0.001132
Perry,0.001132
Dave,0.001106
Anthony,0.001098
Eddie,0.001089
Amos,0.001081
Dennis,0.001081
Clifford,0.001073
Leroy,0.001047
Wesley,0.001039
Alonzo,0.00103
Garfield,0.00103
Franklin,0.001013
Emil,0.001005
Leon,9.97e-4
Nathan,9.63e-4
Harold,9.54e-4
Matthew,9.54e-4
Levi,9.46e-4
Moses,9.37e-4
Everett,9.29e-4
Lester,9.21e-4
Winfield,9.12e-4
Adam,8.78e-4
Lloyd,8.78e-4
Mack,8.78e-4
Fredrick,8.7e-4
Jay,8.7e-4
Jess,8.7e-4
Melvin,8.7e-4
Noah,8.7e-4
Aaron,8.61e-4
Alvin,8.61e-4
Norman,8.61e-4
Gilbert,8.53e-4
Elijah,8.45e-4
Victor,8.45e-4
Gus,8.36e-4
Nelson,8.36e-4
Jasper,8.28e-4
Silas,8.28e-4
Christopher,8.19e-4
Jake,8.11e-4
Mike,8.02e-4
Percy,7.94e-4
Adolph,7.85e-4
Maurice,7.85e-4
Cornelius,7.77e-4
Felix,7.77e-4
Reuben,7.77e-4
Wallace,7.69e-4
Claud,7.6e-4
Roscoe,7.6e-4
Sylvester,7.52e-4
Earnest,7.43e-4
Hiram,7.43e-4
Otis,7.43e-4
Simon,7.43e-4
Willard,7.43e-4
Irvin,7.26e-4
Mark,7.26e-4
Jose,7.09e-4
Wilbur,6.93e-4
Abraham,6.84e-4
Virgil,6.84e-4
Clinton,6.67e-4
Elbert,6.67e-4
Leslie,6.67e-4
Marshall,6.59e-4
Owen,6.59e-4
Wiley,6.59e-4
Anton,6.5e-4
Morris,6.5e-4
Manuel,6.33e-4
Phillip,6.33e-4
Augustus,6.25e-4
Emmett,6.25e-4
Eli,6.17e-4
Nicholas,6.17e-4
Wilson,6.08e-4
Alva,5.91e-4
Harley,5.91e-4
Newton,5.91e-4
Timothy,5.91e-4
Marvin,5.83e-4
Ross,5.83e-4
Curtis,5.74e-4
Edmund,5.66e-4
Jeff,5.57e-4
Elias,5.49e-4
Harrison,5.49e-4
Stanley,5.49e-4
Columbus,5.41e-4
Lon,5.41e-4
Ora,5.41e-4
Ollie,5.32e-4
Russell,5.32e-4
Pearl,5.24e-4
Solomon,5.24e-4
Arch,5.15e-4
Asa,5.07e-4
Clayton,5.07e-4
Enoch,5.07e-4
Irving,5.07e-4
Mathew,5.07e-4
Nathaniel,5.07e-4
Scott,5.07e-4
Hubert,4.98e-4
Lemuel,4.98e-4
Andy,4.9e-4
Ellis,4.9e-4
Emanuel,4.81e-4
Joshua,4.81e-4
Millard,4.73e-4
Vernon,4.73e-4
Wade,4.73e-4
Cyrus,4.56e-4
Miles,4.56e-4
Rudolph,4.56e-4
Sherman,4.56e-4
Austin,4.48e-4
Bill,4.48e-4
Chas,4.48e-4
Lonnie,4.48e-4
Monroe,4.48e-4
Byron,4.39e-4
Edd,4.39e-4
Emery,4.39e-4
Grant,4.39e-4
Jerome,4.39e-4
Max,4.39e-4
Mose,4.39e-4
Steve,4.39e-4
Gordon,4.31e-4
Abe,4.22e-4
Pete,4.22e-4
Chris,4.14e-4
Clark,4.14e-4
Gustave,4.14e-4
Orville,4.14e-4
Lorenzo,4.05e-4
Bruce,3.97e-4
Marcus,3.97e-4
Preston,3.97e-4
Bob,3.88e-4
Dock,3.88e-4
Donald,3.88e-4
Jackson,3.88e-4
Cecil,3.8e-4
Barney,3.72e-4
Delbert,3.72e-4
Edmond,3.72e-4
Anderson,3.63e-4
Christian,3.63e-4
Glenn,3.63e-4
Jefferson,3.63e-4
Luke,3.63e-4
Neal,3.63e-4
Burt,3.55e-4
Ike,3.55e-4
Myron,3.55e-4
Tony,3.55e-4
Conrad,3.46e-4
Joel,3.46e-4
Matt,3.46e-4
Riley,3.46e-4
Vincent,3.46e-4
Emory,3.38e-4
Isaiah,3.38e-4
Nick,3.38e-4
Ezra,3.29e-4
Green,3.29e-4
Juan,3.29e-4
Clifton,3.21e-4
Lucius,3.21e-4
Porter,3.21e-4
Arnold,3.12e-4
Bud,3.12e-4
Jeremiah,3.12e-4
Taylor,3.12e-4
Forrest,3.04e-4
Roland,3.04e-4
Spencer,2.96e-4
Burton,2.87e-4
Don,2.87e-4
Emmet,2.87e-4
Gustav,2.79e-4
Louie,2.79e-4
Morgan,2.79e-4
Ned,2.79e-4
Van,2.79e-4
Ambrose,2.7e-4
Chauncey,2.7e-4
Elisha,2.7e-4
Ferdinand,2.7e-4
General,2.7e-4
Julian,2.7e-4
Kenneth,2.7e-4
Mitchell,2.7e-4
Allie,2.62e-4
Josh,2.62e-4
Judson,2.62e-4
Lyman,2.62e-4
Napoleon,2.62e-4
Pedro,2.62e-4
Berry,2.53e-4
Dewitt,2.53e-4
Ervin,2.53e-4
Forest,2.53e-4
Lynn,2.53e-4
Pink,2.53e-4
Ruben,2.53e-4
Sanford,2.53e-4
Ward,2.53e-4
Douglas,2.45e-4
Ole,2.45e-4
Omer,2.45e-4
Ulysses,2.45e-4
Walker,2.45e-4
Wilbert,2.45e-4
Adelbert,2.36e-4
Benjiman,2.36e-4
Ivan,2.36e-4
Jonas,2.36e-4
Major,2.36e-4
Abner,2.28e-4
Archibald,2.28e-4
Caleb,2.28e-4
Clint,2.28e-4
Dudley,2.28e-4
Granville,2.28e-4
King,2.28e-4
Mary,2.28e-4
Merton,2.28e-4
Antonio,2.2e-4
Bennie,2.2e-4
Carroll,2.2e-4
Freeman,2.2e-4
Josiah,2.2e-4
Milo,2.2e-4
Royal,2.2e-4
Dick,2.11e-4
Earle,2.11e-4
Elza,2.11e-4
Emerson,2.11e-4
Fletcher,2.11e-4
Judge,2.11e-4
Laurence,2.11e-4
Neil,2.11e-4
Roger,2.11e-4
Seth,2.11e-4
Glen,2.03e-4
Hugo,2.03e-4
Jimmie,2.03e-4
Johnnie,2.03e-4
Washington,2.03e-4
Elwood,1.94e-4
Gust,1.94e-4
Harmon,1.94e-4
Jordan,1.94e-4
Simeon,1.94e-4
Wayne,1.94e-4
Wilber,1.94e-4
Clem,1.86e-4
Evan,1.86e-4
Frederic,1.86e-4
Irwin,1.86e-4
Junius,1.86e-4
Lafayette,1.86e-4
Loren,1.86e-4
Madison,1.86e-4
Mason,1.86e-4
Orval,1.86e-4
Abram,1.77e-4
Aubrey,1.77e-4
Elliott,1.77e-4
Hans,1.77e-4
Karl,1.77e-4
Minor,1.77e-4
Wash,1.77e-4
Wilfred,1.77e-4
Allan,1.69e-4
Alphonse,1.69e-4
Dallas,1.69e-4
Dee,1.69e-4
Isiah,1.69e-4
Jason,1.69e-4
Johnny,1.69e-4
Lawson,1.69e-4
Lew,1.69e-4
Micheal,1.69e-4
Orin,1.69e-4
Addison,1.6e-4
Cal,1.6e-4
Erastus,1.6e-4
Francisco,1.6e-4
Hardy,1.6e-4
Lucien,1.6e-4
Randolph,1.6e-4
Stewart,1.6e-4
Vern,1.6e-4
Wilmer,1.6e-4
Zack,1.6e-4
Adrian,1.52e-4
Alvah,1.52e-4
Bertram,1.52e-4
Clay,1.52e-4
Ephraim,1.52e-4
Fritz,1.52e-4
Giles,1.52e-4
Grover,1.52e-4
Harris,1.52e-4
Isom,1.52e-4
Jesus,1.52e-4
Johnie,1.52e-4
Jonathan,1.52e-4
Lucian,1.52e-4
Malcolm,1.52e-4
Merritt,1.52e-4
Otho,1.52e-4
Perley,1.52e-4
Rolla,1.52e-4
Sandy,1.52e-4
Tomas,1.52e-4
Wilford,1.52e-4
Adolphus,1.44e-4
Angus,1.44e-4
Arther,1.44e-4
Carlos,1.44e-4
Cary,1.44e-4
Cassius,1.44e-4
Davis,1.44e-4
Hamilton,1.44e-4
Harve,1.44e-4
Israel,1.44e-4
Leander,1.44e-4
Melville,1.44e-4
Merle,1.44e-4
Murray,1.44e-4
Pleasant,1.44e-4
Sterling,1.44e-4
Steven,1.44e-4
Axel,1.35e-4
Boyd,1.35e-4
Bryant,1.35e-4
Clement,1.35e-4
Erwin,1.35e-4
Ezekiel,1.35e-4
Foster,1.35e-4
Frances,1.35e-4
Geo,1.35e-4
Houston,1.35e-4
Issac,1.35e-4
Jules,1.35e-4
Larkin,1.35e-4
Mat,1.35e-4
Morton,1.35e-4
Orlando,1.35e-4
Pierce,1.35e-4
Prince,1.35e-4
Rollie,1.35e-4
Rollin,1.35e-4
Sim,1.35e-4
Stuart,1.35e-4
Wilburn,1.35e-4
Bennett,1.27e-4
Casper,1.27e-4
Christ,1.27e-4
Dell,1.27e-4
Egbert,1.27e-4
Elmo,1.27e-4
Fay,1.27e-4
Gabriel,1.27e-4
Hector,1.27e-4
Horatio,1.27e-4
Lige,1.27e-4
Saul,1.27e-4
Smith,1.27e-4
Squire,1.27e-4
Tobe,1.27e-4
Tommie,1.27e-4
Wyatt,1.27e-4
Alford,1.18e-4
Alma,1.18e-4
Alton,1.18e-4
Andres,1.18e-4
Burl,1.18e-4
Cicero,1.18e-4
Dean,1.18e-4
Dorsey,1.18e-4
Enos,1.18e-4
Howell,1.18e-4
Lou,1.18e-4
Loyd,1.18e-4
Mahlon,1.18e-4
Nat,1.18e-4
Omar,1.18e-4
Oran,1.18e-4
Parker,1.18e-4
Raleigh,1.18e-4
Reginald,1.18e-4
Rubin,1.18e-4
Seymour,1.18e-4
Wm,1.18e-4
Young,1.18e-4
Benjamine,1.1e-4
Carey,1.1e-4
Carlton,1.1e-4
Eldridge,1.1e-4
Elzie,1.1e-4
Garrett,1.1e-4
Isham,1.1e-4
Johnson,1.1e-4
Larry,1.1e-4
Logan,1.1e-4
Merrill,1.1e-4
Mont,1.1e-4
Oren,1.1e-4
Pierre,1.1e-4
Rex,1.1e-4
Rodney,1.1e-4
Ted,1.1e-4
Webster,1.1e-4
West,1.1e-4
Wheeler,1.1e-4
Willam,1.1e-4
Al,1.01e-4
Aloysius,1.01e-4
Alvie,1.01e-4
Anna,1.01e-4
Art,1.01e-4
Augustine,1.01e-4
Bailey,1.01e-4
Benjaman,1.01e-4
Beverly,1.01e-4
Bishop,1.01e-4
Clair,1.01e-4
Cloyd,1.01e-4
Coleman,1.01e-4
Dana,1.01e-4
Duncan,1.01e-4
Dwight,1.01e-4
Emile,1.01e-4
Evert,1.01e-4
Henderson,1.01e-4
Hunter,1.01e-4
Jean,1.01e-4
Lem,1.01e-4
Luis,1.01e-4
Mathias,1.01e-4
Maynard,1.01e-4
Miguel,1.01e-4
Mortimer,1.01e-4
Nels,1.01e-4
Norris,1.01e-4
Pat,1.01e-4
Phil,1.01e-4
Rush,1.01e-4
Santiago,1.01e-4
Sol,1.01e-4
Sydney,1.01e-4
Thaddeus,1.01e-4
Thornton,1.01e-4
Tim,1.01e-4
Travis,1.01e-4
Truman,1.01e-4
Watson,1.01e-4
Webb,1.01e-4
Wellington,1.01e-4
Winfred,1.01e-4
Wylie,1.01e-4
Alec,9.3e-5
Basil,9.3e-5
Baxter,9.3e-5
Bertrand,9.3e-5
Buford,9.3e-5
Burr,9.3e-5
Cleveland,9.3e-5
Colonel,9.3e-5
Dempsey,9.3e-5
Early,9.3e-5
Ellsworth,9.3e-5
Fate,9.3e-5
Finley,9.3e-5
Gabe,9.3e-5
Garland,9.3e-5
Gerald,9.3e-5
Herschel,9.3e-5
Hezekiah,9.3e-5
Justus,9.3e-5
Lindsey,9.3e-5
Marcellus,9.3e-5
Olaf,9.3e-5
Olin,9.3e-5
Pablo,9.3e-5
Rolland,9.3e-5
Turner,9.3e-5
Verne,9.3e-5
Volney,9.3e-5
Williams,9.3e-5
Almon,8.4e-5
Alois,8.4e-5
Alonza,8.4e-5
Anson,8.4e-5
Authur,8.4e-5
Benton,8.4e-5
Billie,8.4e-5
Cornelious,8.4e-5
Darius,8.4e-5
Denis,8.4e-5
Dillard,8.4e-5
Doctor,8.4e-5
Elvin,8.4e-5
Emma,8.4e-5
Eric,8.4e-5
Evans,8.4e-5
Gideon,8.4e-5
Haywood,8.4e-5
Hilliard,8.4e-5
Hosea,8.4e-5
Lincoln,8.4e-5
Lonzo,8.4e-5
Lucious,8.4e-5
Lum,8.4e-5
Malachi,8.4e-5
Newt,8.4e-5
Noel,8.4e-5
Orie,8.4e-5
Palmer,8.4e-5
Pinkney,8.4e-5
Shirley,8.4e-5
Sumner,8.4e-5
Terry,8.4e-5
Urban,8.4e-5
Uriah,8.4e-5
Valentine,8.4e-5
Waldo,8.4e-5
Warner,8.4e-5
Wong,8.4e-5
Zeb,8.4e-5
Abel,7.6e-5
Alden,7.6e-5
Archer,7.6e-5
Avery,7.6e-5
Carson,7.6e-5
Cullen,7.6e-5
Doc,7.6e-5
Eben,7.6e-5
Elige,7.6e-5
Elizabeth,7.6e-5
Elmore,7.6e-5
Ernst,7.6e-5
Finis,7.6e-5
Freddie,7.6e-5
Godfrey,7.6e-5
Guss,7.6e-5
Hamp,7.6e-5
Hermann,7.6e-5
Isadore,7.6e-5
Isreal,7.6e-5
Jones,7.6e-5
June,7.6e-5
Lacy,7.6e-5
Lafe,7.6e-5
Leland,7.6e-5
Llewellyn,7.6e-5
Ludwig,7.6e-5
Manford,7.6e-5
Maxwell,7.6e-5
Minnie,7.6e-5
Obie,7.6e-5
Octave,7.6e-5
Orrin,7.6e-5
Ossie,7.6e-5
Oswald,7.6e-5
Park,7.6e-5
Parley,7.6e-5
Ramon,7.6e-5
Rice,7.6e-5
Stonewall,7.6e-5
Theo,7.6e-5
Tillman,7.6e-5
Addie,6.8e-5
Aron,6.8e-5
Ashley,6.8e-5
Bernhard,6.8e-5
Bertie,6.8e-5
Berton,6.8e-5
Buster,6.8e-5
Butler,6.8e-5
Carleton,6.8e-5
Carrie,6.8e-5
Clara,6.8e-5
Clarance,6.8e-5
Clare,6.8e-5
Crawford,6.8e-5
Danial,6.8e-5
Dayton,6.8e-5
Dolphus,6.8e-5
Elder,6.8e-5
Ephriam,6.8e-5
Fayette,6.8e-5
Felipe,6.8e-5
Fernando,6.8e-5
Flem,6.8e-5
Florence,6.8e-5
Ford,6.8e-5
Harlan,6.8e-5
Hayes,6.8e-5
Henery,6.8e-5
Hoy,6.8e-5
Huston,6.8e-5
Ida,6.8e-5
Ivory,6.8e-5
Jonah,6.8e-5
Justin,6.8e-5
Lenard,6.8e-5
Leopold,6.8e-5
Lionel,6.8e-5
Manley,6.8e-5
Marquis,6.8e-5
Marshal,6.8e-5
Mart,6.8e-5
Odie,6.8e-5
Olen,6.8e-5
Oral,6.8e-5
Orley,6.8e-5
Otha,6.8e-5
Press,6.8e-5
Price,6.8e-5
Quincy,6.8e-5
Randall,6.8e-5
Rich,6.8e-5
Richmond,6.8e-5
Romeo,6.8e-5
Russel,6.8e-5
Rutherford,6.8e-5
Shade,6.8e-5
Shelby,6.8e-5
Solon,6.8e-5
Thurman,6.8e-5
Tilden,6.8e-5
Troy,6.8e-5
Woodson,6.8e-5
Worth,6.8e-5
Aden,5.9e-5
Alcide,5.9e-5
Alf,5.9e-5
Algie,5.9e-5
Arlie,5.9e-5
Bart,5.9e-5
Bedford,5.9e-5
Benito,5.9e-5
Billy,5.9e-5
Bird,5.9e-5
Birt,5.9e-5
Bruno,5.9e-5
Burley,5.9e-5
Chancy,5.9e-5
Claus,5.9e-5
Cliff,5.9e-5
Clovis,5.9e-5
Connie,5.9e-5
Creed,5.9e-5
Delos,5.9e-5
Duke,5.9e-5
Eber,5.9e-5
Eligah,5.9e-5
Elliot,5.9e-5
Elton,5.9e-5
Emmitt,5.9e-5
Gene,5.9e-5
Golden,5.9e-5
Hal,5.9e-5
Hardin,5.9e-5
Harman,5.9e-5
Hervey,5.9e-5
Hollis,5.9e-5
Ivey,5.9e-5
Jennie,5.9e-5
Len,5.9e-5
Lindsay,5.9e-5
Lonie,5.9e-5
Lyle,5.9e-5
Mac,5.9e-5
Mal,5.9e-5
Math,5.9e-5
Miller,5.9e-5
Orson,5.9e-5
Osborne,5.9e-5
Percival,5.9e-5
Pleas,5.9e-5
Ples,5.9e-5
Rafael,5.9e-5
Raoul,5.9e-5
Roderick,5.9e-5
Rose,5.9e-5
Shelton,5.9e-5
Sid,5.9e-5
Theron,5.9e-5
Tobias,5.9e-5
Toney,5.9e-5
Tyler,5.9e-5
Vance,5.9e-5
Vivian,5.9e-5
Walton,5.9e-5
Watt,5.9e-5
Weaver,5.9e-5
Wilton,5.9e-5
Adolf,5.1e-5
Albin,5.1e-5
Albion,5.1e-5
Allison,5.1e-5
Alpha,5.1e-5
Alpheus,5.1e-5
Anastacio,5.1e-5
Andre,5.1e-5
Annie,5.1e-5
Arlington,5.1e-5
Armand,5.1e-5
Asberry,5.1e-5
Asbury,5.1e-5
Asher,5.1e-5
Augustin,5.1e-5
Auther,5.1e-5
Author,5.1e-5
Ballard,5.1e-5
Blas,5.1e-5
Caesar,5.1e-5
Candido,5.1e-5
Cato,5.1e-5
Clarke,5.1e-5
Clemente,5.1e-5
Colin,5.1e-5
Commodore,5.1e-5
Cora,5.1e-5
Coy,5.1e-5
Cruz,5.1e-5
Curt,5.1e-5
Damon,5.1e-5
Davie,5.1e-5
Delmar,5.1e-5
Dexter,5.1e-5
Dora,5.1e-5
Doss,5.1e-5
Drew,5.1e-5
Edson,5.1e-5
Elam,5.1e-5
Elihu,5.1e-5
Eliza,5.1e-5
Elsie,5.1e-5
Erie,5.1e-5
Ernie,5.1e-5
Ethel,5.1e-5
Ferd,5.1e-5
Friend,5.1e-5
Garry,5.1e-5
Gary,5.1e-5
Grace,5.1e-5
Gustaf,5.1e-5
Hallie,5.1e-5
Hampton,5.1e-5
Harrie,5.1e-5
Hattie,5.1e-5
Hence,5.1e-5
Hillard,5.1e-5
Hollie,5.1e-5
Holmes,5.1e-5
Hope,5.1e-5
Hyman,5.1e-5
Ishmael,5.1e-5
Jarrett,5.1e-5
Jessee,5.1e-5
Joeseph,5.1e-5
Junious,5.1e-5
Kirk,5.1e-5
Levy,5.1e-5
Mervin,5.1e-5
Michel,5.1e-5
Milford,5.1e-5
Mitchel,5.1e-5
Nellie,5.1e-5
Noble,5.1e-5
Obed,5.1e-5
Oda,5.1e-5
Orren,5.1e-5
Ottis,5.1e-5
Rafe,5.1e-5
Redden,5.1e-5
Reese,5.1e-5
Rube,5.1e-5
Ruby,5.1e-5
Rupert,5.1e-5
Salomon,5.1e-5
Sammie,5.1e-5
Sanders,5.1e-5
Soloman,5.1e-5
Stacy,5.1e-5
Stanford,5.1e-5
Stanton,5.1e-5
Thad,5.1e-5
Titus,5.1e-5
Tracy,5.1e-5
Vernie,5.1e-5
Wendell,5.1e-5
Wilhelm,5.1e-5
Willian,5.1e-5
Yee,5.1e-5
Zeke,5.1e-5
Ab,4.2e-5
Abbott,4.2e-5
Agustus,4.2e-5
Albertus,4.2e-5
Almer,4.2e-5
Alphonso,4.2e-5
Alvia,4.2e-5
Artie,4.2e-5
Arvid,4.2e-5
Ashby,4.2e-5
Augusta,4.2e-5
Aurthur,4.2e-5
Babe,4.2e-5
Baldwin,4.2e-5
Barnett,4.2e-5
Bartholomew,4.2e-5
Barton,4.2e-5
Bernie,4.2e-5
Blaine,4.2e-5
Boston,4.2e-5
Brad,4.2e-5
Bradford,4.2e-5
Bradley,4.2e-5
Brooks,4.2e-5
Buck,4.2e-5
Budd,4.2e-5
Ceylon,4.2e-5
Chalmers,4.2e-5
Chesley,4.2e-5
Chin,4.2e-5
Cleo,4.2e-5
Crockett,4.2e-5
Cyril,4.2e-5
Daisy,4.2e-5
Denver,4.2e-5
Dow,4.2e-5
Duff,4.2e-5
Edie,4.2e-5
Edith,4.2e-5
Elick,4.2e-5
Elie,4.2e-5
Eliga,4.2e-5
Eliseo,4.2e-5
Elroy,4.2e-5
Ely,4.2e-5
Ennis,4.2e-5
Enrique,4.2e-5
Erasmus,4.2e-5
Esau,4.2e-5
Everette,4.2e-5
Firman,4.2e-5
Fleming,4.2e-5
Flora,4.2e-5
Gardner,4.2e-5
Gee,4.2e-5
Gorge,4.2e-5
Gottlieb,4.2e-5
Gregorio,4.2e-5
Gregory,4.2e-5
Gustavus,4.2e-5
Halsey,4.2e-5
Handy,4.2e-5
Hardie,4.2e-5
Harl,4.2e-5
Hayden,4.2e-5
Hays,4.2e-5
Hermon,4.2e-5
Hershel,4.2e-5
Holly,4.2e-5
Hosteen,4.2e-5
Hoyt,4.2e-5
Hudson,4.2e-5
Huey,4.2e-5
Humphrey,4.2e-5
Hunt,4.2e-5
Hyrum,4.2e-5
Irven,4.2e-5
Isam,4.2e-5
Ivy,4.2e-5
Jabez,4.2e-5
Jewel,4.2e-5
Jodie,4.2e-5
Judd,4.2e-5
Julious,4.2e-5
Justice,4.2e-5
Katherine,4.2e-5
Kelly,4.2e-5
Kit,4.2e-5
Knute,4.2e-5
Lavern,4.2e-5
Lawyer,4.2e-5
Layton,4.2e-5
