name,percent
John,0.080975
William,0.078712
James,0.050253
George,0.043068
Charles,0.042828
Frank,0.02617
Joseph,0.022679
Henry,0.021599
Thomas,0.021072
Edward,0.020103
Robert,0.019761
Harry,0.018487
Walter,0.015421
Arthur,0.014544
Fred,0.013094
Albert,0.01218
Samuel,0.008486
David,0.006926
Louis,0.006889
Charlie,0.006168
Clarence,0.006168
Richard,0.005919
Joe,0.005901
Andrew,0.00543
Ernest,0.005273
Will,0.005079
Jesse,0.00495
Oscar,0.004894
Daniel,0.004866
Willie,0.004599
Benjamin,0.004442
Sam,0.004442
Alfred,0.004303
Roy,0.004063
Lewis,0.004054
Frederick,0.003998
Peter,0.003952
Elmer,0.003583
Jacob,0.003518
Herbert,0.003407
Carl,0.003315
Howard,0.003315
Tom,0.003223
Lee,0.0031580000000000002
Ralph,0.003038
Martin,0.00302
Jim,0.002983
Earl,0.0029
Eugene,0.0029
Bert,0.002881
Edgar,0.002881
Herman,0.002807
Claude,0.002789
Michael,0.002761
Paul,0.002687
Ben,0.002669
Ira,0.002641
Harvey,0.002604
Chester,0.00253
Edwin,0.00253
Ed,0.002512
Charley,0.002456
Francis,0.002392
Isaac,0.002382
Luther,0.002299
Lawrence,0.002253
Oliver,0.002198
Clyde,0.002142
Otto,0.002041
Hugh,0.002032
Alexander,0.00193
Leonard,0.001902
Jack,0.001819
Raymond,0.001801
Patrick,0.001736
Guy,0.001718
Homer,0.001671
Floyd,0.001653
Theodore,0.001644
Allen,0.001588
August,0.001588
Marion,0.001496
Philip,0.001441
Warren,0.001441
Horace,0.001404
Dan,0.001367
Ray,0.001367
Garfield,0.001357
Stephen,0.001357
Emil,0.001339
Jessie,0.00132
Milton,0.00132
Willis,0.001311
Calvin,0.001274
Dave,0.001247
Bernard,0.0012
Julius,0.001191
Leroy,0.001191
Sidney,0.001191
Anthony,0.001182
Archie,0.001154
Perry,0.001136
Leo,0.001127
Leon,0.001117
Rufus,0.001117
Harold,0.001108
Franklin,0.00108
Adam,0.001071
Alex,0.001053
Alonzo,0.001025
Everett,0.001025
Clifford,0.001016
Victor,0.001016
Eddie,0.001007
Alvin,9.7e-4
Levi,9.6e-4
Amos,9.42e-4
Roscoe,9.42e-4
Wesley,9.42e-4
Dennis,9.14e-4
Eli,8.96e-4
Jerry,8.96e-4
Jay,8.86e-4
Hiram,8.77e-4
Norman,8.77e-4
Percy,8.77e-4
Aaron,8.68e-4
Gus,8.68e-4
Mark,8.68e-4
Willard,8.68e-4
Moses,8.59e-4
Earnest,8.5e-4
Gilbert,8.5e-4
Jake,8.5e-4
Leslie,8.5e-4
Nathan,8.4e-4
Adolph,8.31e-4
Nelson,8.31e-4
Otis,8.22e-4
Irvin,8.13e-4
Wallace,8.13e-4
Clinton,8.03e-4
Lester,8.03e-4
Lloyd,8.03e-4
Morris,8.03e-4
Abraham,7.94e-4
Jess,7.85e-4
Elbert,7.76e-4
Phillip,7.76e-4
Jasper,7.66e-4
Ross,7.57e-4
Noah,7.48e-4
Wilbur,7.48e-4
Claud,7.39e-4
Cornelius,7.39e-4
Mack,7.39e-4
Matthew,7.39e-4
Lonnie,7.11e-4
Jose,7.02e-4
Melvin,7.02e-4
Stanley,7.02e-4
Sylvester,7.02e-4
Wiley,7.02e-4
Simon,6.93e-4
Reuben,6.74e-4
Silas,6.74e-4
Wilson,6.74e-4
Curtis,6.65e-4
Felix,6.65e-4
Maurice,6.65e-4
Alva,6.46e-4
Elijah,6.37e-4
Christopher,6.28e-4
Owen,6.19e-4
Austin,6.09e-4
Clark,6.09e-4
Max,6.09e-4
Asa,6e-4
Emmett,6e-4
Fredrick,6e-4
Russell,6e-4
Virgil,6e-4
Winfield,6e-4
Mose,5.82e-4
Timothy,5.82e-4
Rudolph,5.73e-4
Edmund,5.63e-4
Harley,5.63e-4
Harrison,5.63e-4
Jeff,5.63e-4
Orville,5.63e-4
Irving,5.54e-4
Andy,5.36e-4
Ellis,5.36e-4
Lemuel,5.36e-4
Monroe,5.36e-4
Anton,5.26e-4
Joel,5.26e-4
Manuel,5.26e-4
Marvin,5.26e-4
Pete,5.26e-4
Vernon,5.26e-4
Marshall,5.17e-4
Nicholas,5.17e-4
Ike,5.08e-4
Mathew,5.08e-4
Ora,5.08e-4
Christian,4.89e-4
Emery,4.89e-4
Newton,4.89e-4
Chris,4.8e-4
Clayton,4.8e-4
Pearl,4.8e-4
Wade,4.8e-4
Augustus,4.71e-4
Columbus,4.71e-4
Scott,4.71e-4
Bob,4.62e-4
Solomon,4.52e-4
Emanuel,4.43e-4
Nathaniel,4.43e-4
Riley,4.34e-4
Sherman,4.34e-4
Glenn,4.16e-4
Johnnie,4.16e-4
Juan,4.16e-4
Marcus,4.16e-4
Ollie,4.16e-4
Enoch,4.06e-4
Ezra,4.06e-4
Mike,4.06e-4
Steve,4.06e-4
Ambrose,3.97e-4
Arch,3.97e-4
Dock,3.97e-4
Hubert,3.97e-4
Bill,3.88e-4
Burton,3.88e-4
Edmond,3.88e-4
Emory,3.88e-4
Luke,3.88e-4
Ole,3.88e-4
Elias,3.79e-4
Anderson,3.69e-4
Barney,3.69e-4
Byron,3.69e-4
Cyrus,3.69e-4
Edd,3.69e-4
Joshua,3.69e-4
Major,3.69e-4
Miles,3.69e-4
Chas,3.6e-4
Clifton,3.6e-4
Gustave,3.6e-4
Nick,3.6e-4
Taylor,3.6e-4
Bud,3.51e-4
Jerome,3.51e-4
Lucius,3.51e-4
Burt,3.42e-4
Ward,3.42e-4
Abe,3.32e-4
Hugo,3.32e-4
Julian,3.32e-4
Millard,3.32e-4
Preston,3.32e-4
Tony,3.32e-4
Cecil,3.23e-4
Seth,3.23e-4
Bruce,3.14e-4
Fletcher,3.14e-4
Jeremiah,3.14e-4
Grant,3.05e-4
Green,3.05e-4
Neal,3.05e-4
Bennie,2.95e-4
Conrad,2.95e-4
Dee,2.95e-4
Ervin,2.95e-4
Gordon,2.95e-4
Grover,2.95e-4
Isaiah,2.95e-4
Lorenzo,2.95e-4
Porter,2.95e-4
Van,2.95e-4
Glen,2.86e-4
Jefferson,2.86e-4
Louie,2.86e-4
Abner,2.77e-4
Abram,2.77e-4
Dudley,2.77e-4
Lucian,2.77e-4
Roland,2.77e-4
Vincent,2.77e-4
Wayne,2.77e-4
Arnold,2.68e-4
Elisha,2.68e-4
Elwood,2.68e-4
Karl,2.68e-4
Kenneth,2.68e-4
Mary,2.68e-4
Matt,2.68e-4
Myron,2.68e-4
Pink,2.68e-4
Roger,2.68e-4
Wilbert,2.68e-4
Donald,2.59e-4
Forrest,2.59e-4
Irwin,2.59e-4
Jackson,2.59e-4
Laurence,2.59e-4
Madison,2.59e-4
Sanford,2.59e-4
Archibald,2.49e-4
Delbert,2.49e-4
Lon,2.49e-4
Stewart,2.49e-4
Antonio,2.4e-4
Chauncey,2.4e-4
Don,2.4e-4
Noble,2.4e-4
Otho,2.4e-4
Spencer,2.4e-4
Avery,2.31e-4
Dallas,2.31e-4
Freeman,2.31e-4
Jonas,2.31e-4
Lige,2.31e-4
Napoleon,2.31e-4
Walker,2.31e-4
Zack,2.31e-4
Boyd,2.22e-4
Clay,2.22e-4
Dewitt,2.22e-4
Emmet,2.22e-4
Evan,2.22e-4
General,2.22e-4
Isiah,2.22e-4
Josiah,2.22e-4
Omer,2.22e-4
Perley,2.22e-4
Ferdinand,2.12e-4
Hans,2.12e-4
Israel,2.12e-4
Judson,2.12e-4
Morgan,2.12e-4
Waldo,2.12e-4
Berry,2.03e-4
Carroll,2.03e-4
Clement,2.03e-4
Elliott,2.03e-4
Ezekiel,2.03e-4
Foster,2.03e-4
Gust,2.03e-4
Jason,2.03e-4
Josh,2.03e-4
Junius,2.03e-4
Loren,2.03e-4
Wilfred,2.03e-4
Adolphus,1.94e-4
Allie,1.94e-4
Benjiman,1.94e-4
Christ,1.94e-4
Dwight,1.94e-4
Earle,1.94e-4
Francisco,1.94e-4
Giles,1.94e-4
Granville,1.94e-4
Jonathan,1.94e-4
Lafayette,1.94e-4
Leander,1.94e-4
Lyman,1.94e-4
Lynn,1.94e-4
Ruben,1.94e-4
Dick,1.85e-4
Elvin,1.85e-4
Emerson,1.85e-4
Emile,1.85e-4
Isom,1.85e-4
Jimmie,1.85e-4
King,1.85e-4
Mitchell,1.85e-4
Orrin,1.85e-4
Pat,1.85e-4
Royal,1.85e-4
Sim,1.85e-4
Truman,1.85e-4
Washington,1.85e-4
Al,1.75e-4
Carlos,1.75e-4
Lem,1.75e-4
Milo,1.75e-4
Oren,1.75e-4
Orlando,1.75e-4
Allan,1.66e-4
Arther,1.66e-4
Caleb,1.66e-4
Cicero,1.66e-4
Clem,1.66e-4
Clint,1.66e-4
Dean,1.66e-4
Forest,1.66e-4
Gustav,1.66e-4
Harmon,1.66e-4
Ivan,1.66e-4
Jordan,1.66e-4
Ned,1.66e-4
Nels,1.66e-4
Phil,1.66e-4
Randolph,1.66e-4
Smith,1.66e-4
Tomas,1.66e-4
Turner,1.66e-4
Ulysses,1.66e-4
Vern,1.66e-4
Wilford,1.66e-4
Addison,1.57e-4
Alford,1.57e-4
Art,1.57e-4
Benjamine,1.57e-4
Enos,1.57e-4
Erwin,1.57e-4
Gabriel,1.57e-4
Issac,1.57e-4
Lucious,1.57e-4
Malcolm,1.57e-4
Merton,1.57e-4
Micheal,1.57e-4
Prince,1.57e-4
Simeon,1.57e-4
Anna,1.48e-4
Carlton,1.48e-4
Coleman,1.48e-4
Douglas,1.48e-4
Finis,1.48e-4
Hardy,1.48e-4
Hosea,1.48e-4
Jules,1.48e-4
Rolla,1.48e-4
Tobe,1.48e-4
Wash,1.48e-4
Almon,1.39e-4
Aubrey,1.39e-4
Bertram,1.39e-4
Casper,1.39e-4
Ellsworth,1.39e-4
Ephraim,1.39e-4
Fay,1.39e-4
Hamilton,1.39e-4
Harris,1.39e-4
Henery,1.39e-4
Lou,1.39e-4
Mat,1.39e-4
Rollin,1.39e-4
Sol,1.39e-4
Steven,1.39e-4
Verne,1.39e-4
West,1.39e-4
Wm,1.39e-4
Adelbert,1.29e-4
Alma,1.29e-4
Aron,1.29e-4
Axel,1.29e-4
Bennett,1.29e-4
Brown,1.29e-4
Buck,1.29e-4
Colonel,1.29e-4
Elton,1.29e-4
Elza,1.29e-4
Gerald,1.29e-4
Ivy,1.29e-4
Johnie,1.29e-4
Judge,1.29e-4
Lenard,1.29e-4
Minor,1.29e-4
Morton,1.29e-4
Murray,1.29e-4
Nat,1.29e-4
Newell,1.29e-4
Norris,1.29e-4
Pedro,1.29e-4
Rollie,1.29e-4
Sandy,1.29e-4
Wilber,1.29e-4
Wilburn,1.29e-4
Wyatt,1.29e-4
Davis,1.2e-4
Dell,1.2e-4
Doc,1.2e-4
Fate,1.2e-4
Frederic,1.2e-4
Harlan,1.2e-4
Harve,1.2e-4
Henderson,1.2e-4
Johnny,1.2e-4
Logan,1.2e-4
Mason,1.2e-4
Merle,1.2e-4
Merritt,1.2e-4
Noel,1.2e-4
Valentine,1.2e-4
Wellington,1.2e-4
Abel,1.11e-4
Adrian,1.11e-4
Alphonse,1.11e-4
Carter,1.11e-4
Cary,1.11e-4
Cleveland,1.11e-4
Crawford,1.11e-4
Curt,1.11e-4
Duncan,1.11e-4
Early,1.11e-4
Ernst,1.11e-4
Frances,1.11e-4
Gene,1.11e-4
Hal,1.11e-4
Hamp,1.11e-4
Hezekiah,1.11e-4
Lawson,1.11e-4
Luis,1.11e-4
Mathias,1.11e-4
Olin,1.11e-4
Parker,1.11e-4
Pleasant,1.11e-4
Reginald,1.11e-4
Rich,1.11e-4
Seymour,1.11e-4
Solon,1.11e-4
Stuart,1.11e-4
Thaddeus,1.11e-4
Tim,1.11e-4
Winfred,1.11e-4
Alton,1.02e-4
Asbury,1.02e-4
Bart,1.02e-4
Benton,1.02e-4
Beverly,1.02e-4
Birt,1.02e-4
Burl,1.02e-4
Chin,1.02e-4
Elihu,1.02e-4
Erastus,1.02e-4
Ford,1.02e-4
Hampton,1.02e-4
Houston,1.02e-4
Johnson,1.02e-4
Len,1.02e-4
Lonzo,1.02e-4
Loyd,1.02e-4
Lucas,1.02e-4
Lucien,1.02e-4
Miller,1.02e-4
Mortimer,1.02e-4
Omar,1.02e-4
Orval,1.02e-4
Pierre,1.02e-4
Raleigh,1.02e-4
Ransom,1.02e-4
Rush,1.02e-4
Shelby,1.02e-4
Tommie,1.02e-4
Wilmer,1.02e-4
Alonza,9.2e-5
Artie,9.2e-5
Bee,9.2e-5
Benjaman,9.2e-5
Bradley,9.2e-5
Cal,9.2e-5
Cloyd,9.2e-5
Danial,9.2e-5
Dexter,9.2e-5
Emmitt,9.2e-5
Finley,9.2e-5
Guss,9.2e-5
June,9.2e-5
Lacy,9.2e-5
Larkin,9.2e-5
Meyer,9.2e-5
Mont,9.2e-5
Newt,9.2e-5
Paris,9.2e-5
Pleas,9.2e-5
Rupert,9.2e-5
Russel,9.2e-5
Santiago,9.2e-5
Sid,9.2e-5
Soloman,9.2e-5
Thornton,9.2e-5
Walton,9.2e-5
Warner,9.2e-5
Watson,9.2e-5
Willam,9.2e-5
Wylie,9.2e-5
Zeb,9.2e-5
Allison,8.3e-5
Alpha,8.3e-5
Angus,8.3e-5
Anson,8.3e-5
Asberry,8.3e-5
Basil,8.3e-5
Bertie,8.3e-5
Berton,8.3e-5
Bryant,8.3e-5
Buford,8.3e-5
Byrd,8.3e-5
Cassius,8.3e-5
Clair,8.3e-5
Cornelious,8.3e-5
Dana,8.3e-5
Deforest,8.3e-5
Denis,8.3e-5
Dillard,8.3e-5
Dolph,8.3e-5
Dorsey,8.3e-5
Edith,8.3e-5
Eldridge,8.3e-5
Elmo,8.3e-5
Emma,8.3e-5
Eric,8.3e-5
Freddie,8.3e-5
Geo,8.3e-5
Godfrey,8.3e-5
Harper,8.3e-5
Haywood,8.3e-5
Jean,8.3e-5
Jule,8.3e-5
Lambert,8.3e-5
Leland,8.3e-5
Lew,8.3e-5
Margaret,8.3e-5
Marshal,8.3e-5
Miguel,8.3e-5
Milford,8.3e-5
Ocie,8.3e-5
Olen,8.3e-5
Orange,8.3e-5
Orin,8.3e-5
Ottis,8.3e-5
Park,8.3e-5
Pinkney,8.3e-5
Ples,8.3e-5
Press,8.3e-5
Rafael,8.3e-5
Ramon,8.3e-5
Randall,8.3e-5
Reece,8.3e-5
Roe,8.3e-5
Rube,8.3e-5
Thad,8.3e-5
Vivian,8.3e-5
Willian,8.3e-5
Young,8.3e-5
Aloysius,7.4e-5
Ambers,7.4e-5
Archer,7.4e-5
Bailey,7.4e-5
Bartholomew,7.4e-5
Bessie,7.4e-5
Billie,7.4e-5
Bishop,7.4e-5
Carey,7.4e-5
Collins,7.4e-5
Connie,7.4e-5
Drew,7.4e-5
Elbridge,7.4e-5
Eldon,7.4e-5
Elvis,7.4e-5
Ely,7.4e-5
Fritz,7.4e-5
Gaston,7.4e-5
Guadalupe,7.4e-5
Hartwell,7.4e-5
Herschel,7.4e-5
Isadore,7.4e-5
Jesus,7.4e-5
Kelly,7.4e-5
Knox,7.4e-5
Larry,7.4e-5
Lindsay,7.4e-5
Llewellyn,7.4e-5
Lue,7.4e-5
Manning,7.4e-5
Marcellus,7.4e-5
Mervin,7.4e-5
Minnie,7.4e-5
Odie,7.4e-5
Ola,7.4e-5
Palmer,7.4e-5
Reed,7.4e-5
Reese,7.4e-5
Sampson,7.4e-5
Samual,7.4e-5
Sanders,7.4e-5
Squire,7.4e-5
Sterling,7.4e-5
Sumner,7.4e-5
Theo,7.4e-5
Thos,7.4e-5
Todd,7.4e-5
Tommy,7.4e-5
Unknown,7.4e-5
Watt,7.4e-5
Wendell,7.4e-5
Wirt,7.4e-5
Wong,7.4e-5
Woodie,7.4e-5
Addie,6.5e-5
Albion,6.5e-5
Alec,6.5e-5
Alice,6.5e-5
Alphonso,6.5e-5
Alvis,6.5e-5
Ammon,6.5e-5
Auther,6.5e-5
Ballard,6.5e-5
Barton,6.5e-5
Boss,6.5e-5
Burley,6.5e-5
Cas,6.5e-5
Cass,6.5e-5
Chalmer,6.5e-5
Chesley,6.5e-5
Cora,6.5e-5
Coy,6.5e-5
Denton,6.5e-5
Doss,6.5e-5
Edson,6.5e-5
Egbert,6.5e-5
Elder,6.5e-5
Elie,6.5e-5
Elsworth,6.5e-5
Elzie,6.5e-5
Erving,6.5e-5
Evans,6.5e-5
Evert,6.5e-5
Florence,6.5e-5
Fredric,6.5e-5
Furman,6.5e-5
Garland,6.5e-5
Garrett,6.5e-5
Gideon,6.5e-5
Halsey,6.5e-5
Handy,6.5e-5
Helen,6.5e-5
Horatio,6.5e-5
Hyrum,6.5e-5
Isham,6.5e-5
Justin,6.5e-5
Leopold,6.5e-5
Levy,6.5e-5
Lindsey,6.5e-5
Lum,6.5e-5
Mac,6.5e-5
Mahlon,6.5e-5
Mart,6.5e-5
Merrill,6.5e-5
Nellie,6.5e-5
Oda,6.5e-5
Olaf,6.5e-5
Oran,6.5e-5
Orson,6.5e-5
Pearlie,6.5e-5
Percival,6.5e-5
Pierce,6.5e-5
Plummer,6.5e-5
Presley,6.5e-5
Price,6.5e-5
Quincy,6.5e-5
Rex,6.5e-5
Rollo,6.5e-5
Roswell,6.5e-5
Ruffus,6.5e-5
Sheldon,6.5e-5
Shirley,6.5e-5
Ted,6.5e-5
Tilman,6.5e-5
Vance,6.5e-5
Williams,6.5e-5
Worth,6.5e-5
York,6.5e-5
Acie,5.5e-5
Alden,5.5e-5
Alfonso,5.5e-5
Alois,5.5e-5
Alvah,5.5e-5
Alvie,5.5e-5
Andres,5.5e-5
Asher,5.5e-5
Ashley,5.5e-5
Ashton,5.5e-5
Augustine,5.5e-5
Baxter,5.5e-5
Bernhard,5.5e-5
Bertrand,5.5e-5
Billy,5.5e-5
Bird,5.5e-5
Blaine,5.5e-5
Bruno,5.5e-5
Burke,5.5e-5
Cap,5.5e-5
Carrie,5.5e-5
Carson,5.5e-5
Casimiro,5.5e-5
Collie,5.5e-5
Curley,5.5e-5
Dale,5.5e-5
Dixon,5.5e-5
Dominick,5.5e-5
Ennis,5.5e-5
Erasmus,5.5e-5
Ferd,5.5e-5
Garret,5.5e-5
Gary,5.5e-5
Gee,5.5e-5
Gerrit,5.5e-5
Gregory,5.5e-5
Griffin,5.5e-5
Hall,5.5e-5
Heber,5.5e-5
Hector,5.5e-5
Hermann,5.5e-5
Hosteen,5.5e-5
Howell,5.5e-5
Huey,5.5e-5
Humphrey,5.5e-5
Hunter,5.5e-5
Hurley,5.5e-5
Isidore,5.5e-5
Ivey,5.5e-5
Jones,5.5e-5
Lafe,5.5e-5
Lonie,5.5e-5
Lorenza,5.5e-5
Lyle,5.5e-5
Marian,5.5e-5
Maud,5.5e-5
Maude,5.5e-5
Melville,5.5e-5
Murphy,5.5e-5
Neil,5.5e-5
Obe,5.5e-5
Obie,5.5e-5
Orla,5.5e-5
Orlo,5.5e-5
Orrie,5.5e-5
Oswald,5.5e-5
Otha,5.5e-5
Richmond,5.5e-5
Rodney,5.5e-5
Rutherford,5.5e-5
Sebastian,5.5e-5
Stanton,5.5e-5
Starling,5.5e-5
Stonewall,5.5e-5
Sydney,5.5e-5
Thurman,5.5e-5
Tolbert,5.5e-5
Toney,5.5e-5
Troy,5.5e-5
Uriah,5.5e-5
Vernie,5.5e-5
Weaver,5.5e-5
Webb,5.5e-5
Whit,5.5e-5
Yee,5.5e-5
Adrien,4.6e-5
Albin,4.6e-5
Alf,4.6e-5
Alto,4.6e-5
Angelo,4.6e-5
Annie,4.6e-5
Antone,4.6e-5
Arden,4.6e-5
Arlington,4.6e-5
Atticus,4.6e-5
Augustin,4.6e-5
Author,4.6e-5
Authur,4.6e-5
Bedford,4.6e-5
Belton,4.6e-5
Bertha,4.6e-5
Blair,4.6e-5
Burrell,4.6e-5
Buster,4.6e-5
Caesar,4.6e-5
Callie,4.6e-5
Campbell,4.6e-5
Champ,4.6e-5
Clara,4.6e-5
Clarance,4.6e-5
Clarke,4.6e-5
Cliff,4.6e-5
Coley,4.6e-5
Colin,4.6e-5
Conway,4.6e-5
Craig,4.6e-5
Dalton,4.6e-5
Darrell,4.6e-5
Darwin,4.6e-5
Delmar,4.6e-5
Dennie,4.6e-5
Dolphus,4.6e-5
Duke,4.6e-5
Ebb,4.6e-5
Ebbie,4.6e-5
Eber,4.6e-5
Edna,4.6e-5
Ellison,4.6e-5
Elmore,4.6e-5
Elonzo,4.6e-5
Emit,4.6e-5
Emry,4.6e-5
Ephram,4.6e-5
Esequiel,4.6e-5
Essie,4.6e-5
Esta,4.6e-5
Ethel,4.6e-5
Evertt,4.6e-5
Fayette,4.6e-5
Flem,4.6e-5
Fleming,4.6e-5
Gabe,4.6e-5
Garner,4.6e-5
Garnett,4.6e-5
Golden,4.6e-5
Graham,4.6e-5
Gregg,4.6e-5
Gustaf,4.6e-5
Gustavus,4.6e-5
Halbert,4.6e-5
Hardie,4.6e-5
Hardin,4.6e-5
Harvie,4.6e-5
Harvy,4.6e-5
Hayes,4.6e-5
Hilliard,4.6e-5
Hollis,4.6e-5
Hubbard,4.6e-5
Hudson,4.6e-5
Ida,4.6e-5
Jared,4.6e-5
Jere,4.6e-5
Joesph,4.6e-5
Johnathan,4.6e-5
Jonah,4.6e-5
Julious,4.6e-5
Juluis,4.6e-5
Justus,4.6e-5
Kirby,4.6e-5
Kyle,4.6e-5
Lane,4.6e-5
Lawerence,4.6e-5
Layton,4.6e-5
Less,4.6e-5
Lincoln,4.6e-5
Linwood,4.6e-5
Louise,4.6e-5
Lowell,4.6e-5
Loy,4.6e-5
Lucy,4.6e-5
Malachi,4.6e-5
Manly,4.6e-5
Mannie,4.6e-5
Marcel,4.6e-5
Marius,4.6e-5
Marrion,4.6e-5
Math,4.6e-5
Mercer,4.6e-5
Monte,4.6e-5
Montgomery,4.6e-5
Nolan,4.6e-5
Okey,4.6e-5
Orley,4.6e-5
Page,4.6e-5
Philo,4.6e-5
Primus,4.6e-5
Prosper,4.6e-5
Pryor,4.6e-5
Rene,4.6e-5
Robin,4.6e-5
Roll,4.6e-5
Rolland,4.6e-5
Seward,4.6e-5
Shannon,4.6e-5
Talmage,4.6e-5
Urban,4.6e-5
Vaughn,4.6e-5
Verner,4.6e-5
Waverly,4.6e-5
Webster,4.6e-5
Weldon,4.6e-5
Wells,4.6e-5
Wiliam,4.6e-5
Wilton,4.6e-5
Wing,4.6e-5
Wood,4.6e-5
Wright,4.6e-5
Ab,3.7e-5
Add,3.7e-5
Adelard,3.7e-5
