name,percent
John,0.078314
William,0.076191
James,0.048281
George,0.042553
Charles,0.041726
Frank,0.026025
Joseph,0.021879
Thomas,0.021387
Henry,0.021133
Robert,0.020486
Edward,0.020297
Harry,0.01829
Walter,0.014791
Arthur,0.013816
Fred,0.013447
Albert,0.012283
Samuel,0.008219
Louis,0.006982
David,0.006867
Clarence,0.006859
Charlie,0.00617
Richard,0.006113
Joe,0.006056
Andrew,0.005515
Will,0.005457
Jesse,0.005408
Ernest,0.005261
Oscar,0.005121
Daniel,0.004867
Sam,0.004548
Willie,0.004433
Alfred,0.004286
Roy,0.004269
Benjamin,0.003925
Carl,0.003917
Peter,0.003778
Frederick,0.003745
Elmer,0.003614
Lewis,0.003614
Herbert,0.003532
Lee,0.003499
Howard,0.003458
Ralph,0.003335
Paul,0.003253
Jim,0.003245
Jacob,0.003196
Tom,0.003196
Martin,0.003171
Earl,0.003089
Claude,0.002917
Herman,0.002852
Bert,0.002794
Eugene,0.002794
Ed,0.002762
Ben,0.002737
Francis,0.00268
Michael,0.00263
Edgar,0.002524
Edwin,0.002499
Chester,0.002458
Harvey,0.002458
Clyde,0.002401
Lawrence,0.002352
Luther,0.002327
Isaac,0.002278
Jack,0.002221
Charley,0.002147
Guy,0.002073
Otto,0.002065
Patrick,0.00204
Ira,0.001999
Oliver,0.001999
Hugh,0.001958
August,0.001917
Theodore,0.001901
Floyd,0.001893
Leonard,0.001893
Raymond,0.001885
Alexander,0.001844
Allen,0.001688
Stephen,0.001647
Archie,0.001598
Ray,0.001598
Jessie,0.001573
Homer,0.001557
Warren,0.0015
Philip,0.001491
Horace,0.001442
Alex,0.001409
Eddie,0.001385
Julius,0.001377
Emil,0.001287
Marion,0.001287
Clifford,0.00127
Milton,0.00127
Leroy,0.001246
Dan,0.001229
Rufus,0.001205
Leo,0.001196
Sidney,0.001196
Mack,0.001188
Wesley,0.001188
Bernard,0.00118
Willis,0.001172
Anthony,0.001139
Dave,0.001139
Everett,0.001131
Dennis,0.001106
Amos,0.001098
Lester,0.001098
Alonzo,0.00109
Perry,0.00109
Alvin,0.001082
Leon,0.001073
Harold,0.001041
Percy,0.001032
Calvin,0.001008
Jess,0.001
Leslie,0.001
Lloyd,9.92e-4
Gus,9.83e-4
Otis,9.51e-4
Adam,9.34e-4
Nathan,9.26e-4
Franklin,9.18e-4
Elijah,9.1e-4
Matthew,8.93e-4
Victor,8.93e-4
Noah,8.85e-4
Cornelius,8.77e-4
Norman,8.77e-4
Jerry,8.6e-4
Levi,8.6e-4
Earnest,8.52e-4
Hiram,8.52e-4
Nelson,8.52e-4
Phillip,8.44e-4
Wallace,8.44e-4
Maurice,8.36e-4
Elbert,8.11e-4
Emmett,8.11e-4
Jake,7.95e-4
Ross,7.87e-4
Jose,7.78e-4
Adolph,7.7e-4
Eli,7.7e-4
Moses,7.62e-4
Manuel,7.54e-4
Silas,7.54e-4
Wiley,7.54e-4
Abraham,7.46e-4
Felix,7.46e-4
Christopher,7.37e-4
Claud,7.37e-4
Mark,7.37e-4
Mike,7.29e-4
Gilbert,7.21e-4
Jasper,7.21e-4
Ellis,7.05e-4
Melvin,7.05e-4
Aaron,6.97e-4
Alva,6.97e-4
Marshall,6.8e-4
Willard,6.8e-4
Wilson,6.72e-4
Jeff,6.64e-4
Morris,6.64e-4
Roscoe,6.64e-4
Wilbur,6.64e-4
Jay,6.56e-4
Virgil,6.56e-4
Clinton,6.47e-4
Lonnie,6.39e-4
Ollie,6.39e-4
Simon,6.39e-4
Mose,6.31e-4
Fredrick,6.23e-4
Harrison,6.23e-4
Monroe,6.23e-4
Stanley,6.23e-4
Harley,6.15e-4
Max,6.06e-4
Sylvester,6.06e-4
Reuben,5.98e-4
Russell,5.98e-4
Edmund,5.82e-4
Timothy,5.82e-4
Curtis,5.74e-4
Millard,5.74e-4
Garfield,5.65e-4
Ike,5.49e-4
Ora,5.49e-4
Bruce,5.41e-4
Byron,5.41e-4
Irvin,5.41e-4
Nicholas,5.41e-4
Augustus,5.33e-4
Austin,5.33e-4
Owen,5.33e-4
Anton,5.24e-4
Marvin,5.24e-4
Wade,5.24e-4
Edd,5.16e-4
Steve,5.16e-4
Asa,5.08e-4
Columbus,5.08e-4
Bill,5e-4
Irving,5e-4
Newton,5e-4
Clayton,4.92e-4
Pete,4.92e-4
Bob,4.83e-4
Dock,4.83e-4
Johnnie,4.83e-4
Anderson,4.75e-4
Pearl,4.75e-4
Elias,4.67e-4
Gustave,4.67e-4
Nathaniel,4.67e-4
Grover,4.59e-4
Arch,4.51e-4
Clark,4.42e-4
Joel,4.42e-4
Riley,4.42e-4
Cecil,4.34e-4
Emery,4.34e-4
Vernon,4.34e-4
Barney,4.26e-4
Lon,4.26e-4
Rudolph,4.26e-4
Andy,4.18e-4
Clifton,4.18e-4
Glenn,4.18e-4
Solomon,4.18e-4
Abe,4.1e-4
Joshua,4.1e-4
Sherman,4.1e-4
Christian,4.02e-4
Hubert,4.02e-4
Jackson,4.02e-4
Preston,4.02e-4
Donald,3.93e-4
Ferdinand,3.93e-4
Scott,3.93e-4
Conrad,3.85e-4
Enoch,3.85e-4
Mathew,3.85e-4
Chas,3.77e-4
Cyrus,3.77e-4
Delbert,3.77e-4
Don,3.77e-4
Louie,3.77e-4
Marcus,3.77e-4
Orville,3.77e-4
Tony,3.77e-4
Van,3.77e-4
Emanuel,3.69e-4
Ervin,3.61e-4
Luke,3.61e-4
Major,3.61e-4
Miles,3.61e-4
Gustav,3.52e-4
Jerome,3.52e-4
Lemuel,3.52e-4
Arnold,3.44e-4
Lucius,3.44e-4
Ezra,3.36e-4
Grant,3.36e-4
Julian,3.36e-4
Lorenzo,3.36e-4
Lyman,3.36e-4
Karl,3.28e-4
Chris,3.2e-4
Edmond,3.2e-4
Juan,3.2e-4
Winfield,3.2e-4
Ambrose,3.11e-4
Burton,3.11e-4
Emory,3.11e-4
Forrest,3.11e-4
Roland,3.11e-4
Vincent,3.11e-4
Emile,3.03e-4
Gordon,3.03e-4
Isaiah,3.03e-4
Mitchell,2.95e-4
Ole,2.95e-4
Benjiman,2.87e-4
Cleveland,2.87e-4
Elisha,2.87e-4
Loren,2.87e-4
Neal,2.87e-4
Nick,2.87e-4
Clem,2.79e-4
Foster,2.79e-4
Jefferson,2.79e-4
Ruben,2.79e-4
Al,2.7e-4
Bennie,2.7e-4
Bud,2.7e-4
General,2.7e-4
Jeremiah,2.7e-4
Ned,2.7e-4
Sanford,2.7e-4
Sim,2.7e-4
Spencer,2.7e-4
Abner,2.62e-4
Carroll,2.62e-4
Douglas,2.62e-4
Roger,2.62e-4
Burt,2.54e-4
Seth,2.54e-4
Archibald,2.46e-4
Elwood,2.46e-4
Mary,2.46e-4
Omer,2.46e-4
Ward,2.46e-4
Antonio,2.38e-4
Boyd,2.38e-4
Freeman,2.38e-4
Napoleon,2.38e-4
Wilber,2.38e-4
Zack,2.38e-4
Dudley,2.29e-4
Isiah,2.29e-4
Leander,2.29e-4
Pat,2.29e-4
Pink,2.29e-4
Porter,2.29e-4
Vern,2.29e-4
Walker,2.29e-4
Allie,2.21e-4
Berry,2.21e-4
Dallas,2.21e-4
Forest,2.21e-4
Glen,2.21e-4
Green,2.21e-4
Hans,2.21e-4
Henderson,2.21e-4
Jonathan,2.21e-4
Lynn,2.21e-4
Madison,2.21e-4
Milo,2.21e-4
Pedro,2.21e-4
Royal,2.21e-4
Taylor,2.21e-4
Hal,2.13e-4
Hardy,2.13e-4
Jonas,2.13e-4
King,2.13e-4
Matt,2.13e-4
Myron,2.13e-4
Nels,2.13e-4
Wash,2.13e-4
Abram,2.05e-4
Caleb,2.05e-4
Casper,2.05e-4
Frederic,2.05e-4
Granville,2.05e-4
Gust,2.05e-4
Ivan,2.05e-4
Lem,2.05e-4
Otho,2.05e-4
Wilford,2.05e-4
Angus,1.97e-4
Isom,1.97e-4
Josiah,1.97e-4
Laurence,1.97e-4
Morgan,1.97e-4
Christ,1.88e-4
Clement,1.88e-4
Dee,1.88e-4
Judson,1.88e-4
Junius,1.88e-4
Morton,1.88e-4
Washington,1.88e-4
Earle,1.8e-4
Ellsworth,1.8e-4
Emmet,1.8e-4
Harve,1.8e-4
Israel,1.8e-4
Johnie,1.8e-4
Kenneth,1.8e-4
Lige,1.8e-4
Orrin,1.8e-4
Steven,1.8e-4
Wayne,1.8e-4
Wilfred,1.8e-4
Addison,1.72e-4
Bertram,1.72e-4
Carlton,1.72e-4
Elliott,1.72e-4
Fletcher,1.72e-4
Fritz,1.72e-4
Lawson,1.72e-4
Lucian,1.72e-4
Watson,1.72e-4
Wilburn,1.72e-4
Billie,1.64e-4
Carlos,1.64e-4
Clarance,1.64e-4
Elton,1.64e-4
Gabriel,1.64e-4
Harmon,1.64e-4
Irwin,1.64e-4
Jason,1.64e-4
Jimmie,1.64e-4
Judge,1.64e-4
Lafayette,1.64e-4
Malcolm,1.64e-4
Merton,1.64e-4
Ramon,1.64e-4
Sol,1.64e-4
Wilbert,1.64e-4
Wilmer,1.64e-4
Elmo,1.56e-4
Francisco,1.56e-4
Geo,1.56e-4
Hugo,1.56e-4
Murray,1.56e-4
Neil,1.56e-4
Sandy,1.56e-4
Simeon,1.56e-4
Stewart,1.56e-4
Valentine,1.56e-4
Adrian,1.47e-4
Alton,1.47e-4
Artie,1.47e-4
Burl,1.47e-4
Carey,1.47e-4
Coleman,1.47e-4
Guss,1.47e-4
Noble,1.47e-4
Oren,1.47e-4
Prince,1.47e-4
Wm,1.47e-4
Chauncey,1.39e-4
Clay,1.39e-4
Dewitt,1.39e-4
Dwight,1.39e-4
Garland,1.39e-4
Haywood,1.39e-4
Houston,1.39e-4
Logan,1.39e-4
Lucious,1.39e-4
Rolla,1.39e-4
Thornton,1.39e-4
Tobe,1.39e-4
Tomas,1.39e-4
Truman,1.39e-4
Turner,1.39e-4
Webster,1.39e-4
Alford,1.31e-4
Alphonse,1.31e-4
Arther,1.31e-4
Aubrey,1.31e-4
Cal,1.31e-4
Enos,1.31e-4
Harris,1.31e-4
Johnny,1.31e-4
Lew,1.31e-4
Loyd,1.31e-4
Miller,1.31e-4
Ransom,1.31e-4
Smith,1.31e-4
Sterling,1.31e-4
Troy,1.31e-4
Waldo,1.31e-4
Allan,1.23e-4
Barton,1.23e-4
Clair,1.23e-4
Clint,1.23e-4
Crawford,1.23e-4
Elvin,1.23e-4
Emerson,1.23e-4
Fay,1.23e-4
Garrett,1.23e-4
Gerald,1.23e-4
Hamilton,1.23e-4
Lucien,1.23e-4
Mortimer,1.23e-4
Orin,1.23e-4
Palmer,1.23e-4
Raleigh,1.23e-4
Randolph,1.23e-4
Saul,1.23e-4
Ulysses,1.23e-4
Warner,1.23e-4
Adelbert,1.15e-4
Adolphus,1.15e-4
Alpha,1.15e-4
Art,1.15e-4
Avery,1.15e-4
Bennett,1.15e-4
Carson,1.15e-4
Colonel,1.15e-4
Dana,1.15e-4
Dick,1.15e-4
Elza,1.15e-4
Erastus,1.15e-4
Finley,1.15e-4
Gene,1.15e-4
Jesus,1.15e-4
Josh,1.15e-4
Larkin,1.15e-4
Mathias,1.15e-4
Micheal,1.15e-4
Newt,1.15e-4
Parker,1.15e-4
Pierce,1.15e-4
Randall,1.15e-4
Rollie,1.15e-4
Ted,1.15e-4
Alvah,1.07e-4
Blaine,1.07e-4
Bryant,1.07e-4
Cary,1.07e-4
Cicero,1.07e-4
Cleve,1.07e-4
Cliff,1.07e-4
Dell,1.07e-4
Dorsey,1.07e-4
Elmore,1.07e-4
Henery,1.07e-4
Jules,1.07e-4
Kelly,1.07e-4
Leland,1.07e-4
Lincoln,1.07e-4
Luis,1.07e-4
Merle,1.07e-4
Okey,1.07e-4
Olaf,1.07e-4
Orlando,1.07e-4
Phil,1.07e-4
Pleas,1.07e-4
Pleasant,1.07e-4
Rex,1.07e-4
Shelby,1.07e-4
Thad,1.07e-4
Axel,9.8e-5
Basil,9.8e-5
Benjaman,9.8e-5
Bertie,9.8e-5
Buck,9.8e-5
Butler,9.8e-5
Cassius,9.8e-5
Denis,9.8e-5
Doc,9.8e-5
Dora,9.8e-5
Duncan,9.8e-5
Ely,9.8e-5
Ernie,9.8e-5
Erwin,9.8e-5
Evan,9.8e-5
Evans,9.8e-5
Frances,9.8e-5
Garnett,9.8e-5
Giles,9.8e-5
Hamp,9.8e-5
Jean,9.8e-5
Jordan,9.8e-5
June,9.8e-5
Lenard,9.8e-5
Lum,9.8e-5
Lyle,9.8e-5
Mahlon,9.8e-5
Mason,9.8e-5
Mat,9.8e-5
Pierre,9.8e-5
Price,9.8e-5
Rodney,9.8e-5
Rubin,9.8e-5
Theo,9.8e-5
Watt,9.8e-5
Wyatt,9.8e-5
Albin,9e-5
Aloysius,9e-5
Benton,9e-5
Bernie,9e-5
Bishop,9e-5
Cornelious,9e-5
Coy,9e-5
Dexter,9e-5
Drew,9e-5
Emmitt,9e-5
Ezekiel,9e-5
Finis,9e-5
Furman,9e-5
Howell,9e-5
Issac,9e-5
Johnson,9e-5
Jones,9e-5
Lacy,9e-5
Llewellyn,9e-5
Manley,9e-5
Odie,9e-5
Olin,9e-5
Omar,9e-5
Oswald,9e-5
Paris,9e-5
Pinkney,9e-5
Quincy,9e-5
Richmond,9e-5
Rupert,9e-5
Shirley,9e-5
Sid,9e-5
Tim,9e-5
Volney,9e-5
Webb,9e-5
West,9e-5
Abel,8.2e-5
Alma,8.2e-5
Alonza,8.2e-5
Berton,8.2e-5
Dillard,8.2e-5
Early,8.2e-5
Ephraim,8.2e-5
Ephriam,8.2e-5
Evert,8.2e-5
Gary,8.2e-5
Gaston,8.2e-5
Hosea,8.2e-5
Hunter,8.2e-5
Kirk,8.2e-5
Linus,8.2e-5
Lonzo,8.2e-5
Lou,8.2e-5
Lowell,8.2e-5
Martha,8.2e-5
Merrill,8.2e-5
Miguel,8.2e-5
Minnie,8.2e-5
Mitchel,8.2e-5
Noel,8.2e-5
Norris,8.2e-5
Otha,8.2e-5
Perley,8.2e-5
Reinhold,8.2e-5
Rush,8.2e-5
Samual,8.2e-5
Sanders,8.2e-5
Sebastian,8.2e-5
Seymour,8.2e-5
Shelton,8.2e-5
Squire,8.2e-5
Stuart,8.2e-5
Sydney,8.2e-5
Theron,8.2e-5
Travis,8.2e-5
Wilton,8.2e-5
Zeb,8.2e-5
Allison,7.4e-5
Anson,7.4e-5
Asbury,7.4e-5
Benjamine,7.4e-5
Bessie,7.4e-5
Beverly,7.4e-5
Brooks,7.4e-5
Burley,7.4e-5
Burr,7.4e-5
Buster,7.4e-5
Davis,7.4e-5
Dean,7.4e-5
Eber,7.4e-5
Edna,7.4e-5
Eldridge,7.4e-5
Elzie,7.4e-5
Eric,7.4e-5
Fayette,7.4e-5
Hampton,7.4e-5
Herschel,7.4e-5
Ivy,7.4e-5
Jule,7.4e-5
Junior,7.4e-5
Junious,7.4e-5
Justus,7.4e-5
Lambert,7.4e-5
Len,7.4e-5
Levy,7.4e-5
Lindsay,7.4e-5
Lonie,7.4e-5
Minor,7.4e-5
Octave,7.4e-5
Orson,7.4e-5
Reed,7.4e-5
Tillman,7.4e-5
Tracy,7.4e-5
Winfred,7.4e-5
Wong,7.4e-5
Young,7.4e-5
Ace,6.6e-5
Alden,6.6e-5
Alec,6.6e-5
Alois,6.6e-5
Alpheus,6.6e-5
Alphonso,6.6e-5
Andres,6.6e-5
Angelo,6.6e-5
Annie,6.6e-5
Archer,6.6e-5
Armstead,6.6e-5
Aron,6.6e-5
Augustine,6.6e-5
Author,6.6e-5
Bailey,6.6e-5
Bedford,6.6e-5
Benedict,6.6e-5
Bertha,6.6e-5
Brice,6.6e-5
Brown,6.6e-5
Burrell,6.6e-5
Byrd,6.6e-5
Carleton,6.6e-5
Chin,6.6e-5
Clare,6.6e-5
Doctor,6.6e-5
Dolphus,6.6e-5
Eben,6.6e-5
Elie,6.6e-5
Elige,6.6e-5
Ennis,6.6e-5
Florence,6.6e-5
Gabe,6.6e-5
Gibson,6.6e-5
Gustavus,6.6e-5
Harlan,6.6e-5
Hollis,6.6e-5
Humphrey,6.6e-5
Hurley,6.6e-5
Larry,6.6e-5
Lindsey,6.6e-5
Lue,6.6e-5
Malachi,6.6e-5
May,6.6e-5
Maynard,6.6e-5
Melville,6.6e-5
Milford,6.6e-5
Mills,6.6e-5
Orange,6.6e-5
Orie,6.6e-5
Pablo,6.6e-5
Reese,6.6e-5
Roswell,6.6e-5
Sampson,6.6e-5
Thaddeus,6.6e-5
Thurman,6.6e-5
Tommie,6.6e-5
Toney,6.6e-5
Walton,6.6e-5
Wellington,6.6e-5
Willam,6.6e-5
Willian,6.6e-5
Wylie,6.6e-5
Adolfo,5.7e-5
Alanzo,5.7e-5
Albion,5.7e-5
Alcide,5.7e-5
Alvie,5.7e-5
Alvis,5.7e-5
Antoine,5.7e-5
Ashley,5.7e-5
Ballard,5.7e-5
Bartholomew,5.7e-5
Baxter,5.7e-5
Billy,5.7e-5
Bird,5.7e-5
Campbell,5.7e-5
Commodore,5.7e-5
Connie,5.7e-5
Dale,5.7e-5
Dayton,5.7e-5
Delmar,5.7e-5
Dow,5.7e-5
Ebbie,5.7e-5
Egbert,5.7e-5
Eligah,5.7e-5
Elizabeth,5.7e-5
Emma,5.7e-5
Ernst,5.7e-5
Essie,5.7e-5
Ethan,5.7e-5
Eustace,5.7e-5
Ewing,5.7e-5
Fate,5.7e-5
Felipe,5.7e-5
Fernand,5.7e-5
Fisher,5.7e-5
Ford,5.7e-5
Gail,5.7e-5
Graham,5.7e-5
Gustaf,5.7e-5
Harland,5.7e-5
Hayes,5.7e-5
Hezekiah,5.7e-5
Hilary,5.7e-5
Hosie,5.7e-5
Isreal,5.7e-5
Ivory,5.7e-5
Joesph,5.7e-5
Julious,5.7e-5
Lemon,5.7e-5
Lora,5.7e-5
Louise,5.7e-5
Manford,5.7e-5
Manning,5.7e-5
Margaret,5.7e-5
Marsh,5.7e-5
Marshal,5.7e-5
Mart,5.7e-5
Mont,5.7e-5
Nat,5.7e-5
Newman,5.7e-5
Nickolas,5.7e-5
Olie,5.7e-5
Park,5.7e-5
Pearley,5.7e-5
Reginald,5.7e-5
Rice,5.7e-5
Rolland,5.7e-5
Rollin,5.7e-5
Roman,5.7e-5
Rome,5.7e-5
Rowland,5.7e-5
Sammie,5.7e-5
Seward,5.7e-5
Shade,5.7e-5
Shelly,5.7e-5
Terry,5.7e-5
Titus,5.7e-5
Tommy,5.7e-5
Unknown,5.7e-5
Vicente,5.7e-5
Weston,5.7e-5
Wheeler,5.7e-5
Williams,5.7e-5
Worth,5.7e-5
Addie,4.9e-5
Alan,4.9e-5
Alberto,4.9e-5
Alexis,4.9e-5
Alf,4.9e-5
Alfonso,4.9e-5
Almon,4.9e-5
Antone,4.9e-5
Arlie,4.9e-5
Asberry,4.9e-5
Ashby,4.9e-5
Auguste,4.9e-5
Auther,4.9e-5
Bart,4.9e-5
Bascom,4.9e-5
Bee,4.9e-5
Birt,4.9e-5
Cameron,4.9e-5
Camille,4.9e-5
Carrie,4.9e-5
Chesley,4.9e-5
Clabe,4.9e-5
Cloyd,4.9e-5
Cooper,4.9e-5
Darius,4.9e-5
Delos,4.9e-5
Dempsey,4.9e-5
Dennie,4.9e-5
Dolph,4.9e-5
Domingo,4.9e-5
Ebb,4.9e-5
Eliga,4.9e-5
Elsworth,4.9e-5
Elwin,4.9e-5
Emilio,4.9e-5
Everette,4.9e-5
Fernando,4.9e-5
Fredric,4.9e-5
French,4.9e-5
Garry,4.9e-5
Gee,4.9e-5
Gerhard,4.9e-5
Gideon,4.9e-5
Grace,4.9e-5
Hansford,4.9e-5
Hardin,4.9e-5
Heber,4.9e-5
Hector,4.9e-5
Hermann,4.9e-5
Hershel,4.9e-5
Hervey,4.9e-5
Hilliard,4.9e-5
Horatio,4.9e-5
Hoyt,4.9e-5
Huston,4.9e-5
Isham,4.9e-5
Jarvis,4.9e-5
Jobe,4.9e-5
Joeseph,4.9e-5
Josephus,4.9e-5
Kirby,4.9e-5
Landon,4.9e-5
Lane,4.9e-5
Lawyer,4.9e-5
Lennie,4.9e-5
Leonidas,4.9e-5
Lesley,4.9e-5
Lillian,4.9e-5
Linn,4.9e-5
Littleton,4.9e-5
Lone,4.9e-5
Ludwig,4.9e-5
Marcellus,4.9e-5
Margarito,4.9e-5
Mattie,4.9e-5
Maxwell,4.9e-5
Melton,4.9e-5
Mervin,4.9e-5
Nellie,4.9e-5
Oran,4.9e-5
Orla,4.9e-5
Orval,4.9e-5
Ott,4.9e-5
Percival,4.9e-5
Press,4.9e-5
Rafael,4.9e-5
Randle,4.9e-5
Reece,4.9e-5
Rene,4.9e-5
Rich,4.9e-5
Roderick,4.9e-5
Rollo,4.9e-5
Rutherford,4.9e-5
Seaborn,4.9e-5
Severt,4.9e-5
Steward,4.9e-5
Sylvanus,4.9e-5
Theadore,4.9e-5
Theophile,4.9e-5
Todd,4.9e-5
Vernie,4.9e-5
Vester,4.9e-5
Wenzel,4.9e-5
Wilhelm,4.9e-5
Wood,4.9e-5
Yee,4.9e-5
Ab,4.1e-5
Adolf,4.1e-5
Alby,4.1e-5
Alcee,4.1e-5
Almer,4.1e-5
Almond,4.1e-5
Alvy,4.1e-5
Amon,4.1e-5
Ansel,4.1e-5
Babe,4.1e-5
Bayard,4.1e-5
Benny,4.1e-5
Bertrand,4.1e-5
Bluford,4.1e-5
Booker,4.1e-5
Bradley,4.1e-5
Bruno,4.1e-5
Burnett,4.1e-5
Burney,4.1e-5
Callie,4.1e-5
Caswell,4.1e-5
Claudie,4.1e-5
Colin,4.1e-5
Conley,4.1e-5
Cortez,4.1e-5
Darwin,4.1e-5
Davie,4.1e-5
Dionicio,4.1e-5
Dominick,4.1e-5
Donnie,4.1e-5
Duff,4.1e-5
Edson,4.1e-5
Elam,4.1e-5
Eldred,4.1e-5
Ell,4.1e-5
Ellery,4.1e-5
Ellwood,4.1e-5
Elva,4.1e-5
Emmit,4.1e-5
Enrique,4.1e-5
Erasmus,4.1e-5
Erie,4.1e-5
Erle,4.1e-5
Essex,4.1e-5
Ewell,4.1e-5
Ewin,4.1e-5
Fabian,4.1e-5
Fleming,4.1e-5
Florencio,4.1e-5
Fremont,4.1e-5
Gaines,4.1e-5
Garnet,4.1e-5
Gaylord,4.1e-5
German,4.1e-5
Greene,4.1e-5
Griffin,4.1e-5
Hallie,4.1e-5
Handy,4.1e-5
