name,percent
John,0.079066
William,0.074558
James,0.046449
Charles,0.042911
George,0.042102
Frank,0.026545
Joseph,0.022367
Henry,0.021184
Robert,0.020749
Thomas,0.020589
Edward,0.020002
Harry,0.018757
Walter,0.015157
Arthur,0.014144
Fred,0.013352
Albert,0.013299
Samuel,0.00833
Clarence,0.007441
Louis,0.007094
David,0.006543
Richard,0.005769
Charlie,0.005716
Ernest,0.005698
Andrew,0.005538
Daniel,0.005467
Joe,0.005396
Oscar,0.005396
Jesse,0.0051919999999999996
Will,0.005121
Roy,0.004943
Benjamin,0.004516
Carl,0.004267
Sam,0.004232
Willie,0.004214
Alfred,0.004063
Peter,0.004
Frederick,0.003894
Lewis,0.003831
Howard,0.003814
Elmer,0.00376
Herbert,0.003751
Earl,0.003458
Lee,0.003449
Tom,0.003431
Ralph,0.003423
Martin,0.003351
Herman,0.003191
Paul,0.003183
Jacob,0.003165
Clyde,0.002987
Eugene,0.002889
Jim,0.002863
Harvey,0.002827
Claude,0.0028
Michael,0.002729
Ben,0.00272
Edwin,0.002658
Edgar,0.002605
Chester,0.002578
Francis,0.002534
Lawrence,0.002507
Bert,0.002427
Charley,0.002258
Ed,0.002196
Jack,0.002151
Otto,0.002134
Ira,0.002125
Raymond,0.002071
Luther,0.002036
Isaac,0.002018
Guy,0.001991
Oliver,0.001947
Floyd,0.001929
Hugh,0.001911
Patrick,0.001894
Homer,0.001867
August,0.001858
Ray,0.001796
Leonard,0.001778
Alexander,0.001662
Theodore,0.001645
Allen,0.001556
Horace,0.001485
Archie,0.001476
Philip,0.001476
Sidney,0.001467
Marion,0.001449
Julius,0.001422
Jessie,0.001342
Milton,0.001325
Warren,0.0012979999999999999
Anthony,0.001271
Everett,0.001271
Leroy,0.001271
Leo,0.001262
Bernard,0.001253
Leon,0.001245
Stephen,0.001245
Emil,0.001236
Clifford,0.001227
Dave,0.0012
Perry,0.001182
Willis,0.001165
Grover,0.001129
Eddie,0.001111
Rufus,0.001111
Calvin,0.001085
Alex,0.001067
Dan,0.001067
Leslie,0.001067
Lester,0.001031
Adolph,0.001022
Alvin,0.001005
Amos,0.001005
Dennis,9.96e-4
Jess,9.96e-4
Harold,9.6e-4
Adam,9.51e-4
Jerry,9.51e-4
Norman,9.42e-4
Aaron,9.33e-4
Wesley,9.25e-4
Alonzo,8.89e-4
Wallace,8.89e-4
Victor,8.8e-4
Lloyd,8.71e-4
Mack,8.71e-4
Jay,8.62e-4
Jake,8.53e-4
Melvin,8.53e-4
Franklin,8.36e-4
Nathan,8.27e-4
Cornelius,8.18e-4
Elbert,8.18e-4
Elijah,8.18e-4
Gilbert,8.18e-4
Phillip,8.18e-4
Roscoe,8.18e-4
Willard,8.18e-4
Claud,8.09e-4
Lonnie,8.09e-4
Mark,8.09e-4
Simon,8e-4
Christopher,7.91e-4
Maurice,7.91e-4
Otis,7.91e-4
Ross,7.82e-4
Clinton,7.73e-4
Earnest,7.73e-4
Emmett,7.73e-4
Percy,7.73e-4
Matthew,7.65e-4
Hiram,7.56e-4
Levi,7.56e-4
Fredrick,7.47e-4
Eli,7.29e-4
Moses,7.29e-4
Gus,7.2e-4
Noah,7.2e-4
Marshall,7.02e-4
Nelson,7.02e-4
Silas,6.85e-4
Max,6.67e-4
Morris,6.67e-4
Jasper,6.58e-4
Jose,6.58e-4
Manuel,6.58e-4
Ellis,0.00064899999999999995
Irvin,0.00064899999999999995
Mike,0.00064899999999999995
Wilbur,0.00064899999999999995
Alva,6.4e-4
Wiley,6.4e-4
Marvin,6.31e-4
Nicholas,6.31e-4
Virgil,6.22e-4
Sylvester,6.13e-4
Felix,6.05e-4
Stanley,6.05e-4
Russell,5.96e-4
Wilson,5.96e-4
Glenn,5.78e-4
Mose,5.78e-4
Ora,5.78e-4
Anton,5.6e-4
Dock,5.6e-4
Edmund,5.6e-4
Harley,5.6e-4
Owen,5.6e-4
Bob,5.51e-4
Steve,5.51e-4
Timothy,5.51e-4
Asa,5.42e-4
Harrison,5.42e-4
Ollie,5.42e-4
Rudolph,5.42e-4
Newton,5.24e-4
Orville,5.24e-4
Clayton,5.16e-4
Pearl,5.07e-4
Reuben,5.07e-4
Joshua,4.89e-4
Don,4.8e-4
Wade,4.8e-4
Augustus,4.71e-4
Curtis,4.71e-4
Hubert,4.71e-4
Abraham,4.62e-4
Donald,4.62e-4
Edmond,4.62e-4
Preston,4.62e-4
Cecil,4.53e-4
Joel,4.53e-4
Lon,4.53e-4
Bill,4.44e-4
Bruce,4.44e-4
Byron,4.44e-4
Christian,4.44e-4
Ike,4.44e-4
Juan,4.44e-4
Columbus,4.36e-4
Garfield,4.36e-4
Gustave,4.36e-4
Nathaniel,4.36e-4
Barney,4.27e-4
Johnnie,4.27e-4
Julian,4.27e-4
Sherman,4.27e-4
Chris,4.18e-4
Cyrus,4.18e-4
Scott,4.18e-4
Ervin,4.09e-4
Irving,4.09e-4
Monroe,4.09e-4
Vernon,4.09e-4
Winfield,4.09e-4
Clark,4e-4
Riley,4e-4
Solomon,4e-4
Elias,3.91e-4
Enoch,3.91e-4
Gustav,3.91e-4
Jeff,3.91e-4
Millard,3.91e-4
Abe,3.82e-4
Andy,3.82e-4
Austin,3.82e-4
Delbert,3.82e-4
Edd,3.82e-4
Emery,3.82e-4
Pete,3.82e-4
Vincent,3.82e-4
Arnold,3.73e-4
Bud,3.73e-4
Elisha,3.73e-4
Louie,3.73e-4
Miles,3.73e-4
Wilfred,3.73e-4
Lemuel,3.64e-4
Major,3.64e-4
Burton,3.56e-4
Matt,3.47e-4
Anderson,3.38e-4
Arch,3.38e-4
Chas,3.38e-4
Conrad,3.38e-4
Emory,3.38e-4
Gordon,3.38e-4
Hugo,3.38e-4
Luke,3.38e-4
Marcus,3.38e-4
Wilbert,3.38e-4
Jeremiah,3.29e-4
Mathew,3.29e-4
Ambrose,3.2e-4
Jerome,3.2e-4
Nick,3.2e-4
Roland,3.2e-4
Burt,3.11e-4
Cleveland,3.11e-4
Ole,3.11e-4
Emanuel,3.02e-4
Jackson,3.02e-4
Douglas,2.93e-4
Earle,2.93e-4
Green,2.93e-4
Karl,2.93e-4
Lynn,2.93e-4
Foster,2.84e-4
Grant,2.84e-4
Jefferson,2.84e-4
Mary,2.84e-4
Tony,2.84e-4
Carroll,2.76e-4
Clem,2.76e-4
Clement,2.76e-4
Van,2.76e-4
Antonio,2.67e-4
Chauncey,2.67e-4
Ellsworth,2.67e-4
Ferdinand,2.67e-4
Isaiah,2.67e-4
Mitchell,2.67e-4
Ned,2.67e-4
Ruben,2.67e-4
Benjiman,2.58e-4
Ivan,2.58e-4
Neal,2.58e-4
Alton,2.49e-4
Archibald,2.49e-4
Ezra,2.49e-4
Forest,2.49e-4
Hans,2.49e-4
Irwin,2.49e-4
Laurence,2.49e-4
Spencer,2.49e-4
Zack,2.49e-4
Abner,2.4e-4
Fletcher,2.4e-4
Glen,2.4e-4
Josh,2.4e-4
Taylor,2.4e-4
Ward,2.4e-4
Clifton,2.31e-4
Elliott,2.31e-4
Erwin,2.31e-4
Jimmie,2.31e-4
Kenneth,2.31e-4
Lyman,2.31e-4
Seth,2.31e-4
Clay,2.22e-4
Emmet,2.22e-4
Forrest,2.22e-4
General,2.22e-4
Lucius,2.22e-4
Wayne,2.22e-4
Allie,2.13e-4
Berry,2.13e-4
Dick,2.13e-4
Dudley,2.13e-4
Elwood,2.13e-4
Francisco,2.13e-4
Isiah,2.13e-4
Judge,2.13e-4
Lem,2.13e-4
Roger,2.13e-4
Emile,2.04e-4
Hamilton,2.04e-4
Malcolm,2.04e-4
Merle,2.04e-4
Merton,2.04e-4
Neil,2.04e-4
Omer,2.04e-4
Phil,2.04e-4
Porter,2.04e-4
Sandy,2.04e-4
Sim,2.04e-4
Vern,2.04e-4
Carlos,1.96e-4
Dee,1.96e-4
Guss,1.96e-4
Jonas,1.96e-4
Judson,1.96e-4
King,1.96e-4
Loren,1.96e-4
Madison,1.96e-4
Myron,1.96e-4
Napoleon,1.96e-4
Otho,1.96e-4
Sanford,1.96e-4
Al,1.87e-4
Bennie,1.87e-4
Boyd,1.87e-4
Dewitt,1.87e-4
Harve,1.87e-4
Leland,1.87e-4
Lige,1.87e-4
Lucian,1.87e-4
Royal,1.87e-4
Truman,1.87e-4
Abram,1.78e-4
Addison,1.78e-4
Aubrey,1.78e-4
Emerson,1.78e-4
Frederic,1.78e-4
Freeman,1.78e-4
Hal,1.78e-4
Junius,1.78e-4
Logan,1.78e-4
Lorenzo,1.78e-4
Merrill,1.78e-4
Milo,1.78e-4
Murray,1.78e-4
Pat,1.78e-4
Ramon,1.78e-4
Sterling,1.78e-4
Walker,1.78e-4
Wash,1.78e-4
Washington,1.78e-4
Webster,1.78e-4
Wilford,1.78e-4
Adolphus,1.69e-4
Allan,1.69e-4
Carey,1.69e-4
Carlton,1.69e-4
Dallas,1.69e-4
Enos,1.69e-4
Jean,1.69e-4
Morgan,1.69e-4
Nels,1.69e-4
Rolla,1.69e-4
Alvah,1.6e-4
Benton,1.6e-4
Bertram,1.6e-4
Doc,1.6e-4
Duncan,1.6e-4
Elza,1.6e-4
Evan,1.6e-4
Evert,1.6e-4
Haywood,1.6e-4
Isom,1.6e-4
Israel,1.6e-4
Jonathan,1.6e-4
Jules,1.6e-4
Lawson,1.6e-4
Leander,1.6e-4
Mathias,1.6e-4
Olin,1.6e-4
Orin,1.6e-4
Pedro,1.6e-4
Prince,1.6e-4
Stewart,1.6e-4
Warner,1.6e-4
Angus,1.51e-4
Arther,1.51e-4
Christ,1.51e-4
Clint,1.51e-4
Frances,1.51e-4
Giles,1.51e-4
Harmon,1.51e-4
Henery,1.51e-4
Jordan,1.51e-4
Olaf,1.51e-4
Pink,1.51e-4
Raleigh,1.51e-4
Rolland,1.51e-4
Wilber,1.51e-4
Anna,1.42e-4
Caleb,1.42e-4
Casper,1.42e-4
Clarance,1.42e-4
Elmo,1.42e-4
Ernst,1.42e-4
Houston,1.42e-4
Randolph,1.42e-4
Sol,1.42e-4
Tim,1.42e-4
Valentine,1.42e-4
Wm,1.42e-4
Alf,1.33e-4
Benjamine,1.33e-4
Clair,1.33e-4
Dorsey,1.33e-4
Early,1.33e-4
Elvin,1.33e-4
Fay,1.33e-4
Granville,1.33e-4
Harris,1.33e-4
Henderson,1.33e-4
Hezekiah,1.33e-4
Johnie,1.33e-4
Lonzo,1.33e-4
Mont,1.33e-4
Newt,1.33e-4
Noble,1.33e-4
Rex,1.33e-4
Rollin,1.33e-4
Wilmer,1.33e-4
Adelbert,1.24e-4
Adrian,1.24e-4
Alphonse,1.24e-4
Arlie,1.24e-4
Avery,1.24e-4
Cal,1.24e-4
Ephraim,1.24e-4
Everette,1.24e-4
Ezekiel,1.24e-4
Hardy,1.24e-4
Johnny,1.24e-4
Josiah,1.24e-4
Lum,1.24e-4
Minnie,1.24e-4
Theo,1.24e-4
Ulysses,1.24e-4
Walton,1.24e-4
Watson,1.24e-4
Alford,1.16e-4
Aloysius,1.16e-4
Blaine,1.16e-4
Elie,1.16e-4
Elizabeth,1.16e-4
Garrett,1.16e-4
Gerald,1.16e-4
Issac,1.16e-4
Jarvis,1.16e-4
Jason,1.16e-4
Loyd,1.16e-4
Mahlon,1.16e-4
Margaret,1.16e-4
Micheal,1.16e-4
Nat,1.16e-4
Omar,1.16e-4
Otha,1.16e-4
Pierre,1.16e-4
Richmond,1.16e-4
Rollie,1.16e-4
Shirley,1.16e-4
Simeon,1.16e-4
Smith,1.16e-4
Steven,1.16e-4
Ted,1.16e-4
Thornton,1.16e-4
Tomas,1.16e-4
Troy,1.16e-4
Williams,1.16e-4
Zeb,1.16e-4
Abel,1.07e-4
Alden,1.07e-4
Allison,1.07e-4
Axel,1.07e-4
Brown,1.07e-4
Clare,1.07e-4
Cleve,1.07e-4
Coleman,1.07e-4
Dean,1.07e-4
Elzie,1.07e-4
Ernie,1.07e-4
Fritz,1.07e-4
Gust,1.07e-4
Hollis,1.07e-4
Jesus,1.07e-4
Johnson,1.07e-4
Kelly,1.07e-4
Larry,1.07e-4
Lincoln,1.07e-4
Lindsey,1.07e-4
Mason,1.07e-4
Miguel,1.07e-4
Orson,1.07e-4
Randall,1.07e-4
Reginald,1.07e-4
Rush,1.07e-4
Squire,1.07e-4
Sumner,1.07e-4
Wheeler,1.07e-4
Young,1.07e-4
Alpha,9.8e-5
Author,9.8e-5
Bart,9.8e-5
Benjaman,9.8e-5
Burl,9.8e-5
Carter,9.8e-5
Chin,9.8e-5
Cicero,9.8e-5
Dale,9.8e-5
Davis,9.8e-5
Dell,9.8e-5
Drew,9.8e-5
Dwight,9.8e-5
Eric,9.8e-5
Florence,9.8e-5
Garland,9.8e-5
Hayes,9.8e-5
Hilliard,9.8e-5
Hosea,9.8e-5
Lafayette,9.8e-5
Lew,9.8e-5
Lou,9.8e-5
Lucien,9.8e-5
Melville,9.8e-5
Milford,9.8e-5
Norris,9.8e-5
Oran,9.8e-5
Orange,9.8e-5
Orlando,9.8e-5
Orrin,9.8e-5
Rodney,9.8e-5
Stuart,9.8e-5
Sydney,9.8e-5
Thaddeus,9.8e-5
Theron,9.8e-5
Tommy,9.8e-5
Turner,9.8e-5
West,9.8e-5
Wilburn,9.8e-5
Winfred,9.8e-5
Alma,8.9e-5
Almon,8.9e-5
Bertie,8.9e-5
Berton,8.9e-5
Beverly,8.9e-5
Bishop,8.9e-5
Buford,8.9e-5
Cary,8.9e-5
Cassius,8.9e-5
Cliff,8.9e-5
Colonel,8.9e-5
Crawford,8.9e-5
Dillard,8.9e-5
Elmore,8.9e-5
Gabriel,8.9e-5
Gene,8.9e-5
Godfrey,8.9e-5
Harper,8.9e-5
Hector,8.9e-5
Hollie,8.9e-5
Howell,8.9e-5
Jonah,8.9e-5
Len,8.9e-5
Linwood,8.9e-5
Lucious,8.9e-5
Maxwell,8.9e-5
Maynard,8.9e-5
Minor,8.9e-5
Mortimer,8.9e-5
Newell,8.9e-5
Ocie,8.9e-5
Olen,8.9e-5
Oren,8.9e-5
Oswald,8.9e-5
Pablo,8.9e-5
Price,8.9e-5
Reece,8.9e-5
Roman,8.9e-5
Rube,8.9e-5
Seymour,8.9e-5
Sid,8.9e-5
Soloman,8.9e-5
Terry,8.9e-5
Tobe,8.9e-5
Tommie,8.9e-5
Wright,8.9e-5
Wylie,8.9e-5
Alfonso,8e-5
Alonza,8e-5
Andres,8e-5
Anson,8e-5
Antone,8e-5
Ashley,8e-5
Augustine,8e-5
Bennett,8e-5
Birt,8e-5
Clara,8e-5
Cloyd,8e-5
Collins,8e-5
Dempsey,8e-5
Dolphus,8e-5
Dora,8e-5
Ephriam,8e-5
Fate,8e-5
Fleming,8e-5
Hampton,8e-5
Herschel,8e-5
Hyrum,8e-5
Isadore,8e-5
Isham,8e-5
Marshal,8e-5
Martha,8e-5
Merritt,8e-5
Pinkney,8e-5
Ransom,8e-5
Rupert,8e-5
Travis,8e-5
Vance,8e-5
Willam,8e-5
Wong,8e-5
Alois,7.1e-5
Alvie,7.1e-5
Annie,7.1e-5
Antoine,7.1e-5
Armand,7.1e-5
Aron,7.1e-5
Auther,7.1e-5
Bailey,7.1e-5
Barton,7.1e-5
Basil,7.1e-5
Bradley,7.1e-5
Brady,7.1e-5
Burley,7.1e-5
Cornelious,7.1e-5
Dow,7.1e-5
Edson,7.1e-5
Egbert,7.1e-5
Ferd,7.1e-5
Festus,7.1e-5
Ford,7.1e-5
Gustaf,7.1e-5
Hamp,7.1e-5
Hosteen,7.1e-5
Jewell,7.1e-5
Kirby,7.1e-5
Llewellyn,7.1e-5
Lowell,7.1e-5
Luis,7.1e-5
Melton,7.1e-5
Odell,7.1e-5
Orley,7.1e-5
Orval,7.1e-5
Parker,7.1e-5
Perley,7.1e-5
Reese,7.1e-5
Reinhold,7.1e-5
Rene,7.1e-5
Rosco,7.1e-5
Sanders,7.1e-5
Shelby,7.1e-5
Shelton,7.1e-5
Willian,7.1e-5
Wilton,7.1e-5
Addie,6.2e-5
Albin,6.2e-5
Alpheus,6.2e-5
Art,6.2e-5
Artie,6.2e-5
Ballard,6.2e-5
Bartholomew,6.2e-5
Bascom,6.2e-5
Bee,6.2e-5
Bernice,6.2e-5
Bernie,6.2e-5
Boss,6.2e-5
Burr,6.2e-5
Buster,6.2e-5
Butler,6.2e-5
Byrd,6.2e-5
Chauncy,6.2e-5
Connie,6.2e-5
Creed,6.2e-5
Cyril,6.2e-5
Delmer,6.2e-5
Denis,6.2e-5
Doctor,6.2e-5
Dominick,6.2e-5
Eben,6.2e-5
Effie,6.2e-5
Eldred,6.2e-5
Ellie,6.2e-5
Ellison,6.2e-5
Elton,6.2e-5
Emma,6.2e-5
Emmitt,6.2e-5
Ewell,6.2e-5
Finley,6.2e-5
French,6.2e-5
Furman,6.2e-5
Gaston,6.2e-5
Geo,6.2e-5
Gerhard,6.2e-5
Graham,6.2e-5
Hallie,6.2e-5
Harman,6.2e-5
Hershel,6.2e-5
Ivory,6.2e-5
Ivy,6.2e-5
Jimmy,6.2e-5
Lacy,6.2e-5
Lars,6.2e-5
Lenard,6.2e-5
Levy,6.2e-5
Lionel,6.2e-5
Louise,6.2e-5
Lyle,6.2e-5
Mat,6.2e-5
Mervin,6.2e-5
Milas,6.2e-5
Miller,6.2e-5
Miner,6.2e-5
Montgomery,6.2e-5
Murphy,6.2e-5
Odie,6.2e-5
Orrie,6.2e-5
Ottis,6.2e-5
Paris,6.2e-5
Pleas,6.2e-5
Pleasant,6.2e-5
Rafael,6.2e-5
Reed,6.2e-5
Rogers,6.2e-5
Santiago,6.2e-5
Sarah,6.2e-5
Thad,6.2e-5
Theadore,6.2e-5
Unknown,6.2e-5
Urban,6.2e-5
Vivian,6.2e-5
Wendell,6.2e-5
Wess,6.2e-5
Woody,6.2e-5
Ace,5.3e-5
Adolf,5.3e-5
Algie,5.3e-5
Alice,5.3e-5
Alphonso,5.3e-5
Alvis,5.3e-5
Ammon,5.3e-5
Arlington,5.3e-5
Asbury,5.3e-5
Ashton,5.3e-5
Authur,5.3e-5
Baxter,5.3e-5
Bertha,5.3e-5
Bryan,5.3e-5
Budd,5.3e-5
Cameron,5.3e-5
Coley,5.3e-5
Cullen,5.3e-5
Curt,5.3e-5
Dana,5.3e-5
Delos,5.3e-5
Dennie,5.3e-5
Dexter,5.3e-5
Douglass,5.3e-5
Edna,5.3e-5
Elam,5.3e-5
Eldridge,5.3e-5
Elsworth,5.3e-5
Ennis,5.3e-5
Enrique,5.3e-5
Felipe,5.3e-5
Fernando,5.3e-5
Finis,5.3e-5
Freddie,5.3e-5
Gabe,5.3e-5
Harland,5.3e-5
Hartwell,5.3e-5
Heber,5.3e-5
Hilary,5.3e-5
Hilton,5.3e-5
Hoyt,5.3e-5
Humphrey,5.3e-5
Hunter,5.3e-5
Irvine,5.3e-5
Isidor,5.3e-5
Isreal,5.3e-5
Jeptha,5.3e-5
June,5.3e-5
Landon,5.3e-5
Larkin,5.3e-5
Lennie,5.3e-5
Lillian,5.3e-5
Ludwig,5.3e-5
Mabel,5.3e-5
Malcom,5.3e-5
Manning,5.3e-5
Maude,5.3e-5
May,5.3e-5
Mell,5.3e-5
Meyer,5.3e-5
Morton,5.3e-5
Obie,5.3e-5
Olie,5.3e-5
Olof,5.3e-5
Orie,5.3e-5
Orlo,5.3e-5
Quincy,5.3e-5
Rice,5.3e-5
Robt,5.3e-5
Ronald,5.3e-5
Sampson,5.3e-5
Samual,5.3e-5
Simpson,5.3e-5
Spurgeon,5.3e-5
Sylvanus,5.3e-5
Tandy,5.3e-5
Thos,5.3e-5
Thurlow,5.3e-5
Thurman,5.3e-5
Tobias,5.3e-5
Toy,5.3e-5
Tracy,5.3e-5
Verne,5.3e-5
Vicente,5.3e-5
Waldo,5.3e-5
Weldon,5.3e-5
Whit,5.3e-5
Wilhelm,5.3e-5
Winston,5.3e-5
Woodie,5.3e-5
Wyatt,5.3e-5
Zeke,5.3e-5
Zeno,5.3e-5
Albertus,4.4e-5
Alcide,4.4e-5
Alec,4.4e-5
Alphonsus,4.4e-5
Alvan,4.4e-5
Amado,4.4e-5
Ananias,4.4e-5
Ancel,4.4e-5
Arvid,4.4e-5
Atlas,4.4e-5
Banks,4.4e-5
Barry,4.4e-5
Belton,4.4e-5
Benedict,4.4e-5
Bernhard,4.4e-5
Bertrand,4.4e-5
Blair,4.4e-5
Blake,4.4e-5
Blanchard,4.4e-5
Bluford,4.4e-5
Bose,4.4e-5
Bryant,4.4e-5
Buck,4.4e-5
Captain,4.4e-5
Carleton,4.4e-5
Ceasar,4.4e-5
Chalmers,4.4e-5
Chance,4.4e-5
Chancey,4.4e-5
Chancy,4.4e-5
Charle,4.4e-5
Clide,4.4e-5
Colin,4.4e-5
Commodore,4.4e-5
Coy,4.4e-5
Crockett,4.4e-5
Daisy,4.4e-5
Danial,4.4e-5
Delmar,4.4e-5
Dink,4.4e-5
Dolph,4.4e-5
Duke,4.4e-5
Elder,4.4e-5
Elige,4.4e-5
Elihu,4.4e-5
Ella,4.4e-5
Elva,4.4e-5
Elwin,4.4e-5
Emett,4.4e-5
Emilio,4.4e-5
Emmit,4.4e-5
Erick,4.4e-5
Essex,4.4e-5
Estill,4.4e-5
Ewin,4.4e-5
Fayette,4.4e-5
Fenton,4.4e-5
Gale,4.4e-5
Garret,4.4e-5
Gay,4.4e-5
Gideon,4.4e-5
Golden,4.4e-5
Gottlieb,4.4e-5
Gregorio,4.4e-5
Grove,4.4e-5
Hanson,4.4e-5
Harlan,4.4e-5
Harlie,4.4e-5
Harlow,4.4e-5
Haskell,4.4e-5
Helen,4.4e-5
Hermann,4.4e-5
Horatio,4.4e-5
Hyman,4.4e-5
Ida,4.4e-5
Ingram,4.4e-5
Iva,4.4e-5
Jep,4.4e-5
Jodie,4.4e-5
Josephus,4.4e-5
Joy,4.4e-5
Judd,4.4e-5
Julious,4.4e-5
Junious,4.4e-5
Lambert,4.4e-5
Lemon,4.4e-5
Lesley,4.4e-5
Lessie,4.4e-5
Lillie,4.4e-5
Linton,4.4e-5
Linzy,4.4e-5
Little,4.4e-5
Loney,4.4e-5
Lonie,4.4e-5
Loring,4.4e-5
Lovie,4.4e-5
Lucas,4.4e-5
Lute,4.4e-5
Mac,4.4e-5
Mace,4.4e-5
Mal,4.4e-5
Manford,4.4e-5
Manley,4.4e-5
Mannie,4.4e-5
Marcellus,4.4e-5
Matthias,4.4e-5
Maud,4.4e-5
Meredith,4.4e-5
Michel,4.4e-5
