name,percent
John,0.076476
William,0.072475
James,0.046389
George,0.040417
Charles,0.039122
Frank,0.026217
Joseph,0.022062
Thomas,0.020954
Henry,0.020156
Robert,0.020115
Edward,0.01987
Harry,0.018925
Walter,0.015496
Arthur,0.013768
Fred,0.013345
Albert,0.011691
Samuel,0.007699
Clarence,0.007243
Louis,0.007218
Grover,0.006534
David,0.006208
Joe,0.006192
Richard,0.006102
Charlie,0.006078
Ernest,0.005621
Roy,0.00554
Jesse,0.005458
Will,0.005296
Andrew,0.005019
Oscar,0.00501
Willie,0.004709
Daniel,0.004668
Sam,0.004342
Peter,0.004269
Elmer,0.004261
Carl,0.004245
Alfred,0.004236
Benjamin,0.004147
Lewis,0.003886
Earl,0.00378
Ralph,0.00378
Frederick,0.003699
Lee,0.003544
Howard,0.003519
Paul,0.003438
Herbert,0.00343
Tom,0.00321
Herman,0.003137
Martin,0.003137
Jacob,0.003104
Michael,0.003039
Ben,0.00299
Harvey,0.002917
Claude,0.002876
Jim,0.002819
Clyde,0.002811
Francis,0.00277
Chester,0.002754
Eugene,0.002615
Ed,0.002558
Edwin,0.002509
Raymond,0.002436
Charley,0.002363
Edgar,0.002363
Otto,0.002346
Ira,0.002314
Bert,0.002281
Jack,0.002232
Luther,0.002224
Floyd,0.002143
Lawrence,0.002135
Guy,0.002118
Hugh,0.002004
Oliver,0.001996
Isaac,0.00198
Alexander,0.001923
Ray,0.00189
Patrick,0.001809
Homer,0.00176
August,0.001735
Theodore,0.001719
Archie,0.001678
Leonard,0.001678
Leo,0.001564
Harold,0.001556
Marion,0.001499
Allen,0.001483
Anthony,0.001458
Eddie,0.001458
Jessie,0.001442
Emil,0.001426
Cleveland,0.001418
Stephen,0.001344
Warren,0.001336
Julius,0.00132
Philip,0.001312
Dave,0.001295
Horace,0.001255
Leroy,0.001255
Dan,0.00123
Willis,0.00123
Clifford,0.001222
Leon,0.001222
Milton,0.001222
Alex,0.001206
Alvin,0.001181
Sidney,0.001157
Bernard,0.001141
Calvin,0.001132
Amos,0.001116
Perry,0.0011
Everett,0.001092
Norman,0.001059
Percy,0.001027
Leslie,0.001018
Jess,0.00101
Victor,0.00101
Lester,0.001002
Lloyd,9.94e-4
Jerry,9.86e-4
Wesley,9.78e-4
Mack,9.69e-4
Gus,9.53e-4
Matthew,9.53e-4
Rufus,9.53e-4
Maurice,9.37e-4
Dennis,9.21e-4
Alonzo,9.12e-4
Jose,9.12e-4
Jay,8.96e-4
Ross,8.96e-4
Earnest,8.88e-4
Adolph,8.72e-4
Otis,8.72e-4
Russell,8.72e-4
Stanley,8.55e-4
Felix,8.31e-4
Wallace,8.31e-4
Clinton,8.23e-4
Gilbert,8.15e-4
Nathan,8.15e-4
Aaron,7.9e-4
Hiram,7.9e-4
Mark,7.82e-4
Melvin,7.74e-4
Noah,7.66e-4
Franklin,7.58e-4
Jake,7.5e-4
Roscoe,7.5e-4
Levi,7.41e-4
Owen,7.41e-4
Elbert,7.33e-4
Manuel,7.33e-4
Nelson,7.25e-4
Phillip,7.25e-4
Willard,7.25e-4
Cornelius,7.17e-4
Lonnie,7.17e-4
Marshall,7.17e-4
Virgil,7.17e-4
Fredrick,7.01e-4
Irvin,7.01e-4
Claud,6.92e-4
Elijah,6.92e-4
Simon,6.92e-4
Mike,6.84e-4
Adam,6.76e-4
Emmett,6.76e-4
Jasper,6.76e-4
Silas,6.76e-4
Bill,6.68e-4
Reuben,6.68e-4
Wilbur,6.68e-4
Ollie,6.6e-4
Pete,6.6e-4
Irving,6.52e-4
Max,6.52e-4
Wiley,6.52e-4
Morris,6.35e-4
Wilson,6.35e-4
Moses,6.27e-4
Rudolph,6.27e-4
Timothy,6.27e-4
Ike,6.19e-4
Jeff,6.03e-4
Cecil,5.95e-4
Curtis,5.95e-4
Ellis,5.95e-4
Harley,5.95e-4
Marvin,5.95e-4
Edmund,5.87e-4
Austin,5.7e-4
Clayton,5.62e-4
Nicholas,5.62e-4
Sherman,5.62e-4
Christopher,5.54e-4
Mose,5.54e-4
Ora,5.54e-4
Abraham,5.46e-4
Eli,5.46e-4
Sylvester,5.46e-4
Dock,5.38e-4
Steve,5.38e-4
Augustus,5.3e-4
Cleve,5.3e-4
Anton,5.21e-4
Harrison,5.13e-4
Logan,5.13e-4
Alva,5.05e-4
Barney,5.05e-4
Blaine,5.05e-4
Pearl,5.05e-4
Glenn,4.97e-4
Hubert,4.97e-4
Donald,4.89e-4
Solomon,4.89e-4
Gustave,4.73e-4
Byron,4.64e-4
Chris,4.64e-4
Marcus,4.64e-4
Joel,4.56e-4
Juan,4.56e-4
Millard,4.56e-4
Monroe,4.56e-4
Nathaniel,4.56e-4
Scott,4.56e-4
Andy,4.48e-4
Clark,4.48e-4
Ferdinand,4.48e-4
Matt,4.48e-4
Christian,4.4e-4
Lon,4.4e-4
Mathew,4.32e-4
Orville,4.32e-4
Bennie,4.15e-4
Emery,4.15e-4
Ervin,4.15e-4
Vincent,4.15e-4
Wade,4.15e-4
Bob,4.07e-4
Columbus,4.07e-4
Edd,4.07e-4
Vernon,4.07e-4
Arnold,3.99e-4
Conrad,3.99e-4
Preston,3.99e-4
Anderson,3.91e-4
Elias,3.91e-4
Julian,3.91e-4
Nick,3.91e-4
Don,3.83e-4
Glen,3.83e-4
Riley,3.83e-4
Delbert,3.75e-4
Johnnie,3.75e-4
Abe,3.67e-4
Emanuel,3.58e-4
Louie,3.58e-4
Arch,3.5e-4
Asa,3.5e-4
Edmond,3.5e-4
Ezra,3.5e-4
Roland,3.5e-4
Bud,3.42e-4
Grant,3.34e-4
Joshua,3.34e-4
Newton,3.34e-4
Tony,3.34e-4
Bruce,3.26e-4
Clifton,3.26e-4
Chas,3.18e-4
Elisha,3.18e-4
Gordon,3.18e-4
Jefferson,3.18e-4
Luke,3.18e-4
Miles,3.18e-4
Roger,3.18e-4
Burton,3.1e-4
Earle,3.1e-4
Emory,3.1e-4
Jeremiah,3.1e-4
Van,3.1e-4
Ward,3.1e-4
Cyrus,3.01e-4
Dick,3.01e-4
Douglas,3.01e-4
Jerome,3.01e-4
Lyman,3.01e-4
Ambrose,2.93e-4
Forrest,2.93e-4
Gustav,2.93e-4
Major,2.93e-4
Mary,2.93e-4
Neal,2.93e-4
Jonas,2.85e-4
Antonio,2.77e-4
Irwin,2.77e-4
Karl,2.77e-4
Mitchell,2.77e-4
Wayne,2.77e-4
Abner,2.69e-4
Forest,2.69e-4
Jackson,2.69e-4
Morgan,2.69e-4
Wilfred,2.69e-4
Benjiman,2.61e-4
Clay,2.61e-4
Clem,2.61e-4
Nels,2.61e-4
Omer,2.61e-4
Royal,2.61e-4
Sanford,2.61e-4
Spencer,2.61e-4
Green,2.53e-4
Lemuel,2.53e-4
Lucius,2.53e-4
Winfield,2.53e-4
Allan,2.44e-4
Enoch,2.44e-4
Garfield,2.44e-4
Lorenzo,2.44e-4
Loyd,2.44e-4
Ole,2.44e-4
Pedro,2.44e-4
Abram,2.36e-4
Archibald,2.36e-4
Berry,2.36e-4
Burt,2.36e-4
Kenneth,2.36e-4
Washington,2.36e-4
Zack,2.36e-4
Emile,2.28e-4
Johnie,2.28e-4
Napoleon,2.28e-4
Ruben,2.28e-4
Dee,2.2e-4
Fletcher,2.2e-4
Granville,2.2e-4
Isom,2.2e-4
Ivan,2.2e-4
Josh,2.2e-4
Lafayette,2.2e-4
Lynn,2.2e-4
Allie,2.12e-4
Dudley,2.12e-4
Elwood,2.12e-4
Frederic,2.12e-4
Hans,2.12e-4
Jimmie,2.12e-4
Pat,2.12e-4
Wilbert,2.12e-4
Emmet,2.04e-4
General,2.04e-4
Hal,2.04e-4
Israel,2.04e-4
Jason,2.04e-4
Jean,2.04e-4
Jordan,2.04e-4
King,2.04e-4
Boyd,1.96e-4
Carey,1.96e-4
Carroll,1.96e-4
Elza,1.96e-4
Freeman,1.96e-4
Isiah,1.96e-4
Laurence,1.96e-4
Ned,1.96e-4
Oren,1.96e-4
Francisco,1.87e-4
Isaiah,1.87e-4
Neil,1.87e-4
Sim,1.87e-4
Ulysses,1.87e-4
Wilber,1.87e-4
Arther,1.79e-4
Clement,1.79e-4
Elliott,1.79e-4
Evan,1.79e-4
Josiah,1.79e-4
Milo,1.79e-4
Myron,1.79e-4
Olin,1.79e-4
Porter,1.79e-4
Warner,1.79e-4
Wm,1.79e-4
Chauncey,1.71e-4
Dwight,1.71e-4
Gabriel,1.71e-4
Harmon,1.71e-4
Herschel,1.71e-4
Jonathan,1.71e-4
Judge,1.71e-4
Leander,1.71e-4
Rollie,1.71e-4
Seth,1.71e-4
Stewart,1.71e-4
Taylor,1.71e-4
Tommie,1.71e-4
Alphonse,1.63e-4
Anna,1.63e-4
Carlton,1.63e-4
Dewitt,1.63e-4
Fay,1.63e-4
Foster,1.63e-4
Gust,1.63e-4
Harris,1.63e-4
Lucian,1.63e-4
Lucious,1.63e-4
Madison,1.63e-4
Olaf,1.63e-4
Pink,1.63e-4
Raleigh,1.63e-4
Sterling,1.63e-4
Steven,1.63e-4
Vern,1.63e-4
Clarance,1.55e-4
Dallas,1.55e-4
Enos,1.55e-4
Gerald,1.55e-4
Hardy,1.55e-4
Hosea,1.55e-4
Judson,1.55e-4
Loren,1.55e-4
Merle,1.55e-4
Orin,1.55e-4
Phil,1.55e-4
Sid,1.55e-4
Simeon,1.55e-4
Sol,1.55e-4
Walker,1.55e-4
Wash,1.55e-4
West,1.55e-4
Al,1.47e-4
Aubrey,1.47e-4
Benton,1.47e-4
Billie,1.47e-4
Clint,1.47e-4
Ephriam,1.47e-4
Florence,1.47e-4
Hamilton,1.47e-4
Larry,1.47e-4
Malcolm,1.47e-4
Noble,1.47e-4
Norris,1.47e-4
Rollin,1.47e-4
Smith,1.47e-4
Tomas,1.47e-4
Valentine,1.47e-4
Wilmer,1.47e-4
Addison,1.38e-4
Adelbert,1.38e-4
Adolphus,1.38e-4
Alford,1.38e-4
Caleb,1.38e-4
Erwin,1.38e-4
Henderson,1.38e-4
Hugo,1.38e-4
Jules,1.38e-4
Lafe,1.38e-4
Lum,1.38e-4
Mat,1.38e-4
Micheal,1.38e-4
Murray,1.38e-4
Otho,1.38e-4
Prince,1.38e-4
Randolph,1.38e-4
Rolland,1.38e-4
Alton,1.3e-4
Avery,1.3e-4
Axel,1.3e-4
Bertram,1.3e-4
Dell,1.3e-4
Elizabeth,1.3e-4
Elzie,1.3e-4
Frances,1.3e-4
Fritz,1.3e-4
Haywood,1.3e-4
Issac,1.3e-4
Junius,1.3e-4
Merton,1.3e-4
Minor,1.3e-4
Orval,1.3e-4
Reginald,1.3e-4
Shelby,1.3e-4
Webster,1.3e-4
Wilford,1.3e-4
Angus,1.22e-4
Arlie,1.22e-4
Beverly,1.22e-4
Christ,1.22e-4
Dorsey,1.22e-4
Emerson,1.22e-4
Fate,1.22e-4
Garrett,1.22e-4
Harve,1.22e-4
Houston,1.22e-4
Johnny,1.22e-4
Lew,1.22e-4
Pierce,1.22e-4
Rupert,1.22e-4
Tim,1.22e-4
Truman,1.22e-4
Winfred,1.22e-4
Abel,1.14e-4
Bascom,1.14e-4
Casper,1.14e-4
Coleman,1.14e-4
Early,1.14e-4
Elton,1.14e-4
Elvin,1.14e-4
Ernst,1.14e-4
Giles,1.14e-4
Harlan,1.14e-4
Leland,1.14e-4
Lonzo,1.14e-4
Luis,1.14e-4
Mason,1.14e-4
Mervin,1.14e-4
Rolla,1.14e-4
Albin,1.06e-4
Bennett,1.06e-4
Bertie,1.06e-4
Buck,1.06e-4
Carlos,1.06e-4
Carson,1.06e-4
Carter,1.06e-4
Clair,1.06e-4
Cliff,1.06e-4
Dean,1.06e-4
Ezekiel,1.06e-4
Guss,1.06e-4
Johnson,1.06e-4
Jones,1.06e-4
Lige,1.06e-4
Mathias,1.06e-4
Orange,1.06e-4
Orrin,1.06e-4
Oswald,1.06e-4
Ramon,1.06e-4
Rex,1.06e-4
Rodney,1.06e-4
Simpson,1.06e-4
Sydney,1.06e-4
Vance,1.06e-4
Wilburn,1.06e-4
Wyatt,1.06e-4
Alpha,9.8e-5
Burley,9.8e-5
Clara,9.8e-5
Cloyd,9.8e-5
Doctor,9.8e-5
Ellsworth,9.8e-5
Elmo,9.8e-5
Ephraim,9.8e-5
Eric,9.8e-5
Garland,9.8e-5
Henery,9.8e-5
Howell,9.8e-5
Ivory,9.8e-5
Lem,9.8e-5
Lyle,9.8e-5
Mahlon,9.8e-5
Noel,9.8e-5
Orlando,9.8e-5
Ransom,9.8e-5
Rube,9.8e-5
Squire,9.8e-5
Thaddeus,9.8e-5
Vivian,9.8e-5
Aloysius,9e-5
Alvah,9e-5
Aron,9e-5
Bart,9e-5
Basil,9e-5
Bishop,9e-5
Burr,9e-5
Buster,9e-5
Cicero,9e-5
Dana,9e-5
Davis,9e-5
Dexter,9e-5
Elmore,9e-5
Gene,9e-5
Gustaf,9e-5
Heber,9e-5
Hector,9e-5
Jesus,9e-5
Jonah,9e-5
Lawson,9e-5
Lucien,9e-5
Marcellus,9e-5
Melville,9e-5
Merrill,9e-5
Milford,9e-5
Morton,9e-5
Odie,9e-5
Oral,9e-5
Pierre,9e-5
Randall,9e-5
Richmond,9e-5
Ronald,9e-5
Sandy,9e-5
Shirley,9e-5
Stuart,9e-5
Tracy,9e-5
Troy,9e-5
Watson,9e-5
Wendell,9e-5
Willam,9e-5
Williams,9e-5
Young,9e-5
Zeb,9e-5
Angelo,8.1e-5
Anson,8.1e-5
Art,8.1e-5
Artie,8.1e-5
Asbury,8.1e-5
Augustine,8.1e-5
Benjamine,8.1e-5
Buford,8.1e-5
Clare,8.1e-5
Crawford,8.1e-5
Dale,8.1e-5
Doc,8.1e-5
Dolphus,8.1e-5
Duncan,8.1e-5
Eben,8.1e-5
Emmitt,8.1e-5
Erastus,8.1e-5
Ethan,8.1e-5
Evert,8.1e-5
Fernando,8.1e-5
Finley,8.1e-5
Grace,8.1e-5
Hampton,8.1e-5
Hollis,8.1e-5
Hudson,8.1e-5
Joesph,8.1e-5
June,8.1e-5
Kelly,8.1e-5
Len,8.1e-5
Lenard,8.1e-5
Linus,8.1e-5
Lou,8.1e-5
Margaret,8.1e-5
Mortimer,8.1e-5
Reese,8.1e-5
Rush,8.1e-5
Sampson,8.1e-5
Seymour,8.1e-5
Solon,8.1e-5
Ted,8.1e-5
Terry,8.1e-5
Theadore,8.1e-5
Tillman,8.1e-5
Toney,8.1e-5
Travis,8.1e-5
Turner,8.1e-5
Wellington,8.1e-5
Wheeler,8.1e-5
Willian,8.1e-5
Wylie,8.1e-5
Adrian,7.3e-5
Alan,7.3e-5
Alois,7.3e-5
Bartholomew,7.3e-5
Benjamen,7.3e-5
Bertrand,7.3e-5
Burl,7.3e-5
Cary,7.3e-5
Colonel,7.3e-5
Connie,7.3e-5
Cora,7.3e-5
Cornelious,7.3e-5
Emma,7.3e-5
Ennis,7.3e-5
Gideon,7.3e-5
Godfrey,7.3e-5
Hezekiah,7.3e-5
Jens,7.3e-5
Julious,7.3e-5
Lindsay,7.3e-5
Lindsey,7.3e-5
Ludwig,7.3e-5
Manley,7.3e-5
Merritt,7.3e-5
Miguel,7.3e-5
Nellie,7.3e-5
Oakley,7.3e-5
Obie,7.3e-5
Octave,7.3e-5
Okey,7.3e-5
Ottis,7.3e-5
Pablo,7.3e-5
Parker,7.3e-5
Reed,7.3e-5
Rich,7.3e-5
Rubin,7.3e-5
Sanders,7.3e-5
Whitney,7.3e-5
Addie,6.5e-5
Almon,6.5e-5
Alphonso,6.5e-5
Alvie,6.5e-5
Ammon,6.5e-5
Arlington,6.5e-5
Barry,6.5e-5
Barton,6.5e-5
Baxter,6.5e-5
Bertha,6.5e-5
Byrd,6.5e-5
Callie,6.5e-5
Creed,6.5e-5
Donaciano,6.5e-5
Drew,6.5e-5
Festus,6.5e-5
Finis,6.5e-5
Freddie,6.5e-5
Furman,6.5e-5
Hamp,6.5e-5
Harlow,6.5e-5
Hayward,6.5e-5
Hershel,6.5e-5
Hoyt,6.5e-5
Huston,6.5e-5
Hyrum,6.5e-5
Ida,6.5e-5
Irven,6.5e-5
Isadore,6.5e-5
Ivy,6.5e-5
Kirk,6.5e-5
Lambert,6.5e-5
Lonie,6.5e-5
Loran,6.5e-5
Love,6.5e-5
Mannie,6.5e-5
Maxwell,6.5e-5
Mont,6.5e-5
Nat,6.5e-5
Newell,6.5e-5
Ola,6.5e-5
Oran,6.5e-5
Paris,6.5e-5
Perley,6.5e-5
Pinkney,6.5e-5
Rosco,6.5e-5
Santiago,6.5e-5
Son,6.5e-5
Sumner,6.5e-5
Theron,6.5e-5
Thurman,6.5e-5
Tobe,6.5e-5
Tobias,6.5e-5
Tollie,6.5e-5
Verne,6.5e-5
Vester,6.5e-5
Vollie,6.5e-5
Webb,6.5e-5
Wilton,6.5e-5
Woodie,6.5e-5
Woodson,6.5e-5
Woody,6.5e-5
Wright,6.5e-5
Adelard,5.7e-5
Albion,5.7e-5
Alcide,5.7e-5
Alec,5.7e-5
Alf,5.7e-5
Allison,5.7e-5
Alonza,5.7e-5
Antone,5.7e-5
Archer,5.7e-5
Asberry,5.7e-5
Auther,5.7e-5
Benjaman,5.7e-5
Bernhard,5.7e-5
Berton,5.7e-5
Billy,5.7e-5
Bird,5.7e-5
Bonnie,5.7e-5
Bruno,5.7e-5
Budd,5.7e-5
Cameron,5.7e-5
Catherine,5.7e-5
Chancy,5.7e-5
Collie,5.7e-5
Commodore,5.7e-5
Curley,5.7e-5
Curt,5.7e-5
Danial,5.7e-5
Domingo,5.7e-5
Ebenezer,5.7e-5
Egbert,5.7e-5
Elder,5.7e-5
Elie,5.7e-5
Eliga,5.7e-5
Ellwood,5.7e-5
Emilio,5.7e-5
Emmit,5.7e-5
Ethel,5.7e-5
Ewald,5.7e-5
Fayette,5.7e-5
French,5.7e-5
Gardner,5.7e-5
Gaston,5.7e-5
Griffin,5.7e-5
Guadalupe,5.7e-5
Hallie,5.7e-5
Harper,5.7e-5
Herb,5.7e-5
Hermon,5.7e-5
Hilliard,5.7e-5
Humphrey,5.7e-5
Isreal,5.7e-5
Iva,5.7e-5
Jarvis,5.7e-5
Jimmy,5.7e-5
Julia,5.7e-5
Lacy,5.7e-5
Levy,5.7e-5
Mart,5.7e-5
Melton,5.7e-5
Nickolas,5.7e-5
Nolan,5.7e-5
Odell,5.7e-5
Olie,5.7e-5
Orla,5.7e-5
Orley,5.7e-5
Otha,5.7e-5
Press,5.7e-5
Price,5.7e-5
Rollo,5.7e-5
Ruffus,5.7e-5
Sheldon,5.7e-5
Shelton,5.7e-5
Silvester,5.7e-5
Stafford,5.7e-5
Sullivan,5.7e-5
Theo,5.7e-5
Thornton,5.7e-5
Thurston,5.7e-5
Waldo,5.7e-5
Wayman,5.7e-5
Weldon,5.7e-5
Wes,5.7e-5
Winnie,5.7e-5
Worth,5.7e-5
Adolf,4.9e-5
Alden,4.9e-5
Algie,4.9e-5
Almer,4.9e-5
Alphonsus,4.9e-5
Alvis,4.9e-5
Ancel,4.9e-5
Andres,4.9e-5
Antoine,4.9e-5
Armand,4.9e-5
Ashley,4.9e-5
Author,4.9e-5
Bailey,4.9e-5
Bernie,4.9e-5
Booker,4.9e-5
Boss,4.9e-5
Brady,4.9e-5
Brooks,4.9e-5
Bryant,4.9e-5
Burke,4.9e-5
Burrel,4.9e-5
Cal,4.9e-5
Carleton,4.9e-5
Cass,4.9e-5
Cassius,4.9e-5
Chesley,4.9e-5
Cleo,4.9e-5
Cleon,4.9e-5
Dalton,4.9e-5
Delmar,4.9e-5
Denis,4.9e-5
Dillard,4.9e-5
Dora,4.9e-5
Doss,4.9e-5
Dozier,4.9e-5
Ebb,4.9e-5
Edna,4.9e-5
Elbridge,4.9e-5
Elden,4.9e-5
Eldon,4.9e-5
Eldridge,4.9e-5
Eligah,4.9e-5
Ella,4.9e-5
Ellie,4.9e-5
Elliot,4.9e-5
Elroy,4.9e-5
Elva,4.9e-5
Emit,4.9e-5
Fulton,4.9e-5
Geo,4.9e-5
Gerhard,4.9e-5
Gottlieb,4.9e-5
Graham,4.9e-5
Handy,4.9e-5
Helmer,4.9e-5
Hill,4.9e-5
Hillard,4.9e-5
Hjalmer,4.9e-5
Hubbard,4.9e-5
Hunter,4.9e-5
Hurley,4.9e-5
Ignatz,4.9e-5
Isham,4.9e-5
Jarrett,4.9e-5
Jewel,4.9e-5
Joeseph,4.9e-5
Jule,4.9e-5
Juluis,4.9e-5
Junious,4.9e-5
Justin,4.9e-5
Justus,4.9e-5
Kelley,4.9e-5
Landon,4.9e-5
Larkin,4.9e-5
Lawyer,4.9e-5
Lillian,4.9e-5
Linwood,4.9e-5
Lionel,4.9e-5
Lorenza,4.9e-5
Malcom,4.9e-5
Marlin,4.9e-5
Maude,4.9e-5
Miller,4.9e-5
Miner,4.9e-5
Moody,4.9e-5
Myrtle,4.9e-5
Namon,4.9e-5
Newt,4.9e-5
Ocie,4.9e-5
Oda,4.9e-5
Odin,4.9e-5
Odis,4.9e-5
Oley,4.9e-5
Omar,4.9e-5
Orie,4.9e-5
Orson,4.9e-5
Osborn,4.9e-5
Osie,4.9e-5
Ossie,4.9e-5
Palmer,4.9e-5
Percival,4.9e-5
Pleasant,4.9e-5
Prentice,4.9e-5
Purl,4.9e-5
Reece,4.9e-5
Roby,4.9e-5
Sarah,4.9e-5
Seaborn,4.9e-5
Shep,4.9e-5
Simmie,4.9e-5
Spurgeon,4.9e-5
Stanislaus,4.9e-5
Thad,4.9e-5
Tilman,4.9e-5
Titus,4.9e-5
Tommy,4.9e-5
Urban,4.9e-5
Vander,4.9e-5
Vicente,4.9e-5
Watt,4.9e-5
Whit,4.9e-5
Wilhelm,4.9e-5
Zollie,4.9e-5
Abb,4.1e-5
Ace,4.1e-5
Aden,4.1e-5
Ah,4.1e-5
Aleck,4.1e-5
Almond,4.1e-5
Alpheus,4.1e-5
Alvy,4.1e-5
Bayard,4.1e-5
Bedford,4.1e-5
Bee,4.1e-5
Beecher,4.1e-5
Benny,4.1e-5
Bessie,4.1e-5
Birt,4.1e-5
Blain,4.1e-5
Blair,4.1e-5
Boston,4.1e-5
Bowman,4.1e-5
Bunk,4.1e-5
Burgess,4.1e-5
Burrell,4.1e-5
Butler,4.1e-5
Carol,4.1e-5
Carrie,4.1e-5
Chalmers,4.1e-5
Charly,4.1e-5
Chin,4.1e-5
Clell,4.1e-5
Cody,4.1e-5
