name,percent
Mary,0.0643
Anna,0.028135
Emma,0.019217
Elizabeth,0.018188
Margaret,0.015526
Minnie,0.015342
Clara,0.013455
Bertha,0.013102
Ida,0.01306
Annie,0.011996
Alice,0.011841
Florence,0.011743
Bessie,0.011186
Grace,0.011095
Ethel,0.010531
Nellie,0.010087
Martha,0.010038
Sarah,0.010031
Ella,0.009827
Mabel,0.009503
Laura,0.009334
Carrie,0.009038
Cora,0.008826
Maude,0.008608
Rose,0.0082
Pearl,0.008073
Lillian,0.008052
Helen,0.007988
Gertrude,0.00765
Edna,0.007587
Edith,0.007551
Julia,0.007481
Jennie,0.007361
Myrtle,0.007227
Mattie,0.007143
Hattie,0.007101
Lillie,0.006896
Eva,0.00684
Louise,0.006734
Jessie,0.006706
Lula,0.006685
Marie,0.006234
Ada,0.006171
Lena,0.006171
Catherine,0.005959
Frances,0.005945
Fannie,0.005516
Josephine,0.005516
Dora,0.005466
Katherine,0.00529
Maggie,0.005044
Lucy,0.005008
Blanche,0.005001
Agnes,0.004896
Elsie,0.004825
Nora,0.00472
Stella,0.004572
Rosa,0.004389
Effie,0.004318
Daisy,0.004276
May,0.004276
Mamie,0.004269
Mae,0.004072
Ellen,0.00391
Lizzie,0.003783
Nettie,0.003776
Nancy,0.003712
Alma,0.003628
Sadie,0.003621
Ruth,0.003571
Della,0.003522
Susie,0.00336
Sallie,0.003219
Flora,0.003135
Maud,0.003022
Addie,0.00286
Lydia,0.002846
Caroline,0.002811
Mollie,0.00279
Lottie,0.002768
Katie,0.002733
Irene,0.002649
Etta,0.00262
Georgia,0.002613
Lulu,0.002536
Olive,0.002458
Emily,0.002437
Viola,0.00243
Harriet,0.002409
Amanda,0.002388
Jane,0.002325
Esther,0.002254
Kathryn,0.002254
Charlotte,0.002233
Willie,0.002198
Beulah,0.002177
Kate,0.002177
Ollie,0.002149
Rebecca,0.002127
Susan,0.002127
Eliza,0.002113
Amelia,0.002099
Virginia,0.002036
Nannie,0.002008
Hazel,0.001979
Ruby,0.001916
Matilda,0.001832
Belle,0.001796
Pauline,0.001789
Estella,0.001733
Mildred,0.001726
Amy,0.001691
Hannah,0.001662
Theresa,0.001634
Leona,0.001627
Iva,0.001613
Henrietta,0.001585
Augusta,0.001571
Eleanor,0.001564
Ora,0.001536
Sara,0.001515
Rachel,0.001493
Josie,0.001486
Ann,0.001465
Anne,0.00143
Marion,0.001395
Mayme,0.001395
Dorothy,0.001381
Barbara,0.001374
Nina,0.00136
Evelyn,0.001353
Lola,0.001345
Beatrice,0.001324
Sophia,0.001303
Estelle,0.001289
Mable,0.001268
Allie,0.00124
Maria,0.001233
Lela,0.001183
Goldie,0.001176
Victoria,0.001148
Eula,0.001113
Callie,0.001106
Alta,0.001092
Betty,0.001092
Delia,0.001092
Janie,0.001092
Celia,0.001078
Essie,0.001078
Millie,0.001071
Nell,0.001064
Inez,0.001057
Rena,0.001043
Rosie,0.001
Ola,9.79e-4
Louisa,9.72e-4
Eunice,9.58e-4
Lou,9.51e-4
Christine,0.00093000000000000005
Birdie,9.23e-4
Luella,9.23e-4
Bettie,8.95e-4
Bertie,8.88e-4
Ina,8.88e-4
Sophie,8.81e-4
Vera,8.73e-4
Leila,8.66e-4
Hilda,8.52e-4
Olga,8.52e-4
Winifred,8.45e-4
Hulda,7.96e-4
Lora,7.96e-4
Sylvia,7.89e-4
Dollie,7.75e-4
Nelle,7.68e-4
Elva,7.61e-4
Verna,7.61e-4
Christina,7.54e-4
Sally,7.54e-4
Hettie,7.47e-4
Rhoda,7.47e-4
Isabelle,7.4e-4
Lois,7.4e-4
Lelia,7.33e-4
Isabel,7.19e-4
Mathilda,7.19e-4
Tillie,7.11e-4
Lucille,7.04e-4
Jean,6.97e-4
Alberta,6.9e-4
Cornelia,6.9e-4
Bess,6.83e-4
Bernice,6.76e-4
Adelaide,6.62e-4
Sue,6.62e-4
Violet,6.48e-4
Gladys,6.41e-4
Loretta,6.41e-4
Frieda,6.34e-4
Abbie,6.2e-4
Lily,6.2e-4
Lura,6.2e-4
Roxie,6.2e-4
Genevieve,6.13e-4
Gertie,6.13e-4
Gussie,6.13e-4
Johanna,6.13e-4
Adeline,6.06e-4
Carolyn,6.06e-4
Helena,6.06e-4
Marguerite,6.06e-4
Fanny,5.99e-4
Hester,5.99e-4
Leah,5.99e-4
Cecelia,5.92e-4
Lucinda,5.92e-4
Myra,5.92e-4
Mina,5.78e-4
Jeannette,5.71e-4
Lilly,5.64e-4
Winnie,5.64e-4
Harriett,5.49e-4
Katharine,5.49e-4
Lucile,5.49e-4
Minerva,5.42e-4
Virgie,5.42e-4
Elma,5.35e-4
Jeanette,5.35e-4
Wilhelmina,5.35e-4
Hallie,5.28e-4
Flossie,5.14e-4
Lenora,5.14e-4
Dessie,5.07e-4
Meta,5.07e-4
Phoebe,5.07e-4
Adele,5e-4
Cecilia,5e-4
Regina,5e-4
Lettie,4.93e-4
Mabelle,4.93e-4
Irma,4.86e-4
Eugenia,4.79e-4
Lida,4.79e-4
Naomi,4.79e-4
Selma,4.79e-4
Blanch,4.72e-4
Claudia,4.72e-4
Freda,4.72e-4
Elsa,4.65e-4
Francis,4.65e-4
Teresa,4.65e-4
Marian,4.51e-4
Mittie,4.44e-4
Lila,4.37e-4
Cassie,4.23e-4
Emilie,4.23e-4
Linda,4.23e-4
Myrtie,4.23e-4
Cynthia,4.16e-4
Marjorie,4.16e-4
Olivia,4.16e-4
Cordelia,4.09e-4
Orpha,4.02e-4
Catharine,3.94e-4
Zella,3.94e-4
Elnora,3.87e-4
Erma,3.87e-4
Linnie,3.87e-4
Madge,3.87e-4
Mandy,3.87e-4
Maudie,3.8e-4
Bonnie,3.73e-4
Elvira,3.73e-4
Leola,3.73e-4
Alvina,3.59e-4
Juanita,3.59e-4
Norma,3.59e-4
Ophelia,3.59e-4
Vivian,3.59e-4
Artie,3.52e-4
Geneva,3.52e-4
Ivy,3.52e-4
Annette,3.45e-4
Claire,3.45e-4
Fay,3.45e-4
Kittie,3.45e-4
Lorena,3.45e-4
Lyda,3.45e-4
Margie,3.45e-4
Rosalie,3.45e-4
Isabella,3.38e-4
Louella,3.38e-4
Zora,3.38e-4
Janet,3.24e-4
Lee,3.24e-4
Bell,3.17e-4
John,3.17e-4
Malinda,3.17e-4
Melissa,3.17e-4
Pearle,3.17e-4
Pearlie,3.17e-4
Roberta,3.17e-4
Dolly,3.1e-4
Fern,3.1e-4
Melvina,3.1e-4
Antoinette,3.03e-4
Dona,3.03e-4
Floy,3.03e-4
Letha,3.03e-4
Lilla,3.03e-4
Lina,3.03e-4
Polly,3.03e-4
Vina,3.03e-4
Eda,2.96e-4
Ila,2.96e-4
Leota,2.96e-4
Miriam,2.96e-4
Dovie,2.89e-4
Madeline,2.89e-4
Rosetta,2.89e-4
Gracie,2.82e-4
Joanna,2.82e-4
Neva,2.82e-4
Edythe,2.75e-4
Isabell,2.75e-4
Margret,2.75e-4
Mertie,2.75e-4
Nola,2.75e-4
Bridget,2.68e-4
Evie,2.68e-4
Georgie,2.68e-4
Golda,2.68e-4
Kathleen,2.68e-4
Lessie,2.68e-4
Nona,2.68e-4
Zula,2.68e-4
Alpha,2.47e-4
Berta,2.47e-4
Corinne,2.47e-4
Frankie,2.47e-4
Anita,2.4e-4
Chloe,2.4e-4
Dorothea,2.4e-4
Hilma,2.4e-4
June,2.4e-4
Lucretia,2.4e-4
Veronica,2.4e-4
Antonia,2.32e-4
Lavina,2.32e-4
Ona,2.32e-4
Pansy,2.32e-4
Sudie,2.32e-4
William,2.32e-4
Adah,2.25e-4
Cecile,2.25e-4
Cleo,2.25e-4
Elisabeth,2.25e-4
Leta,2.25e-4
Lona,2.25e-4
Magdalena,2.25e-4
Phebe,2.25e-4
Priscilla,2.25e-4
Tina,2.25e-4
Velma,2.25e-4
Cecil,2.18e-4
Constance,2.18e-4
Ettie,2.18e-4
Johnnie,2.18e-4
Maybelle,2.18e-4
Nan,2.18e-4
Opal,2.18e-4
Rita,2.18e-4
Belva,2.11e-4
Doris,2.11e-4
Eloise,2.11e-4
Faye,2.11e-4
Lue,2.11e-4
Molly,2.11e-4
Rilla,2.11e-4
Angie,2.04e-4
Audrey,2.04e-4
Clementine,2.04e-4
Emelia,2.04e-4
George,2.04e-4
Rosella,2.04e-4
Helene,1.97e-4
Inga,1.97e-4
Jimmie,1.97e-4
Lennie,1.97e-4
Mazie,1.97e-4
Retta,1.97e-4
Una,1.97e-4
Vinnie,1.97e-4
Angeline,1.9e-4
Annabelle,1.9e-4
Clare,1.9e-4
Dena,1.9e-4
Leonora,1.9e-4
Marcella,1.9e-4
Oma,1.9e-4
Susanna,1.9e-4
Tennie,1.9e-4
Vesta,1.9e-4
Zoe,1.9e-4
Adella,1.83e-4
Donna,1.83e-4
Ernestine,1.83e-4
James,1.83e-4
Mariah,1.83e-4
Muriel,1.83e-4
Savannah,1.83e-4
Tena,1.83e-4
Aline,1.76e-4
Bella,1.76e-4
Clyde,1.76e-4
Eddie,1.76e-4
Elise,1.76e-4
Ellie,1.76e-4
Harriette,1.76e-4
Kathrine,1.76e-4
Lenna,1.76e-4
Lovie,1.76e-4
Malissa,1.76e-4
Meda,1.76e-4
Ray,1.76e-4
Vida,1.76e-4
Willa,1.76e-4
Albina,1.69e-4
Avis,1.69e-4
Carmen,1.69e-4
Charles,1.69e-4
Dixie,1.69e-4
Georgiana,1.69e-4
Georgianna,1.69e-4
Jannie,1.69e-4
Missouri,1.69e-4
Octavia,1.69e-4
Adelia,1.62e-4
Besse,1.62e-4
Christena,1.62e-4
Emmer,1.62e-4
Iona,1.62e-4
Lucia,1.62e-4
Marcia,1.62e-4
Wilma,1.62e-4
Adda,1.55e-4
Connie,1.55e-4
Corrie,1.55e-4
Donie,1.55e-4
Elizebeth,1.55e-4
Glenna,1.55e-4
Lavinia,1.55e-4
Lenore,1.55e-4
Lilian,1.55e-4
Reba,1.55e-4
Tommie,1.55e-4
Vernie,1.55e-4
Winnifred,1.55e-4
Charity,1.48e-4
Donnie,1.48e-4
Era,1.48e-4
Leora,1.48e-4
Mallie,1.48e-4
Manda,1.48e-4
Mellie,1.48e-4
Patsy,1.48e-4
Rosanna,1.48e-4
Vada,1.48e-4
Vallie,1.48e-4
Annetta,1.41e-4
Cordie,1.41e-4
Florida,1.41e-4
Hope,1.41e-4
Hortense,1.41e-4
Iola,1.41e-4
Ione,1.41e-4
Lotta,1.41e-4
Ludie,1.41e-4
Luvenia,1.41e-4
Magdalene,1.41e-4
Minna,1.41e-4
Pattie,1.41e-4
Rowena,1.41e-4
Adaline,1.34e-4
Agatha,1.34e-4
Amalia,1.34e-4
Clarice,1.34e-4
Easter,1.34e-4
Eleanora,1.34e-4
Eugenie,1.34e-4
Geraldine,1.34e-4
Henry,1.34e-4
Julie,1.34e-4
Liza,1.34e-4
Louie,1.34e-4
Myrta,1.34e-4
Pinkie,1.34e-4
Tessie,1.34e-4
Ursula,1.34e-4
America,1.27e-4
Angela,1.27e-4
Angelina,1.27e-4
Ava,1.27e-4
Carolina,1.27e-4
Cathrine,1.27e-4
Clora,1.27e-4
Corine,1.27e-4
Elinor,1.27e-4
Frank,1.27e-4
Idella,1.27e-4
Kitty,1.27e-4
Lelah,1.27e-4
Letitia,1.27e-4
Libbie,1.27e-4
Marietta,1.27e-4
Mathilde,1.27e-4
Sena,1.27e-4
Theodora,1.27e-4
Zelma,1.27e-4
Aimee,1.2e-4
Almeda,1.2e-4
Alva,1.2e-4
Ara,1.2e-4
Aurelia,1.2e-4
Camille,1.2e-4
Docia,1.2e-4
Elda,1.2e-4
Gail,1.2e-4
Jenny,1.2e-4
Mahala,1.2e-4
Mame,1.2e-4
Maybell,1.2e-4
Mona,1.2e-4
Natalie,1.2e-4
Odessa,1.2e-4
Queen,1.2e-4
Rae,1.2e-4
Samantha,1.2e-4
Tilda,1.2e-4
Veda,1.2e-4
Verda,1.2e-4
Alida,1.13e-4
Altha,1.13e-4
Celeste,1.13e-4
Celina,1.13e-4
Delphia,1.13e-4
Ethyl,1.13e-4
Evalyn,1.13e-4
Lea,1.13e-4
Maye,1.13e-4
Merle,1.13e-4
Mintie,1.13e-4
Onie,1.13e-4
Paula,1.13e-4
Shirley,1.13e-4
Sophronia,1.13e-4
Alda,1.06e-4
Anastasia,1.06e-4
Camilla,1.06e-4
Elmira,1.06e-4
Erna,1.06e-4
Ethelyn,1.06e-4
Iris,1.06e-4
Jesse,1.06e-4
Lonnie,1.06e-4
Louvenia,1.06e-4
Luna,1.06e-4
Neta,1.06e-4
Norah,1.06e-4
Ottilie,1.06e-4
Petra,1.06e-4
Selena,1.06e-4
Tressa,1.06e-4
Vella,1.06e-4
Vena,1.06e-4
Althea,9.9e-5
Amie,9.9e-5
Arrie,9.9e-5
Bennie,9.9e-5
Bulah,9.9e-5
Cordia,9.9e-5
Dicie,9.9e-5
Effa,9.9e-5
Emilia,9.9e-5
Esta,9.9e-5
Estell,9.9e-5
Etha,9.9e-5
Hanna,9.9e-5
India,9.9e-5
Ira,9.9e-5
Isa,9.9e-5
Johnie,9.9e-5
Joseph,9.9e-5
Judith,9.9e-5
Lonie,9.9e-5
Lutie,9.9e-5
Margaretta,9.9e-5
Matie,9.9e-5
Maymie,9.9e-5
Mettie,9.9e-5
Minta,9.9e-5
Paralee,9.9e-5
Philomena,9.9e-5
Prudence,9.9e-5
Viva,9.9e-5
Winona,9.9e-5
Zona,9.9e-5
Adela,9.2e-5
Adline,9.2e-5
Almira,9.2e-5
Arie,9.2e-5
Betsy,9.2e-5
Clotilde,9.2e-5
Diana,9.2e-5
Edyth,9.2e-5
Emmie,9.2e-5
Jeanne,9.2e-5
Kathryne,9.2e-5
Lauretta,9.2e-5
Lucie,9.2e-5
Philomene,9.2e-5
Pollie,9.2e-5
Serena,9.2e-5
Tempie,9.2e-5
Therese,9.2e-5
Tressie,9.2e-5
Valeria,9.2e-5
Zetta,9.2e-5
Beryl,8.5e-5
Birtie,8.5e-5
Cara,8.5e-5
Claudie,8.5e-5
Clemmie,8.5e-5
Corda,8.5e-5
Delilah,8.5e-5
Dinah,8.5e-5
Eleanore,8.5e-5
Exie,8.5e-5
Frona,8.5e-5
Genie,8.5e-5
Icie,8.5e-5
Joe,8.5e-5
Katheryn,8.5e-5
Kattie,8.5e-5
Leone,8.5e-5
Loula,8.5e-5
Lular,8.5e-5
Malissie,8.5e-5
Manie,8.5e-5
Metta,8.5e-5
Nanie,8.5e-5
Nova,8.5e-5
Rosina,8.5e-5
Tracy,8.5e-5
Verdie,8.5e-5
Wanda,8.5e-5
Zola,8.5e-5
Adell,7.7e-5
Arabella,7.7e-5
Bina,7.7e-5
Carol,7.7e-5
Clarissa,7.7e-5
Coral,7.7e-5
Delila,7.7e-5
Dellar,7.7e-5
Dolores,7.7e-5
Drucilla,7.7e-5
Eldora,7.7e-5
Ester,7.7e-5
Gena,7.7e-5
Guadalupe,7.7e-5
Harry,7.7e-5
Hedwig,7.7e-5
Huldah,7.7e-5
Jennette,7.7e-5
Jo,7.7e-5
Josefa,7.7e-5
Juana,7.7e-5
Leo,7.7e-5
Liddie,7.7e-5
Mima,7.7e-5
Myrna,7.7e-5
Nonie,7.7e-5
Ocie,7.7e-5
Ottie,7.7e-5
Ottilia,7.7e-5
Patience,7.7e-5
Peggy,7.7e-5
Phyllis,7.7e-5
Queenie,7.7e-5
Rhea,7.7e-5
Robert,7.7e-5
Selina,7.7e-5
Theo,7.7e-5
Albertha,7e-5
Albertine,7e-5
Annabel,7e-5
Arizona,7e-5
Arthur,7e-5
Cherry,7e-5
Deborah,7e-5
Dottie,7e-5
Edwina,7e-5
Elenora,7e-5
Emeline,7e-5
Etna,7e-5
Eve,7e-5
Faith,7e-5
Gina,7e-5
Hetty,7e-5
Ivah,7e-5
Izora,7e-5
Jemima,7e-5
Jettie,7e-5
Karen,7e-5
Lavenia,7e-5
Leatha,7e-5
Leonie,7e-5
Leslie,7e-5
Libby,7e-5
Lissie,7e-5
Loretto,7e-5
Lovina,7e-5
Madie,7e-5
Medora,7e-5
Melinda,7e-5
Mignon,7e-5
Monica,7e-5
Nella,7e-5
Oda,7e-5
Osie,7e-5
Rella,7e-5
Rossie,7e-5
Roxy,7e-5
Sabina,7e-5
Sabra,7e-5
Sidney,7e-5
Sybil,7e-5
Tennessee,7e-5
Theodosia,7e-5
Theresia,7e-5
Ula,7e-5
Valentine,7e-5
Wilda,7e-5
Abigail,6.3e-5
Aggie,6.3e-5
Annabell,6.3e-5
Arvilla,6.3e-5
Bernadine,6.3e-5
Beth,6.3e-5
Bobbie,6.3e-5
Cathryn,6.3e-5
Charlie,6.3e-5
Christie,6.3e-5
Dessa,6.3e-5
Electa,6.3e-5
Elmer,6.3e-5
Elvina,6.3e-5
Eulalie,6.3e-5
Evaline,6.3e-5
Evangeline,6.3e-5
Florine,6.3e-5
Freida,6.3e-5
Georgina,6.3e-5
Glenn,6.3e-5
Golden,6.3e-5
Gusta,6.3e-5
Hildur,6.3e-5
Imo,6.3e-5
Jewel,6.3e-5
Jewell,6.3e-5
Joan,6.3e-5
Jossie,6.3e-5
Joy,6.3e-5
Juliet,6.3e-5
Juliette,6.3e-5
Kizzie,6.3e-5
Leanna,6.3e-5
Letta,6.3e-5
Manuela,6.3e-5
Millicent,6.3e-5
Missie,6.3e-5
Nealie,6.3e-5
Nelly,6.3e-5
Pennie,6.3e-5
Ragna,6.3e-5
Rosalee,6.3e-5
Santos,6.3e-5
Thea,6.3e-5
Thomas,6.3e-5
Thora,6.3e-5
Vinie,6.3e-5
Aletha,5.6e-5
Alicia,5.6e-5
Calla,5.6e-5
Classie,5.6e-5
Cleora,5.6e-5
Cleva,5.6e-5
Clevie,5.6e-5
Courtney,5.6e-5
Dagmar,5.6e-5
Dee,5.6e-5
Doshie,5.6e-5
Edmonia,5.6e-5
Eleonora,5.6e-5
Elisa,5.6e-5
Elvie,5.6e-5
Emmaline,5.6e-5
Emmy,5.6e-5
Eudora,5.6e-5
Fairy,5.6e-5
Francisca,5.6e-5
Fred,5.6e-5
Fronia,5.6e-5
Garnet,5.6e-5
Grayce,5.6e-5
Hassie,5.6e-5
Helma,5.6e-5
Hildegarde,5.6e-5
Jeannie,5.6e-5
Leonore,5.6e-5
Lillia,5.6e-5
Lollie,5.6e-5
Love,5.6e-5
Luetta,5.6e-5
Macie,5.6e-5
Madeleine,5.6e-5
Malvina,5.6e-5
Margery,5.6e-5
Media,5.6e-5
Norine,5.6e-5
Novella,5.6e-5
Octa,5.6e-5
Rachael,5.6e-5
Rosia,5.6e-5
Sarrah,5.6e-5
Vertie,5.6e-5
Victorine,5.6e-5
Wilhelmine,5.6e-5
Zaida,5.6e-5
Zilpha,5.6e-5
Adelina,4.9e-5
Albertina,4.9e-5
Almedia,4.9e-5
Alphonsine,4.9e-5
Ama,4.9e-5
Anabel,4.9e-5
Annis,4.9e-5
Arlie,4.9e-5
Aurilla,4.9e-5
Berenice,4.9e-5
Bernadette,4.9e-5
Beula,4.9e-5
Buena,4.9e-5
Byrdie,4.9e-5
Claribel,4.9e-5
Claude,4.9e-5
Daisie,4.9e-5
Dorcas,4.9e-5
Dosha,4.9e-5
Elena,4.9e-5
Elfrieda,4.9e-5
Elna,4.9e-5
Elta,4.9e-5
Emelie,4.9e-5
Euna,4.9e-5
Eveline,4.9e-5
Florrie,4.9e-5
Hellen,4.9e-5
Hermina,4.9e-5
Honora,4.9e-5
Imogene,4.9e-5
Irena,4.9e-5
Janette,4.9e-5
Jessica,4.9e-5
Joyce,4.9e-5
Katharina,4.9e-5
Katy,4.9e-5
Lacy,4.9e-5
Laverne,4.9e-5
Lella,4.9e-5
Lera,4.9e-5
Lillis,4.9e-5
Lisette,4.9e-5
Litha,4.9e-5
Lugenia,4.9e-5
Mabell,4.9e-5
Macy,4.9e-5
Maebelle,4.9e-5
Magdalen,4.9e-5
Margarette,4.9e-5
Margarita,4.9e-5
Margrett,4.9e-5
Marinda,4.9e-5
Martina,4.9e-5
Maryann,4.9e-5
Melina,4.9e-5
Mirtie,4.9e-5
Montie,4.9e-5
Odie,4.9e-5
Odile,4.9e-5
Omie,4.9e-5
Parlee,4.9e-5
Pheobe,4.9e-5
Rennie,4.9e-5
Rettie,4.9e-5
Rinda,4.9e-5
Roma,4.9e-5
Rosamond,4.9e-5
Roseanna,4.9e-5
Rosena,4.9e-5
Ruthie,4.9e-5
Sadye,4.9e-5
Sula,4.9e-5
Susannah,4.9e-5
Tinie,4.9e-5
Trudie,4.9e-5
Walter,4.9e-5
Yetta,4.9e-5
Zada,4.9e-5
Zadie,4.9e-5
Agness,4.2e-5
Albert,4.2e-5
Alvira,4.2e-5
Alyce,4.2e-5
Ana,4.2e-5
Andrea,4.2e-5
Ardella,4.2e-5
Arminta,4.2e-5
Arra,4.2e-5
Atha,4.2e-5
Avie,4.2e-5
Bama,4.2e-5
Berdie,4.2e-5
Biddie,4.2e-5
Bula,4.2e-5
Cammie,4.2e-5
Capitola,4.2e-5
Carra,4.2e-5
Celestine,4.2e-5
Channie,4.2e-5
Cinda,4.2e-5
Clella,4.2e-5
Cornie,4.2e-5
Corrine,4.2e-5
Crystal,4.2e-5
Dana,4.2e-5
Delpha,4.2e-5
Delta,4.2e-5
Dillie,4.2e-5
Dina,4.2e-5
Donia,4.2e-5
Dorotha,4.2e-5
Dorthy,4.2e-5
Dosia,4.2e-5
Dossie,4.2e-5
Dulcie,4.2e-5
Eileen,4.2e-5
Emaline,4.2e-5
Enid,4.2e-5
Enola,4.2e-5
Erie,4.2e-5
Essa,4.2e-5
Etter,4.2e-5
Eulah,4.2e-5
Euphemia,4.2e-5
Eura,4.2e-5
Evelena,4.2e-5
Ferne,4.2e-5
Florance,4.2e-5
Genoveva,4.2e-5
Goldia,4.2e-5
Greta,4.2e-5
Grover,4.2e-5
Helga,4.2e-5
Hermine,4.2e-5
Ica,4.2e-5
Icy,4.2e-5
Ilma,4.2e-5
Ines,4.2e-5
Jeanie,4.2e-5
Johannah,4.2e-5
Judy,4.2e-5
Justine,4.2e-5
Katharyn,4.2e-5
Kathern,4.2e-5
Kay,4.2e-5
Lala,4.2e-5
Lalla,4.2e-5
Lana,4.2e-5
Lanie,4.2e-5
Leda,4.2e-5
Leonor,4.2e-5
Lilie,4.2e-5
Liller,4.2e-5
Lockie,4.2e-5
Lolla,4.2e-5
Lorna,4.2e-5
Lota,4.2e-5
Luisa,4.2e-5
