name,percent
Mary,0.064334
Anna,0.027858
Emma,0.017978
Elizabeth,0.017431
Minnie,0.015428
Margaret,0.014797
Ida,0.013327
Bertha,0.013015
Clara,0.012462
Florence,0.012098
Alice,0.011779
Bessie,0.011649
Annie,0.01148
Grace,0.011207
Ethel,0.011051
Sarah,0.010205
Nellie,0.009704
Martha,0.009698
Ella,0.009522
Mabel,0.009249
Carrie,0.00908
Laura,0.008924
Edna,0.008547
Lillian,0.008338
Helen,0.008241
Rose,0.008202
Gertrude,0.00813
Cora,0.008007
Pearl,0.007831
Maude,0.007734
Edith,0.007701
Eva,0.007512
Hattie,0.007408
Jennie,0.007155
Myrtle,0.007116
Julia,0.006901
Louise,0.006901
Frances,0.006888
Mattie,0.00679
Lula,0.006764
Jessie,0.006524
Lillie,0.006472
Lena,0.006452
Marie,0.006426
Catherine,0.005958
Ada,0.005951
Josephine,0.00549
Fannie,0.005444
Dora,0.005379
Lucy,0.005314
Blanche,0.005119
Agnes,0.005067
Maggie,0.004917
Katherine,0.004839
Mamie,0.004631
Nora,0.004605
Stella,0.004566
Elsie,0.00454
Rosa,0.004377
Effie,0.004371
Mae,0.004169
Alma,0.003922
Daisy,0.003916
May,0.003916
Nettie,0.003844
Ruth,0.003779
Della,0.003675
Sadie,0.003655
Susie,0.003636
Ellen,0.003584
Lizzie,0.00333
Nancy,0.0032
Sallie,0.003187
Maud,0.003109
Lottie,0.002927
Flora,0.002881
Viola,0.002862
Irene,0.002842
Etta,0.002816
Katie,0.002803
Hazel,0.00279
Mollie,0.002738
Addie,0.002712
Olive,0.002628
Esther,0.002576
Georgia,0.002569
Lydia,0.00255
Willie,0.002524
Kathryn,0.002491
Lulu,0.002446
Amanda,0.002407
Caroline,0.002407
Emily,0.0024
Charlotte,0.002394
Rebecca,0.002316
Virginia,0.002296
Nannie,0.002257
Beulah,0.002244
Harriet,0.002218
Kate,0.002179
Amelia,0.00212
Susan,0.002101
Ollie,0.002068
Matilda,0.00201
Jane,0.00199
Ruby,0.001958
Mildred,0.001886
Henrietta,0.001873
Eliza,0.001867
Ora,0.001867
Pauline,0.001795
Theresa,0.001795
Marion,0.001776
Eleanor,0.001763
Belle,0.001756
Hannah,0.001652
Sara,0.001607
Estella,0.0016
Nina,0.001548
Augusta,0.001542
Iva,0.001542
Dorothy,0.001502
Lela,0.001496
Ann,0.001489
Amy,0.001476
Leona,0.001476
Mayme,0.001424
Sophia,0.001418
Estelle,0.001405
Rachel,0.001392
Josie,0.001379
Anne,0.001372
Barbara,0.001346
Goldie,0.001327
Evelyn,0.00132
Inez,0.001281
Beatrice,0.001249
Lola,0.001242
Mable,0.001216
Ola,0.00121
Eula,0.001177
Maria,0.001164
Allie,0.001158
Nell,0.001138
Millie,0.001106
Delia,0.001099
Betty,0.001086
Vera,0.001086
Essie,0.00106
Victoria,0.001054
Alta,0.001034
Sophie,0.001015
Callie,0.001008
Bertie,9.82e-4
Christine,9.82e-4
Olga,9.82e-4
Ina,9.69e-4
Janie,9.69e-4
Celia,9.56e-4
Winifred,9.5e-4
Hilda,0.00093000000000000005
Tillie,0.00093000000000000005
Eunice,9.24e-4
Bettie,9.17e-4
Loretta,9.17e-4
Lucille,9.04e-4
Sylvia,8.91e-4
Dollie,8.85e-4
Genevieve,8.85e-4
Isabelle,8.85e-4
Louisa,8.85e-4
Luella,8.85e-4
Bernice,8.78e-4
Verna,8.72e-4
Rosie,8.65e-4
Gladys,8.52e-4
Isabel,8.52e-4
Lou,8.39e-4
Winnie,8.39e-4
Bess,8.33e-4
Marguerite,8.13e-4
Jean,8.07e-4
Birdie,8e-4
Mathilda,7.81e-4
Rena,7.74e-4
Cornelia,7.61e-4
Lois,7.54e-4
Leila,7.48e-4
Rhoda,7.41e-4
Elva,7.15e-4
Lora,7.09e-4
Flossie,6.83e-4
Johanna,6.83e-4
Sally,6.76e-4
Violet,6.7e-4
Lelia,6.63e-4
Virgie,6.44e-4
Alberta,6.37e-4
Christina,6.37e-4
Nelle,6.37e-4
Cecelia,6.24e-4
Myra,6.24e-4
Sue,6.24e-4
Adelaide,6.11e-4
Harriett,5.98e-4
Roxie,5.98e-4
Frieda,5.92e-4
Hettie,5.92e-4
Selma,5.92e-4
Katharine,5.85e-4
Lucinda,5.85e-4
Gussie,5.79e-4
Lettie,5.59e-4
Adeline,5.53e-4
Hulda,5.53e-4
Lilly,5.53e-4
Abbie,5.46e-4
Teresa,5.46e-4
Jeanette,5.4e-4
Leah,5.4e-4
Marjorie,5.4e-4
Carolyn,5.33e-4
Elma,5.33e-4
Fanny,5.27e-4
Francis,5.27e-4
Gertie,5.27e-4
Irma,5.27e-4
Hallie,5.2e-4
Isabella,5.2e-4
Mina,5.2e-4
Phoebe,5.2e-4
Adele,5.14e-4
Lura,5.01e-4
Meta,5.01e-4
Myrtie,5.01e-4
Hester,4.94e-4
Jeannette,4.88e-4
Lenora,4.88e-4
Lily,4.88e-4
Linnie,4.81e-4
Norma,4.68e-4
Olivia,4.68e-4
Roberta,4.68e-4
Zella,4.68e-4
Eugenia,4.62e-4
Geneva,4.62e-4
Lucile,4.62e-4
Helena,4.49e-4
Lila,4.49e-4
Mandy,4.49e-4
Regina,4.49e-4
Cecilia,4.42e-4
Lorena,4.36e-4
Mittie,4.36e-4
Freda,4.29e-4
Louella,4.29e-4
Madge,4.29e-4
Wilhelmina,4.29e-4
Minerva,4.23e-4
Cordelia,4.16e-4
Erma,4.16e-4
Lida,4.16e-4
Blanch,4.1e-4
Lessie,4.1e-4
Claire,3.97e-4
Emilie,3.97e-4
Ivy,3.97e-4
Rosetta,3.97e-4
Ophelia,3.9e-4
Claudia,3.84e-4
Elsa,3.84e-4
Elvira,3.84e-4
Mabelle,3.84e-4
Melissa,3.77e-4
Polly,3.77e-4
Frankie,3.71e-4
Cynthia,3.64e-4
Janet,3.64e-4
Miriam,3.64e-4
Marian,3.58e-4
Naomi,3.58e-4
Pearle,3.58e-4
Dolly,3.51e-4
Malinda,3.45e-4
Dessie,3.38e-4
Juanita,3.38e-4
Lilla,3.38e-4
Zora,3.38e-4
Nola,3.32e-4
Artie,3.25e-4
Catharine,3.25e-4
Dovie,3.25e-4
Letha,3.25e-4
Leola,3.19e-4
Linda,3.19e-4
Margie,3.19e-4
Neva,3.19e-4
Rosalie,3.19e-4
Vivian,3.19e-4
John,3.12e-4
Johnnie,3.12e-4
Antoinette,3.06e-4
Maudie,3.06e-4
Orpha,3.06e-4
Vesta,3.06e-4
Alvina,2.99e-4
Bell,2.99e-4
Edythe,2.99e-4
Evie,2.99e-4
Lue,2.99e-4
Elnora,2.93e-4
Georgie,2.93e-4
Ila,2.93e-4
Madeline,2.93e-4
Nona,2.93e-4
Ona,2.93e-4
Sudie,2.93e-4
Bridget,2.8e-4
Cecile,2.8e-4
Elisabeth,2.8e-4
Kathleen,2.8e-4
Lina,2.8e-4
Pansy,2.8e-4
Vida,2.8e-4
Zula,2.8e-4
Angie,2.73e-4
Cassie,2.73e-4
Cleo,2.73e-4
Gracie,2.73e-4
Pearlie,2.73e-4
Priscilla,2.73e-4
Adah,2.67e-4
Floy,2.67e-4
Isabell,2.67e-4
Jannie,2.67e-4
Susanna,2.67e-4
Vina,2.67e-4
Anita,2.6e-4
Annette,2.6e-4
Bonnie,2.6e-4
Magdalena,2.6e-4
Leota,2.54e-4
Lona,2.54e-4
Nan,2.54e-4
Oma,2.54e-4
Alpha,2.47e-4
Charity,2.47e-4
Eloise,2.47e-4
George,2.47e-4
Kittie,2.47e-4
Tennie,2.47e-4
Eda,2.41e-4
Fay,2.41e-4
Lee,2.41e-4
Vada,2.41e-4
Constance,2.34e-4
Faye,2.34e-4
Fern,2.34e-4
Jimmie,2.34e-4
Dorothea,2.28e-4
Joanna,2.28e-4
Lavinia,2.28e-4
Lyda,2.28e-4
William,2.28e-4
Cecil,2.21e-4
Chloe,2.21e-4
Ellie,2.21e-4
Georgiana,2.21e-4
Mertie,2.21e-4
Rae,2.21e-4
Corinne,2.15e-4
Helene,2.15e-4
June,2.15e-4
Leora,2.15e-4
Lucia,2.15e-4
Maybelle,2.15e-4
Velma,2.15e-4
Dena,2.08e-4
Elise,2.08e-4
Georgianna,2.08e-4
Golda,2.08e-4
Lucretia,2.08e-4
Queen,2.08e-4
Savannah,2.08e-4
Tina,2.08e-4
Zelma,2.08e-4
Antonia,2.02e-4
Dona,2.02e-4
Kitty,2.02e-4
Mazie,2.02e-4
Mona,2.02e-4
Rilla,2.02e-4
Vinnie,2.02e-4
Willa,2.02e-4
Berta,1.95e-4
Eddie,1.95e-4
Mellie,1.95e-4
Missouri,1.95e-4
Octavia,1.95e-4
Almeda,1.89e-4
Aurelia,1.89e-4
Donna,1.89e-4
James,1.89e-4
Molly,1.89e-4
Tena,1.89e-4
Adelia,1.82e-4
Doris,1.82e-4
Emmie,1.82e-4
Ettie,1.82e-4
Lavina,1.82e-4
Opal,1.82e-4
Reba,1.82e-4
Retta,1.82e-4
Rita,1.82e-4
Tilda,1.82e-4
Albina,1.76e-4
Angeline,1.76e-4
Ava,1.76e-4
Clementine,1.76e-4
Ernestine,1.76e-4
Hanna,1.76e-4
Hilma,1.76e-4
Liza,1.76e-4
Audrey,1.69e-4
Christena,1.69e-4
Clare,1.69e-4
Lovie,1.69e-4
Luvenia,1.69e-4
Una,1.69e-4
Veronica,1.69e-4
Wilma,1.69e-4
Carolina,1.63e-4
Geraldine,1.63e-4
Letitia,1.63e-4
Margret,1.63e-4
Muriel,1.63e-4
Pinkie,1.63e-4
Zoe,1.63e-4
Angela,1.56e-4
Cordie,1.56e-4
Corine,1.56e-4
Juliet,1.56e-4
Kathrine,1.56e-4
Leta,1.56e-4
Lilian,1.56e-4
Mariah,1.56e-4
Marietta,1.56e-4
Ocie,1.56e-4
Tessie,1.56e-4
Tommie,1.56e-4
Agatha,1.5e-4
Alda,1.5e-4
Altha,1.5e-4
Anastasia,1.5e-4
Belva,1.5e-4
Esta,1.5e-4
Julie,1.5e-4
Melvina,1.5e-4
Alida,1.43e-4
Bella,1.43e-4
Bennie,1.43e-4
Charles,1.43e-4
Claudie,1.43e-4
Dixie,1.43e-4
Donie,1.43e-4
Elizebeth,1.43e-4
Frank,1.43e-4
Harriette,1.43e-4
Ira,1.43e-4
Jeanne,1.43e-4
Leonora,1.43e-4
Libbie,1.43e-4
Lucie,1.43e-4
Rosella,1.43e-4
Vernie,1.43e-4
Alva,1.37e-4
Annabelle,1.37e-4
Avis,1.37e-4
Clemmie,1.37e-4
Clyde,1.37e-4
Connie,1.37e-4
Emeline,1.37e-4
Inga,1.37e-4
Iola,1.37e-4
Jettie,1.37e-4
Lutie,1.37e-4
Malissa,1.37e-4
Mathilde,1.37e-4
Paula,1.37e-4
Ray,1.37e-4
Adda,1.3e-4
Arrie,1.3e-4
Besse,1.3e-4
Betsy,1.3e-4
Camille,1.3e-4
Jewel,1.3e-4
Lauretta,1.3e-4
Lenna,1.3e-4
Lenore,1.3e-4
Lotta,1.3e-4
Ludie,1.3e-4
Luna,1.3e-4
Meda,1.3e-4
Patsy,1.3e-4
Pattie,1.3e-4
Phyllis,1.3e-4
Zona,1.3e-4
Adaline,1.24e-4
Althea,1.24e-4
Clarice,1.24e-4
Elenora,1.24e-4
Emelia,1.24e-4
Era,1.24e-4
Ethelyn,1.24e-4
Eugenie,1.24e-4
Lular,1.24e-4
Malvina,1.24e-4
Manda,1.24e-4
Marcia,1.24e-4
Maye,1.24e-4
Melinda,1.24e-4
Odessa,1.24e-4
Petra,1.24e-4
Phebe,1.24e-4
Prudence,1.24e-4
Tressie,1.24e-4
Ursula,1.24e-4
Aline,1.17e-4
Celeste,1.17e-4
Elmira,1.17e-4
Erna,1.17e-4
Iona,1.17e-4
Ione,1.17e-4
Marcella,1.17e-4
Minna,1.17e-4
Rowena,1.17e-4
Vallie,1.17e-4
Verda,1.17e-4
Winnifred,1.17e-4
Aimee,1.11e-4
Ara,1.11e-4
Beth,1.11e-4
Cathrine,1.11e-4
Emmer,1.11e-4
Idella,1.11e-4
Isa,1.11e-4
Leonie,1.11e-4
Lonie,1.11e-4
Loula,1.11e-4
Magdalene,1.11e-4
Margery,1.11e-4
Myrta,1.11e-4
Rosina,1.11e-4
Sophronia,1.11e-4
Zetta,1.11e-4
Beryl,1.04e-4
Carmen,1.04e-4
Clora,1.04e-4
Elinor,1.04e-4
Ester,1.04e-4
Faith,1.04e-4
Jenny,1.04e-4
Joan,1.04e-4
Kathryne,1.04e-4
Margarita,1.04e-4
Natalie,1.04e-4
Onie,1.04e-4
Robert,1.04e-4
Sena,1.04e-4
Shirley,1.04e-4
Vergie,1.04e-4
Abigail,9.8e-5
Annabel,9.8e-5
Clarissa,9.8e-5
Corrie,9.8e-5
Delilah,9.8e-5
Docia,9.8e-5
Easter,9.8e-5
Eileen,9.8e-5
Emelie,9.8e-5
Emilia,9.8e-5
Etha,9.8e-5
Etna,9.8e-5
Glenna,9.8e-5
Harry,9.8e-5
Hope,9.8e-5
Hortense,9.8e-5
India,9.8e-5
Jewell,9.8e-5
Joe,9.8e-5
Katheryn,9.8e-5
Lelah,9.8e-5
Lonnie,9.8e-5
Louie,9.8e-5
Magnolia,9.8e-5
Mettie,9.8e-5
Minta,9.8e-5
Peggy,9.8e-5
Philomena,9.8e-5
Rosanna,9.8e-5
Rossie,9.8e-5
Serena,9.8e-5
Theo,9.8e-5
Therese,9.8e-5
Verdie,9.8e-5
America,9.1e-5
Ammie,9.1e-5
Attie,9.1e-5
Camilla,9.1e-5
Delphia,9.1e-5
Donnie,9.1e-5
Drusilla,9.1e-5
Edmonia,9.1e-5
Eleanora,9.1e-5
Eulalia,9.1e-5
Felicia,9.1e-5
Fronia,9.1e-5
Genie,9.1e-5
Helga,9.1e-5
Henry,9.1e-5
Jo,9.1e-5
Judith,9.1e-5
Leanna,9.1e-5
Leda,9.1e-5
Madie,9.1e-5
Manie,9.1e-5
Merle,9.1e-5
Narcissus,9.1e-5
Osie,9.1e-5
Rachael,9.1e-5
Viva,9.1e-5
Wilda,9.1e-5
Angelina,8.5e-5
Annetta,8.5e-5
Annis,8.5e-5
Arie,8.5e-5
Arminda,8.5e-5
Carol,8.5e-5
Celestia,8.5e-5
Coral,8.5e-5
Dee,8.5e-5
Diana,8.5e-5
Fronie,8.5e-5
Gena,8.5e-5
Golden,8.5e-5
Kizzie,8.5e-5
Mahala,8.5e-5
Mallie,8.5e-5
Metta,8.5e-5
Mintie,8.5e-5
Parthenia,8.5e-5
Queenie,8.5e-5
Rhea,8.5e-5
Samantha,8.5e-5
Sibyl,8.5e-5
Zoa,8.5e-5
Adella,7.8e-5
Aletha,7.8e-5
Almira,7.8e-5
Alverta,7.8e-5
Amalia,7.8e-5
Bernadine,7.8e-5
Birtie,7.8e-5
Calla,7.8e-5
Celina,7.8e-5
Dottie,7.8e-5
Drucilla,7.8e-5
Electa,7.8e-5
Elisa,7.8e-5
Ethyl,7.8e-5
Evalyn,7.8e-5
Fairy,7.8e-5
Gail,7.8e-5
Georgina,7.8e-5
Hassie,7.8e-5
Hedwig,7.8e-5
Hellen,7.8e-5
Imogene,7.8e-5
Iris,7.8e-5
Juana,7.8e-5
Lennie,7.8e-5
Leone,7.8e-5
Louvenia,7.8e-5
Mame,7.8e-5
Margarette,7.8e-5
Norah,7.8e-5
Roma,7.8e-5
Sina,7.8e-5
Thelma,7.8e-5
Vertie,7.8e-5
Wanda,7.8e-5
Zada,7.8e-5
Zettie,7.8e-5
Adline,7.2e-5
Alicia,7.2e-5
Bulah,7.2e-5
Charlie,7.2e-5
Corda,7.2e-5
Dell,7.2e-5
Delpha,7.2e-5
Delphine,7.2e-5
Dolores,7.2e-5
Edward,7.2e-5
Edyth,7.2e-5
Elda,7.2e-5
Elena,7.2e-5
Eulah,7.2e-5
Eulalie,7.2e-5
Frona,7.2e-5
Gretchen,7.2e-5
Huldah,7.2e-5
Jessica,7.2e-5
Leatha,7.2e-5
Lelar,7.2e-5
Letta,7.2e-5
Liddie,7.2e-5
Loraine,7.2e-5
Madeleine,7.2e-5
Millicent,7.2e-5
Mossie,7.2e-5
Nella,7.2e-5
Omie,7.2e-5
Osa,7.2e-5
Ottie,7.2e-5
Ottilia,7.2e-5
Rosemary,7.2e-5
Sabina,7.2e-5
Theodosia,7.2e-5
Valeria,7.2e-5
Walter,7.2e-5
Alyce,6.5e-5
Amie,6.5e-5
Ana,6.5e-5
Annabell,6.5e-5
Ardella,6.5e-5
Bernadette,6.5e-5
Birtha,6.5e-5
Claude,6.5e-5
Debbie,6.5e-5
Deborah,6.5e-5
Dessa,6.5e-5
Doshia,6.5e-5
Elta,6.5e-5
Elvina,6.5e-5
Estell,6.5e-5
Evangeline,6.5e-5
Ferne,6.5e-5
Florida,6.5e-5
Glennie,6.5e-5
Jeanie,6.5e-5
Jossie,6.5e-5
Juliette,6.5e-5
Leontine,6.5e-5
Lulie,6.5e-5
Manuelita,6.5e-5
Maybell,6.5e-5
Maymie,6.5e-5
Mercedes,6.5e-5
Monica,6.5e-5
Nealie,6.5e-5
Nena,6.5e-5
Nonie,6.5e-5
Odelia,6.5e-5
Olevia,6.5e-5
Oline,6.5e-5
Robbie,6.5e-5
Rosena,6.5e-5
Rosia,6.5e-5
Sada,6.5e-5
Selena,6.5e-5
Sidney,6.5e-5
Sofia,6.5e-5
Sula,6.5e-5
Thea,6.5e-5
Vannie,6.5e-5
Vella,6.5e-5
Zenobia,6.5e-5
Andrea,5.9e-5
Arlie,5.9e-5
Arminta,5.9e-5
Aurora,5.9e-5
Caddie,5.9e-5
Cinda,5.9e-5
Corrine,5.9e-5
Daisey,5.9e-5
Dellie,5.9e-5
Dorcas,5.9e-5
Edwina,5.9e-5
Eleonora,5.9e-5
Elodie,5.9e-5
Evelina,5.9e-5
Exie,5.9e-5
Florrie,5.9e-5
Floyd,5.9e-5
Fred,5.9e-5
Goldia,5.9e-5
Ima,5.9e-5
Janey,5.9e-5
Judy,5.9e-5
Juliana,5.9e-5
Justina,5.9e-5
Karen,5.9e-5
Kathern,5.9e-5
Lala,5.9e-5
Leana,5.9e-5
Louis,5.9e-5
Martina,5.9e-5
Media,5.9e-5
Mima,5.9e-5
Minda,5.9e-5
Missie,5.9e-5
Nathalie,5.9e-5
Novella,5.9e-5
Ottilie,5.9e-5
Ozella,5.9e-5
Pollie,5.9e-5
Rosy,5.9e-5
Roxanna,5.9e-5
Selina,5.9e-5
Susana,5.9e-5
Sybil,5.9e-5
Tempie,5.9e-5
Vennie,5.9e-5
Villa,5.9e-5
Winona,5.9e-5
Zillah,5.9e-5
Zilpha,5.9e-5
Adela,5.2e-5
Adelina,5.2e-5
Adell,5.2e-5
Albertina,5.2e-5
Alcie,5.2e-5
Angelita,5.2e-5
Arizona,5.2e-5
Arline,5.2e-5
Arthur,5.2e-5
Arvilla,5.2e-5
Augustine,5.2e-5
Beaulah,5.2e-5
Berdie,5.2e-5
Beula,5.2e-5
Billie,5.2e-5
Bird,5.2e-5
Byrd,5.2e-5
Clifford,5.2e-5
Clotilde,5.2e-5
Clytie,5.2e-5
Crystal,5.2e-5
Dagmar,5.2e-5
Daisie,5.2e-5
Dana,5.2e-5
Earl,5.2e-5
Eleanore,5.2e-5
Elvie,5.2e-5
Ermina,5.2e-5
Euna,5.2e-5
Florine,5.2e-5
Guadalupe,5.2e-5
Henriette,5.2e-5
Hertha,5.2e-5
Janette,5.2e-5
Josefa,5.2e-5
Joseph,5.2e-5
Leo,5.2e-5
Leslie,5.2e-5
Libby,5.2e-5
Lilah,5.2e-5
Loretto,5.2e-5
Lovina,5.2e-5
Magdalen,5.2e-5
Maida,5.2e-5
Margaretha,5.2e-5
Matie,5.2e-5
Melanie,5.2e-5
Metha,5.2e-5
Nevada,5.2e-5
Norine,5.2e-5
Odile,5.2e-5
Patricia,5.2e-5
Pricilla,5.2e-5
Richard,5.2e-5
Rosey,5.2e-5
Sadye,5.2e-5
Sigrid,5.2e-5
Sydney,5.2e-5
Thekla,5.2e-5
Theodora,5.2e-5
Thomas,5.2e-5
Tinnie,5.2e-5
Tressa,5.2e-5
Veda,5.2e-5
Vena,5.2e-5
Zaida,5.2e-5
Zelda,5.2e-5
Zena,5.2e-5
Zola,5.2e-5
Abby,4.6e-5
Aileen,4.6e-5
Allene,4.6e-5
Altie,4.6e-5
Alvena,4.6e-5
Amelie,4.6e-5
Ardelia,4.6e-5
Atha,4.6e-5
Aura,4.6e-5
Becky,4.6e-5
Beda,4.6e-5
Berniece,4.6e-5
Betha,4.6e-5
Byrdie,4.6e-5
Capitola,4.6e-5
Celestine,4.6e-5
Christiana,4.6e-5
Clarinda,4.6e-5
Delila,4.6e-5
Dillie,4.6e-5
Dinah,4.6e-5
Dosha,4.6e-5
Doshie,4.6e-5
Dove,4.6e-5
Effa,4.6e-5
Eldora,4.6e-5
Eller,4.6e-5
Emaline,4.6e-5
Enola,4.6e-5
Erie,4.6e-5
Ether,4.6e-5
Eve,4.6e-5
Florance,4.6e-5
Florie,4.6e-5
Francisca,4.6e-5
Freida,4.6e-5
Gennie,4.6e-5
Gusta,4.6e-5
Hessie,4.6e-5
Hetty,4.6e-5
Hilah,4.6e-5
Isla,4.6e-5
Ivah,4.6e-5
Izora,4.6e-5
Jodie,4.6e-5
Judie,4.6e-5
Justine,4.6e-5
Katharina,4.6e-5
Kattie,4.6e-5
Lassie,4.6e-5
Laurel,4.6e-5
Laurie,4.6e-5
Lea,4.6e-5
Lethia,4.6e-5
Lexie,4.6e-5
Linna,4.6e-5
Lorraine,4.6e-5
Lota,4.6e-5
Louisiana,4.6e-5
Luetta,4.6e-5
Macie,4.6e-5
Macy,4.6e-5
Mannie,4.6e-5
Manuela,4.6e-5
Matilde,4.6e-5
Maxie,4.6e-5
Miranda,4.6e-5
Myrtis,4.6e-5
Nita,4.6e-5
Nova,4.6e-5
Oda,4.6e-5
Odie,4.6e-5
Olie,4.6e-5
Orah,4.6e-5
Ova,4.6e-5
Paralee,4.6e-5
Paulina,4.6e-5
Penelope,4.6e-5
Pennie,4.6e-5
Prudie,4.6e-5
Rella,4.6e-5
Ressie,4.6e-5
Rosamond,4.6e-5
Roseanna,4.6e-5
Rubye,4.6e-5
Ruie,4.6e-5
Sabra,4.6e-5
Salome,4.6e-5
Silvia,4.6e-5
Texas,4.6e-5
Texie,4.6e-5
Tula,4.6e-5
Wilhelmine,4.6e-5
Yetta,4.6e-5
Zelpha,4.6e-5
Zina,4.6e-5
Aggie,3.9e-5
Albert,3.9e-5
Alwilda,3.9e-5
Alwina,3.9e-5
Anabel,3.9e-5
Angele,3.9e-5
Anner,3.9e-5
Arabella,3.9e-5
