name,percent
Mary,0.06362
Anna,0.027197
Elizabeth,0.01725
Emma,0.017031
Margaret,0.015564
Minnie,0.014251
Bertha,0.013106
Clara,0.012765
Florence,0.012636
Ida,0.012411
Ethel,0.01227
Annie,0.011864
Bessie,0.011826
Alice,0.011697
Grace,0.010886
Ella,0.009786
Martha,0.009677
Mabel,0.009619
Nellie,0.009374
Sarah,0.009239
Helen,0.00904
Laura,0.008776
Carrie,0.008647
Edna,0.008615
Pearl,0.008467
Lillian,0.008416
Cora,0.008088
Gertrude,0.008049
Edith,0.007997
Rose,0.007991
Maude,0.007476
Hattie,0.007303
Eva,0.007238
Frances,0.00711
Louise,0.007
Myrtle,0.006994
Lillie,0.006897
Jennie,0.006736
Julia,0.006711
Mattie,0.006633
Jessie,0.006511
Lena,0.00646
Marie,0.006395
Catherine,0.006222
Ada,0.005855
Agnes,0.005765
Lula,0.005733
Dora,0.005417
Elsie,0.005353
Josephine,0.00525
Lucy,0.005218
Fannie,0.005134
Katherine,0.005109
Blanche,0.004909
Maggie,0.004761
Nora,0.004729
Mamie,0.004607
Mae,0.004375
Stella,0.004272
Rosa,0.00424
May,0.004169
Ruth,0.004034
Alma,0.004008
Effie,0.003957
Nettie,0.003828
Ellen,0.003725
Daisy,0.003423
Lizzie,0.003378
Sallie,0.003378
Sadie,0.003339
Nancy,0.003288
Hazel,0.003243
Irene,0.003243
Della,0.003191
Susie,0.00312
Lydia,0.002882
Katie,0.002831
Etta,0.002812
Esther,0.002773
Viola,0.002702
Lottie,0.002664
Flora,0.002625
Maud,0.002586
Caroline,0.002561
Olive,0.002535
Addie,0.002529
Kathryn,0.002471
Willie,0.002438
Mildred,0.0024
Beulah,0.002284
Charlotte,0.002258
Georgia,0.002258
Amelia,0.002213
Harriet,0.0022
Nannie,0.002188
Amanda,0.002175
Ollie,0.002175
Emily,0.002155
Susan,0.002155
Mollie,0.002143
Virginia,0.002136
Kate,0.00213
Lulu,0.002072
Pauline,0.00202
Ruby,0.001988
Eliza,0.001866
Jane,0.001853
Theresa,0.001827
Hannah,0.001795
Rebecca,0.001769
Belle,0.00175
Dorothy,0.00175
Henrietta,0.001731
Matilda,0.001711
Nina,0.001711
Beatrice,0.001686
Estella,0.001673
Marion,0.001634
Iva,0.001628
Amy,0.001615
Anne,0.001602
Eleanor,0.001589
Lola,0.001583
Ann,0.001538
Ora,0.001486
Rachel,0.001454
Augusta,0.001422
Mayme,0.001377
Sara,0.001377
Leona,0.001338
Lela,0.001332
Barbara,0.001313
Maria,0.001306
Gladys,0.001293
Evelyn,0.001248
Josie,0.001235
Sophia,0.001235
Eula,0.00121
Alta,0.001203
Essie,0.00119
Allie,0.001177
Mable,0.001171
Inez,0.001158
Betty,0.001145
Ina,0.001145
Marguerite,0.001145
Estelle,0.001094
Ola,0.001094
Millie,0.001081
Callie,0.001074
Vera,0.001074
Rosie,0.001042
Christine,0.001036
Goldie,0.001023
Victoria,0.00101
Hilda,0.001004
Bess,9.97e-4
Janie,9.97e-4
Rena,9.97e-4
Celia,9.91e-4
Winifred,9.91e-4
Olga,9.84e-4
Delia,9.65e-4
Genevieve,9.59e-4
Lucille,9.59e-4
Sophie,9.59e-4
Lou,9.46e-4
Nell,9.39e-4
Tillie,9.01e-4
Louisa,8.88e-4
Mathilda,8.88e-4
Eunice,8.75e-4
Sylvia,8.69e-4
Loretta,8.62e-4
Birdie,8.56e-4
Lois,8.3e-4
Verna,8.3e-4
Bernice,8.17e-4
Luella,8.17e-4
Flossie,7.91e-4
Frieda,7.91e-4
Sue,7.91e-4
Bettie,7.53e-4
Alberta,7.46e-4
Winnie,7.33e-4
Cornelia,7.21e-4
Jean,7.21e-4
Leila,7.21e-4
Sally,7.21e-4
Roxie,7.14e-4
Katharine,7.08e-4
Isabel,7.01e-4
Bertie,6.95e-4
Hulda,6.95e-4
Isabelle,6.95e-4
Teresa,6.88e-4
Abbie,6.69e-4
Adelaide,6.69e-4
Rhoda,6.69e-4
Adeline,6.63e-4
Dollie,6.63e-4
Lelia,6.56e-4
Nelle,6.43e-4
Virgie,6.43e-4
Elva,6.37e-4
Lenora,6.31e-4
Lettie,6.31e-4
Carolyn,6.24e-4
Selma,6.24e-4
Violet,6.24e-4
Geneva,6.11e-4
Gertie,6.11e-4
Jeannette,6.11e-4
Myra,6.11e-4
Hallie,5.98e-4
Cecelia,5.92e-4
Christina,5.92e-4
Lucinda,5.92e-4
Irma,5.79e-4
Lora,5.79e-4
Harriett,5.73e-4
Hester,5.73e-4
Lura,5.6e-4
Johanna,5.53e-4
Jeanette,5.47e-4
Lucile,5.47e-4
Marian,5.47e-4
Cecilia,5.34e-4
Fanny,5.34e-4
Hettie,5.34e-4
Leah,5.34e-4
Lilly,5.34e-4
Myrtie,5.34e-4
Francis,5.28e-4
Gussie,5.28e-4
Linnie,5.28e-4
Adele,5.15e-4
Freda,5.15e-4
Helena,5.02e-4
Norma,4.95e-4
Wilhelmina,4.95e-4
Naomi,4.89e-4
Claudia,4.76e-4
Lila,4.76e-4
Maudie,4.76e-4
Elma,4.7e-4
Marjorie,4.7e-4
Lida,4.63e-4
Elnora,4.57e-4
Meta,4.57e-4
Ophelia,4.5e-4
Fern,4.44e-4
Olivia,4.44e-4
Lorena,4.38e-4
Emilie,4.31e-4
Lessie,4.31e-4
Mittie,4.31e-4
Zella,4.31e-4
Alvina,4.25e-4
Regina,4.25e-4
Vivian,4.25e-4
Madge,4.18e-4
Pearlie,4.18e-4
Minerva,4.12e-4
Roberta,4.12e-4
Eugenia,4.05e-4
Phoebe,4.05e-4
Dorothea,3.99e-4
Erma,3.99e-4
Elsa,3.92e-4
Juanita,3.92e-4
Mina,3.92e-4
Lee,3.86e-4
Bonnie,3.8e-4
Lily,3.8e-4
Louella,3.8e-4
Velma,3.8e-4
Claire,3.73e-4
Cordelia,3.73e-4
Isabella,3.73e-4
Janet,3.73e-4
Margie,3.73e-4
Mabelle,3.67e-4
Rosalie,3.67e-4
Ivy,3.6e-4
John,3.6e-4
Cynthia,3.54e-4
Nola,3.54e-4
Pansy,3.54e-4
Dovie,3.47e-4
Floy,3.47e-4
Ernestine,3.41e-4
Kittie,3.41e-4
Madeline,3.41e-4
Angeline,3.35e-4
Cassie,3.35e-4
Edythe,3.28e-4
Elvira,3.28e-4
Georgie,3.28e-4
Pearle,3.28e-4
Priscilla,3.28e-4
Kathleen,3.22e-4
Lina,3.22e-4
Linda,3.22e-4
Malinda,3.22e-4
Orpha,3.22e-4
Blanch,3.15e-4
Frankie,3.09e-4
Polly,3.09e-4
Annette,3.02e-4
Antoinette,3.02e-4
Fay,3.02e-4
Ona,3.02e-4
Artie,2.96e-4
Miriam,2.96e-4
Oma,2.96e-4
Vina,2.96e-4
Zora,2.96e-4
Evie,2.9e-4
Letha,2.9e-4
Neva,2.9e-4
Bell,2.83e-4
William,2.83e-4
Angie,2.77e-4
Dessie,2.77e-4
Ila,2.77e-4
Leota,2.77e-4
Alpha,2.7e-4
Corinne,2.7e-4
Faye,2.7e-4
Rosetta,2.7e-4
Anita,2.64e-4
Chloe,2.64e-4
Dona,2.64e-4
Lona,2.64e-4
Maybelle,2.64e-4
Adelia,2.57e-4
Cecil,2.57e-4
Charity,2.57e-4
Gracie,2.57e-4
Opal,2.57e-4
Rita,2.57e-4
Vida,2.57e-4
Audrey,2.51e-4
Dena,2.51e-4
Donna,2.51e-4
Ellie,2.51e-4
Nan,2.51e-4
Catharine,2.44e-4
Doris,2.44e-4
Leola,2.44e-4
Melvina,2.44e-4
Rae,2.44e-4
Cleo,2.38e-4
Constance,2.38e-4
Lenore,2.38e-4
Mandy,2.38e-4
Sudie,2.38e-4
Tena,2.38e-4
Ava,2.32e-4
Lyda,2.32e-4
Mertie,2.32e-4
Nona,2.32e-4
Isabell,2.25e-4
Lennie,2.25e-4
Veronica,2.25e-4
Bridget,2.19e-4
Cecile,2.19e-4
George,2.19e-4
Melissa,2.19e-4
Zoe,2.19e-4
Angela,2.12e-4
Charles,2.12e-4
Elisabeth,2.12e-4
Kitty,2.12e-4
Savannah,2.12e-4
Zula,2.12e-4
Adah,2.06e-4
Alva,2.06e-4
Dolly,2.06e-4
Elise,2.06e-4
Jimmie,2.06e-4
Joanna,2.06e-4
Johnnie,2.06e-4
Leta,2.06e-4
Mazie,2.06e-4
Minna,2.06e-4
Molly,2.06e-4
Tessie,2.06e-4
Clare,1.99e-4
Clyde,1.99e-4
Elmira,1.99e-4
Eloise,1.99e-4
Helene,1.99e-4
Susanna,1.99e-4
Una,1.99e-4
Willa,1.99e-4
Ettie,1.93e-4
Leora,1.93e-4
Mariah,1.93e-4
Pinkie,1.93e-4
Retta,1.93e-4
Dixie,1.87e-4
Lenna,1.87e-4
Letitia,1.87e-4
Margery,1.87e-4
Missouri,1.87e-4
Muriel,1.87e-4
Octavia,1.87e-4
Reba,1.87e-4
Wanda,1.87e-4
Erna,1.8e-4
Eugenie,1.8e-4
Georgiana,1.8e-4
Inga,1.8e-4
Louie,1.8e-4
Marietta,1.8e-4
Mellie,1.8e-4
Odessa,1.8e-4
Rosella,1.8e-4
Tennie,1.8e-4
Vesta,1.8e-4
Zona,1.8e-4
Belva,1.74e-4
Beryl,1.74e-4
Emelia,1.74e-4
Georgianna,1.74e-4
Hanna,1.74e-4
Lilla,1.74e-4
Lucretia,1.74e-4
Mathilde,1.74e-4
Rowena,1.74e-4
Vada,1.74e-4
Zelma,1.74e-4
Antonia,1.67e-4
Bella,1.67e-4
Hilma,1.67e-4
Iola,1.67e-4
Liza,1.67e-4
Lucie,1.67e-4
Lue,1.67e-4
Magdalena,1.67e-4
Pattie,1.67e-4
Paula,1.67e-4
Vallie,1.67e-4
Agatha,1.61e-4
Aurelia,1.61e-4
Besse,1.61e-4
Eda,1.61e-4
Emmie,1.61e-4
Golda,1.61e-4
Harriette,1.61e-4
Hedwig,1.61e-4
June,1.61e-4
Marcella,1.61e-4
Rilla,1.61e-4
Tina,1.61e-4
Vinnie,1.61e-4
Berta,1.54e-4
Esta,1.54e-4
Ione,1.54e-4
Jannie,1.54e-4
Leonora,1.54e-4
Alda,1.48e-4
Idella,1.48e-4
Jewel,1.48e-4
Kathrine,1.48e-4
Ludie,1.48e-4
Mallie,1.48e-4
Zola,1.48e-4
Adaline,1.42e-4
Adda,1.42e-4
Albina,1.42e-4
Anastasia,1.42e-4
Annabelle,1.42e-4
Christena,1.42e-4
Docia,1.42e-4
Eddie,1.42e-4
Iona,1.42e-4
Ira,1.42e-4
Lonie,1.42e-4
Lovie,1.42e-4
Luna,1.42e-4
Margret,1.42e-4
Meda,1.42e-4
Mona,1.42e-4
Ray,1.42e-4
Wilma,1.42e-4
Almeda,1.35e-4
Connie,1.35e-4
Cordie,1.35e-4
Era,1.35e-4
Florida,1.35e-4
Libbie,1.35e-4
Madeleine,1.35e-4
Queen,1.35e-4
Tommie,1.35e-4
Winnifred,1.35e-4
Amalia,1.29e-4
Angelina,1.29e-4
Celeste,1.29e-4
Jettie,1.29e-4
Lavinia,1.29e-4
Leatha,1.29e-4
Luvenia,1.29e-4
Magdalen,1.29e-4
Patsy,1.29e-4
Phebe,1.29e-4
Shirley,1.29e-4
Ursula,1.29e-4
Vernie,1.29e-4
Aline,1.22e-4
Betsy,1.22e-4
Carolina,1.22e-4
Frank,1.22e-4
Hassie,1.22e-4
Hortense,1.22e-4
James,1.22e-4
Judith,1.22e-4
Julie,1.22e-4
Manda,1.22e-4
Theo,1.22e-4
Verda,1.22e-4
Aimee,1.16e-4
Althea,1.16e-4
Arrie,1.16e-4
Camilla,1.16e-4
Evelina,1.16e-4
Jenny,1.16e-4
Lavina,1.16e-4
Marcia,1.16e-4
Ocie,1.16e-4
Phyllis,1.16e-4
Rosanna,1.16e-4
Sena,1.16e-4
Tilda,1.16e-4
Adela,1.09e-4
Avis,1.09e-4
Clarissa,1.09e-4
Corine,1.09e-4
Elenora,1.09e-4
Elizebeth,1.09e-4
Imogene,1.09e-4
Jeanne,1.09e-4
Kizzie,1.09e-4
Lauretta,1.09e-4
Lelah,1.09e-4
Leone,1.09e-4
Mahala,1.09e-4
Malissa,1.09e-4
Minta,1.09e-4
Myrta,1.09e-4
Ossie,1.09e-4
Ottilie,1.09e-4
Peggy,1.09e-4
Petra,1.09e-4
Rosina,1.09e-4
Sadye,1.09e-4
Sophronia,1.09e-4
Alida,1.03e-4
Ara,1.03e-4
Clementine,1.03e-4
Coral,1.03e-4
Diana,1.03e-4
Donnie,1.03e-4
Easter,1.03e-4
Elisa,1.03e-4
Genie,1.03e-4
Geraldine,1.03e-4
Glenna,1.03e-4
Gretchen,1.03e-4
Hope,1.03e-4
Lilian,1.03e-4
Lotta,1.03e-4
Lutie,1.03e-4
Magdalene,1.03e-4
Malvina,1.03e-4
Mame,1.03e-4
Mammie,1.03e-4
Maye,1.03e-4
Mettie,1.03e-4
Natalie,1.03e-4
Samantha,1.03e-4
Serena,1.03e-4
Veda,1.03e-4
Albertine,9.7e-5
Alvena,9.7e-5
America,9.7e-5
Aurora,9.7e-5
Carol,9.7e-5
Deborah,9.7e-5
Dottie,9.7e-5
Eileen,9.7e-5
Elda,9.7e-5
Eleanore,9.7e-5
Emmer,9.7e-5
Estell,9.7e-5
Evalyn,9.7e-5
Huldah,9.7e-5
Joan,9.7e-5
Kathryne,9.7e-5
Lonnie,9.7e-5
Lucia,9.7e-5
Margaretha,9.7e-5
Selina,9.7e-5
Valeria,9.7e-5
Zetta,9.7e-5
Arie,9e-5
Arlie,9e-5
Bulah,9e-5
Cathrine,9e-5
Claudie,9e-5
Delilah,9e-5
Dolores,9e-5
Edyth,9e-5
Ethelyn,9e-5
Ethyl,9e-5
Frona,9e-5
Gena,9e-5
Isa,9e-5
Ivah,9e-5
Kattie,9e-5
Liddie,9e-5
Mintie,9e-5
Ottie,9e-5
Rhea,9e-5
Roma,9e-5
Rossie,9e-5
Selena,9e-5
Tressa,9e-5
Tressie,9e-5
Winona,9e-5
Abigail,8.4e-5
Adella,8.4e-5
Altha,8.4e-5
Anabel,8.4e-5
Annabel,8.4e-5
Delila,8.4e-5
Delphia,8.4e-5
Donie,8.4e-5
Edwina,8.4e-5
Eleanora,8.4e-5
Eulah,8.4e-5
Evalena,8.4e-5
Evangeline,8.4e-5
Grayce,8.4e-5
Harry,8.4e-5
Icie,8.4e-5
Joseph,8.4e-5
Justine,8.4e-5
Madie,8.4e-5
Monica,8.4e-5
Nita,8.4e-5
Onie,8.4e-5
Rachael,8.4e-5
Sabina,8.4e-5
Sabra,8.4e-5
Vena,8.4e-5
Verlie,8.4e-5
Wilda,8.4e-5
Ammie,7.7e-5
Annetta,7.7e-5
Berenice,7.7e-5
Bernadette,7.7e-5
Birtie,7.7e-5
Carmen,7.7e-5
Corrine,7.7e-5
Dagmar,7.7e-5
Delphine,7.7e-5
Eldora,7.7e-5
Elfrieda,7.7e-5
Flo,7.7e-5
Hertha,7.7e-5
Honora,7.7e-5
Idell,7.7e-5
Jeanie,7.7e-5
Leonie,7.7e-5
Leslie,7.7e-5
Loula,7.7e-5
Louvenia,7.7e-5
Merle,7.7e-5
Nella,7.7e-5
Oda,7.7e-5
Paralee,7.7e-5
Paulina,7.7e-5
Queenie,7.7e-5
Rosalia,7.7e-5
Sula,7.7e-5
Theodora,7.7e-5
Viva,7.7e-5
Wilhelmine,7.7e-5
Zada,7.7e-5
Adline,7.1e-5
Amie,7.1e-5
Beth,7.1e-5
Charlie,7.1e-5
Corda,7.1e-5
Cornie,7.1e-5
Corrie,7.1e-5
Dicie,7.1e-5
Dorcas,7.1e-5
Edmonia,7.1e-5
Edward,7.1e-5
Elinor,7.1e-5
Emeline,7.1e-5
Ester,7.1e-5
Etha,7.1e-5
Etna,7.1e-5
Eulalie,7.1e-5
Florrie,7.1e-5
Fred,7.1e-5
Freddie,7.1e-5
Isla,7.1e-5
Josefa,7.1e-5
Juliet,7.1e-5
Leontine,7.1e-5
Martina,7.1e-5
Mima,7.1e-5
Nathalie,7.1e-5
Odelia,7.1e-5
Osie,7.1e-5
Rosamond,7.1e-5
Rosemary,7.1e-5
Rosia,7.1e-5
Salome,7.1e-5
Tennessee,7.1e-5
Theresia,7.1e-5
Verdie,7.1e-5
Vergie,7.1e-5
Villa,7.1e-5
Zelia,7.1e-5
Zita,7.1e-5
Alyce,6.4e-5
Annis,6.4e-5
Bennie,6.4e-5
Bobbie,6.4e-5
Buna,6.4e-5
Cammie,6.4e-5
Cara,6.4e-5
Charlottie,6.4e-5
Christie,6.4e-5
Clarice,6.4e-5
Clemmie,6.4e-5
Dell,6.4e-5
Dina,6.4e-5
Electa,6.4e-5
Elta,6.4e-5
Elvina,6.4e-5
Ema,6.4e-5
Emilia,6.4e-5
Eve,6.4e-5
Florine,6.4e-5
Francisca,6.4e-5
Frederica,6.4e-5
Fredericka,6.4e-5
Fronia,6.4e-5
Garnet,6.4e-5
Gay,6.4e-5
Glennie,6.4e-5
Gracia,6.4e-5
Gunda,6.4e-5
Gusta,6.4e-5
Henry,6.4e-5
India,6.4e-5
Iris,6.4e-5
Jesse,6.4e-5
Joe,6.4e-5
Katheryn,6.4e-5
Katy,6.4e-5
Leda,6.4e-5
Lelar,6.4e-5
Leonore,6.4e-5
Loretto,6.4e-5
Louetta,6.4e-5
Magnolia,6.4e-5
Maybell,6.4e-5
Mercedes,6.4e-5
Millicent,6.4e-5
Miranda,6.4e-5
Mora,6.4e-5
Myrtis,6.4e-5
Olie,6.4e-5
Patricia,6.4e-5
Pollie,6.4e-5
Prudence,6.4e-5
Robbie,6.4e-5
Rubie,6.4e-5
Tempie,6.4e-5
Veva,6.4e-5
Adelina,5.8e-5
Adell,5.8e-5
Aggie,5.8e-5
Aletha,5.8e-5
Alfreda,5.8e-5
Amber,5.8e-5
Annabell,5.8e-5
Arminta,5.8e-5
Arthur,5.8e-5
Arvilla,5.8e-5
Audra,5.8e-5
Bert,5.8e-5
Calla,5.8e-5
Capitola,5.8e-5
Carlotta,5.8e-5
Christiana,5.8e-5
Classie,5.8e-5
David,5.8e-5
Dee,5.8e-5
Doshie,5.8e-5
Elvie,5.8e-5
Enola,5.8e-5
Eulalia,5.8e-5
Evaline,5.8e-5
Felicia,5.8e-5
Gail,5.8e-5
Helga,5.8e-5
Henriette,5.8e-5
Hermine,5.8e-5
Hetty,5.8e-5
Icy,5.8e-5
Irena,5.8e-5
Jemima,5.8e-5
Karen,5.8e-5
Laurie,5.8e-5
Lavada,5.8e-5
Lea,5.8e-5
Letta,5.8e-5
Leva,5.8e-5
Lorene,5.8e-5
Luisa,5.8e-5
Margarette,5.8e-5
Maxie,5.8e-5
Nelly,5.8e-5
Neta,5.8e-5
Norah,5.8e-5
Octavie,5.8e-5
Odie,5.8e-5
Odile,5.8e-5
Omie,5.8e-5
Orelia,5.8e-5
Philomena,5.8e-5
Ramona,5.8e-5
Retha,5.8e-5
Roseanna,5.8e-5
Rosy,5.8e-5
Ruthie,5.8e-5
Savanah,5.8e-5
Signe,5.8e-5
Suzanne,5.8e-5
Sybil,5.8e-5
Tabitha,5.8e-5
Theda,5.8e-5
Thekla,5.8e-5
Therese,5.8e-5
Trudie,5.8e-5
Vella,5.8e-5
Vertie,5.8e-5
Victorine,5.8e-5
Will,5.8e-5
Zoa,5.8e-5
Adelle,5.1e-5
Aileen,5.1e-5
Alicia,5.1e-5
Almira,5.1e-5
Amelie,5.1e-5
Anice,5.1e-5
Arizona,5.1e-5
Audie,5.1e-5
Berdie,5.1e-5
Bina,5.1e-5
Camille,5.1e-5
Carlota,5.1e-5
Carra,5.1e-5
Cathryn,5.1e-5
Claude,5.1e-5
Clifford,5.1e-5
Cordia,5.1e-5
Dicy,5.1e-5
Dove,5.1e-5
Ednah,5.1e-5
Eleonore,5.1e-5
Ellar,5.1e-5
Ena,5.1e-5
Erie,5.1e-5
Freida,5.1e-5
Fronie,5.1e-5
Georgina,5.1e-5
Gillie,5.1e-5
Golden,5.1e-5
Greta,5.1e-5
Gwendolyn,5.1e-5
Hellen,5.1e-5
Henretta,5.1e-5
Hildegarde,5.1e-5
Hollie,5.1e-5
Imo,5.1e-5
Indiana,5.1e-5
Jessica,5.1e-5
Jewell,5.1e-5
Jodie,5.1e-5
Juana,5.1e-5
Judie,5.1e-5
Juliana,5.1e-5
Juliette,5.1e-5
Lanie,5.1e-5
Libby,5.1e-5
Lockie,5.1e-5
Lular,5.1e-5
Lurline,5.1e-5
Luz,5.1e-5
Macie,5.1e-5
Manuela,5.1e-5
Margaretta,5.1e-5
Margarita,5.1e-5
Melinda,5.1e-5
Melva,5.1e-5
Mena,5.1e-5
Metta,5.1e-5
Nanie,5.1e-5
Nena,5.1e-5
Netta,5.1e-5
Nonie,5.1e-5
Novella,5.1e-5
Opha,5.1e-5
Ottilia,5.1e-5
Parlee,5.1e-5
Patience,5.1e-5
Robert,5.1e-5
Roxy,5.1e-5
Sidney,5.1e-5
Sina,5.1e-5
Theodosia,5.1e-5
Ura,5.1e-5
Vennie,5.1e-5
Vicie,5.1e-5
Zettie,5.1e-5
Alba,4.5e-5
Albert,4.5e-5
Albertina,4.5e-5
Alverda,4.5e-5
Alwine,4.5e-5
Amma,4.5e-5
Andrea,4.5e-5
Angelita,4.5e-5
Anner,4.5e-5
Antonette,4.5e-5
Arabella,4.5e-5
Atha,4.5e-5
Augustine,4.5e-5
Beaulah,4.5e-5
Becky,4.5e-5
Beda,4.5e-5
Bena,4.5e-5
Beula,4.5e-5
Biddie,4.5e-5
Billie,4.5e-5
Birtha,4.5e-5
Caddie,4.5e-5
Carl,4.5e-5
Carmelita,4.5e-5
Celesta,4.5e-5
Celestine,4.5e-5
Celie,4.5e-5
Clemma,4.5e-5
Clora,4.5e-5
Daisie,4.5e-5
Dale,4.5e-5
Delma,4.5e-5
Dessa,4.5e-5
Dosha,4.5e-5
Elena,4.5e-5
Eleonora,4.5e-5
Elia,4.5e-5
Eloisa,4.5e-5
Emmaline,4.5e-5
Eppie,4.5e-5
Ernest,4.5e-5
Exie,4.5e-5
Ferne,4.5e-5
Fleta,4.5e-5
Florance,4.5e-5
Gene,4.5e-5
Gina,4.5e-5
Gretta,4.5e-5
Gustie,4.5e-5
Hazle,4.5e-5
Ivory,4.5e-5
Izora,4.5e-5
Joy,4.5e-5
Joyce,4.5e-5
Junie,4.5e-5
Justina,4.5e-5
Lillia,4.5e-5
Lissie,4.5e-5
Loma,4.5e-5
Louis,4.5e-5
Lu,4.5e-5
Lulie,4.5e-5
Mabell,4.5e-5
Macy,4.5e-5
