name,percent
John,0.074181
William,0.068344
James,0.043617
George,0.03919
Charles,0.036875
Frank,0.026374
Joseph,0.022467
Henry,0.020382
Thomas,0.019677
Edward,0.019439
Robert,0.019439
Harry,0.018817
Walter,0.015597
Arthur,0.013621
Fred,0.013301
Albert,0.011837
Clarence,0.00816
Samuel,0.007337
Louis,0.007236
Roy,0.006641
Joe,0.006266
David,0.006166
Ernest,0.005974
Charlie,0.005873
Richard,0.00569
Jesse,0.005498
Willie,0.005397
Carl,0.005379
Oscar,0.005251
Will,0.005132
Daniel,0.005095
Earl,0.004912
Andrew,0.004757
Benjamin,0.004318
Alfred,0.004281
Elmer,0.004272
Frederick,0.004245
Ralph,0.004236
Sam,0.004236
Paul,0.004107
Herbert,0.004071
Howard,0.003915
Peter,0.003851
Lee,0.003659
Herman,0.003604
Claude,0.00343
Raymond,0.003403
Michael,0.003156
Lewis,0.003138
Jim,0.003101
Martin,0.003028
Tom,0.00301
Eugene,0.002991
Francis,0.002991
Clyde,0.002927
Jacob,0.0029
Edwin,0.002836
Ben,0.00279
Grover,0.002653
Lawrence,0.002589
Harold,0.002552
Ed,0.002516
Luther,0.002443
Edgar,0.002433
Harvey,0.002397
Ray,0.00236
Otto,0.002314
Jack,0.002296
Hugh,0.002287
Homer,0.002269
Guy,0.002177
Bert,0.002168
Floyd,0.002122
Leo,0.002122
Charley,0.002022
Patrick,0.001994
Ira,0.001967
Chester,0.001894
Leonard,0.001894
Oliver,0.001857
Allen,0.001848
Theodore,0.001839
August,0.001775
Isaac,0.001775
Archie,0.001683
Jessie,0.001665
Alexander,0.001647
Leroy,0.001619
Lester,0.001537
Leslie,0.001519
Clifford,0.001509
Stephen,0.001509
Julius,0.0015
Warren,0.001491
Philip,0.001473
Horace,0.001464
Bernard,0.001455
Anthony,0.0014
Leon,0.001345
Emil,0.001336
Sidney,0.001317
Dan,0.001281
Everett,0.001281
Alex,0.001244
Marion,0.001198
Eddie,0.00118
Alvin,0.001171
Lloyd,0.001162
Jess,0.001134
Calvin,0.001125
Percy,0.001125
Milton,0.001116
Norman,0.001089
Rufus,0.001089
Victor,0.001089
Wesley,0.001052
Willis,0.001034
Perry,0.001025
Wilbur,0.001025
Dave,0.001015
Stanley,0.001006
Mack,9.97e-4
Matthew,9.88e-4
Jay,9.7e-4
Nathan,9.7e-4
Amos,9.51e-4
Gilbert,9.33e-4
Roscoe,9.33e-4
Earnest,9.06e-4
Harrison,9.06e-4
Jerry,8.96e-4
Otis,8.87e-4
Russell,8.78e-4
Jose,8.69e-4
Melvin,8.69e-4
Morris,8.69e-4
Willard,8.69e-4
Noah,8.6e-4
Dennis,8.51e-4
Adolph,8.23e-4
Emmett,8.23e-4
Jake,8.23e-4
Franklin,8.14e-4
Alonzo,8.05e-4
Maurice,8.05e-4
Wallace,8.05e-4
Moses,7.96e-4
Glenn,7.87e-4
Ross,7.78e-4
Adam,7.68e-4
Elbert,7.5e-4
Felix,7.5e-4
Fredrick,7.5e-4
Gus,7.5e-4
Cecil,7.32e-4
Phillip,7.32e-4
Cornelius,7.23e-4
Nicholas,7.23e-4
Vernon,7.23e-4
Aaron,7.14e-4
Hubert,7.14e-4
Sherman,7.14e-4
Claud,7.04e-4
Harley,7.04e-4
Virgil,7.04e-4
Lonnie,6.95e-4
Mark,6.95e-4
Abraham,6.86e-4
Elijah,6.86e-4
Hiram,6.86e-4
Levi,6.86e-4
Bob,6.77e-4
Clayton,6.77e-4
Max,6.68e-4
Mike,6.68e-4
Manuel,6.59e-4
Clinton,6.5e-4
Rudolph,6.5e-4
Sylvester,6.5e-4
Jeff,6.4e-4
Marvin,6.4e-4
Marshall,6.31e-4
Ollie,6.22e-4
Owen,6.22e-4
Anton,6.13e-4
Millard,6.13e-4
Simon,6.13e-4
Ellis,6.04e-4
Wiley,6.04e-4
Jasper,5.95e-4
Pearl,5.85e-4
Silas,5.85e-4
Bill,5.76e-4
Ora,5.76e-4
Nelson,5.67e-4
Curtis,5.58e-4
Edmund,5.58e-4
Donald,5.49e-4
Edd,5.49e-4
Johnnie,5.4e-4
Alva,5.31e-4
Barney,5.31e-4
Juan,5.21e-4
Nathaniel,5.21e-4
Christopher,5.12e-4
Monroe,5.12e-4
Irvin,5.03e-4
Irving,5.03e-4
Mose,5.03e-4
Andy,4.94e-4
Clark,4.94e-4
Cleveland,4.94e-4
Orville,4.94e-4
Reuben,4.94e-4
Steve,4.94e-4
Timothy,4.94e-4
Dock,4.85e-4
Glen,4.76e-4
Vincent,4.76e-4
Wilson,4.76e-4
Asa,4.67e-4
Augustus,4.67e-4
Eli,4.67e-4
Karl,4.48e-4
Lon,4.48e-4
Roland,4.48e-4
Bennie,4.39e-4
Grant,4.39e-4
Joel,4.39e-4
Arch,4.3e-4
Austin,4.3e-4
Byron,4.3e-4
Christian,4.3e-4
Gordon,4.3e-4
Gustave,4.3e-4
Luke,4.3e-4
Mary,4.3e-4
Pete,4.3e-4
Chris,4.21e-4
Riley,4.21e-4
Bruce,4.03e-4
Ike,4.03e-4
Preston,4.03e-4
Clifton,3.93e-4
Ferdinand,3.93e-4
Emanuel,3.84e-4
Joshua,3.75e-4
Newton,3.75e-4
Spencer,3.75e-4
Columbus,3.66e-4
Julian,3.66e-4
Major,3.66e-4
Tony,3.66e-4
Anderson,3.57e-4
Dee,3.57e-4
Don,3.57e-4
Earle,3.57e-4
Lemuel,3.57e-4
Roger,3.57e-4
Wade,3.57e-4
Antonio,3.48e-4
Arnold,3.48e-4
Chas,3.48e-4
Conrad,3.48e-4
Cyrus,3.48e-4
Jeremiah,3.48e-4
Scott,3.48e-4
Abe,3.38e-4
Neal,3.38e-4
Bud,3.29e-4
Edmond,3.29e-4
Ervin,3.2e-4
Kenneth,3.2e-4
Miles,3.2e-4
Winfield,3.2e-4
Aubrey,3.11e-4
Carroll,3.11e-4
Clement,3.11e-4
Cleve,3.11e-4
Douglas,3.11e-4
Elias,3.11e-4
Forrest,3.11e-4
Gustav,3.11e-4
Isaiah,3.11e-4
Jerome,3.11e-4
Matt,3.11e-4
Murray,3.11e-4
Ruben,3.11e-4
Emery,3.02e-4
Emory,3.02e-4
Ezra,3.02e-4
Jimmie,3.02e-4
Solomon,3.02e-4
Clem,2.93e-4
Isiah,2.93e-4
Jefferson,2.93e-4
Napoleon,2.93e-4
Van,2.93e-4
Dewitt,2.84e-4
Green,2.84e-4
Jackson,2.84e-4
Johnny,2.84e-4
Louie,2.84e-4
Mathew,2.84e-4
Wilfred,2.84e-4
Hugo,2.74e-4
Ambrose,2.65e-4
Logan,2.65e-4
Nick,2.65e-4
Wayne,2.65e-4
Chauncey,2.56e-4
Delbert,2.56e-4
Forest,2.56e-4
Johnie,2.56e-4
Laurence,2.56e-4
Mitchell,2.56e-4
Myron,2.56e-4
Ned,2.56e-4
Rex,2.56e-4
Vern,2.56e-4
Dick,2.47e-4
General,2.47e-4
Otho,2.47e-4
Ulysses,2.47e-4
Boyd,2.38e-4
Francisco,2.38e-4
Freeman,2.38e-4
Garfield,2.38e-4
Ivan,2.38e-4
Gust,2.29e-4
Lorenzo,2.29e-4
Walker,2.29e-4
Elwood,2.2e-4
Erwin,2.2e-4
Jonas,2.2e-4
Lafayette,2.2e-4
Lucius,2.2e-4
Merle,2.2e-4
Royal,2.2e-4
Burton,2.1e-4
Clay,2.1e-4
Dudley,2.1e-4
Enoch,2.1e-4
Hal,2.1e-4
Hans,2.1e-4
Loren,2.1e-4
Lyman,2.1e-4
Lynn,2.1e-4
Marcus,2.1e-4
Milo,2.1e-4
Ward,2.1e-4
Gerald,2.01e-4
Omer,2.01e-4
Sanford,2.01e-4
Wilber,2.01e-4
Allan,1.92e-4
Emile,1.92e-4
Evan,1.92e-4
Fletcher,1.92e-4
Granville,1.92e-4
Harmon,1.92e-4
Irwin,1.92e-4
Jean,1.92e-4
Malcolm,1.92e-4
Neil,1.92e-4
Allie,1.83e-4
Carlos,1.83e-4
Elisha,1.83e-4
Elton,1.83e-4
Frederic,1.83e-4
Judson,1.83e-4
Leland,1.83e-4
Loyd,1.83e-4
Stewart,1.83e-4
Taylor,1.83e-4
Ted,1.83e-4
Abram,1.74e-4
Adolphus,1.74e-4
Archibald,1.74e-4
Berry,1.74e-4
Burl,1.74e-4
Dwight,1.74e-4
Gene,1.74e-4
Lucian,1.74e-4
Nels,1.74e-4
Ole,1.74e-4
Pat,1.74e-4
Pedro,1.74e-4
Sandy,1.74e-4
Sterling,1.74e-4
Wilbert,1.74e-4
Abner,1.65e-4
Alphonse,1.65e-4
Axel,1.65e-4
Coleman,1.65e-4
Duncan,1.65e-4
Gabriel,1.65e-4
Herschel,1.65e-4
Judge,1.65e-4
Madison,1.65e-4
Morton,1.65e-4
Prince,1.65e-4
Seth,1.65e-4
Smith,1.65e-4
Stuart,1.65e-4
Tommie,1.65e-4
Tommy,1.65e-4
Bennett,1.56e-4
Bertram,1.56e-4
Burt,1.56e-4
Cliff,1.56e-4
Fay,1.56e-4
Foster,1.56e-4
Garland,1.56e-4
Larry,1.56e-4
Lyle,1.56e-4
Morgan,1.56e-4
Pink,1.56e-4
Tim,1.56e-4
Al,1.46e-4
Angus,1.46e-4
Benjiman,1.46e-4
Benton,1.46e-4
Carey,1.46e-4
Dallas,1.46e-4
Ellsworth,1.46e-4
Elza,1.46e-4
Emerson,1.46e-4
Florence,1.46e-4
Fritz,1.46e-4
Hosea,1.46e-4
Houston,1.46e-4
Lawson,1.46e-4
Phil,1.46e-4
Rollie,1.46e-4
Roman,1.46e-4
Steven,1.46e-4
Terry,1.46e-4
Alton,1.37e-4
Early,1.37e-4
Isom,1.37e-4
Israel,1.37e-4
Jesus,1.37e-4
Josh,1.37e-4
Josiah,1.37e-4
Junius,1.37e-4
Lucious,1.37e-4
Merton,1.37e-4
Noble,1.37e-4
Oren,1.37e-4
Orin,1.37e-4
Pierce,1.37e-4
Raleigh,1.37e-4
Randolph,1.37e-4
Santiago,1.37e-4
Thad,1.37e-4
Valentine,1.37e-4
Wilmer,1.37e-4
Wm,1.37e-4
Wylie,1.37e-4
Avery,1.28e-4
Buck,1.28e-4
Carson,1.28e-4
Christ,1.28e-4
Crawford,1.28e-4
Elizabeth,1.28e-4
Emma,1.28e-4
Garrett,1.28e-4
Geo,1.28e-4
Haywood,1.28e-4
Henderson,1.28e-4
Jason,1.28e-4
Lonzo,1.28e-4
Merritt,1.28e-4
Minor,1.28e-4
Olaf,1.28e-4
Olin,1.28e-4
Parker,1.28e-4
Porter,1.28e-4
Ransom,1.28e-4
Rolla,1.28e-4
Shelby,1.28e-4
Sol,1.28e-4
Sydney,1.28e-4
Thurman,1.28e-4
Waldo,1.28e-4
Zack,1.28e-4
Adrian,1.19e-4
Annie,1.19e-4
Basil,1.19e-4
Benjaman,1.19e-4
Caleb,1.19e-4
Carlton,1.19e-4
Carter,1.19e-4
Clint,1.19e-4
Elliott,1.19e-4
Elzie,1.19e-4
Hezekiah,1.19e-4
Kelly,1.19e-4
King,1.19e-4
Lew,1.19e-4
Lionel,1.19e-4
Margaret,1.19e-4
Mason,1.19e-4
Newt,1.19e-4
Orval,1.19e-4
Palmer,1.19e-4
Ramon,1.19e-4
Richmond,1.19e-4
Roderick,1.19e-4
Turner,1.19e-4
Vivian,1.19e-4
Wilford,1.19e-4
Williams,1.19e-4
Addison,1.1e-4
Albin,1.1e-4
Anna,1.1e-4
Baxter,1.1e-4
Billie,1.1e-4
Blaine,1.1e-4
Bruno,1.1e-4
Clair,1.1e-4
Clare,1.1e-4
Davis,1.1e-4
Enos,1.1e-4
Frances,1.1e-4
Hamp,1.1e-4
Harris,1.1e-4
Hollis,1.1e-4
Isadore,1.1e-4
Jordan,1.1e-4
June,1.1e-4
Louise,1.1e-4
Merrill,1.1e-4
Orrin,1.1e-4
Pablo,1.1e-4
Perley,1.1e-4
Rupert,1.1e-4
Troy,1.1e-4
Warner,1.1e-4
Washington,1.1e-4
Wilburn,1.1e-4
Young,1.1e-4
Abel,1.01e-4
Aloysius,1.01e-4
Aron,1.01e-4
Arvid,1.01e-4
Benjamine,1.01e-4
Bertha,1.01e-4
Bonnie,1.01e-4
Brown,1.01e-4
Casper,1.01e-4
Connie,1.01e-4
Cyril,1.01e-4
Dale,1.01e-4
Dorsey,1.01e-4
Emmitt,1.01e-4
Erastus,1.01e-4
Eric,1.01e-4
Ezekiel,1.01e-4
Finis,1.01e-4
Giles,1.01e-4
Hamilton,1.01e-4
Harve,1.01e-4
Issac,1.01e-4
Johnson,1.01e-4
Jonah,1.01e-4
Jules,1.01e-4
Lem,1.01e-4
Lucien,1.01e-4
Mathias,1.01e-4
Minnie,1.01e-4
Myles,1.01e-4
Orlando,1.01e-4
Ottis,1.01e-4
Reginald,1.01e-4
Rollin,1.01e-4
Saul,1.01e-4
Tracy,1.01e-4
Wash,1.01e-4
Webster,1.01e-4
Wyatt,1.01e-4
Alice,9.1e-5
Alma,9.1e-5
Alonza,9.1e-5
Alvah,9.1e-5
Antone,9.1e-5
Art,9.1e-5
Ashley,9.1e-5
Benny,9.1e-5
Bernhard,9.1e-5
Bertie,9.1e-5
Buster,9.1e-5
Cicero,9.1e-5
Colonel,9.1e-5
Dillard,9.1e-5
Doc,9.1e-5
Eldridge,9.1e-5
Elmore,9.1e-5
Ennis,9.1e-5
Ephraim,9.1e-5
Ernie,9.1e-5
Ernst,9.1e-5
Ethel,9.1e-5
Fate,9.1e-5
Ford,9.1e-5
Fulton,9.1e-5
Henery,9.1e-5
Hoyt,9.1e-5
Irl,9.1e-5
Ivy,9.1e-5
Jonathan,9.1e-5
Lemon,9.1e-5
Lindsey,9.1e-5
Lou,9.1e-5
Maynard,9.1e-5
Melville,9.1e-5
Micheal,9.1e-5
Nellie,9.1e-5
Omar,9.1e-5
Pinkney,9.1e-5
Pleasant,9.1e-5
Rube,9.1e-5
Shelton,9.1e-5
Sid,9.1e-5
Sim,9.1e-5
Theo,9.1e-5
Thornton,9.1e-5
Toney,9.1e-5
Vance,9.1e-5
Alford,8.2e-5
Archer,8.2e-5
Armand,8.2e-5
Arther,8.2e-5
Bart,8.2e-5
Benson,8.2e-5
Buford,8.2e-5
Burnett,8.2e-5
Burr,8.2e-5
Butler,8.2e-5
Cary,8.2e-5
Clara,8.2e-5
Dean,8.2e-5
Dexter,8.2e-5
Edson,8.2e-5
Egbert,8.2e-5
Elvin,8.2e-5
Emmet,8.2e-5
Evert,8.2e-5
Gaylord,8.2e-5
Graham,8.2e-5
Gustaf,8.2e-5
Hillard,8.2e-5
Howell,8.2e-5
Ida,8.2e-5
Ignacio,8.2e-5
Lenard,8.2e-5
Lige,8.2e-5
Linwood,8.2e-5
Lowell,8.2e-5
Luis,8.2e-5
Manley,8.2e-5
Marcellus,8.2e-5
Mervin,8.2e-5
Nolan,8.2e-5
Norval,8.2e-5
Oran,8.2e-5
Pierre,8.2e-5
Randall,8.2e-5
Reece,8.2e-5
Rodney,8.2e-5
Rolland,8.2e-5
Ruby,8.2e-5
Shirley,8.2e-5
Thaddeus,8.2e-5
Tobe,8.2e-5
West,8.2e-5
Willian,8.2e-5
Ace,7.3e-5
Adelbert,7.3e-5
Alberto,7.3e-5
Alf,7.3e-5
Almer,7.3e-5
Alois,7.3e-5
Alvie,7.3e-5
Andres,7.3e-5
Angelo,7.3e-5
Arlie,7.3e-5
Armond,7.3e-5
Banks,7.3e-5
Barton,7.3e-5
Bedford,7.3e-5
Beverly,7.3e-5
Boss,7.3e-5
Captain,7.3e-5
Clarance,7.3e-5
Cloyd,7.3e-5
Dawson,7.3e-5
Dayton,7.3e-5
Denis,7.3e-5
Doctor,7.3e-5
Eldon,7.3e-5
Elmo,7.3e-5
Elsworth,7.3e-5
Frazier,7.3e-5
Furman,7.3e-5
Gideon,7.3e-5
Godfrey,7.3e-5
Guss,7.3e-5
Hallie,7.3e-5
Harlan,7.3e-5
Helmer,7.3e-5
Junious,7.3e-5
Lacy,7.3e-5
Leander,7.3e-5
Len,7.3e-5
Lincoln,7.3e-5
Lora,7.3e-5
Lum,7.3e-5
Mat,7.3e-5
Merl,7.3e-5
Merlin,7.3e-5
Moody,7.3e-5
Mortimer,7.3e-5
Nat,7.3e-5
Nora,7.3e-5
Norris,7.3e-5
Orla,7.3e-5
Oswald,7.3e-5
Otha,7.3e-5
Ples,7.3e-5
Price,7.3e-5
Rafael,7.3e-5
Rich,7.3e-5
Ronald,7.3e-5
Rubin,7.3e-5
Russel,7.3e-5
Seaborn,7.3e-5
Seymour,7.3e-5
Soloman,7.3e-5
Theron,7.3e-5
Thompson,7.3e-5
Truman,7.3e-5
Vander,7.3e-5
Verne,7.3e-5
Vicente,7.3e-5
Watson,7.3e-5
Wendell,7.3e-5
Willam,7.3e-5
Winfred,7.3e-5
Zeb,7.3e-5
Alden,6.4e-5
Alfredo,6.4e-5
Almon,6.4e-5
Bartholomew,6.4e-5
Berton,6.4e-5
Bird,6.4e-5
Burley,6.4e-5
Byrd,6.4e-5
Cash,6.4e-5
Chalmer,6.4e-5
Collie,6.4e-5
Cornelious,6.4e-5
Dana,6.4e-5
Delmar,6.4e-5
Dolph,6.4e-5
Dominick,6.4e-5
Donnie,6.4e-5
Edith,6.4e-5
Elie,6.4e-5
Eliseo,6.4e-5
Elwin,6.4e-5
Ethan,6.4e-5
Ewing,6.4e-5
Finley,6.4e-5
Freddie,6.4e-5
Gardner,6.4e-5
Gary,6.4e-5
Gerhard,6.4e-5
Glover,6.4e-5
Golden,6.4e-5
Grady,6.4e-5
Hardy,6.4e-5
Haskell,6.4e-5
Heber,6.4e-5
Hector,6.4e-5
Hilary,6.4e-5
Hilton,6.4e-5
Hosteen,6.4e-5
Ivory,6.4e-5
Jule,6.4e-5
Kirby,6.4e-5
Lamar,6.4e-5
Lambert,6.4e-5
Landon,6.4e-5
Leopold,6.4e-5
Levy,6.4e-5
Llewellyn,6.4e-5
Lorenz,6.4e-5
Love,6.4e-5
Malachi,6.4e-5
Maxwell,6.4e-5
Mont,6.4e-5
Myrtle,6.4e-5
Newman,6.4e-5
Obie,6.4e-5
Odie,6.4e-5
Orley,6.4e-5
Peyton,6.4e-5
Sanders,6.4e-5
Seldon,6.4e-5
Simpson,6.4e-5
Squire,6.4e-5
Theophile,6.4e-5
Tillman,6.4e-5
Tomas,6.4e-5
Verner,6.4e-5
Webb,6.4e-5
Addie,5.5e-5
Ah,5.5e-5
Aleck,5.5e-5
Alphonsus,5.5e-5
Amon,5.5e-5
Anson,5.5e-5
Arley,5.5e-5
Asher,5.5e-5
Author,5.5e-5
Bailey,5.5e-5
Bascom,5.5e-5
Bernie,5.5e-5
Billy,5.5e-5
Birt,5.5e-5
Brad,5.5e-5
Brice,5.5e-5
Brooks,5.5e-5
Bryant,5.5e-5
Burrell,5.5e-5
Champ,5.5e-5
Cleo,5.5e-5
Colin,5.5e-5
Creed,5.5e-5
Curt,5.5e-5
Delos,5.5e-5
Denver,5.5e-5
Dolphus,5.5e-5
Eben,5.5e-5
Elam,5.5e-5
Eliga,5.5e-5
Ellwood,5.5e-5
Ely,5.5e-5
Ephram,5.5e-5
Ephriam,5.5e-5
Ethelbert,5.5e-5
Eva,5.5e-5
Evans,5.5e-5
Everette,5.5e-5
Ewald,5.5e-5
Ewell,5.5e-5
Fayette,5.5e-5
Ferd,5.5e-5
Gale,5.5e-5
Gilman,5.5e-5
Gregorio,5.5e-5
Hattie,5.5e-5
Hayes,5.5e-5
Henri,5.5e-5
Hermon,5.5e-5
Horatio,5.5e-5
Hyrum,5.5e-5
Isidore,5.5e-5
Iver,5.5e-5
Jobe,5.5e-5
Joeseph,5.5e-5
Joesph,5.5e-5
Julia,5.5e-5
Kelley,5.5e-5
Lafe,5.5e-5
Laura,5.5e-5
Lawyer,5.5e-5
Leigh,5.5e-5
Lennie,5.5e-5
Leonce,5.5e-5
Leonidas,5.5e-5
Lillian,5.5e-5
Loy,5.5e-5
Mahlon,5.5e-5
Mamie,5.5e-5
Manford,5.5e-5
Milford,5.5e-5
Miller,5.5e-5
Orion,5.5e-5
Orson,5.5e-5
Ottie,5.5e-5
Prentice,5.5e-5
Quincy,5.5e-5
Rollo,5.5e-5
Rose,5.5e-5
Rowland,5.5e-5
Rudolf,5.5e-5
Rudy,5.5e-5
Rush,5.5e-5
Sampson,5.5e-5
Selmer,5.5e-5
Shade,5.5e-5
Sheldon,5.5e-5
Shepherd,5.5e-5
Silvester,5.5e-5
Simeon,5.5e-5
Stanford,5.5e-5
Talmage,5.5e-5
Urban,5.5e-5
Vernie,5.5e-5
Volney,5.5e-5
Wes,5.5e-5
Wilton,5.5e-5
Winston,5.5e-5
Wong,5.5e-5
Woodie,5.5e-5
Wright,5.5e-5
Yancy,5.5e-5
Ab,4.6e-5
Abbie,4.6e-5
Ada,4.6e-5
Adolfo,4.6e-5
Agnes,4.6e-5
Alan,4.6e-5
Alcide,4.6e-5
Alec,4.6e-5
Alejandro,4.6e-5
Alexis,4.6e-5
Alpha,4.6e-5
Alpheus,4.6e-5
Alto,4.6e-5
Alvia,4.6e-5
Arden,4.6e-5
Arlington,4.6e-5
Arnie,4.6e-5
Arvin,4.6e-5
Ballard,4.6e-5
Bee,4.6e-5
Benito,4.6e-5
Benjamen,4.6e-5
Bessie,4.6e-5
Blair,4.6e-5
Blanche,4.6e-5
Bliss,4.6e-5
Bradley,4.6e-5
Brady,4.6e-5
Cal,4.6e-5
Camille,4.6e-5
Cassie,4.6e-5
Cassius,4.6e-5
Catherine,4.6e-5
Charly,4.6e-5
Chin,4.6e-5
Clarke,4.6e-5
Claus,4.6e-5
Cleon,4.6e-5
Cooper,4.6e-5
Cullen,4.6e-5
Dell,4.6e-5
Delmer,4.6e-5
Dennie,4.6e-5
Dewey,4.6e-5
Diego,4.6e-5
Dionicio,4.6e-5
Dixie,4.6e-5
Dominic,4.6e-5
Dora,4.6e-5
Dorr,4.6e-5
Dow,4.6e-5
Duane,4.6e-5
Ebb,4.6e-5
Eber,4.6e-5
Edmon,4.6e-5
Effie,4.6e-5
Ellie,4.6e-5
Elroy,4.6e-5
Elvis,4.6e-5
Estes,4.6e-5
Gabe,4.6e-5
Gilford,4.6e-5
Gottlieb,4.6e-5
Graves,4.6e-5
Gray,4.6e-5
Griffin,4.6e-5
Gussie,4.6e-5
Hardin,4.6e-5
Harlow,4.6e-5
Harman,4.6e-5
Hazel,4.6e-5
Hillery,4.6e-5
Humphrey,4.6e-5
Hurley,4.6e-5
Ignatius,4.6e-5
Jessee,4.6e-5
Jewel,4.6e-5
Jodie,4.6e-5
Lars,4.6e-5
Laurel,4.6e-5
