name,percent
John,0.071186
William,0.066998
James,0.042813
George,0.03781
Charles,0.035339
Frank,0.026625
Joseph,0.023038
Robert,0.021668
Harry,0.021237
Henry,0.019982
Edward,0.019013
Thomas,0.018859
Walter,0.015703
Arthur,0.013163
Fred,0.012816
Albert,0.012070000000000001
Clarence,0.007874
Samuel,0.007166
Louis,0.006805
Roy,0.006589
David,0.006166
Charlie,0.006127
Joe,0.006073
Willie,0.00605
Benjamin,0.006012
Richard,0.005942
Ernest,0.005896
Will,0.005442
Carl,0.005196
Earl,0.005196
Oscar,0.00498
Jesse,0.004903
Andrew,0.004734
Sam,0.004672
Daniel,0.004357
Ralph,0.00421
Alfred,0.004126
Paul,0.004072
Elmer,0.004057
Howard,0.003949
Peter,0.003833
Frederick,0.003818
Herbert,0.003733
Grover,0.003649
Raymond,0.00361
Michael,0.003587
Ben,0.003556
Lee,0.00331
Tom,0.003202
Lewis,0.003171
Herman,0.003102
Harrison,0.003079
Eugene,0.003064
Martin,0.00291
Claude,0.002879
Jim,0.002786
Francis,0.002717
Jacob,0.002717
Leo,0.002717
Clyde,0.002648
Lawrence,0.00264
Harvey,0.002571
Ray,0.002548
Jack,0.00254
Edgar,0.002463
Otto,0.002402
Floyd,0.002325
Ed,0.002317
Edwin,0.002294
Harold,0.002294
Guy,0.002286
Chester,0.002217
Bert,0.002171
Luther,0.002117
Allen,0.002001
Homer,0.001971
Charley,0.001955
Jessie,0.001955
Hugh,0.001947
Theodore,0.001917
Patrick,0.001886
Alexander,0.001832
Leonard,0.001732
Ira,0.001709
Isaac,0.001701
August,0.00164
Bernard,0.001593
Oliver,0.001586
Julius,0.001516
Leon,0.001509
Philip,0.001509
Clifford,0.001493
Anthony,0.001486
Eddie,0.001486
Leroy,0.001478
Archie,0.00147
Lester,0.001455
Stephen,0.001439
Leslie,0.001347
Lloyd,0.001347
Sidney,0.001293
Alex,0.001285
Horace,0.00127
Milton,0.00127
Marion,0.001247
Alvin,0.001201
Everett,0.001201
Norman,0.001201
Dan,0.001185
Stanley,0.001185
Percy,0.001162
Warren,0.001139
Wesley,0.001132
Dave,0.001124
Russell,0.001124
Emil,0.001093
Roscoe,0.001085
Earnest,0.001062
Willis,0.001039
Victor,0.001031
Gus,0.001024
Jess,0.001016
Franklin,9.93e-4
Nathan,9.93e-4
Rufus,9.7e-4
Perry,9.54e-4
Calvin,9.47e-4
Willard,9.47e-4
Jay,9.39e-4
Adam,9.24e-4
Melvin,9.16e-4
Max,9.08e-4
Otis,8.93e-4
Phillip,8.93e-4
Mark,8.85e-4
Matthew,8.85e-4
Virgil,8.62e-4
Wallace,8.54e-4
Alonzo,8.47e-4
Glenn,8.47e-4
Gilbert,8.39e-4
Simon,8.39e-4
Adolph,8.24e-4
Jake,8.24e-4
Dennis,8.16e-4
Cornelius,8.08e-4
Wilbur,7.93e-4
Clinton,7.77e-4
Felix,7.77e-4
Lonnie,7.77e-4
Manuel,7.77e-4
Emmett,7.7e-4
Jose,7.7e-4
Maurice,7.7e-4
Elbert,7.54e-4
Owen,7.54e-4
Nicholas,7.47e-4
Cecil,7.39e-4
Mack,7.39e-4
Morris,7.31e-4
Amos,7.24e-4
Jeff,7.16e-4
Jerry,7.08e-4
Levi,7e-4
Marshall,7e-4
Aaron,6.93e-4
Marvin,6.93e-4
Ross,6.93e-4
Curtis,6.85e-4
Irving,6.85e-4
Elijah,6.77e-4
Claud,6.7e-4
Cleveland,6.7e-4
Orville,6.7e-4
Nelson,6.54e-4
Reuben,6.47e-4
Gordon,6.39e-4
Noah,6.39e-4
Steve,6.39e-4
Sylvester,6.39e-4
Fredrick,6.31e-4
Harley,6.31e-4
Johnnie,6.31e-4
Pete,6.31e-4
Mike,6.23e-4
Moses,6.16e-4
Austin,6.08e-4
Christopher,6.08e-4
Sherman,6.08e-4
Abraham,6e-4
Irvin,6e-4
Jasper,6e-4
Vernon,6e-4
Bennie,5.93e-4
Donald,5.93e-4
Glen,5.93e-4
Edmund,5.85e-4
Ollie,5.85e-4
Timothy,5.85e-4
Eli,5.77e-4
Hubert,5.77e-4
Alva,5.7e-4
Monroe,5.7e-4
Anton,5.54e-4
Thurman,5.54e-4
Ellis,5.47e-4
Karl,5.47e-4
Silas,5.47e-4
Hiram,5.39e-4
Millard,5.39e-4
Ora,5.39e-4
Barney,5.31e-4
Pearl,5.31e-4
Dock,5.23e-4
Edd,5.23e-4
Mathew,5.16e-4
Vincent,5.16e-4
Augustus,5.08e-4
Clifton,4.93e-4
Wiley,4.93e-4
Clayton,4.85e-4
Nathaniel,4.85e-4
Forrest,4.77e-4
Mose,4.77e-4
Wilson,4.77e-4
Andy,4.62e-4
Columbus,4.62e-4
Bob,4.54e-4
Chris,4.54e-4
Asa,4.46e-4
Bill,4.46e-4
Preston,4.46e-4
Tony,4.39e-4
Benjiman,4.31e-4
Juan,4.31e-4
Lon,4.23e-4
Ervin,4.16e-4
Rudolph,4.16e-4
Ike,4.08e-4
Morton,4.08e-4
Byron,4e-4
Gustave,4e-4
Arnold,3.93e-4
Christian,3.93e-4
Don,3.85e-4
Douglas,3.85e-4
Joshua,3.85e-4
Mary,3.85e-4
Newton,3.85e-4
Wade,3.85e-4
Roland,3.77e-4
Bud,3.69e-4
Joel,3.69e-4
Louie,3.69e-4
Nick,3.69e-4
Antonio,3.62e-4
Julian,3.62e-4
Marcus,3.62e-4
Roger,3.62e-4
Abe,3.54e-4
Anderson,3.54e-4
Bruce,3.46e-4
Clark,3.46e-4
Cyrus,3.46e-4
Delbert,3.46e-4
Grant,3.46e-4
Kenneth,3.46e-4
Luke,3.46e-4
Cleve,3.39e-4
Conrad,3.39e-4
Mitchell,3.39e-4
Scott,3.39e-4
Edmond,3.31e-4
Johnie,3.31e-4
Matt,3.31e-4
Miles,3.31e-4
Solomon,3.31e-4
Burton,3.23e-4
Ferdinand,3.23e-4
Ambrose,3.16e-4
Boyd,3.16e-4
Earle,3.16e-4
Wayne,3.16e-4
Ole,3.08e-4
Royal,3.08e-4
Allie,2.93e-4
Laurence,2.93e-4
Spencer,2.93e-4
Carroll,2.85e-4
Elisha,2.85e-4
Emery,2.85e-4
Leland,2.85e-4
Major,2.85e-4
Neal,2.85e-4
Porter,2.85e-4
Riley,2.85e-4
Fletcher,2.77e-4
Forest,2.77e-4
Jackson,2.77e-4
Lorenzo,2.77e-4
Wilfred,2.77e-4
Arch,2.69e-4
Dee,2.69e-4
Emory,2.69e-4
Isiah,2.69e-4
Jerome,2.69e-4
Walker,2.69e-4
Freeman,2.62e-4
Jeremiah,2.62e-4
Lucius,2.62e-4
Lyman,2.62e-4
Chas,2.54e-4
Jefferson,2.54e-4
Clement,2.46e-4
Dewitt,2.46e-4
Ezra,2.46e-4
Green,2.46e-4
Ivan,2.46e-4
Jimmie,2.46e-4
Judson,2.46e-4
Lemuel,2.46e-4
Myron,2.46e-4
Nels,2.46e-4
Clay,2.39e-4
Elwood,2.39e-4
Garfield,2.39e-4
General,2.39e-4
Isaiah,2.39e-4
Van,2.39e-4
Allan,2.31e-4
Burt,2.31e-4
Dallas,2.31e-4
Dudley,2.31e-4
Emanuel,2.31e-4
Emmet,2.31e-4
Enoch,2.31e-4
Gerald,2.31e-4
Gustav,2.31e-4
Jonas,2.31e-4
Ned,2.31e-4
Pat,2.31e-4
Seth,2.31e-4
Carlos,2.23e-4
Clem,2.23e-4
Omer,2.23e-4
Taylor,2.23e-4
Ward,2.23e-4
Wilbert,2.23e-4
Erwin,2.16e-4
Loyd,2.16e-4
Rex,2.16e-4
Vern,2.16e-4
Dick,2.08e-4
Hans,2.08e-4
Harris,2.08e-4
Hugo,2.08e-4
King,2.08e-4
Turner,2.08e-4
Abram,2e-4
Anna,2e-4
Clair,2e-4
Elliott,2e-4
Foster,2e-4
Herschel,2e-4
Lucian,2e-4
Malcolm,2e-4
Ramon,2e-4
Washington,2e-4
Abner,1.92e-4
Casper,1.92e-4
Ellsworth,1.92e-4
Gust,1.92e-4
Pedro,1.92e-4
Sterling,1.92e-4
Ulysses,1.92e-4
Wm,1.92e-4
Chauncey,1.85e-4
Elias,1.85e-4
Granville,1.85e-4
Hardy,1.85e-4
Josh,1.85e-4
Lige,1.85e-4
Smith,1.85e-4
Wash,1.85e-4
Winfield,1.85e-4
Zack,1.85e-4
Al,1.77e-4
Benjaman,1.77e-4
Fritz,1.77e-4
Houston,1.77e-4
Israel,1.77e-4
Judge,1.77e-4
Loren,1.77e-4
Neil,1.77e-4
Otho,1.77e-4
Randolph,1.77e-4
Warner,1.77e-4
Archibald,1.69e-4
Evan,1.69e-4
Lyle,1.69e-4
Napoleon,1.69e-4
Sandy,1.69e-4
Sanford,1.69e-4
Berry,1.62e-4
Dwight,1.62e-4
Emile,1.62e-4
Francisco,1.62e-4
Jason,1.62e-4
Johnny,1.62e-4
Madison,1.62e-4
Morgan,1.62e-4
Ruben,1.62e-4
Stewart,1.62e-4
Ted,1.62e-4
Tommie,1.62e-4
Addison,1.54e-4
Alphonse,1.54e-4
Basil,1.54e-4
Burl,1.54e-4
Enos,1.54e-4
Giles,1.54e-4
Hal,1.54e-4
Jesus,1.54e-4
Lawson,1.54e-4
Mathias,1.54e-4
Milo,1.54e-4
Saul,1.54e-4
Steven,1.54e-4
Troy,1.54e-4
Adrian,1.46e-4
Carlton,1.46e-4
Davis,1.46e-4
Frederic,1.46e-4
Lafayette,1.46e-4
Larry,1.46e-4
Micheal,1.46e-4
Olin,1.46e-4
Omar,1.46e-4
Prince,1.46e-4
Thornton,1.46e-4
Webster,1.46e-4
Adolphus,1.39e-4
Albin,1.39e-4
Alton,1.39e-4
Aubrey,1.39e-4
Barton,1.39e-4
Buck,1.39e-4
Early,1.39e-4
Emerson,1.39e-4
Garland,1.39e-4
Harmon,1.39e-4
Harve,1.39e-4
Hector,1.39e-4
Irwin,1.39e-4
Johnson,1.39e-4
Jonathan,1.39e-4
Jordan,1.39e-4
Jules,1.39e-4
Logan,1.39e-4
Lonzo,1.39e-4
Murray,1.39e-4
Simeon,1.39e-4
Sydney,1.39e-4
Truman,1.39e-4
Aloysius,1.31e-4
Arlie,1.31e-4
Caleb,1.31e-4
Christ,1.31e-4
Coleman,1.31e-4
Dorsey,1.31e-4
Elmo,1.31e-4
Elza,1.31e-4
Emma,1.31e-4
Hosea,1.31e-4
Lynn,1.31e-4
Oren,1.31e-4
Phil,1.31e-4
Pink,1.31e-4
Sim,1.31e-4
Valentine,1.31e-4
Wendell,1.31e-4
Wilburn,1.31e-4
Wilford,1.31e-4
Axel,1.23e-4
Bryant,1.23e-4
Cary,1.23e-4
Elmore,1.23e-4
Elton,1.23e-4
Elzie,1.23e-4
Ephraim,1.23e-4
Ezekiel,1.23e-4
Geo,1.23e-4
Hunter,1.23e-4
Josiah,1.23e-4
Lucien,1.23e-4
Orrin,1.23e-4
Palmer,1.23e-4
Price,1.23e-4
Rollie,1.23e-4
Tobe,1.23e-4
Toney,1.23e-4
Wilmer,1.23e-4
Wyatt,1.23e-4
Zeb,1.23e-4
Alford,1.15e-4
Bennett,1.15e-4
Carter,1.15e-4
Cliff,1.15e-4
Dale,1.15e-4
Dell,1.15e-4
Duncan,1.15e-4
Elvin,1.15e-4
Frances,1.15e-4
Junius,1.15e-4
Lincoln,1.15e-4
Lum,1.15e-4
Melton,1.15e-4
Merle,1.15e-4
Noble,1.15e-4
Reed,1.15e-4
Ronald,1.15e-4
Shelby,1.15e-4
Stuart,1.15e-4
Terry,1.15e-4
Thaddeus,1.15e-4
Tomas,1.15e-4
Waldo,1.15e-4
Alvah,1.08e-4
Angus,1.08e-4
Bart,1.08e-4
Bertram,1.08e-4
Billie,1.08e-4
Cicero,1.08e-4
Eben,1.08e-4
Emmitt,1.08e-4
Evans,1.08e-4
Fay,1.08e-4
Harlan,1.08e-4
Issac,1.08e-4
Jean,1.08e-4
Jones,1.08e-4
Mason,1.08e-4
Merrill,1.08e-4
Minnie,1.08e-4
Norris,1.08e-4
Orlando,1.08e-4
Orval,1.08e-4
Pierce,1.08e-4
Reginald,1.08e-4
Rolla,1.08e-4
Roman,1.08e-4
Shirley,1.08e-4
Sol,1.08e-4
Avery,1e-4
Bernie,1e-4
Bertha,1e-4
Blaine,1e-4
Buford,1e-4
Carey,1e-4
Clint,1e-4
Cloyd,1e-4
Eric,1e-4
Fate,1e-4
Gabriel,1e-4
Gideon,1e-4
Godfrey,1e-4
Hazel,1e-4
Henderson,1e-4
Hilliard,1e-4
Ida,1e-4
Isom,1e-4
Lacy,1e-4
Lem,1e-4
Levy,1e-4
Lindsey,1e-4
Noel,1e-4
Rolland,1e-4
Vester,1e-4
Wylie,1e-4
Bessie,9.2e-5
Clarance,9.2e-5
Clare,9.2e-5
Cleo,9.2e-5
Dean,9.2e-5
Doc,9.2e-5
Elizabeth,9.2e-5
Erastus,9.2e-5
Ernst,9.2e-5
Ethel,9.2e-5
Gene,9.2e-5
Hollis,9.2e-5
Isadore,9.2e-5
Larkin,9.2e-5
Lucious,9.2e-5
Merritt,9.2e-5
Miller,9.2e-5
Minor,9.2e-5
Nat,9.2e-5
Olaf,9.2e-5
Orin,9.2e-5
Rodney,9.2e-5
Ruby,9.2e-5
Russel,9.2e-5
Thad,9.2e-5
Walton,9.2e-5
Webb,9.2e-5
West,9.2e-5
Wong,9.2e-5
Ace,8.5e-5
Alma,8.5e-5
Alonza,8.5e-5
Alphonso,8.5e-5
Alvis,8.5e-5
Annie,8.5e-5
Antone,8.5e-5
Benjamine,8.5e-5
Bishop,8.5e-5
Blair,8.5e-5
Chin,8.5e-5
Colonel,8.5e-5
Crawford,8.5e-5
Dillard,8.5e-5
Eldon,8.5e-5
Evert,8.5e-5
Florence,8.5e-5
Hallie,8.5e-5
Jule,8.5e-5
Laura,8.5e-5
Mac,8.5e-5
Martha,8.5e-5
May,8.5e-5
Melville,8.5e-5
Merton,8.5e-5
Mont,8.5e-5
Oral,8.5e-5
Oswald,8.5e-5
Pablo,8.5e-5
Parker,8.5e-5
Press,8.5e-5
Rube,8.5e-5
Rupert,8.5e-5
Verne,8.5e-5
Wheeler,8.5e-5
Wilber,8.5e-5
Willam,8.5e-5
Worth,8.5e-5
Adelbert,7.7e-5
Alf,7.7e-5
Alvie,7.7e-5
Archer,7.7e-5
Artie,7.7e-5
Auther,7.7e-5
Baxter,7.7e-5
Bee,7.7e-5
Billy,7.7e-5
Cassius,7.7e-5
Clara,7.7e-5
Coy,7.7e-5
Cyril,7.7e-5
Danial,7.7e-5
Delmar,7.7e-5
Dexter,7.7e-5
Drew,7.7e-5
Ennis,7.7e-5
Fleming,7.7e-5
Furman,7.7e-5
Garrett,7.7e-5
Golden,7.7e-5
Grace,7.7e-5
Guss,7.7e-5
Handy,7.7e-5
Haywood,7.7e-5
Henery,7.7e-5
June,7.7e-5
Kelly,7.7e-5
Len,7.7e-5
Linwood,7.7e-5
Lou,7.7e-5
Manley,7.7e-5
Margaret,7.7e-5
Mat,7.7e-5
Maude,7.7e-5
Ocie,7.7e-5
Odis,7.7e-5
Orange,7.7e-5
Pierre,7.7e-5
Raleigh,7.7e-5
Ransom,7.7e-5
Richmond,7.7e-5
Rogers,7.7e-5
Rome,7.7e-5
Rubin,7.7e-5
Seymour,7.7e-5
Son,7.7e-5
Talmage,7.7e-5
Terrence,7.7e-5
Tim,7.7e-5
Tommy,7.7e-5
Tracy,7.7e-5
Urban,7.7e-5
Watson,7.7e-5
Weldon,7.7e-5
Woodie,7.7e-5
Alec,6.9e-5
Angelo,6.9e-5
Arther,6.9e-5
Augustine,6.9e-5
Benton,6.9e-5
Brady,6.9e-5
Cal,6.9e-5
Carlisle,6.9e-5
Carson,6.9e-5
Cora,6.9e-5
Courtney,6.9e-5
Domingo,6.9e-5
Elie,6.9e-5
Grady,6.9e-5
Hayes,6.9e-5
Heber,6.9e-5
Hezekiah,6.9e-5
Hollie,6.9e-5
Hosie,6.9e-5
Hudson,6.9e-5
Hughie,6.9e-5
Huston,6.9e-5
Hyrum,6.9e-5
Ivy,6.9e-5
Joeseph,6.9e-5
Justin,6.9e-5
Kyle,6.9e-5
Lennie,6.9e-5
Lew,6.9e-5
Lionel,6.9e-5
Louise,6.9e-5
Love,6.9e-5
Lowell,6.9e-5
Luis,6.9e-5
Marcellus,6.9e-5
Milford,6.9e-5
Norbert,6.9e-5
Orie,6.9e-5
Orvel,6.9e-5
Perley,6.9e-5
Rafael,6.9e-5
Rich,6.9e-5
Rose,6.9e-5
Sampson,6.9e-5
Sid,6.9e-5
Terence,6.9e-5
Theo,6.9e-5
Tollie,6.9e-5
Verner,6.9e-5
Wellington,6.9e-5
Williams,6.9e-5
Abel,6.2e-5
Anastacio,6.2e-5
Angel,6.2e-5
Antoine,6.2e-5
Bascom,6.2e-5
Bonnie,6.2e-5
Brown,6.2e-5
Daisy,6.2e-5
Dawson,6.2e-5
Doctor,6.2e-5
Duke,6.2e-5
Earlie,6.2e-5
Egbert,6.2e-5
Ella,6.2e-5
Elliot,6.2e-5
Elwin,6.2e-5
Emmit,6.2e-5
Epifanio,6.2e-5
Everette,6.2e-5
Finley,6.2e-5
Ford,6.2e-5
Gabe,6.2e-5
Gay,6.2e-5
Graham,6.2e-5
Hamp,6.2e-5
Harvy,6.2e-5
Helmer,6.2e-5
Henri,6.2e-5
Holly,6.2e-5
Horton,6.2e-5
Ivory,6.2e-5
Lena,6.2e-5
Lindsay,6.2e-5
Lorenza,6.2e-5
Loy,6.2e-5
Mahlon,6.2e-5
Manning,6.2e-5
Marie,6.2e-5
Marshal,6.2e-5
Maynard,6.2e-5
Mervin,6.2e-5
Michel,6.2e-5
Mortimer,6.2e-5
Nellie,6.2e-5
Obie,6.2e-5
Ola,6.2e-5
Ossie,6.2e-5
Park,6.2e-5
Pleasant,6.2e-5
Rice,6.2e-5
Rush,6.2e-5
Sammie,6.2e-5
Samual,6.2e-5
Santiago,6.2e-5
Sullivan,6.2e-5
Theron,6.2e-5
Tillman,6.2e-5
Vicente,6.2e-5
Waymon,6.2e-5
Wright,6.2e-5
Alfonso,5.4e-5
Alger,5.4e-5
Alois,5.4e-5
Arno,5.4e-5
Aron,5.4e-5
Arvid,5.4e-5
Asbury,5.4e-5
Ashby,5.4e-5
Ashley,5.4e-5
Bartholomew,5.4e-5
Beecher,5.4e-5
Burley,5.4e-5
Burney,5.4e-5
Burnie,5.4e-5
Burr,5.4e-5
Buster,5.4e-5
Callie,5.4e-5
Clovis,5.4e-5
Cody,5.4e-5
Craig,5.4e-5
Dayton,5.4e-5
Denis,5.4e-5
Dennie,5.4e-5
Dewey,5.4e-5
Doss,5.4e-5
Douglass,5.4e-5
Edith,5.4e-5
Edson,5.4e-5
Elgie,5.4e-5
Eliga,5.4e-5
Ellie,5.4e-5
Ellison,5.4e-5
Elsie,5.4e-5
Emit,5.4e-5
Erie,5.4e-5
Ernie,5.4e-5
Estes,5.4e-5
Ewald,5.4e-5
Fannie,5.4e-5
Felipe,5.4e-5
Felton,5.4e-5
Fenton,5.4e-5
Finis,5.4e-5
Frazier,5.4e-5
Freddie,5.4e-5
Gail,5.4e-5
Gaston,5.4e-5
Glover,5.4e-5
Harlie,5.4e-5
Hershel,5.4e-5
Howell,5.4e-5
Ignatius,5.4e-5
Irl,5.4e-5
Isham,5.4e-5
Jarvis,5.4e-5
Jewell,5.4e-5
Julious,5.4e-5
Junior,5.4e-5
Keith,5.4e-5
Kirk,5.4e-5
Knox,5.4e-5
Lamar,5.4e-5
Laverne,5.4e-5
Leigh,5.4e-5
Lillian,5.4e-5
Lillie,5.4e-5
Llewellyn,5.4e-5
Malachi,5.4e-5
Manford,5.4e-5
Mart,5.4e-5
Maxie,5.4e-5
Maxwell,5.4e-5
Mitchel,5.4e-5
Myles,5.4e-5
Newt,5.4e-5
Nils,5.4e-5
Nora,5.4e-5
Odell,5.4e-5
Odie,5.4e-5
Oran,5.4e-5
Orson,5.4e-5
Osborne,5.4e-5
Ottis,5.4e-5
Reece,5.4e-5
Reese,5.4e-5
Roderick,5.4e-5
Rollin,5.4e-5
Rosco,5.4e-5
Rowland,5.4e-5
Sanders,5.4e-5
Sie,5.4e-5
Soloman,5.4e-5
Sonny,5.4e-5
Thos,5.4e-5
Tobias,5.4e-5
Uriah,5.4e-5
Vance,5.4e-5
Vere,5.4e-5
Virgie,5.4e-5
Vivian,5.4e-5
Volney,5.4e-5
Willian,5.4e-5
Zollie,5.4e-5
Abbott,4.6e-5
Alan,4.6e-5
Alden,4.6e-5
Alpha,4.6e-5
Alpheus,4.6e-5
Armand,4.6e-5
Art,4.6e-5
Bailey,4.6e-5
Benjman,4.6e-5
Benny,4.6e-5
Bernardo,4.6e-5
Bertie,4.6e-5
Beverly,4.6e-5
Boss,4.6e-5
Brooks,4.6e-5
Bruno,4.6e-5
Burnett,4.6e-5
Burrell,4.6e-5
Butler,4.6e-5
Caesar,4.6e-5
Cameron,4.6e-5
Carleton,4.6e-5
Carrie,4.6e-5
Casey,4.6e-5
Catherine,4.6e-5
Celestino,4.6e-5
Cephus,4.6e-5
Cleave,4.6e-5
Collins,4.6e-5
Cornelious,4.6e-5
Courtland,4.6e-5
Dana,4.6e-5
Della,4.6e-5
Denton,4.6e-5
Dolph,4.6e-5
Dolphus,4.6e-5
Dora,4.6e-5
Ebb,4.6e-5
Eber,4.6e-5
Effie,4.6e-5
Eldridge,4.6e-5
Ely,4.6e-5
Ephriam,4.6e-5
Fayette,4.6e-5
Ferd,4.6e-5
Fredric,4.6e-5
Gardner,4.6e-5
Garnett,4.6e-5
Gary,4.6e-5
Gregorio,4.6e-5
Gussie,4.6e-5
Hamilton,4.6e-5
Hardin,4.6e-5
Hart,4.6e-5
Harvie,4.6e-5
Hayden,4.6e-5
Hayward,4.6e-5
Hermon,4.6e-5
Hillary,4.6e-5
Hilmer,4.6e-5
Holland,4.6e-5
Hosteen,4.6e-5
Hurley,4.6e-5
Iver,4.6e-5
Jacques,4.6e-5
Jodie,4.6e-5
Johny,4.6e-5
Jonah,4.6e-5
Jordon,4.6e-5
Julia,4.6e-5
Julien,4.6e-5
Julio,4.6e-5
Kay,4.6e-5
Kelley,4.6e-5
Kirby,4.6e-5
Lavern,4.6e-5
Le,4.6e-5
Leeroy,4.6e-5
Leopold,4.6e-5
Linus,4.6e-5
Liston,4.6e-5
Lonie,4.6e-5
Lott,4.6e-5
