name,percent
Mary,0.062041
Anna,0.026296
Elizabeth,0.017017
Emma,0.016294
Margaret,0.015328
Minnie,0.014009
Bertha,0.012932
Florence,0.0129
Ethel,0.012531
Bessie,0.012029
Clara,0.011771
Ida,0.011765
Alice,0.011623
Annie,0.011549
Grace,0.011032
Helen,0.009749
Mabel,0.009659
Ella,0.009364
Martha,0.009337
Sarah,0.009263
Nellie,0.009163
Edna,0.008904
Lillian,0.008741
Carrie,0.008693
Laura,0.008572
Pearl,0.008398
Rose,0.008392
Gertrude,0.007749
Edith,0.007669
Frances,0.007669
Cora,0.007564
Maude,0.007369
Louise,0.007041
Eva,0.007015
Myrtle,0.006915
Hattie,0.006851
Jennie,0.006851
Julia,0.00682
Mattie,0.006693
Marie,0.00664
Lillie,0.006593
Catherine,0.006397
Jessie,0.006334
Lula,0.006191
Lena,0.006133
Ada,0.005891
Elsie,0.005869
Agnes,0.005521
Josephine,0.005284
Fannie,0.005231
Lucy,0.005088
Blanche,0.004977
Mamie,0.00484
Dora,0.00474
Hazel,0.00474
Katherine,0.004714
Maggie,0.004655
Alma,0.004502
Ruth,0.004487
Mae,0.004413
Nora,0.004392
Rosa,0.004392
May,0.004128
Stella,0.004091
Effie,0.003927
Irene,0.003811
Nettie,0.003653
Ellen,0.003647
Sadie,0.003647
Sallie,0.003341
Della,0.003278
Susie,0.003278
Daisy,0.00323
Viola,0.003146
Lizzie,0.00313
Nancy,0.003072
Esther,0.003019
Flora,0.002856
Willie,0.002755
Katie,0.002724
Lottie,0.002697
Etta,0.002639
Mildred,0.002634
Georgia,0.002518
Lydia,0.002491
Maud,0.002476
Olive,0.002454
Charlotte,0.002449
Caroline,0.002417
Emily,0.002412
Addie,0.002402
Jane,0.002354
Kathryn,0.002354
Ruby,0.002354
Beulah,0.002249
Ollie,0.002169
Amanda,0.002132
Pauline,0.002074
Harriet,0.002053
Virginia,0.002032
Theresa,0.00199
Mollie,0.001974
Dorothy,0.001969
Nannie,0.001969
Lulu,0.001937
Susan,0.001921
Kate,0.0019
Amelia,0.00189
Henrietta,0.001842
Eliza,0.00181
Rebecca,0.001779
Matilda,0.001731
Ora,0.001715
Marion,0.0017
Belle,0.001673
Beatrice,0.001668
Gladys,0.001657
Leona,0.001642
Lola,0.001605
Nina,0.001605
Estella,0.001599
Iva,0.001594
Ann,0.001557
Hannah,0.001557
Sara,0.001547
Anne,0.001541
Lela,0.001541
Eleanor,0.00152
Rachel,0.001483
Estelle,0.001446
Augusta,0.001425
Vera,0.001388
Goldie,0.001378
Josie,0.001357
Barbara,0.001335
Sophia,0.001325
Mayme,0.001304
Maria,0.001262
Evelyn,0.001251
Amy,0.001246
Marguerite,0.00124
Inez,0.00123
Essie,0.001214
Allie,0.001177
Eula,0.001177
Hilda,0.001156
Alta,0.001151
Betty,0.001135
Millie,0.001124
Rosie,0.001114
Mable,0.001103
Victoria,0.001093
Ina,0.001087
Janie,0.001087
Delia,0.001056
Ola,0.001056
Celia,0.001035
Callie,0.001029
Nell,9.92e-4
Flossie,9.61e-4
Birdie,9.55e-4
Eunice,9.5e-4
Bertie,9.45e-4
Lucille,9.45e-4
Winifred,9.29e-4
Olga,9.08e-4
Rena,9.08e-4
Luella,9.03e-4
Sophie,9.03e-4
Christine,8.97e-4
Leila,8.97e-4
Bettie,8.92e-4
Lou,8.92e-4
Sylvia,8.76e-4
Verna,8.71e-4
Bess,8.66e-4
Bernice,8.29e-4
Loretta,8.29e-4
Frieda,8.13e-4
Genevieve,8.13e-4
Tillie,8.13e-4
Isabelle,8.08e-4
Louisa,8.02e-4
Alberta,7.76e-4
Jean,7.65e-4
Violet,7.65e-4
Isabel,7.6e-4
Winnie,7.55e-4
Sally,7.5e-4
Selma,7.34e-4
Abbie,7.23e-4
Roxie,7.18e-4
Myra,7.07e-4
Dollie,7.02e-4
Mathilda,7.02e-4
Rhoda,6.86e-4
Adeline,6.76e-4
Elva,6.76e-4
Lelia,6.76e-4
Hulda,6.65e-4
Jeanette,6.65e-4
Lilly,6.55e-4
Carolyn,0.00064899999999999995
Hettie,6.33e-4
Irma,6.33e-4
Lois,6.33e-4
Gussie,6.23e-4
Harriett,6.23e-4
Johanna,6.23e-4
Leah,6.23e-4
Marjorie,6.23e-4
Sue,6.18e-4
Adele,6.12e-4
Cornelia,6.12e-4
Christina,6.02e-4
Cecelia,5.96e-4
Hester,5.96e-4
Virgie,5.91e-4
Teresa,5.86e-4
Zella,5.86e-4
Geneva,5.75e-4
Jeannette,5.75e-4
Katharine,5.7e-4
Lora,5.65e-4
Lenora,5.54e-4
Nelle,5.54e-4
Mina,5.49e-4
Helena,5.44e-4
Lily,5.38e-4
Norma,5.33e-4
Frankie,5.28e-4
Meta,5.23e-4
Adelaide,5.17e-4
Cecilia,5.12e-4
Elma,5.12e-4
Lucinda,5.12e-4
Freda,5.01e-4
Linnie,5.01e-4
Lucile,4.96e-4
Hallie,4.91e-4
Naomi,4.91e-4
Marian,4.86e-4
Regina,4.86e-4
Gertie,4.8e-4
Lura,4.8e-4
Lettie,4.75e-4
Francis,4.64e-4
Lila,4.64e-4
Wilhelmina,4.64e-4
Elsa,4.59e-4
Mittie,4.54e-4
Lida,4.43e-4
Erma,4.38e-4
Elnora,4.33e-4
Cassie,4.28e-4
Cecile,4.28e-4
Claudia,4.28e-4
Ophelia,4.28e-4
Madeline,4.22e-4
Minerva,4.17e-4
Dessie,4.12e-4
Fern,4.06e-4
Juanita,4.06e-4
Linda,4.06e-4
Madge,4.06e-4
Vivian,4.06e-4
Fanny,3.96e-4
Lorena,3.96e-4
Roberta,3.91e-4
Claire,3.85e-4
Malinda,3.85e-4
Pearlie,3.85e-4
Ivy,3.8e-4
Leola,3.8e-4
Myrtie,3.8e-4
Olivia,3.75e-4
Alvina,3.69e-4
Bonnie,3.69e-4
Eugenia,3.69e-4
Corinne,3.64e-4
Lessie,3.64e-4
Margie,3.64e-4
Nona,3.64e-4
Janet,3.59e-4
Maudie,3.59e-4
Kathleen,3.54e-4
Velma,3.54e-4
Antoinette,3.48e-4
Belva,3.48e-4
Catharine,3.48e-4
Emilie,3.43e-4
Gracie,3.43e-4
Oma,3.43e-4
Phoebe,3.43e-4
Fay,3.38e-4
Miriam,3.38e-4
Cleo,3.33e-4
Dovie,3.33e-4
Isabella,3.33e-4
Letha,3.33e-4
Neva,3.33e-4
Rosalie,3.33e-4
Blanch,3.27e-4
Chloe,3.27e-4
Lee,3.22e-4
Mabelle,3.22e-4
Rosetta,3.22e-4
Orpha,3.17e-4
Polly,3.17e-4
Anita,3.11e-4
Dolly,3.11e-4
Elvira,3.11e-4
Veronica,3.11e-4
Cynthia,3.06e-4
Mandy,3.06e-4
Ona,3.06e-4
Angeline,3.01e-4
Johnnie,3.01e-4
Pearle,3.01e-4
Faye,2.96e-4
Leota,2.96e-4
Lilla,2.96e-4
Lona,2.96e-4
Priscilla,2.96e-4
Doris,2.9e-4
Georgie,2.9e-4
Cordelia,2.85e-4
Kittie,2.85e-4
Nola,2.85e-4
Sudie,2.85e-4
Artie,2.8e-4
Floy,2.8e-4
John,2.74e-4
Opal,2.74e-4
Rita,2.74e-4
Vida,2.74e-4
Angie,2.69e-4
Lyda,2.69e-4
Octavia,2.69e-4
Vesta,2.69e-4
June,2.64e-4
Louella,2.64e-4
Ila,2.59e-4
Maybelle,2.59e-4
Pansy,2.59e-4
Rae,2.59e-4
Alpha,2.48e-4
Charity,2.48e-4
Dona,2.43e-4
Edythe,2.43e-4
Ernestine,2.43e-4
Evie,2.43e-4
Isabell,2.43e-4
Margret,2.43e-4
Nan,2.43e-4
Annette,2.38e-4
Bell,2.38e-4
Iola,2.38e-4
James,2.38e-4
Lina,2.38e-4
Zula,2.38e-4
Antonia,2.32e-4
Jannie,2.32e-4
Mazie,2.32e-4
Tessie,2.32e-4
Clare,2.27e-4
Constance,2.27e-4
Muriel,2.27e-4
Adelia,2.22e-4
Pattie,2.22e-4
William,2.22e-4
Zoe,2.22e-4
Zora,2.22e-4
Audrey,2.16e-4
Ava,2.16e-4
Ellie,2.16e-4
Leonora,2.16e-4
Leta,2.16e-4
Magdalena,2.16e-4
Eda,2.11e-4
Florida,2.11e-4
Geraldine,2.11e-4
Leora,2.11e-4
Melissa,2.11e-4
Melvina,2.11e-4
Tina,2.11e-4
Bridget,2.06e-4
Helene,2.06e-4
Mellie,2.06e-4
Pinkie,2.06e-4
Tena,2.06e-4
Vina,2.06e-4
Willa,2.06e-4
Adah,2.01e-4
Berta,2.01e-4
Dena,2.01e-4
Dixie,2.01e-4
Dorothea,2.01e-4
Hanna,2.01e-4
Lauretta,2.01e-4
Lavina,2.01e-4
Rosella,2.01e-4
Angelina,1.95e-4
Donna,1.95e-4
Hilma,1.95e-4
Joanna,1.95e-4
Marietta,1.95e-4
Missouri,1.95e-4
Molly,1.95e-4
Savannah,1.95e-4
Wilma,1.95e-4
Zelma,1.95e-4
Aline,1.9e-4
Aurelia,1.9e-4
Cecil,1.9e-4
George,1.9e-4
Hortense,1.9e-4
Jimmie,1.9e-4
Winnifred,1.9e-4
Bennie,1.85e-4
Besse,1.85e-4
Ethyl,1.85e-4
Golda,1.85e-4
Lucretia,1.85e-4
Clyde,1.79e-4
Eloise,1.79e-4
Erna,1.79e-4
Georgianna,1.79e-4
Hedwig,1.79e-4
Lucia,1.79e-4
Agatha,1.74e-4
Angela,1.74e-4
Elisabeth,1.74e-4
Elise,1.74e-4
Emelia,1.74e-4
Marcella,1.74e-4
Reba,1.74e-4
Una,1.74e-4
Alva,1.69e-4
Ettie,1.69e-4
Mona,1.69e-4
Shirley,1.69e-4
Bella,1.64e-4
Iona,1.64e-4
Lenore,1.64e-4
Louie,1.64e-4
Ludie,1.64e-4
Minna,1.64e-4
Retta,1.64e-4
Sena,1.64e-4
Dolores,1.58e-4
Libbie,1.58e-4
Lue,1.58e-4
Mallie,1.58e-4
Vernie,1.58e-4
Vinnie,1.58e-4
Zona,1.58e-4
Clementine,1.53e-4
Cordie,1.53e-4
Inga,1.53e-4
Jettie,1.53e-4
Lennie,1.53e-4
Lonie,1.53e-4
Manda,1.53e-4
Mertie,1.53e-4
Phyllis,1.53e-4
Ray,1.53e-4
Tennie,1.53e-4
Vallie,1.53e-4
Charles,1.48e-4
Docia,1.48e-4
Idella,1.48e-4
Ione,1.48e-4
Kitty,1.48e-4
Liza,1.48e-4
Paula,1.48e-4
Adda,1.43e-4
Celeste,1.43e-4
Eddie,1.43e-4
Elda,1.43e-4
Eugenie,1.43e-4
Jewell,1.43e-4
Lovie,1.43e-4
Susanna,1.43e-4
Vada,1.43e-4
Albina,1.37e-4
Carmen,1.37e-4
Coral,1.37e-4
Deborah,1.37e-4
Elenora,1.37e-4
Emmie,1.37e-4
Era,1.37e-4
Georgiana,1.37e-4
Julie,1.37e-4
Lenna,1.37e-4
Letitia,1.37e-4
Marcia,1.37e-4
Mathilde,1.37e-4
Natalie,1.37e-4
Rilla,1.37e-4
Veda,1.37e-4
Verda,1.37e-4
Almeda,1.32e-4
Corine,1.32e-4
Glenna,1.32e-4
Henry,1.32e-4
Madeleine,1.32e-4
Madie,1.32e-4
Merle,1.32e-4
Odessa,1.32e-4
Queen,1.32e-4
Avis,1.27e-4
Carolina,1.27e-4
Corrie,1.27e-4
Donnie,1.27e-4
Easter,1.27e-4
Esta,1.27e-4
Jenny,1.27e-4
Joe,1.27e-4
Luna,1.27e-4
Onie,1.27e-4
Petra,1.27e-4
Philomena,1.27e-4
Wilda,1.27e-4
Celestine,1.21e-4
Elizebeth,1.21e-4
Emilia,1.21e-4
Ira,1.21e-4
Leslie,1.21e-4
Mahala,1.21e-4
Ocie,1.21e-4
Zola,1.21e-4
Amalia,1.16e-4
Betsy,1.16e-4
Clemmie,1.16e-4
Donie,1.16e-4
Imogene,1.16e-4
Kathrine,1.16e-4
Kattie,1.16e-4
Lavinia,1.16e-4
Lilian,1.16e-4
Lucie,1.16e-4
Patsy,1.16e-4
Rosina,1.16e-4
Sophronia,1.16e-4
Theresia,1.16e-4
Wanda,1.16e-4
Adela,1.11e-4
Altha,1.11e-4
Althea,1.11e-4
Connie,1.11e-4
Corrine,1.11e-4
Delphia,1.11e-4
Elinor,1.11e-4
Ester,1.11e-4
Frank,1.11e-4
Melinda,1.11e-4
Anastasia,1.06e-4
Annetta,1.06e-4
Ara,1.06e-4
Carol,1.06e-4
Lorraine,1.06e-4
Lutie,1.06e-4
Maye,1.06e-4
Metta,1.06e-4
Myrta,1.06e-4
Prudence,1.06e-4
Rhea,1.06e-4
Rubie,1.06e-4
Tommie,1.06e-4
Vena,1.06e-4
Adella,1e-4
Alida,1e-4
Annabelle,1e-4
Beryl,1e-4
Birtie,1e-4
Cathrine,1e-4
Clarice,1e-4
Delilah,1e-4
Elmira,1e-4
Evalyn,1e-4
Francisca,1e-4
Harriette,1e-4
Jeanne,1e-4
Kathryne,1e-4
Lelah,1e-4
Lotta,1e-4
Magdalene,1e-4
Mariah,1e-4
Ottilie,1e-4
Robert,1e-4
Rowena,1e-4
Samantha,1e-4
Abigail,9.5e-5
Christena,9.5e-5
Ebba,9.5e-5
Eleanore,9.5e-5
Ethelyn,9.5e-5
Gretchen,9.5e-5
Guadalupe,9.5e-5
India,9.5e-5
Jessica,9.5e-5
Joseph,9.5e-5
Luvenia,9.5e-5
Meda,9.5e-5
Nita,9.5e-5
Ottie,9.5e-5
Rachael,9.5e-5
Selena,9.5e-5
Sula,9.5e-5
Theodora,9.5e-5
America,9e-5
Annabel,9e-5
Arrie,9e-5
Carmela,9e-5
Cordia,9e-5
Eleanora,9e-5
Icie,9e-5
Iris,9e-5
Isa,9e-5
Jewel,9e-5
Lea,9e-5
Leone,9e-5
Mettie,9e-5
Nelia,9e-5
Nella,9e-5
Phebe,9e-5
Rosanna,9e-5
Rossie,9e-5
Sadye,9e-5
Theo,9e-5
Tilda,9e-5
Tressie,9e-5
Zetta,9e-5
Zilpha,9e-5
Adaline,8.4e-5
Albertine,8.4e-5
Amie,8.4e-5
Annis,8.4e-5
Arizona,8.4e-5
Aura,8.4e-5
Bernadette,8.4e-5
Camille,8.4e-5
Christie,8.4e-5
Clora,8.4e-5
Corda,8.4e-5
Dottie,8.4e-5
Effa,8.4e-5
Emmer,8.4e-5
Eudora,8.4e-5
Eulalia,8.4e-5
Judith,8.4e-5
Liddie,8.4e-5
Louvenia,8.4e-5
Lular,8.4e-5
Malissa,8.4e-5
Margaretta,8.4e-5
Maybell,8.4e-5
Mintie,8.4e-5
Sybil,8.4e-5
Thelma,8.4e-5
Winona,8.4e-5
Zada,8.4e-5
Alda,7.9e-5
Alvena,7.9e-5
Camilla,7.9e-5
Dagmar,7.9e-5
Dorcas,7.9e-5
Edyth,7.9e-5
Elena,7.9e-5
Elisa,7.9e-5
Emeline,7.9e-5
Fred,7.9e-5
Gail,7.9e-5
Huldah,7.9e-5
Ivah,7.9e-5
Janette,7.9e-5
Lera,7.9e-5
Loula,7.9e-5
Malvina,7.9e-5
Mame,7.9e-5
Nonie,7.9e-5
Norah,7.9e-5
Nova,7.9e-5
Tempie,7.9e-5
Tressa,7.9e-5
Valeria,7.9e-5
Vergie,7.9e-5
Vertie,7.9e-5
Albert,7.4e-5
Almira,7.4e-5
Arie,7.4e-5
Delphine,7.4e-5
Dillie,7.4e-5
Eileen,7.4e-5
Elta,7.4e-5
Evangeline,7.4e-5
Felicia,7.4e-5
Florrie,7.4e-5
Gay,7.4e-5
Gena,7.4e-5
Glennie,7.4e-5
Helga,7.4e-5
Joan,7.4e-5
Katheryn,7.4e-5
Leanna,7.4e-5
Loraine,7.4e-5
Magnolia,7.4e-5
Manie,7.4e-5
Matie,7.4e-5
Maymie,7.4e-5
Mima,7.4e-5
Minta,7.4e-5
Odie,7.4e-5
Osie,7.4e-5
Peggy,7.4e-5
Savanah,7.4e-5
Serena,7.4e-5
Thea,7.4e-5
Therese,7.4e-5
Thomas,7.4e-5
Tinnie,7.4e-5
Ursula,7.4e-5
Arlie,6.9e-5
Arline,6.9e-5
Aurora,6.9e-5
Berdie,6.9e-5
Bulah,6.9e-5
Charlie,6.9e-5
Claudie,6.9e-5
Delta,6.9e-5
Dessa,6.9e-5
Dot,6.9e-5
Edwina,6.9e-5
Emmaline,6.9e-5
Etha,6.9e-5
Eve,6.9e-5
Faith,6.9e-5
Fronia,6.9e-5
Fronie,6.9e-5
Harry,6.9e-5
Henriette,6.9e-5
Lollie,6.9e-5
Monica,6.9e-5
Myrtis,6.9e-5
Nena,6.9e-5
Pollie,6.9e-5
Queenie,6.9e-5
Robbie,6.9e-5
Selina,6.9e-5
Signe,6.9e-5
Zettie,6.9e-5
Aimee,6.3e-5
Ana,6.3e-5
Arabella,6.3e-5
Arvilla,6.3e-5
Clarissa,6.3e-5
Dell,6.3e-5
Dinah,6.3e-5
Enid,6.3e-5
Epsie,6.3e-5
Erie,6.3e-5
Etna,6.3e-5
Eulah,6.3e-5
Evelina,6.3e-5
Florine,6.3e-5
Gene,6.3e-5
Goldia,6.3e-5
Jesse,6.3e-5
Joyce,6.3e-5
Juliet,6.3e-5
Kizzie,6.3e-5
Lissie,6.3e-5
Magdalen,6.3e-5
Maida,6.3e-5
Mammie,6.3e-5
Margarete,6.3e-5
Margery,6.3e-5
Margrett,6.3e-5
Minda,6.3e-5
Myrle,6.3e-5
Nadine,6.3e-5
Novella,6.3e-5
Oda,6.3e-5
Pallie,6.3e-5
Patricia,6.3e-5
Ramona,6.3e-5
Ressie,6.3e-5
Reta,6.3e-5
Sarrah,6.3e-5
Sofia,6.3e-5
Tiny,6.3e-5
Wilhelmine,6.3e-5
Albertina,5.8e-5
Anner,5.8e-5
Arminta,5.8e-5
Audie,5.8e-5
Avie,5.8e-5
Beaulah,5.8e-5
Bird,5.8e-5
Cathryn,5.8e-5
Celina,5.8e-5
Dee,5.8e-5
Drucilla,5.8e-5
Drusilla,5.8e-5
Elfie,5.8e-5
Ellar,5.8e-5
Elvie,5.8e-5
Elvina,5.8e-5
Exie,5.8e-5
Ferne,5.8e-5
Florance,5.8e-5
Freida,5.8e-5
Georgina,5.8e-5
Hassie,5.8e-5
Icy,5.8e-5
Juana,5.8e-5
Leatha,5.8e-5
Lonnie,5.8e-5
Lorene,5.8e-5
Louetta,5.8e-5
Mabell,5.8e-5
Melva,5.8e-5
Millicent,5.8e-5
Nanie,5.8e-5
Nealie,5.8e-5
Neta,5.8e-5
Nevada,5.8e-5
Odelia,5.8e-5
Paralee,5.8e-5
Rosia,5.8e-5
Sabina,5.8e-5
Sammie,5.8e-5
Sibyl,5.8e-5
Zelda,5.8e-5
Zoa,5.8e-5
Aileen,5.3e-5
Alicia,5.3e-5
Allene,5.3e-5
Atha,5.3e-5
Attie,5.3e-5
Bee,5.3e-5
Bernadine,5.3e-5
Betsey,5.3e-5
Beula,5.3e-5
Carl,5.3e-5
Cleta,5.3e-5
Clyda,5.3e-5
Crystal,5.3e-5
Dicie,5.3e-5
Electa,5.3e-5
Elfrieda,5.3e-5
Ena,5.3e-5
Eura,5.3e-5
Evaline,5.3e-5
Filomena,5.3e-5
Flo,5.3e-5
Fredericka,5.3e-5
Genie,5.3e-5
Grayce,5.3e-5
Hertha,5.3e-5
Honora,5.3e-5
Izetta,5.3e-5
Jeannie,5.3e-5
Jodie,5.3e-5
Johnie,5.3e-5
Joy,5.3e-5
Junie,5.3e-5
Katharina,5.3e-5
Leda,5.3e-5
Leo,5.3e-5
Loretto,5.3e-5
Mannie,5.3e-5
Manuelita,5.3e-5
Montie,5.3e-5
Olevia,5.3e-5
Orra,5.3e-5
Osa,5.3e-5
Paulina,5.3e-5
Pluma,5.3e-5
Rosalee,5.3e-5
Roxy,5.3e-5
Ruthie,5.3e-5
Sidney,5.3e-5
Sina,5.3e-5
Suzanne,5.3e-5
Tishie,5.3e-5
Ura,5.3e-5
Vassie,5.3e-5
Verdie,5.3e-5
Verona,5.3e-5
Vira,5.3e-5
Zelia,5.3e-5
Abby,4.8e-5
Aletha,4.8e-5
Alverta,4.8e-5
Alyce,4.8e-5
Amber,4.8e-5
Antonette,4.8e-5
Arlene,4.8e-5
Ason,4.8e-5
Augustine,4.8e-5
Bama,4.8e-5
Calla,4.8e-5
Cara,4.8e-5
Clella,4.8e-5
Daisey,4.8e-5
Dellar,4.8e-5
Dellia,4.8e-5
Dellie,4.8e-5
Edmonia,4.8e-5
Edward,4.8e-5
Eldora,4.8e-5
Elna,4.8e-5
Emaline,4.8e-5
Golden,4.8e-5
Greta,4.8e-5
Gwendolyn,4.8e-5
Hessie,4.8e-5
Ima,4.8e-5
Johannah,4.8e-5
Jossie,4.8e-5
Lalla,4.8e-5
Lana,4.8e-5
Lanie,4.8e-5
Lavada,4.8e-5
Leana,4.8e-5
Lelar,4.8e-5
Lella,4.8e-5
Leontine,4.8e-5
Lockie,4.8e-5
Luetta,4.8e-5
Lurline,4.8e-5
Margarette,4.8e-5
Margarita,4.8e-5
Margretta,4.8e-5
Maxie,4.8e-5
Mercedes,4.8e-5
Mossie,4.8e-5
Nelly,4.8e-5
Norine,4.8e-5
Odile,4.8e-5
Pairlee,4.8e-5
Parthenia,4.8e-5
Permelia,4.8e-5
Rella,4.8e-5
Roma,4.8e-5
Roseanna,4.8e-5
Roxanna,4.8e-5
Roy,4.8e-5
Sabra,4.8e-5
Sigrid,4.8e-5
Thresa,4.8e-5
Vicie,4.8e-5
Villa,4.8e-5
Viva,4.8e-5
Yetta,4.8e-5
Zana,4.8e-5
Adline,4.2e-5
Agness,4.2e-5
Aida,4.2e-5
Albertha,4.2e-5
Alfreda,4.2e-5
Ardelia,4.2e-5
Arthur,4.2e-5
Audra,4.2e-5
Beth,4.2e-5
Bobbie,4.2e-5
Carra,4.2e-5
Chaney,4.2e-5
Cinda,4.2e-5
Claude,4.2e-5
Corene,4.2e-5
Dana,4.2e-5
Doshia,4.2e-5
Dove,4.2e-5
Dulcie,4.2e-5
Elia,4.2e-5
Estell,4.2e-5
Etter,4.2e-5
Evalena,4.2e-5
Fleta,4.2e-5
Francies,4.2e-5
Freddie,4.2e-5
Frona,4.2e-5
Glenn,4.2e-5
Hildegarde,4.2e-5
Howard,4.2e-5
Indiana,4.2e-5
Jeanie,4.2e-5
Josefa,4.2e-5
Josiephine,4.2e-5
Juliette,4.2e-5
Katy,4.2e-5
Lala,4.2e-5
Laurie,4.2e-5
Lavenia,4.2e-5
Leonia,4.2e-5
Libby,4.2e-5
Lidie,4.2e-5
