name,percent
John,0.071034
William,0.062604
James,0.04258
George,0.037242
Charles,0.033925
Frank,0.025713
Joseph,0.022305
Robert,0.021236
Henry,0.019623
Harry,0.01959
Edward,0.019064
Thomas,0.018379
Walter,0.015914
Arthur,0.01345
Fred,0.012589
Albert,0.011838
Clarence,0.008504
Roy,0.007861
Louis,0.007184
Samuel,0.006808
Charlie,0.006658
Ernest,0.006466
Willie,0.006332
Earl,0.006215
Richard,0.006215
David,0.006107
Carl,0.005789
Joe,0.005697
Oscar,0.005246
Will,0.005121
Paul,0.005071
Ralph,0.004904
Jesse,0.004812
Andrew,0.004804
Alfred,0.004586
Raymond,0.004561
Benjamin,0.004486
Elmer,0.004411
Daniel,0.004219
Howard,0.004185
Sam,0.004085
Herbert,0.003901
Frederick,0.003425
Lee,0.003425
Peter,0.003425
Eugene,0.003408
Harold,0.003408
Michael,0.0033
Leo,0.003283
Herman,0.003191
Lewis,0.003133
Lawrence,0.003108
Jack,0.003074
Francis,0.003032
Ben,0.003024
Ray,0.002916
Claude,0.002899
Martin,0.002899
Tom,0.002899
Floyd,0.002849
Edgar,0.002824
Jim,0.002807
Edwin,0.002698
Clyde,0.002648
Harvey,0.002473
Jacob,0.002423
Leonard,0.002297
Otto,0.002231
Chester,0.002197
Ed,0.002189
Luther,0.002114
Guy,0.00208
Jessie,0.002013
Leroy,0.001972
Patrick,0.001896
Lester,0.00188
Homer,0.001863
Stanley,0.001863
Archie,0.001846
Hugh,0.00183
Oliver,0.001821
Ira,0.001746
Clifford,0.001729
August,0.001721
Alexander,0.001687
Eddie,0.001646
Leon,0.001646
Philip,0.001604
Theodore,0.001587
Allen,0.0015790000000000001
Anthony,0.0015790000000000001
Isaac,0.001562
Charley,0.001529
Lloyd,0.00152
Russell,0.00152
Leslie,0.001512
Bert,0.001504
Bernard,0.001487
Grover,0.001479
Sidney,0.00147
Emil,0.001378
Everett,0.001362
Horace,0.001353
Dan,0.001337
Julius,0.001328
Warren,0.001312
Harrison,0.001303
Norman,0.001303
Stephen,0.001303
Dave,0.00127
Alex,0.001228
Alvin,0.001228
Percy,0.00117
Victor,0.001153
Wallace,0.001153
Marion,0.001144
Wesley,0.001094
Willis,0.001078
Milton,0.001053
Earnest,0.001019
Cecil,0.001002
Otis,9.94e-4
Glenn,9.77e-4
Calvin,9.69e-4
Gilbert,9.69e-4
Rufus,9.61e-4
Amos,9.52e-4
Jess,9.52e-4
Mack,9.52e-4
Nathan,9.19e-4
Donald,9.11e-4
Gus,9.11e-4
Jay,9.02e-4
Perry,9.02e-4
Lonnie,8.94e-4
Emmett,8.69e-4
Jerry,8.6e-4
Adolph,8.52e-4
Dennis,8.52e-4
Maurice,8.52e-4
Ross,8.44e-4
Virgil,8.35e-4
Marvin,8.27e-4
Max,8.27e-4
Roscoe,8.27e-4
Melvin,8.19e-4
Aaron,8.02e-4
Manuel,8.02e-4
Jasper,7.94e-4
Wilbur,7.85e-4
Jose,7.77e-4
Morris,7.77e-4
Sylvester,7.77e-4
Rudolph,7.69e-4
Claud,7.6e-4
Clinton,7.52e-4
Franklin,7.52e-4
Johnnie,7.52e-4
Elbert,7.44e-4
Willard,7.44e-4
Alonzo,7.35e-4
Orville,7.35e-4
Ollie,7.27e-4
Curtis,7.18e-4
Matthew,7.18e-4
Hubert,7.1e-4
Cornelius,7.02e-4
Silas,7.02e-4
Mark,6.93e-4
Mike,6.93e-4
Vernon,6.93e-4
Irvin,6.85e-4
Fredrick,6.68e-4
Phillip,6.68e-4
Nicholas,6.52e-4
Clayton,6.43e-4
Jeff,6.43e-4
Nathaniel,6.27e-4
Reuben,6.27e-4
Adam,6.18e-4
Levi,6.18e-4
Noah,6.18e-4
Anton,6.1e-4
Marshall,6.1e-4
Simon,6.1e-4
Bill,6.01e-4
Felix,6.01e-4
Jake,6.01e-4
Kenneth,6.01e-4
Ellis,5.93e-4
Nelson,5.93e-4
Abraham,5.85e-4
Irving,5.76e-4
Alva,5.68e-4
Glen,5.68e-4
Hiram,5.68e-4
Owen,5.68e-4
Roland,5.68e-4
Sherman,5.6e-4
Wilson,5.6e-4
Christopher,5.51e-4
Steve,5.51e-4
Grant,5.43e-4
Elijah,5.35e-4
Jerome,5.35e-4
Moses,5.35e-4
Austin,5.26e-4
Gordon,5.26e-4
Julian,5.26e-4
Edd,5.18e-4
Millard,5.18e-4
Don,5.1e-4
Vincent,5.1e-4
Pete,5.01e-4
Wiley,5.01e-4
Anderson,4.93e-4
Bruce,4.93e-4
Dock,4.85e-4
Clifton,4.76e-4
Mose,4.76e-4
Cleveland,4.68e-4
Forrest,4.68e-4
Timothy,4.68e-4
Bennie,4.51e-4
Edmund,4.51e-4
Andy,4.43e-4
Bob,4.43e-4
Monroe,4.43e-4
Arnold,4.34e-4
Byron,4.34e-4
Harley,4.34e-4
Roger,4.34e-4
Clark,4.26e-4
Edmond,4.26e-4
Wade,4.26e-4
Juan,4.18e-4
Abe,4.09e-4
Christian,4.09e-4
Eli,4.09e-4
Ned,4.09e-4
Ora,4.09e-4
Preston,4.09e-4
Asa,4.01e-4
Ike,4.01e-4
Pearl,4.01e-4
Bud,3.93e-4
Enoch,3.93e-4
Karl,3.93e-4
Miles,3.93e-4
Lon,3.84e-4
Newton,3.84e-4
Leland,3.76e-4
Nick,3.76e-4
Wayne,3.76e-4
Wilfred,3.76e-4
Barney,3.68e-4
Conrad,3.68e-4
Gerald,3.68e-4
Augustus,3.59e-4
Columbus,3.59e-4
Earle,3.59e-4
Ervin,3.59e-4
Ezra,3.59e-4
Grady,3.59e-4
Hugo,3.59e-4
Mathew,3.59e-4
Solomon,3.59e-4
Laurence,3.51e-4
Luke,3.51e-4
Carroll,3.43e-4
Isaiah,3.43e-4
Johnie,3.34e-4
Neal,3.34e-4
Scott,3.34e-4
Jefferson,3.26e-4
Louie,3.26e-4
Riley,3.26e-4
Tony,3.26e-4
Archibald,3.17e-4
Douglas,3.17e-4
Ivan,3.17e-4
Allan,3.09e-4
Ambrose,3.09e-4
Chauncey,3.09e-4
Forest,3.09e-4
Gustave,3.09e-4
Joel,3.09e-4
Ward,3.09e-4
Elias,3.01e-4
Boyd,2.92e-4
Erwin,2.92e-4
Jeremiah,2.92e-4
Mary,2.92e-4
Antonio,2.84e-4
Benjiman,2.84e-4
Emery,2.84e-4
Jimmie,2.84e-4
Omer,2.84e-4
Ferdinand,2.76e-4
Green,2.76e-4
Marcus,2.76e-4
Chris,2.67e-4
Clay,2.67e-4
Dallas,2.67e-4
Emanuel,2.67e-4
Isiah,2.67e-4
Loyd,2.67e-4
Murray,2.67e-4
Pedro,2.67e-4
Ulysses,2.67e-4
Vern,2.67e-4
Cyrus,2.59e-4
Dick,2.59e-4
Morton,2.59e-4
Royal,2.59e-4
Burt,2.51e-4
Dewitt,2.51e-4
Lucius,2.51e-4
Mitchell,2.51e-4
Rex,2.51e-4
Spencer,2.51e-4
Chas,2.42e-4
Emory,2.42e-4
Neil,2.42e-4
Pat,2.42e-4
Thurman,2.42e-4
Walker,2.42e-4
Burton,2.34e-4
Delbert,2.34e-4
Freeman,2.34e-4
Garfield,2.34e-4
Lemuel,2.34e-4
Lynn,2.34e-4
Matt,2.34e-4
Wilbert,2.34e-4
Clement,2.26e-4
Hardy,2.26e-4
Harmon,2.26e-4
Lyman,2.26e-4
Major,2.26e-4
Malcolm,2.26e-4
Stewart,2.26e-4
Van,2.26e-4
Winfield,2.26e-4
Loren,2.17e-4
Merle,2.17e-4
Myron,2.17e-4
Orval,2.17e-4
Porter,2.17e-4
Zack,2.17e-4
Clem,2.09e-4
Dean,2.09e-4
Fay,2.09e-4
Jackson,2.09e-4
Napoleon,2.09e-4
Ruben,2.09e-4
Verne,2.09e-4
Dwight,2e-4
Elisha,2e-4
Elliott,2e-4
Elwood,2e-4
Emmet,2e-4
General,2e-4
Josh,2e-4
Joshua,2e-4
Larry,2e-4
Lorenzo,2e-4
Ole,2e-4
Albin,1.92e-4
Arch,1.92e-4
Early,1.92e-4
Fletcher,1.92e-4
Foster,1.92e-4
Johnny,1.92e-4
Morgan,1.92e-4
Allie,1.84e-4
Ellsworth,1.84e-4
Elzie,1.84e-4
Evan,1.84e-4
Jonas,1.84e-4
Lowell,1.84e-4
Lyle,1.84e-4
Ramon,1.84e-4
Taylor,1.84e-4
Tommie,1.84e-4
Waldo,1.84e-4
Warner,1.84e-4
Webster,1.84e-4
Alton,1.75e-4
Angus,1.75e-4
Arlie,1.75e-4
Aubrey,1.75e-4
Clint,1.75e-4
Emile,1.75e-4
Frederic,1.75e-4
Gustav,1.75e-4
Hal,1.75e-4
Judson,1.75e-4
King,1.75e-4
Noble,1.75e-4
Phil,1.75e-4
Pierce,1.75e-4
Randolph,1.75e-4
Wm,1.75e-4
Anna,1.67e-4
Christ,1.67e-4
Clair,1.67e-4
Davis,1.67e-4
Leander,1.67e-4
Mathias,1.67e-4
Ronald,1.67e-4
Sim,1.67e-4
Steven,1.67e-4
Ted,1.67e-4
Abram,1.59e-4
Bishop,1.59e-4
Dee,1.59e-4
Gust,1.59e-4
Herschel,1.59e-4
Lige,1.59e-4
Reginald,1.59e-4
Rodney,1.59e-4
Shirley,1.59e-4
Alphonse,1.5e-4
Bertram,1.5e-4
Cleve,1.5e-4
Dudley,1.5e-4
Israel,1.5e-4
Pablo,1.5e-4
Prince,1.5e-4
Raleigh,1.5e-4
Truman,1.5e-4
Valentine,1.5e-4
Adrian,1.42e-4
Avery,1.42e-4
Basil,1.42e-4
Bennett,1.42e-4
Berry,1.42e-4
Carlos,1.42e-4
Carlton,1.42e-4
Dorsey,1.42e-4
Ford,1.42e-4
Francisco,1.42e-4
Garland,1.42e-4
Gene,1.42e-4
Hans,1.42e-4
Harris,1.42e-4
Irwin,1.42e-4
Lacy,1.42e-4
Lawson,1.42e-4
Lem,1.42e-4
Lonzo,1.42e-4
Milo,1.42e-4
Seymour,1.42e-4
Tim,1.42e-4
Turner,1.42e-4
Wilburn,1.42e-4
Alford,1.34e-4
Antone,1.34e-4
Arther,1.34e-4
Artie,1.34e-4
Axel,1.34e-4
Cyril,1.34e-4
Dewey,1.34e-4
Elton,1.34e-4
Emma,1.34e-4
Evert,1.34e-4
Fritz,1.34e-4
Granville,1.34e-4
Hallie,1.34e-4
Johnson,1.34e-4
Jonathan,1.34e-4
Junius,1.34e-4
Lucian,1.34e-4
Mason,1.34e-4
Minnie,1.34e-4
Norris,1.34e-4
Omar,1.34e-4
Orrin,1.34e-4
Ransom,1.34e-4
Rollie,1.34e-4
Rupert,1.34e-4
Tomas,1.34e-4
Tracy,1.34e-4
Troy,1.34e-4
Washington,1.34e-4
Wilber,1.34e-4
Wilford,1.34e-4
Abner,1.25e-4
Adelbert,1.25e-4
Adolphus,1.25e-4
Al,1.25e-4
Cliff,1.25e-4
Coleman,1.25e-4
Elza,1.25e-4
Gabriel,1.25e-4
Garrett,1.25e-4
Jean,1.25e-4
Judge,1.25e-4
Logan,1.25e-4
Margaret,1.25e-4
Maxwell,1.25e-4
Nels,1.25e-4
Olin,1.25e-4
Pink,1.25e-4
Russel,1.25e-4
Seth,1.25e-4
Smith,1.25e-4
Sterling,1.25e-4
Wilmer,1.25e-4
Abel,1.17e-4
Addison,1.17e-4
Benton,1.17e-4
Bryant,1.17e-4
Casper,1.17e-4
Dale,1.17e-4
Evans,1.17e-4
Florence,1.17e-4
Geo,1.17e-4
Henderson,1.17e-4
Hoyt,1.17e-4
Isadore,1.17e-4
Lionel,1.17e-4
Madison,1.17e-4
Merrill,1.17e-4
Minor,1.17e-4
Nat,1.17e-4
Olaf,1.17e-4
Otha,1.17e-4
Otho,1.17e-4
Sol,1.17e-4
Tommy,1.17e-4
Aloysius,1.09e-4
Aron,1.09e-4
Augustine,1.09e-4
Bailey,1.09e-4
Bartholomew,1.09e-4
Bernie,1.09e-4
Buford,1.09e-4
Cal,1.09e-4
Cicero,1.09e-4
Ebb,1.09e-4
Emerson,1.09e-4
Emmitt,1.09e-4
Eric,1.09e-4
Hamp,1.09e-4
Harlan,1.09e-4
Houston,1.09e-4
Isom,1.09e-4
Ivory,1.09e-4
Justin,1.09e-4
Levy,1.09e-4
Lincoln,1.09e-4
Lindsay,1.09e-4
Loyal,1.09e-4
Paris,1.09e-4
Pleasant,1.09e-4
Reed,1.09e-4
Rubin,1.09e-4
Sandy,1.09e-4
Sanford,1.09e-4
Stuart,1.09e-4
Vance,1.09e-4
West,1.09e-4
Winfred,1.09e-4
Alan,1e-4
Alvah,1e-4
Angelo,1e-4
Ashley,1e-4
Burl,1e-4
Cleo,1e-4
Dominick,1e-4
Edna,1e-4
Elizabeth,1e-4
Elmo,1e-4
Elmore,1e-4
Enos,1e-4
Frances,1e-4
Gregory,1e-4
Jason,1e-4
Jules,1e-4
Kirby,1e-4
Lafayette,1e-4
Lindsey,1e-4
Love,1e-4
Lucious,1e-4
Merritt,1e-4
Micheal,1e-4
Milford,1e-4
Miller,1e-4
Ocie,1e-4
Oral,1e-4
Oren,1e-4
Oswald,1e-4
Parker,1e-4
Price,1e-4
Sid,1e-4
Terry,1e-4
Theo,1e-4
Watson,1e-4
Willian,1e-4
Wyatt,1e-4
Alec,9.2e-5
Allison,9.2e-5
Alma,9.2e-5
Benjaman,9.2e-5
Blaine,9.2e-5
Butler,9.2e-5
Carey,9.2e-5
Doctor,9.2e-5
Ephraim,9.2e-5
Eva,9.2e-5
Gary,9.2e-5
Giles,9.2e-5
Grace,9.2e-5
Howell,9.2e-5
Isham,9.2e-5
Issac,9.2e-5
Jimmy,9.2e-5
Josiah,9.2e-5
Kelly,9.2e-5
Len,9.2e-5
Maynard,9.2e-5
Perley,9.2e-5
Shelby,9.2e-5
Sydney,9.2e-5
Tobe,9.2e-5
Wendell,9.2e-5
Alden,8.4e-5
Alf,8.4e-5
Alice,8.4e-5
Almon,8.4e-5
Benedict,8.4e-5
Benito,8.4e-5
Bruno,8.4e-5
Clemens,8.4e-5
Cloyd,8.4e-5
Eduardo,8.4e-5
Elgin,8.4e-5
Elvin,8.4e-5
Erick,8.4e-5
Fate,8.4e-5
Finis,8.4e-5
French,8.4e-5
Hollis,8.4e-5
Hosea,8.4e-5
Ida,8.4e-5
Lillian,8.4e-5
Lonie,8.4e-5
Lucien,8.4e-5
Ludwig,8.4e-5
Maggie,8.4e-5
Mervin,8.4e-5
Needham,8.4e-5
Noel,8.4e-5
Odie,8.4e-5
Orla,8.4e-5
Ottis,8.4e-5
Palmer,8.4e-5
Quincy,8.4e-5
Rolla,8.4e-5
Roman,8.4e-5
Sullivan,8.4e-5
Toney,8.4e-5
Walton,8.4e-5
Williams,8.4e-5
Antoine,7.5e-5
Baxter,7.5e-5
Benjamine,7.5e-5
Bonnie,7.5e-5
Bradley,7.5e-5
Brady,7.5e-5
Buck,7.5e-5
Burrell,7.5e-5
Cary,7.5e-5
Collie,7.5e-5
Connie,7.5e-5
Cora,7.5e-5
Dayton,7.5e-5
Delos,7.5e-5
Denver,7.5e-5
Doc,7.5e-5
Dow,7.5e-5
Duncan,7.5e-5
Edith,7.5e-5
Eldridge,7.5e-5
Ernie,7.5e-5
Ernst,7.5e-5
Ezekiel,7.5e-5
Freddie,7.5e-5
Gabe,7.5e-5
Gertrude,7.5e-5
Godfrey,7.5e-5
Golden,7.5e-5
Gottlieb,7.5e-5
Gustaf,7.5e-5
Harve,7.5e-5
Helmer,7.5e-5
Henery,7.5e-5
Hurley,7.5e-5
Ignatius,7.5e-5
Irl,7.5e-5
Jesus,7.5e-5
Joeseph,7.5e-5
Jonah,7.5e-5
Jule,7.5e-5
Laura,7.5e-5
Lew,7.5e-5
Linwood,7.5e-5
Lou,7.5e-5
Louise,7.5e-5
Lum,7.5e-5
Manley,7.5e-5
Mansfield,7.5e-5
Marie,7.5e-5
Maxie,7.5e-5
Miguel,7.5e-5
Mont,7.5e-5
Nellie,7.5e-5
Norbert,7.5e-5
Obie,7.5e-5
Odell,7.5e-5
Park,7.5e-5
Rafael,7.5e-5
Ras,7.5e-5
Rogers,7.5e-5
Rolland,7.5e-5
Sammie,7.5e-5
Santiago,7.5e-5
Selmer,7.5e-5
Squire,7.5e-5
Stanton,7.5e-5
Terrence,7.5e-5
Travis,7.5e-5
Uriah,7.5e-5
Vernie,7.5e-5
Wylie,7.5e-5
Zeno,7.5e-5
Alpha,6.7e-5
Alphonso,6.7e-5
Andres,6.7e-5
Arvid,6.7e-5
Author,6.7e-5
Bart,6.7e-5
Barton,6.7e-5
Bee,6.7e-5
Bernice,6.7e-5
Bertie,6.7e-5
Billie,6.7e-5
Boss,6.7e-5
Brooks,6.7e-5
Burley,6.7e-5
Buster,6.7e-5
Caleb,6.7e-5
Carrie,6.7e-5
Carson,6.7e-5
Carter,6.7e-5
Chalmer,6.7e-5
Chancy,6.7e-5
Clarance,6.7e-5
Clovis,6.7e-5
Cornelious,6.7e-5
Coy,6.7e-5
Dell,6.7e-5
Dennie,6.7e-5
Elie,6.7e-5
Elsie,6.7e-5
Ennis,6.7e-5
Ethel,6.7e-5
Federico,6.7e-5
Felipe,6.7e-5
Ferd,6.7e-5
Gay,6.7e-5
Gerhard,6.7e-5
Guilford,6.7e-5
Hamilton,6.7e-5
Hattie,6.7e-5
Hayden,6.7e-5
Hazel,6.7e-5
Hermon,6.7e-5
Hilliard,6.7e-5
Hunter,6.7e-5
Ivy,6.7e-5
Jones,6.7e-5
June,6.7e-5
Kit,6.7e-5
Leopold,6.7e-5
Lillard,6.7e-5
Luis,6.7e-5
Mabel,6.7e-5
Malachi,6.7e-5
Mat,6.7e-5
Maude,6.7e-5
Merton,6.7e-5
Newell,6.7e-5
Newt,6.7e-5
Odis,6.7e-5
Ples,6.7e-5
Press,6.7e-5
Roderick,6.7e-5
Rose,6.7e-5
Rush,6.7e-5
Sampson,6.7e-5
Sing,6.7e-5
Thad,6.7e-5
Tillman,6.7e-5
Virgle,6.7e-5
Weldon,6.7e-5
Wellington,6.7e-5
Wong,6.7e-5
Worth,6.7e-5
Xavier,6.7e-5
Zeb,6.7e-5
Alcide,5.8e-5
Alto,5.8e-5
Benny,5.8e-5
Bryan,5.8e-5
Burnie,5.8e-5
Carleton,5.8e-5
Cassius,5.8e-5
Charlton,5.8e-5
Chesley,5.8e-5
Craig,5.8e-5
Dana,5.8e-5
Dawson,5.8e-5
Denis,5.8e-5
Dexter,5.8e-5
Dominic,5.8e-5
Dora,5.8e-5
Duke,5.8e-5
Eben,5.8e-5
Eldon,5.8e-5
Eula,5.8e-5
Everette,5.8e-5
Finley,5.8e-5
Furman,5.8e-5
Garnett,5.8e-5
Gideon,5.8e-5
Griffin,5.8e-5
Guss,5.8e-5
Halsey,5.8e-5
Haywood,5.8e-5
Heber,5.8e-5
Helen,5.8e-5
Hosteen,5.8e-5
Huey,5.8e-5
Jens,5.8e-5
Keith,5.8e-5
Laverne,5.8e-5
Lemon,5.8e-5
Llewellyn,5.8e-5
Marcellus,5.8e-5
Mckinley,5.8e-5
Meyer,5.8e-5
Mortimer,5.8e-5
Newman,5.8e-5
Ola,5.8e-5
Orie,5.8e-5
Orin,5.8e-5
Orrie,5.8e-5
Polk,5.8e-5
Raoul,5.8e-5
Reid,5.8e-5
Reno,5.8e-5
Roby,5.8e-5
Rollo,5.8e-5
Romeo,5.8e-5
Rowland,5.8e-5
Rueben,5.8e-5
Saul,5.8e-5
Shellie,5.8e-5
Sumner,5.8e-5
Thaddeus,5.8e-5
Tobias,5.8e-5
Urban,5.8e-5
Vester,5.8e-5
Vivian,5.8e-5
Wash,5.8e-5
Waymon,5.8e-5
Wess,5.8e-5
Wilton,5.8e-5
Young,5.8e-5
Zollie,5.8e-5
Abb,5e-5
Addie,5e-5
Alpheus,5e-5
Ammon,5e-5
Annie,5e-5
Ansel,5e-5
Arden,5e-5
Arley,5e-5
Armand,5e-5
Atlas,5e-5
Augusta,5e-5
Bascom,5e-5
Bentley,5e-5
Bertha,5e-5
Bird,5e-5
Birt,5e-5
Brice,5e-5
Burgess,5e-5
Carlie,5e-5
Carlisle,5e-5
Charly,5e-5
Chauncy,5e-5
Claire,5e-5
Claudius,5e-5
Claus,5e-5
Cleave,5e-5
Colin,5e-5
Colonel,5e-5
Conard,5e-5
Conway,5e-5
Cornell,5e-5
Curley,5e-5
Davie,5e-5
Deforest,5e-5
Dempsey,5e-5
Dolph,5e-5
Earley,5e-5
Elbridge,5e-5
Elick,5e-5
Eligah,5e-5
Elroy,5e-5
Elva,5e-5
Esau,5e-5
Ester,5e-5
Esther,5e-5
Ewell,5e-5
Ewing,5e-5
Fleming,5e-5
Florian,5e-5
Frazier,5e-5
Harper,5e-5
Harrie,5e-5
Harvy,5e-5
Hector,5e-5
Hezekiah,5e-5
Horatio,5e-5
Hughie,5e-5
Hyman,5e-5
Ingram,5e-5
Irvine,5e-5
Jennie,5e-5
Johny,5e-5
Josephine,5e-5
Josephus,5e-5
Junious,5e-5
Lafe,5e-5
Lambert,5e-5
Lawyer,5e-5
Lenard,5e-5
Lillie,5e-5
Lue,5e-5
Mac,5e-5
Mae,5e-5
Mart,5e-5
Mell,5e-5
Melville,5e-5
Mildred,5e-5
Monte,5e-5
Murphy,5e-5
Myles,5e-5
Neely,5e-5
Oakley,5e-5
Olen,5e-5
Olie,5e-5
Orlando,5e-5
Owens,5e-5
Pearlie,5e-5
Peyton,5e-5
Pierre,5e-5
Rance,5e-5
Randall,5e-5
Red,5e-5
Rich,5e-5
Rob,5e-5
Robbie,5e-5
Rollin,5e-5
Salvatore,5e-5
Sanders,5e-5
Sie,5e-5
Sigurd,5e-5
Simeon,5e-5
Talmage,5e-5
Teddy,5e-5
Thornton,5e-5
Val,5e-5
Verner,5e-5
Webb,5e-5
Willam,5e-5
Winston,5e-5
Wright,5e-5
Add,4.2e-5
Adolfo,4.2e-5
Alberto,4.2e-5
Alejandro,4.2e-5
Alfonso,4.2e-5
Alfredo,4.2e-5
Almus,4.2e-5
