name,percent
John,0.070292
William,0.061901
James,0.041328
George,0.035974
Charles,0.033311
Frank,0.02427
Joseph,0.023538
Robert,0.020499
Harry,0.019511
Henry,0.018751
Edward,0.018202
Thomas,0.018138
Walter,0.015265
Arthur,0.013855
Fred,0.012464
Albert,0.011046
Clarence,0.009225
Roy,0.007669
Louis,0.007193
Samuel,0.006891
Willie,0.006763
Ernest,0.006534
Charlie,0.00647
Carl,0.006186
Earl,0.006168
David,0.006159
Richard,0.005573
Ralph,0.005372
Joe,0.005344
Raymond,0.005262
Paul,0.005161
Oscar,0.005042
Andrew,0.004768
Will,0.004759
Jesse,0.00475
Elmer,0.004649
Daniel,0.004621
Herbert,0.004585
Alfred,0.004567
Howard,0.004438
Benjamin,0.004219
Harold,0.003834
Sam,0.003825
Frederick,0.00377
Peter,0.003624
Lawrence,0.00356
Herman,0.003505
Eugene,0.003313
Ray,0.003295
Lewis,0.003267
Leo,0.00323
Lee,0.00313
Floyd,0.003075
Francis,0.003047
Michael,0.003047
Martin,0.003029
Claude,0.002993
Edwin,0.002993
Clyde,0.002983
Tom,0.00291
Ben,0.002764
Jack,0.002663
Jim,0.002636
Edgar,0.002535
Harvey,0.002508
Otto,0.002508
Guy,0.002398
Chester,0.002306
Jacob,0.002178
Ed,0.002169
Luther,0.00216
Leonard,0.002151
Hugh,0.002132
Homer,0.002105
Jessie,0.002077
Theodore,0.00205
Oliver,0.00194
Patrick,0.00194
Archie,0.001839
Philip,0.001812
Clifford,0.001794
Charley,0.001766
Lester,0.001748
Leroy,0.001739
Bernard,0.001711
August,0.001702
Russell,0.001702
Lloyd,0.001693
Bert,0.001656
Eddie,0.001638
Ira,0.001638
Stanley,0.001629
Everett,0.001592
Allen,0.001583
Alexander,0.001574
Anthony,0.001556
Horace,0.00151
Leslie,0.001501
Grover,0.001492
Norman,0.001492
Isaac,0.001464
Julius,0.001418
Victor,0.001409
Leon,0.001373
Milton,0.00129
Stephen,0.001281
Warren,0.001272
Glenn,0.001263
Alex,0.001217
Emil,0.001217
Percy,0.001199
Mack,0.001162
Dave,0.001135
Virgil,0.001126
Alvin,0.001107
Marion,0.001107
Willis,0.00108
Lonnie,0.001071
Maurice,0.001071
Wesley,0.001052
Earnest,0.001043
Dan,0.001034
Matthew,0.001034
Sidney,0.001034
Franklin,9.98e-4
Cecil,9.88e-4
Melvin,9.88e-4
Jerry,9.79e-4
Rufus,9.79e-4
Harrison,9.7e-4
Nathan,9.7e-4
Amos,9.52e-4
Calvin,9.52e-4
Perry,9.52e-4
Willard,9.24e-4
Donald,9.15e-4
Jay,9.06e-4
Morris,8.88e-4
Otis,8.88e-4
Wilbur,8.88e-4
Ollie,8.79e-4
Vernon,8.79e-4
Marvin,8.51e-4
Hubert,8.42e-4
Max,8.33e-4
Dennis,8.24e-4
Wallace,8.24e-4
Emmett,8.14e-4
Adam,7.96e-4
Clinton,7.96e-4
Jess,7.96e-4
Felix,7.87e-4
Gilbert,7.87e-4
Mark,7.87e-4
Nelson,7.87e-4
Ross,7.87e-4
Glen,7.78e-4
Gus,7.78e-4
Manuel,7.78e-4
Adolph,7.41e-4
Clifton,7.32e-4
Marshall,7.32e-4
Johnnie,7.23e-4
Jake,7.14e-4
Nicholas,7.14e-4
Elbert,7.05e-4
Jeff,7.05e-4
Jose,7.05e-4
Sherman,7.05e-4
Noah,6.96e-4
Bennie,6.86e-4
Cornelius,6.86e-4
Irving,6.86e-4
Reuben,6.86e-4
Alonzo,6.77e-4
Claud,6.77e-4
Phillip,6.77e-4
Vincent,6.77e-4
Irvin,6.68e-4
Owen,6.68e-4
Gordon,6.5e-4
Roscoe,6.5e-4
Moses,6.41e-4
Aaron,6.31e-4
Roland,6.31e-4
Levi,6.22e-4
Rudolph,6.22e-4
Alva,6.04e-4
Ellis,6.04e-4
Timothy,6.04e-4
Austin,5.95e-4
Bill,5.95e-4
Kenneth,5.95e-4
Christopher,5.86e-4
Clayton,5.86e-4
Harley,5.86e-4
Mike,5.86e-4
Sylvester,5.86e-4
Simon,5.77e-4
Abraham,5.67e-4
Curtis,5.67e-4
Edmund,5.58e-4
Karl,5.58e-4
Andy,5.4e-4
Forrest,5.4e-4
Jasper,5.31e-4
Silas,5.31e-4
Wilson,5.31e-4
Arnold,5.22e-4
Elijah,5.22e-4
Grant,5.12e-4
Orville,5.12e-4
Steve,5.12e-4
Bob,5.03e-4
Fredrick,5.03e-4
Mose,5.03e-4
Roger,5.03e-4
Millard,4.94e-4
Byron,4.85e-4
Edd,4.85e-4
Pete,4.85e-4
Tony,4.85e-4
Anton,4.67e-4
Ora,4.67e-4
Preston,4.67e-4
Wiley,4.67e-4
Bruce,4.58e-4
Cleveland,4.58e-4
Barney,4.48e-4
Dock,4.48e-4
Eli,4.48e-4
Hiram,4.48e-4
Don,4.39e-4
Van,4.39e-4
Gustave,4.3e-4
Monroe,4.3e-4
Asa,4.21e-4
Nathaniel,4.21e-4
Gerald,4.12e-4
Mathew,4.03e-4
Miles,4.03e-4
Conrad,3.94e-4
Enoch,3.94e-4
Julian,3.94e-4
Ike,3.84e-4
Ivan,3.84e-4
Juan,3.84e-4
Earle,3.75e-4
Forest,3.75e-4
Jerome,3.75e-4
Abe,3.66e-4
Edmond,3.66e-4
Jefferson,3.66e-4
Jimmie,3.66e-4
Nick,3.66e-4
Wilfred,3.66e-4
Columbus,3.57e-4
Laurence,3.57e-4
Mary,3.57e-4
Augustus,3.48e-4
Ezra,3.48e-4
Johnie,3.48e-4
Omer,3.48e-4
Wade,3.48e-4
Delbert,3.39e-4
Emery,3.39e-4
Solomon,3.39e-4
Ward,3.39e-4
Clark,3.29e-4
Leland,3.29e-4
Myron,3.29e-4
Newton,3.29e-4
Clement,3.2e-4
Ervin,3.2e-4
Neal,3.2e-4
Scott,3.2e-4
Christian,3.11e-4
Elwood,3.11e-4
Lynn,3.11e-4
Major,3.11e-4
Merle,3.11e-4
Ulysses,3.11e-4
Dallas,3.02e-4
Douglas,3.02e-4
Erwin,3.02e-4
Freeman,3.02e-4
Grady,3.02e-4
Royal,3.02e-4
Spencer,3.02e-4
Vern,3.02e-4
Chris,2.93e-4
Clair,2.93e-4
Foster,2.93e-4
Jeremiah,2.93e-4
Lemuel,2.93e-4
Stewart,2.93e-4
Antonio,2.84e-4
Dewitt,2.84e-4
Jackson,2.84e-4
Joel,2.84e-4
Johnny,2.84e-4
Lyle,2.84e-4
Malcolm,2.84e-4
Pearl,2.84e-4
Anderson,2.75e-4
Lorenzo,2.75e-4
Lyman,2.75e-4
Benjiman,2.65e-4
Boyd,2.65e-4
Bud,2.65e-4
Burton,2.65e-4
Carroll,2.65e-4
Emanuel,2.65e-4
Lon,2.65e-4
Loyd,2.65e-4
Mitchell,2.65e-4
Wayne,2.65e-4
Elisha,2.56e-4
Ferdinand,2.56e-4
Fletcher,2.56e-4
Marcus,2.56e-4
Riley,2.56e-4
Tommie,2.56e-4
Wilbert,2.56e-4
Ambrose,2.47e-4
Chauncey,2.47e-4
General,2.47e-4
Hugo,2.47e-4
Isiah,2.47e-4
Louie,2.47e-4
Matt,2.47e-4
Sanford,2.47e-4
Arch,2.38e-4
Dean,2.38e-4
Harris,2.38e-4
Junius,2.38e-4
Ned,2.38e-4
Prince,2.38e-4
Winfield,2.38e-4
Allie,2.29e-4
Aloysius,2.29e-4
Dwight,2.29e-4
Hans,2.29e-4
Judge,2.29e-4
Neil,2.29e-4
Pedro,2.29e-4
Ruben,2.29e-4
Sterling,2.29e-4
Cleve,2.2e-4
Dudley,2.2e-4
Elias,2.2e-4
Elzie,2.2e-4
Johnson,2.2e-4
Joshua,2.2e-4
Loren,2.2e-4
Napoleon,2.2e-4
Raleigh,2.2e-4
Rex,2.2e-4
Emory,2.1e-4
Garfield,2.1e-4
Gustav,2.1e-4
Luke,2.1e-4
Troy,2.1e-4
Albin,2.01e-4
Carlton,2.01e-4
Clem,2.01e-4
Cyrus,2.01e-4
Isaiah,2.01e-4
Randolph,2.01e-4
Reginald,2.01e-4
Rolla,2.01e-4
Russel,2.01e-4
Seth,2.01e-4
Taylor,2.01e-4
Ted,2.01e-4
Truman,2.01e-4
Al,1.92e-4
Elliott,1.92e-4
Emerson,1.92e-4
Fay,1.92e-4
Francisco,1.92e-4
Harmon,1.92e-4
Lucius,1.92e-4
Murray,1.92e-4
Walker,1.92e-4
Alton,1.83e-4
Aubrey,1.83e-4
Buck,1.83e-4
Burl,1.83e-4
Casper,1.83e-4
Houston,1.83e-4
Madison,1.83e-4
Porter,1.83e-4
Roswell,1.83e-4
Stuart,1.83e-4
Wilford,1.83e-4
Abner,1.74e-4
Allan,1.74e-4
Archibald,1.74e-4
Christ,1.74e-4
Colonel,1.74e-4
Early,1.74e-4
Herschel,1.74e-4
Josh,1.74e-4
Morgan,1.74e-4
Noble,1.74e-4
Sandy,1.74e-4
Tillman,1.74e-4
Vance,1.74e-4
Wilmer,1.74e-4
Abram,1.65e-4
Antone,1.65e-4
Chas,1.65e-4
Dee,1.65e-4
Dick,1.65e-4
Elmore,1.65e-4
Elza,1.65e-4
Eric,1.65e-4
Evan,1.65e-4
Garland,1.65e-4
Green,1.65e-4
Israel,1.65e-4
Jonas,1.65e-4
Larry,1.65e-4
Lige,1.65e-4
Nels,1.65e-4
Steven,1.65e-4
Alphonse,1.56e-4
Arther,1.56e-4
Axel,1.56e-4
Blaine,1.56e-4
Dale,1.56e-4
Fritz,1.56e-4
Granville,1.56e-4
Hal,1.56e-4
Hezekiah,1.56e-4
Jean,1.56e-4
Lionel,1.56e-4
Maynard,1.56e-4
Zack,1.56e-4
Adrian,1.46e-4
Arlie,1.46e-4
Carlos,1.46e-4
Coleman,1.46e-4
Crawford,1.46e-4
Davis,1.46e-4
Frederic,1.46e-4
Gust,1.46e-4
Henderson,1.46e-4
Lucious,1.46e-4
Milo,1.46e-4
Olin,1.46e-4
Otho,1.46e-4
Pat,1.46e-4
Phil,1.46e-4
Anna,1.37e-4
Bruno,1.37e-4
Dana,1.37e-4
Ellsworth,1.37e-4
Elmo,1.37e-4
Gene,1.37e-4
Jason,1.37e-4
Lincoln,1.37e-4
Logan,1.37e-4
Morton,1.37e-4
Olaf,1.37e-4
Orval,1.37e-4
Palmer,1.37e-4
Parker,1.37e-4
Roderick,1.37e-4
Shirley,1.37e-4
Thurman,1.37e-4
Tim,1.37e-4
Waldo,1.37e-4
Warner,1.37e-4
Adolphus,1.28e-4
Berry,1.28e-4
Burt,1.28e-4
Carleton,1.28e-4
Clint,1.28e-4
Dorsey,1.28e-4
Elvin,1.28e-4
Emile,1.28e-4
Emmet,1.28e-4
Hamilton,1.28e-4
Hollis,1.28e-4
Irwin,1.28e-4
Lacy,1.28e-4
Lawson,1.28e-4
Ole,1.28e-4
Oren,1.28e-4
Sheridan,1.28e-4
Sol,1.28e-4
Tracy,1.28e-4
Washington,1.28e-4
Wellington,1.28e-4
Alma,1.19e-4
Bertram,1.19e-4
Buster,1.19e-4
Carter,1.19e-4
Cloyd,1.19e-4
Elton,1.19e-4
Emma,1.19e-4
Freddie,1.19e-4
Hampton,1.19e-4
Hardy,1.19e-4
Hazel,1.19e-4
Heber,1.19e-4
Hector,1.19e-4
Hoyt,1.19e-4
Isadore,1.19e-4
Judson,1.19e-4
Jules,1.19e-4
King,1.19e-4
Mathias,1.19e-4
Merritt,1.19e-4
Mortimer,1.19e-4
Norris,1.19e-4
Otha,1.19e-4
Pinkney,1.19e-4
Rubin,1.19e-4
Rush,1.19e-4
Verne,1.19e-4
Alois,1.1e-4
Basil,1.1e-4
Buford,1.1e-4
Cliff,1.1e-4
Connie,1.1e-4
Coy,1.1e-4
Ellie,1.1e-4
Evert,1.1e-4
Fate,1.1e-4
Florence,1.1e-4
French,1.1e-4
Garrett,1.1e-4
Guss,1.1e-4
Harve,1.1e-4
Isom,1.1e-4
Jimmy,1.1e-4
Jodie,1.1e-4
Jonathan,1.1e-4
Jordan,1.1e-4
Lindsey,1.1e-4
Lonzo,1.1e-4
Lowell,1.1e-4
Lucien,1.1e-4
Mahlon,1.1e-4
Margaret,1.1e-4
Maude,1.1e-4
Merton,1.1e-4
Minnie,1.1e-4
Nat,1.1e-4
Orrin,1.1e-4
Pink,1.1e-4
Ramon,1.1e-4
Rogers,1.1e-4
Rollie,1.1e-4
Smith,1.1e-4
Walton,1.1e-4
Wash,1.1e-4
Watson,1.1e-4
West,1.1e-4
Wilburn,1.1e-4
Alf,1.01e-4
Angus,1.01e-4
Bee,1.01e-4
Bernice,1.01e-4
Bryant,1.01e-4
Carey,1.01e-4
Clarance,1.01e-4
Clay,1.01e-4
Ford,1.01e-4
Gertrude,1.01e-4
Grace,1.01e-4
Hunter,1.01e-4
Leander,1.01e-4
Loyal,1.01e-4
Mason,1.01e-4
Merrill,1.01e-4
Norbert,1.01e-4
Orlando,1.01e-4
Ransom,1.01e-4
Reese,1.01e-4
Rodney,1.01e-4
Rolland,1.01e-4
Rollin,1.01e-4
Ruby,1.01e-4
Sammie,1.01e-4
Theo,1.01e-4
Toney,1.01e-4
Turner,1.01e-4
Valentine,1.01e-4
Webster,1.01e-4
Wilber,1.01e-4
Willam,1.01e-4
Wilton,1.01e-4
Abel,9.2e-5
Addison,9.2e-5
Adolf,9.2e-5
Alfonso,9.2e-5
Alford,9.2e-5
Ammon,9.2e-5
Anson,9.2e-5
Auther,9.2e-5
Bailey,9.2e-5
Blair,9.2e-5
Burr,9.2e-5
Cicero,9.2e-5
Clara,9.2e-5
Cleo,9.2e-5
Cyril,9.2e-5
Duncan,9.2e-5
Elwin,9.2e-5
Essie,9.2e-5
Frances,9.2e-5
Gabriel,9.2e-5
Hamp,9.2e-5
Haywood,9.2e-5
Hosea,9.2e-5
Jones,9.2e-5
Jule,9.2e-5
Lem,9.2e-5
Mart,9.2e-5
Myles,9.2e-5
Orin,9.2e-5
Pablo,9.2e-5
Reed,9.2e-5
Roman,9.2e-5
Rowland,9.2e-5
Sid,9.2e-5
Uriah,9.2e-5
Verner,9.2e-5
Vivian,9.2e-5
Wright,9.2e-5
Adelbert,8.2e-5
Alan,8.2e-5
Alberto,8.2e-5
Alden,8.2e-5
Alice,8.2e-5
Allison,8.2e-5
Alvah,8.2e-5
Angelo,8.2e-5
Arvid,8.2e-5
Avery,8.2e-5
Benjamine,8.2e-5
Bennett,8.2e-5
Berton,8.2e-5
Beverly,8.2e-5
Bonnie,8.2e-5
Boss,8.2e-5
Bradford,8.2e-5
Brown,8.2e-5
Cal,8.2e-5
Collins,8.2e-5
Courtney,8.2e-5
Dewey,8.2e-5
Dominick,8.2e-5
Eldon,8.2e-5
Emmitt,8.2e-5
Ethel,8.2e-5
Ezekiel,8.2e-5
Felipe,8.2e-5
Gregorio,8.2e-5
Hallie,8.2e-5
Hayden,8.2e-5
Helen,8.2e-5
Hermon,8.2e-5
Howell,8.2e-5
Irl,8.2e-5
Ivey,8.2e-5
Ivy,8.2e-5
Josiah,8.2e-5
June,8.2e-5
Kelly,8.2e-5
Lambert,8.2e-5
Lenard,8.2e-5
Lew,8.2e-5
Lillian,8.2e-5
Luis,8.2e-5
Marie,8.2e-5
Merl,8.2e-5
Nellie,8.2e-5
Noel,8.2e-5
Orrie,8.2e-5
Park,8.2e-5
Perley,8.2e-5
Pierre,8.2e-5
Plummer,8.2e-5
Quincy,8.2e-5
Raphael,8.2e-5
Richmond,8.2e-5
Saul,8.2e-5
Sim,8.2e-5
Son,8.2e-5
Talmage,8.2e-5
Thaddeus,8.2e-5
Travis,8.2e-5
Unknown,8.2e-5
Woodie,8.2e-5
Addie,7.3e-5
Ansel,7.3e-5
Aron,7.3e-5
Art,7.3e-5
Artie,7.3e-5
Ashley,7.3e-5
Barry,7.3e-5
Bartholomew,7.3e-5
Barton,7.3e-5
Bernie,7.3e-5
Bertha,7.3e-5
Bertie,7.3e-5
Bessie,7.3e-5
Burley,7.3e-5
Carrie,7.3e-5
Cary,7.3e-5
Cato,7.3e-5
Commodore,7.3e-5
Dexter,7.3e-5
Doctor,7.3e-5
Dolphus,7.3e-5
Edna,7.3e-5
Eliga,7.3e-5
Elliot,7.3e-5
Elsie,7.3e-5
Gabe,7.3e-5
Garnett,7.3e-5
Gerard,7.3e-5
Gerhard,7.3e-5
Gustaf,7.3e-5
Harlan,7.3e-5
Haskell,7.3e-5
Hattie,7.3e-5
Hilary,7.3e-5
Issac,7.3e-5
Jonah,7.3e-5
Justin,7.3e-5
Lafayette,7.3e-5
Lillie,7.3e-5
Linwood,7.3e-5
Lorin,7.3e-5
Lou,7.3e-5
Lucas,7.3e-5
Lucian,7.3e-5
Mabel,7.3e-5
Maggie,7.3e-5
Manley,7.3e-5
Melville,7.3e-5
Mervin,7.3e-5
Minor,7.3e-5
Mont,7.3e-5
Newman,7.3e-5
Obie,7.3e-5
Oral,7.3e-5
Price,7.3e-5
Ronald,7.3e-5
Seymour,7.3e-5
Sigurd,7.3e-5
Stanton,7.3e-5
Sullivan,7.3e-5
Sydney,7.3e-5
Thompson,7.3e-5
Tommy,7.3e-5
Wendell,7.3e-5
Whit,7.3e-5
Zeb,7.3e-5
Ace,6.4e-5
Ada,6.4e-5
Almon,6.4e-5
Alpha,6.4e-5
Alphonso,6.4e-5
Armand,6.4e-5
Augustine,6.4e-5
Blanche,6.4e-5
Boston,6.4e-5
Brady,6.4e-5
Brice,6.4e-5
Byrd,6.4e-5
Caleb,6.4e-5
Carmine,6.4e-5
Carson,6.4e-5
Cash,6.4e-5
Chalmer,6.4e-5
Claus,6.4e-5
Curt,6.4e-5
Dawson,6.4e-5
Dayton,6.4e-5
Dell,6.4e-5
Dennie,6.4e-5
Doc,6.4e-5
Doyle,6.4e-5
Eligah,6.4e-5
Ella,6.4e-5
Enos,6.4e-5
Erastus,6.4e-5
Erle,6.4e-5
Ernst,6.4e-5
Eva,6.4e-5
Evans,6.4e-5
Everette,6.4e-5
Gail,6.4e-5
Gardner,6.4e-5
Graham,6.4e-5
Hayes,6.4e-5
Henery,6.4e-5
Hollie,6.4e-5
Jonnie,6.4e-5
Kent,6.4e-5
Kirby,6.4e-5
Kirk,6.4e-5
Kyle,6.4e-5
Lawyer,6.4e-5
Levy,6.4e-5
Ludwig,6.4e-5
Lum,6.4e-5
Marcellus,6.4e-5
Maxwell,6.4e-5
Miguel,6.4e-5
Miller,6.4e-5
Miner,6.4e-5
Murl,6.4e-5
Newell,6.4e-5
Olen,6.4e-5
Olof,6.4e-5
Presley,6.4e-5
Randall,6.4e-5
Randle,6.4e-5
Ras,6.4e-5
Reinhold,6.4e-5
Ricardo,6.4e-5
Rollo,6.4e-5
Rube,6.4e-5
Santiago,6.4e-5
Spurgeon,6.4e-5
Stacy,6.4e-5
Tomie,6.4e-5
Vicente,6.4e-5
Wilfrid,6.4e-5
Williams,6.4e-5
Winfred,6.4e-5
Wm,6.4e-5
Wong,6.4e-5
Adlai,5.5e-5
Alec,5.5e-5
Alger,5.5e-5
Algie,5.5e-5
Alonza,5.5e-5
Alvie,5.5e-5
Alvis,5.5e-5
Antoine,5.5e-5
Authur,5.5e-5
Benedict,5.5e-5
Benito,5.5e-5
Benny,5.5e-5
Bertrand,5.5e-5
Billy,5.5e-5
Brooks,5.5e-5
Buddie,5.5e-5
Burk,5.5e-5
Burns,5.5e-5
Caesar,5.5e-5
Campbell,5.5e-5
Carol,5.5e-5
Cassius,5.5e-5
Catherine,5.5e-5
Chalmers,5.5e-5
Chesley,5.5e-5
Cora,5.5e-5
Cornelious,5.5e-5
Creed,5.5e-5
Darrell,5.5e-5
Deforest,5.5e-5
Dessie,5.5e-5
Dominic,5.5e-5
Edison,5.5e-5
Edson,5.5e-5
Effie,5.5e-5
Elam,5.5e-5
Elbridge,5.5e-5
Eldridge,5.5e-5
Elige,5.5e-5
Elizabeth,5.5e-5
Emmit,5.5e-5
Ephraim,5.5e-5
Ernie,5.5e-5
Ester,5.5e-5
Ethan,5.5e-5
Gary,5.5e-5
Gaston,5.5e-5
Gay,5.5e-5
Gaylord,5.5e-5
Geo,5.5e-5
Gifford,5.5e-5
Giles,5.5e-5
Golden,5.5e-5
Goldie,5.5e-5
Griffin,5.5e-5
Hardin,5.5e-5
Harlow,5.5e-5
Harper,5.5e-5
Hayward,5.5e-5
Hurbert,5.5e-5
Hyman,5.5e-5
Isham,5.5e-5
Iver,5.5e-5
Iverson,5.5e-5
Jennie,5.5e-5
Jewel,5.5e-5
Jewell,5.5e-5
Job,5.5e-5
Julia,5.5e-5
Laura,5.5e-5
Leamon,5.5e-5
Lena,5.5e-5
Lindsay,5.5e-5
Linn,5.5e-5
Linton,5.5e-5
Lue,5.5e-5
Mannie,5.5e-5
Marlin,5.5e-5
Marshal,5.5e-5
Merlin,5.5e-5
Micheal,5.5e-5
Mitchel,5.5e-5
Murphy,5.5e-5
Myrtle,5.5e-5
Newt,5.5e-5
Okey,5.5e-5
Olive,5.5e-5
Oran,5.5e-5
Orie,5.5e-5
Ott,5.5e-5
Ottie,5.5e-5
Percival,5.5e-5
Peyton,5.5e-5
Pleas,5.5e-5
Powell,5.5e-5
Rafael,5.5e-5
Rene,5.5e-5
Rexford,5.5e-5
Roe,5.5e-5
Roma,5.5e-5
Romie,5.5e-5
Rupert,5.5e-5
Sanders,5.5e-5
Selmer,5.5e-5
Shade,5.5e-5
Shelby,5.5e-5
Shelly,5.5e-5
Simmie,5.5e-5
Sumner,5.5e-5
Theron,5.5e-5
Tomas,5.5e-5
Vaughn,5.5e-5
Vester,5.5e-5
Vick,5.5e-5
Virgle,5.5e-5
Waldemar,5.5e-5
Waymon,5.5e-5
Worth,5.5e-5
Young,5.5e-5
Zebulon,5.5e-5
Zollie,5.5e-5
Abb,4.6e-5
Abbie,4.6e-5
Add,4.6e-5
Adelard,4.6e-5
Aden,4.6e-5
Aleck,4.6e-5
Alferd,4.6e-5
Alfredo,4.6e-5
Algot,4.6e-5
Alphons,4.6e-5
Alta,4.6e-5
Amon,4.6e-5
Anastacio,4.6e-5
Angel,4.6e-5
Annie,4.6e-5
Audley,4.6e-5
Aurthur,4.6e-5
Banks,4.6e-5
Barnard,4.6e-5
Bart,4.6e-5
Baxter,4.6e-5
Beecher,4.6e-5
Belton,4.6e-5
Benjaman,4.6e-5
Benton,4.6e-5
Berkley,4.6e-5
Bernhard,4.6e-5
Bethel,4.6e-5
Bradley,4.6e-5
Butler,4.6e-5
Cap,4.6e-5
Carlie,4.6e-5
Caroline,4.6e-5
Clare,4.6e-5
Claudie,4.6e-5
Cleave,4.6e-5
Cletus,4.6e-5
Coley,4.6e-5
