name,percent
John,0.065961
William,0.058243
James,0.04091
George,0.034954
Charles,0.030326
Joseph,0.023834
Frank,0.022921
Robert,0.019991
Henry,0.018237
Harry,0.017525
Edward,0.017445
Thomas,0.017373
Walter,0.016092
Arthur,0.013706
Fred,0.011809
Albert,0.011593
Clarence,0.009487
Roy,0.00815
Willie,0.007894
Earl,0.007173
Louis,0.006957
Carl,0.006893
Paul,0.0065970000000000004
Ernest,0.006573
Richard,0.006469
Samuel,0.006213
Raymond,0.006141
Joe,0.005932
David,0.005836
Charlie,0.005644
Ralph,0.00554
Harold,0.005524
Howard,0.0049
Oscar,0.004812
Andrew,0.004756
Herbert,0.004683
Elmer,0.004603
Jesse,0.004539
Will,0.004475
Alfred,0.004171
Daniel,0.004123
Leo,0.004123
Sam,0.004059
Benjamin,0.003755
Lee,0.003643
Floyd,0.003563
Jack,0.003531
Herman,0.003467
Lawrence,0.003451
Francis,0.003394
Michael,0.003394
Eugene,0.00337
Claude,0.003354
Frederick,0.003306
Peter,0.00313
Clyde,0.00309
Ray,0.003034
Edwin,0.00293
Lewis,0.002874
Leonard,0.002746
Tom,0.002746
Ben,0.00261
Chester,0.002602
Edgar,0.002506
Clifford,0.002458
Martin,0.002394
Harvey,0.002346
Jacob,0.002346
Lester,0.00233
Jim,0.002298
Luther,0.002282
Russell,0.002226
Homer,0.002186
Otto,0.002162
Hugh,0.002154
Guy,0.00209
Anthony,0.002058
Bernard,0.00205
Jessie,0.002042
Lloyd,0.002025
Ed,0.001929
Theodore,0.001929
Leroy,0.001913
Leon,0.001889
Patrick,0.001833
Everett,0.001809
Leslie,0.001785
Oliver,0.001777
Allen,0.001753
Stanley,0.001745
Philip,0.001713
Archie,0.001657
Ira,0.001649
Eddie,0.001625
Alexander,0.001593
Norman,0.001593
Horace,0.001569
Bert,0.001497
Charley,0.001489
Victor,0.001441
Julius,0.001425
Cecil,0.001401
Stephen,0.001393
Percy,0.001385
Isaac,0.001361
Donald,0.001353
Sidney,0.001345
Alvin,0.001337
August,0.001297
Milton,0.001249
Marion,0.001233
Alex,0.001217
Wesley,0.001193
Glenn,0.001137
Warren,0.001129
Gilbert,0.001113
Lonnie,0.001105
Willis,0.001065
Earnest,0.001049
Vernon,0.001049
Dave,0.001033
Otis,0.001033
Emil,0.001025
Rufus,0.001025
Jerry,0.001017
Nathan,0.001017
Emmett,0.001009
Maurice,0.001001
Melvin,0.001001
Virgil,0.001001
Johnnie,9.93e-4
Matthew,9.93e-4
Morris,9.77e-4
Willard,9.77e-4
Bennie,9.69e-4
Mack,9.53e-4
Grover,9.45e-4
Dan,9.13e-4
Gordon,8.97e-4
Phillip,8.81e-4
Ross,8.81e-4
Amos,8.65e-4
Glen,8.65e-4
Hubert,8.41e-4
Kenneth,8.41e-4
Jess,8.33e-4
Orville,8.33e-4
Rudolph,8.33e-4
Wilbur,8.33e-4
Alonzo,8.17e-4
Irving,8.17e-4
Sylvester,8.09e-4
Cornelius,8.01e-4
Sherman,8.01e-4
Manuel,7.93e-4
Max,7.93e-4
Wallace,7.93e-4
Claud,7.77e-4
Elbert,7.77e-4
Edmund,7.69e-4
Jay,7.69e-4
Calvin,7.61e-4
Jose,7.53e-4
Vincent,7.53e-4
Adolph,7.45e-4
Clifton,7.45e-4
Marshall,7.45e-4
Marvin,7.37e-4
Irvin,7.21e-4
Roscoe,7.21e-4
Curtis,7.05e-4
Roland,7.05e-4
Mike,6.97e-4
Reuben,6.97e-4
Simon,6.97e-4
Adam,6.89e-4
Jake,6.89e-4
Harrison,6.81e-4
Dennis,6.72e-4
Franklin,6.72e-4
Mark,6.72e-4
Ellis,6.64e-4
Moses,6.64e-4
Clinton,6.4e-4
Ollie,6.4e-4
Owen,6.4e-4
Steve,6.4e-4
Aaron,6.32e-4
Arnold,6.32e-4
Felix,6.24e-4
Perry,6.24e-4
Nathaniel,6.16e-4
Nicholas,6.16e-4
Alva,6.08e-4
Gerald,6.08e-4
Gus,6.08e-4
Nelson,6.08e-4
Noah,5.92e-4
Abraham,5.84e-4
Bill,5.84e-4
Karl,5.84e-4
Christopher,5.76e-4
Don,5.76e-4
Timothy,5.68e-4
Levi,5.44e-4
Pete,5.44e-4
Douglas,5.28e-4
Preston,5.28e-4
Anton,5.12e-4
Jeff,5.12e-4
Bruce,5.04e-4
Clayton,5.04e-4
Harley,5.04e-4
Wiley,5.04e-4
Grant,4.96e-4
Hiram,4.88e-4
Jasper,4.88e-4
Dock,4.8e-4
Edd,4.8e-4
Eli,4.8e-4
Johnie,4.8e-4
Byron,4.72e-4
Mose,4.72e-4
Monroe,4.64e-4
Roger,4.64e-4
Wayne,4.64e-4
Ivan,4.56e-4
Ervin,4.48e-4
Miles,4.48e-4
Silas,4.48e-4
Austin,4.4e-4
Earle,4.4e-4
Leland,4.4e-4
Pearl,4.4e-4
Elijah,4.32e-4
Wade,4.32e-4
Forrest,4.24e-4
Julian,4.24e-4
Barney,4.16e-4
Abe,4e-4
Anderson,4e-4
Clark,4e-4
Cleveland,4e-4
Edmond,4e-4
Fredrick,4e-4
Juan,4e-4
Troy,4e-4
Emanuel,3.92e-4
Bob,3.84e-4
Lyle,3.84e-4
Mary,3.84e-4
Tony,3.84e-4
Augustus,3.76e-4
Millard,3.76e-4
Scott,3.76e-4
Boyd,3.68e-4
Carroll,3.68e-4
Laurence,3.68e-4
Marcus,3.68e-4
Chris,3.6e-4
Jimmie,3.6e-4
Andy,3.52e-4
Ezra,3.52e-4
Ferdinand,3.52e-4
Gustave,3.52e-4
Joel,3.52e-4
Wilfred,3.52e-4
Isiah,3.44e-4
Jerome,3.44e-4
Wilson,3.44e-4
Clay,3.36e-4
Louie,3.36e-4
Ned,3.36e-4
Ora,3.36e-4
Columbus,3.28e-4
Ike,3.28e-4
Neal,3.28e-4
Christian,3.2e-4
Conrad,3.2e-4
Emery,3.2e-4
Emory,3.2e-4
Foster,3.2e-4
Aubrey,3.12e-4
Mitchell,3.12e-4
Grady,3.04e-4
Merle,3.04e-4
Nick,3.04e-4
Riley,3.04e-4
Asa,2.96e-4
Major,2.96e-4
Elias,2.88e-4
Isaiah,2.88e-4
Larry,2.88e-4
Loyd,2.88e-4
Bud,2.8e-4
Enoch,2.8e-4
Erwin,2.8e-4
Ambrose,2.72e-4
Clement,2.72e-4
Dewitt,2.72e-4
Dudley,2.72e-4
Fay,2.72e-4
Malcolm,2.72e-4
Ulysses,2.72e-4
Vern,2.72e-4
Elwood,2.64e-4
Ruben,2.64e-4
Clair,2.56e-4
Ellsworth,2.56e-4
Forest,2.56e-4
Hugo,2.56e-4
Jackson,2.56e-4
Luke,2.56e-4
Morgan,2.56e-4
Newton,2.56e-4
Pedro,2.56e-4
Solomon,2.56e-4
Van,2.56e-4
Allan,2.48e-4
Tommie,2.48e-4
Ward,2.48e-4
Arch,2.4e-4
Carlton,2.4e-4
Delbert,2.4e-4
Jefferson,2.4e-4
Loren,2.4e-4
Lucius,2.4e-4
Mathew,2.4e-4
Neil,2.4e-4
Rex,2.4e-4
Wilbert,2.4e-4
Burton,2.32e-4
Garland,2.32e-4
Johnny,2.32e-4
Lemuel,2.32e-4
Noble,2.32e-4
Alton,2.24e-4
Chauncey,2.24e-4
Cyril,2.24e-4
Dale,2.24e-4
Dean,2.24e-4
Dorsey,2.24e-4
Freddie,2.24e-4
Jeremiah,2.24e-4
Junius,2.24e-4
Lynn,2.24e-4
Pat,2.24e-4
Wilford,2.24e-4
Basil,2.16e-4
Cyrus,2.16e-4
Elisha,2.16e-4
Fletcher,2.16e-4
Freeman,2.16e-4
Morton,2.16e-4
Murray,2.16e-4
Sanford,2.16e-4
Spencer,2.16e-4
Al,2.08e-4
Cleve,2.08e-4
Emile,2.08e-4
General,2.08e-4
Lyman,2.08e-4
Porter,2.08e-4
Russel,2.08e-4
Stewart,2.08e-4
Valentine,2.08e-4
Archibald,2e-4
Carlos,2e-4
Dallas,2e-4
Dick,2e-4
Dwight,2e-4
Evan,2e-4
Lon,2e-4
Lorenzo,2e-4
Milo,2e-4
Antonio,1.92e-4
Arther,1.92e-4
Christ,1.92e-4
Clem,1.92e-4
Francisco,1.92e-4
Herschel,1.92e-4
Jason,1.92e-4
Joshua,1.92e-4
Omer,1.92e-4
Randolph,1.92e-4
Zack,1.92e-4
Abner,1.84e-4
Chas,1.84e-4
Dee,1.84e-4
Emerson,1.84e-4
Hal,1.84e-4
Lacy,1.84e-4
Matt,1.84e-4
Myron,1.84e-4
Noel,1.84e-4
Royal,1.84e-4
Ted,1.84e-4
Wilmer,1.84e-4
Allie,1.76e-4
Early,1.76e-4
Elzie,1.76e-4
Gabriel,1.76e-4
Green,1.76e-4
Harris,1.76e-4
Merritt,1.76e-4
Napoleon,1.76e-4
Reginald,1.76e-4
Shirley,1.76e-4
Sol,1.76e-4
Taylor,1.76e-4
Walker,1.76e-4
Elliott,1.68e-4
Haywood,1.68e-4
Irwin,1.68e-4
Ronald,1.68e-4
Sydney,1.68e-4
Turner,1.68e-4
Wendell,1.68e-4
Addison,1.6e-4
Alvie,1.6e-4
Anna,1.6e-4
Casper,1.6e-4
Corbett,1.6e-4
Eldridge,1.6e-4
Eric,1.6e-4
Garfield,1.6e-4
Granville,1.6e-4
Gust,1.6e-4
Harmon,1.6e-4
King,1.6e-4
Lionel,1.6e-4
Nels,1.6e-4
Oren,1.6e-4
Parker,1.6e-4
Urban,1.6e-4
Vance,1.6e-4
Webster,1.6e-4
Winfield,1.6e-4
Abram,1.52e-4
Aloysius,1.52e-4
Alphonse,1.52e-4
Angelo,1.52e-4
Emmet,1.52e-4
Gene,1.52e-4
Gustav,1.52e-4
Hans,1.52e-4
Hardy,1.52e-4
Isadore,1.52e-4
Jean,1.52e-4
Judson,1.52e-4
Lafayette,1.52e-4
Lawson,1.52e-4
Mckinley,1.52e-4
Melville,1.52e-4
Ole,1.52e-4
Orval,1.52e-4
Otha,1.52e-4
Phil,1.52e-4
Raleigh,1.52e-4
Rupert,1.52e-4
Sandy,1.52e-4
Truman,1.52e-4
Wm,1.52e-4
Adrian,1.44e-4
Avery,1.44e-4
Benjiman,1.44e-4
Bruno,1.44e-4
Cary,1.44e-4
Dominick,1.44e-4
Elvin,1.44e-4
Essie,1.44e-4
Houston,1.44e-4
Josh,1.44e-4
Mason,1.44e-4
Nat,1.44e-4
Odie,1.44e-4
Otho,1.44e-4
Palmer,1.44e-4
Wyatt,1.44e-4
Arlie,1.36e-4
Ashley,1.36e-4
Bertram,1.36e-4
Buford,1.36e-4
Clare,1.36e-4
Cliff,1.36e-4
Dewey,1.36e-4
Frances,1.36e-4
Fritz,1.36e-4
Harlan,1.36e-4
Lowell,1.36e-4
Lucian,1.36e-4
Luis,1.36e-4
Milford,1.36e-4
Olin,1.36e-4
Oral,1.36e-4
Ramon,1.36e-4
Thad,1.36e-4
Thurman,1.36e-4
Tillman,1.36e-4
Verner,1.36e-4
Waldo,1.36e-4
Albin,1.28e-4
Artie,1.28e-4
Carter,1.28e-4
Elton,1.28e-4
Emmitt,1.28e-4
Frederic,1.28e-4
Henderson,1.28e-4
Jonathan,1.28e-4
Jordan,1.28e-4
Logan,1.28e-4
Merrill,1.28e-4
Micheal,1.28e-4
Olaf,1.28e-4
Pink,1.28e-4
Rollie,1.28e-4
Saul,1.28e-4
Son,1.28e-4
Stuart,1.28e-4
Warner,1.28e-4
Abel,1.2e-4
Bessie,1.2e-4
Buster,1.2e-4
Elza,1.2e-4
Emma,1.2e-4
Ernst,1.2e-4
Guss,1.2e-4
Jimmy,1.2e-4
Justin,1.2e-4
Levy,1.2e-4
Lige,1.2e-4
Margaret,1.2e-4
Merton,1.2e-4
Orrin,1.2e-4
Ruth,1.2e-4
Sterling,1.2e-4
Theron,1.2e-4
Verne,1.2e-4
Vernie,1.2e-4
Vester,1.2e-4
Washington,1.2e-4
Wilber,1.2e-4
Bennett,1.12e-4
Bertha,1.12e-4
Beverly,1.12e-4
Burt,1.12e-4
Coleman,1.12e-4
Eldon,1.12e-4
Ezekiel,1.12e-4
Hallie,1.12e-4
Jodie,1.12e-4
Judge,1.12e-4
Jules,1.12e-4
Loy,1.12e-4
Maynard,1.12e-4
Mortimer,1.12e-4
Obie,1.12e-4
Orlando,1.12e-4
Reid,1.12e-4
Seth,1.12e-4
Shelby,1.12e-4
Sid,1.12e-4
Sim,1.12e-4
Smith,1.12e-4
Tommy,1.12e-4
Wylie,1.12e-4
Angus,1.04e-4
Bernie,1.04e-4
Billie,1.04e-4
Boss,1.04e-4
Dalton,1.04e-4
Dana,1.04e-4
Dayton,1.04e-4
Dell,1.04e-4
Eduardo,1.04e-4
Florence,1.04e-4
Ford,1.04e-4
Howell,1.04e-4
Jesus,1.04e-4
Jonas,1.04e-4
Jonnie,1.04e-4
Josiah,1.04e-4
Lem,1.04e-4
Lenard,1.04e-4
Maude,1.04e-4
Miguel,1.04e-4
Norris,1.04e-4
Oswald,1.04e-4
Prince,1.04e-4
Ransom,1.04e-4
Ruby,1.04e-4
Steven,1.04e-4
Toney,1.04e-4
Alphonso,9.6e-5
Audley,9.6e-5
Berry,9.6e-5
Buck,9.6e-5
Burl,9.6e-5
Carey,9.6e-5
Carson,9.6e-5
Davis,9.6e-5
Elmo,9.6e-5
Gale,9.6e-5
Graham,9.6e-5
Hervey,9.6e-5
Hollis,9.6e-5
Hyman,9.6e-5
Irl,9.6e-5
Israel,9.6e-5
Jones,9.6e-5
Kelly,9.6e-5
Linwood,9.6e-5
Llewellyn,9.6e-5
Lonie,9.6e-5
Lou,9.6e-5
Lucien,9.6e-5
Madison,9.6e-5
Minor,9.6e-5
Nolan,9.6e-5
Paris,9.6e-5
Reed,9.6e-5
Seymour,9.6e-5
Terry,9.6e-5
Theo,9.6e-5
Tobe,9.6e-5
Tracy,9.6e-5
Unknown,9.6e-5
Vaughn,9.6e-5
Vivian,9.6e-5
Williams,9.6e-5
Adolphus,8.8e-5
Alan,8.8e-5
Bailey,8.8e-5
Bartholomew,8.8e-5
Bryant,8.8e-5
Chesley,8.8e-5
Cleo,8.8e-5
Cloyd,8.8e-5
Coy,8.8e-5
Crawford,8.8e-5
Elmore,8.8e-5
Enos,8.8e-5
Ephriam,8.8e-5
Ernie,8.8e-5
Ethel,8.8e-5
Finis,8.8e-5
Garrett,8.8e-5
Golden,8.8e-5
Hampton,8.8e-5
Heber,8.8e-5
Henery,8.8e-5
Issac,8.8e-5
June,8.8e-5
Keith,8.8e-5
Loyal,8.8e-5
Marshal,8.8e-5
Monte,8.8e-5
Nellie,8.8e-5
Okey,8.8e-5
Orin,8.8e-5
Ottis,8.8e-5
Price,8.8e-5
Randall,8.8e-5
Rolla,8.8e-5
Thornton,8.8e-5
Weldon,8.8e-5
Wilburn,8.8e-5
Ace,8e-5
Alford,8e-5
Algie,8e-5
Alonza,8e-5
Alvah,8e-5
Alvis,8e-5
Annie,8e-5
Art,8e-5
Author,8e-5
Axel,8e-5
Benjaman,8e-5
Billy,8e-5
Brooks,8e-5
Carlyle,8e-5
Cicero,8e-5
Cletus,8e-5
Clint,8e-5
Duncan,8e-5
Elie,8e-5
Eliga,8e-5
Elizabeth,8e-5
Fate,8e-5
Gail,8e-5
Gary,8e-5
Gertrude,8e-5
Gregorio,8e-5
Gregory,8e-5
Hayward,8e-5
Hazel,8e-5
Hudson,8e-5
Isom,8e-5
Ivy,8e-5
Jennie,8e-5
Kyle,8e-5
Lamar,8e-5
Leander,8e-5
Lincoln,8e-5
Louise,8e-5
Lucious,8e-5
Lum,8e-5
Marcellus,8e-5
Newman,8e-5
Norbert,8e-5
Ocie,8e-5
Olen,8e-5
Omar,8e-5
Pablo,8e-5
Roderick,8e-5
Rollin,8e-5
Roman,8e-5
Roswell,8e-5
Rowland,8e-5
Rubin,8e-5
Sarah,8e-5
Seward,8e-5
Stanford,8e-5
Thaddeus,8e-5
Tomas,8e-5
Walton,8e-5
Watson,8e-5
Winfred,8e-5
Wong,8e-5
Adelbert,7.2e-5
Alpha,7.2e-5
Andres,7.2e-5
Anson,7.2e-5
Aron,7.2e-5
Benjamine,7.2e-5
Benny,7.2e-5
Blaine,7.2e-5
Bonnie,7.2e-5
Bradley,7.2e-5
Bryan,7.2e-5
Burr,7.2e-5
Butler,7.2e-5
Cal,7.2e-5
Carlisle,7.2e-5
Casey,7.2e-5
Clara,7.2e-5
Clarance,7.2e-5
Craig,7.2e-5
Doc,7.2e-5
Dolphus,7.2e-5
Egbert,7.2e-5
Eligah,7.2e-5
Elsie,7.2e-5
Ephraim,7.2e-5
Evans,7.2e-5
Fleming,7.2e-5
Gerard,7.2e-5
Helmer,7.2e-5
Hezekiah,7.2e-5
Hilliard,7.2e-5
Humphrey,7.2e-5
Hunter,7.2e-5
Ida,7.2e-5
Ignatius,7.2e-5
Lew,7.2e-5
Loran,7.2e-5
Mathias,7.2e-5
Melton,7.2e-5
Miller,7.2e-5
Norval,7.2e-5
Octave,7.2e-5
Odis,7.2e-5
Oran,7.2e-5
Pierce,7.2e-5
Pierre,7.2e-5
Raphael,7.2e-5
Reese,7.2e-5
Richmond,7.2e-5
Rodney,7.2e-5
Rush,7.2e-5
Shelton,7.2e-5
Spurgeon,7.2e-5
Squire,7.2e-5
Talmage,7.2e-5
Wellington,7.2e-5
West,7.2e-5
Zeno,7.2e-5
Addie,6.4e-5
Alden,6.4e-5
Antone,6.4e-5
Arley,6.4e-5
Arvel,6.4e-5
Bart,6.4e-5
Bee,6.4e-5
Bernhard,6.4e-5
Brown,6.4e-5
Byrd,6.4e-5
Carleton,6.4e-5
Claudie,6.4e-5
Collie,6.4e-5
Courtney,6.4e-5
Delmer,6.4e-5
Dexter,6.4e-5
Doyle,6.4e-5
Ella,6.4e-5
Emmit,6.4e-5
Ennis,6.4e-5
Erby,6.4e-5
Essex,6.4e-5
Eva,6.4e-5
Fernando,6.4e-5
Floy,6.4e-5
Gabe,6.4e-5
Guadalupe,6.4e-5
Harve,6.4e-5
Hector,6.4e-5
Helen,6.4e-5
Hillard,6.4e-5
Holly,6.4e-5
Hughey,6.4e-5
Isidore,6.4e-5
Ivey,6.4e-5
Ivory,6.4e-5
Kirby,6.4e-5
Lawerence,6.4e-5
Leigh,6.4e-5
Len,6.4e-5
Lennie,6.4e-5
Linton,6.4e-5
Lonzo,6.4e-5
Love,6.4e-5
Lucas,6.4e-5
Malcom,6.4e-5
Manford,6.4e-5
Maxwell,6.4e-5
May,6.4e-5
Mont,6.4e-5
Murphy,6.4e-5
Orie,6.4e-5
Orla,6.4e-5
Ovid,6.4e-5
Park,6.4e-5
Percival,6.4e-5
Pleasant,6.4e-5
Rafael,6.4e-5
Rolland,6.4e-5
Stacy,6.4e-5
Sylvanus,6.4e-5
Tim,6.4e-5
Travis,6.4e-5
Wash,6.4e-5
Weaver,6.4e-5
Werner,6.4e-5
Wilton,6.4e-5
Woodson,6.4e-5
Wright,6.4e-5
Agnes,5.6e-5
Alfonso,5.6e-5
Alfredo,5.6e-5
Alston,5.6e-5
Ansel,5.6e-5
Arvid,5.6e-5
Audrey,5.6e-5
Augusta,5.6e-5
Bascom,5.6e-5
Baxter,5.6e-5
Benedict,5.6e-5
Bertie,5.6e-5
Bertrand,5.6e-5
Birt,5.6e-5
Blake,5.6e-5
Brice,5.6e-5
Buddy,5.6e-5
Burrell,5.6e-5
Claire,5.6e-5
Cleave,5.6e-5
Clemmie,5.6e-5
Clemon,5.6e-5
Collins,5.6e-5
Cora,5.6e-5
Cullen,5.6e-5
Danial,5.6e-5
Dempsey,5.6e-5
Donnie,5.6e-5
Dorothy,5.6e-5
Durward,5.6e-5
Einar,5.6e-5
Elliot,5.6e-5
Elwin,5.6e-5
Estel,5.6e-5
Esther,5.6e-5
Everette,5.6e-5
Fern,5.6e-5
Franz,5.6e-5
Garnet,5.6e-5
Garnett,5.6e-5
Gaston,5.6e-5
Gay,5.6e-5
Gerhard,5.6e-5
Glover,5.6e-5
Gurney,5.6e-5
Hamilton,5.6e-5
Hebert,5.6e-5
Hermon,5.6e-5
Hezzie,5.6e-5
Hill,5.6e-5
Hobart,5.6e-5
Hosea,5.6e-5
Hoyt,5.6e-5
Huey,5.6e-5
Hughie,5.6e-5
Isham,5.6e-5
Kurt,5.6e-5
Lillian,5.6e-5
Lindsey,5.6e-5
Linus,5.6e-5
Lois,5.6e-5
Lula,5.6e-5
Mahlon,5.6e-5
Marie,5.6e-5
Martha,5.6e-5
Mattie,5.6e-5
Mearl,5.6e-5
Murl,5.6e-5
Nicolas,5.6e-5
Nora,5.6e-5
Oakley,5.6e-5
Oddie,5.6e-5
Odell,5.6e-5
Orange,5.6e-5
Osborne,5.6e-5
Parley,5.6e-5
Ramsey,5.6e-5
Reinhold,5.6e-5
Rene,5.6e-5
Roe,5.6e-5
Romeo,5.6e-5
Rueben,5.6e-5
Ruel,5.6e-5
Sammie,5.6e-5
Sampson,5.6e-5
Shelly,5.6e-5
Simeon,5.6e-5
Sullivan,5.6e-5
Tolbert,5.6e-5
Toy,5.6e-5
Vicente,5.6e-5
Vinton,5.6e-5
Wayman,5.6e-5
Webb,5.6e-5
Winston,5.6e-5
Yee,5.6e-5
Zed,5.6e-5
Ada,4.8e-5
Adolfo,4.8e-5
Alec,4.8e-5
Alf,4.8e-5
Allison,4.8e-5
Alois,4.8e-5
Ammon,4.8e-5
Audy,4.8e-5
Augustine,4.8e-5
Auther,4.8e-5
Barnie,4.8e-5
Barton,4.8e-5
Benjamen,4.8e-5
Bernice,4.8e-5
Berton,4.8e-5
Bishop,4.8e-5
Blair,4.8e-5
Blanche,4.8e-5
Burnie,4.8e-5
Caleb,4.8e-5
Camille,4.8e-5
Carrie,4.8e-5
Colonel,4.8e-5
Conley,4.8e-5
Connie,4.8e-5
Creed,4.8e-5
Delmar,4.8e-5
Denis,4.8e-5
Denver,4.8e-5
Dominic,4.8e-5
Donat,4.8e-5
Drew,4.8e-5
Eben,4.8e-5
Edna,4.8e-5
Effie,4.8e-5
Elige,4.8e-5
Ellen,4.8e-5
Emmons,4.8e-5
Erich,4.8e-5
Erle,4.8e-5
Esau,4.8e-5
Esley,4.8e-5
Estill,4.8e-5
Eston,4.8e-5
Evert,4.8e-5
Ferd,4.8e-5
Flem,4.8e-5
