name,percent
John,0.060674
William,0.052827
James,0.039911
George,0.034877
Charles,0.027316
Joseph,0.023254
Robert,0.022646
Frank,0.022134
Edward,0.016501
Henry,0.015893
Thomas,0.01572
Walter,0.015182
Harry,0.015034
Arthur,0.011779
Albert,0.010503
Fred,0.010269
Clarence,0.009887
Willie,0.009444
Harold,0.007934
Roy,0.007916
Paul,0.007682
Raymond,0.007543
Earl,0.007126
Joe,0.00677
Carl,0.006718
Louis,0.006692
Ernest,0.006458
Richard,0.006458
Ralph,0.006441
Samuel,0.006111
Charlie,0.005885
David,0.005625
Herbert,0.005121
Howard,0.005113
Jack,0.005052
Andrew,0.005017
Elmer,0.004462
Francis,0.004349
Dewey,0.004331
Lawrence,0.004314
Alfred,0.004305
Daniel,0.00421
Leo,0.004184
Sam,0.004071
Eugene,0.003897
Oscar,0.00388
Jesse,0.003672
Will,0.003594
Herman,0.003585
Lee,0.003368
Michael,0.003264
Floyd,0.00309
Peter,0.003073
Lewis,0.003055
Frederick,0.003038
Russell,0.002934
Benjamin,0.002908
Clyde,0.002864
Edwin,0.002856
Leonard,0.002795
Ray,0.002734
Clifford,0.002578
Claude,0.002543
Anthony,0.002526
Lester,0.002517
Chester,0.0025
Tom,0.0025
Lloyd,0.002491
Leroy,0.002335
Jessie,0.002266
Jim,0.002266
Martin,0.002257
Ben,0.002248
Donald,0.002239
Eddie,0.002239
Stanley,0.002239
Cecil,0.002222
Theodore,0.002187
Harvey,0.002179
Edgar,0.002161
Luther,0.002153
Homer,0.002075
Norman,0.001936
Philip,0.001936
Bernard,0.001927
Patrick,0.001918
Kenneth,0.001866
Hugh,0.001814
Milton,0.001797
Guy,0.001736
Allen,0.001658
Jacob,0.001641
Leon,0.001632
Otis,0.001606
Everett,0.001571
Leslie,0.001571
Alexander,0.001545
Stephen,0.001545
Archie,0.001536
Victor,0.001519
Ed,0.00151
Otto,0.00151
Alvin,0.001502
Warren,0.001502
Horace,0.001467
Melvin,0.001441
Glenn,0.001397
Julius,0.001397
Oliver,0.001397
Mack,0.001389
Virgil,0.001337
Marion,0.001319
Johnnie,0.001311
Earnest,0.001267
Sidney,0.00125
Willard,0.00125
August,0.001233
Percy,0.001233
Isaac,0.001207
Ira,0.001198
Marvin,0.001198
Alex,0.001154
Vernon,0.001128
Emil,0.001111
Bert,0.001102
Max,0.001102
Rufus,0.001102
Willis,0.001094
Hubert,0.001085
Vincent,0.001085
Wallace,0.00105
Charley,0.001042
Dave,0.001042
Dan,0.001033
Lonnie,0.001033
Wesley,0.001033
Maurice,0.001016
Franklin,0.001007
Morris,0.001007
Wilbur,9.98e-4
Nathan,9.72e-4
Jerry,9.63e-4
Calvin,9.37e-4
Gerald,9.37e-4
Gilbert,9.29e-4
Gordon,9.29e-4
Nelson,9.29e-4
Perry,9.03e-4
Curtis,8.94e-4
Glen,8.77e-4
Matthew,8.77e-4
Roland,8.77e-4
Rudolph,8.68e-4
Arnold,8.51e-4
Ellis,8.51e-4
Emmett,8.42e-4
Manuel,8.42e-4
Irving,8.25e-4
Ross,8.25e-4
Bennie,8.16e-4
Clifton,8.16e-4
Orville,8.16e-4
Sylvester,8.16e-4
Felix,8.07e-4
Jose,7.81e-4
Mark,7.73e-4
Phillip,7.64e-4
Edmund,7.55e-4
Dennis,7.46e-4
Jess,7.46e-4
Abraham,7.38e-4
Johnie,7.29e-4
Roscoe,7.29e-4
Bill,7.2e-4
Forrest,7.2e-4
Mike,7.2e-4
Elbert,7.03e-4
Adolph,6.94e-4
Amos,6.86e-4
Alonzo,6.77e-4
Ollie,6.77e-4
Steve,6.77e-4
Moses,6.68e-4
Jake,6.6e-4
Adam,6.42e-4
Douglas,6.42e-4
Pete,6.42e-4
Irvin,6.34e-4
Mckinley,6.25e-4
Nathaniel,6.25e-4
Aaron,6.16e-4
Gus,6.16e-4
Clinton,6.08e-4
Cornelius,6.08e-4
Marshall,6.08e-4
Nicholas,5.99e-4
Claud,5.9e-4
Simon,5.9e-4
Roger,5.82e-4
Bruce,5.73e-4
Owen,5.73e-4
Don,5.64e-4
Jasper,5.64e-4
Sherman,5.64e-4
Elijah,5.56e-4
Jerome,5.56e-4
Reuben,5.56e-4
Jay,5.47e-4
Laurence,5.47e-4
Levi,5.47e-4
Leland,5.38e-4
Wade,5.38e-4
Alva,5.29e-4
Clayton,5.29e-4
Jimmie,5.29e-4
Carroll,5.21e-4
Juan,5.21e-4
Timothy,5.21e-4
Bob,5.12e-4
Harley,5.12e-4
Ivan,5.12e-4
Mose,5.12e-4
Wilson,5.12e-4
Wayne,4.95e-4
Austin,4.86e-4
Silas,4.77e-4
Harrison,4.69e-4
Boyd,4.6e-4
Ervin,4.6e-4
Millard,4.6e-4
Anton,4.51e-4
Preston,4.51e-4
Wilfred,4.51e-4
Barney,4.34e-4
Louie,4.34e-4
Mary,4.34e-4
Wiley,4.34e-4
Delbert,4.25e-4
Karl,4.25e-4
Grady,4.17e-4
Ike,4.17e-4
Jeff,4.17e-4
Ward,4.17e-4
Byron,4.08e-4
Noah,4.08e-4
Clark,3.99e-4
Erwin,3.99e-4
Loyd,3.99e-4
Marcus,3.99e-4
Julian,3.91e-4
Garland,3.82e-4
Hiram,3.82e-4
Monroe,3.82e-4
Earle,3.73e-4
Fredrick,3.73e-4
Lowell,3.73e-4
Aubrey,3.65e-4
Christian,3.65e-4
Christopher,3.65e-4
Dock,3.65e-4
Emanuel,3.65e-4
Lyle,3.65e-4
Major,3.65e-4
Merle,3.65e-4
Tony,3.65e-4
Andy,3.56e-4
Antonio,3.56e-4
Dale,3.56e-4
Dwight,3.56e-4
Edd,3.56e-4
Edmond,3.56e-4
Emory,3.56e-4
Enoch,3.56e-4
Columbus,3.47e-4
Grant,3.47e-4
Abe,3.39e-4
Cleveland,3.39e-4
Cyril,3.39e-4
Mathew,3.39e-4
Spencer,3.39e-4
Eli,3.3e-4
Emery,3.3e-4
Forest,3.3e-4
Ned,3.3e-4
Tommie,3.3e-4
Joel,3.21e-4
Solomon,3.21e-4
Wilbert,3.21e-4
Bryan,3.12e-4
Carlos,3.12e-4
Chris,3.12e-4
Johnny,3.12e-4
Miles,3.12e-4
Ferdinand,3.04e-4
Foster,3.04e-4
Luke,3.04e-4
Malcolm,3.04e-4
Myron,3.04e-4
Riley,3.04e-4
Elwood,2.95e-4
Fletcher,2.95e-4
Larry,2.95e-4
Newton,2.95e-4
Stewart,2.95e-4
Ted,2.95e-4
Alton,2.86e-4
Grover,2.86e-4
Lyman,2.86e-4
Murray,2.86e-4
Neal,2.86e-4
Burton,2.78e-4
Clement,2.78e-4
Ruben,2.78e-4
Van,2.78e-4
Augustus,2.69e-4
Carlton,2.69e-4
Dominick,2.69e-4
Hobart,2.69e-4
Jackson,2.69e-4
Lynn,2.69e-4
Maynard,2.69e-4
Adrian,2.6e-4
Asa,2.6e-4
Clair,2.6e-4
Dick,2.6e-4
Ellsworth,2.6e-4
Gustave,2.6e-4
Loren,2.6e-4
Morgan,2.6e-4
Vern,2.6e-4
Francisco,2.52e-4
Isaiah,2.52e-4
Ora,2.52e-4
Pearl,2.52e-4
Rex,2.52e-4
Allan,2.43e-4
Ambrose,2.43e-4
Basil,2.43e-4
Dee,2.43e-4
General,2.43e-4
Mitchell,2.43e-4
Nick,2.43e-4
Noble,2.43e-4
Royal,2.43e-4
Troy,2.43e-4
Al,2.34e-4
Anderson,2.34e-4
Herschel,2.34e-4
Lucius,2.34e-4
Merrill,2.34e-4
Pat,2.34e-4
Ronald,2.34e-4
Russel,2.34e-4
Taylor,2.34e-4
Dudley,2.26e-4
Elisha,2.26e-4
Irwin,2.26e-4
Neil,2.26e-4
Orval,2.26e-4
Sanford,2.26e-4
Walker,2.26e-4
Bud,2.17e-4
Conrad,2.17e-4
Dallas,2.17e-4
Dean,2.17e-4
Early,2.17e-4
Ezra,2.17e-4
Freddie,2.17e-4
Haywood,2.17e-4
Junius,2.17e-4
Pedro,2.17e-4
Porter,2.17e-4
Reginald,2.17e-4
Scott,2.17e-4
Warner,2.17e-4
Aloysius,2.08e-4
Cyrus,2.08e-4
Harmon,2.08e-4
Jeremiah,2.08e-4
Joshua,2.08e-4
Omer,2.08e-4
Ramon,2.08e-4
Waldo,2.08e-4
Anna,2e-4
Clay,2e-4
Dewitt,2e-4
Emile,2e-4
Fay,2e-4
King,2e-4
Randolph,2e-4
Roosevelt,2e-4
Wheeler,2e-4
Winfield,2e-4
Clem,1.91e-4
Frederic,1.91e-4
Freeman,1.91e-4
Gene,1.91e-4
Hobert,1.91e-4
Johnson,1.91e-4
Merritt,1.91e-4
Wendell,1.91e-4
Buck,1.82e-4
Burt,1.82e-4
Eldon,1.82e-4
Elton,1.82e-4
Elvin,1.82e-4
Harlan,1.82e-4
Isiah,1.82e-4
Matt,1.82e-4
Milo,1.82e-4
Noel,1.82e-4
Roman,1.82e-4
Rupert,1.82e-4
Tommy,1.82e-4
Booker,1.74e-4
Elias,1.74e-4
Elmo,1.74e-4
Florence,1.74e-4
Hal,1.74e-4
Harris,1.74e-4
Jesus,1.74e-4
Lemuel,1.74e-4
Napoleon,1.74e-4
Alford,1.65e-4
Angelo,1.65e-4
Archibald,1.65e-4
Billy,1.65e-4
Emerson,1.65e-4
Garfield,1.65e-4
Green,1.65e-4
Mason,1.65e-4
Odie,1.65e-4
Richmond,1.65e-4
Rollie,1.65e-4
Sammie,1.65e-4
Thaddeus,1.65e-4
Wm,1.65e-4
Abner,1.56e-4
Alphonse,1.56e-4
Buford,1.56e-4
Chauncey,1.56e-4
Elliott,1.56e-4
Fritz,1.56e-4
Granville,1.56e-4
Gustav,1.56e-4
Hugo,1.56e-4
Lionel,1.56e-4
Lorenzo,1.56e-4
Micheal,1.56e-4
Olin,1.56e-4
Rodney,1.56e-4
Sampson,1.56e-4
Sol,1.56e-4
Sterling,1.56e-4
Steven,1.56e-4
Stuart,1.56e-4
Alan,1.48e-4
Angus,1.48e-4
Avery,1.48e-4
Berry,1.48e-4
Connie,1.48e-4
Eric,1.48e-4
Evan,1.48e-4
Everette,1.48e-4
Giles,1.48e-4
Hans,1.48e-4
Jennings,1.48e-4
Josh,1.48e-4
Obie,1.48e-4
Omar,1.48e-4
Oren,1.48e-4
Otha,1.48e-4
Otho,1.48e-4
Ottis,1.48e-4
Salvatore,1.48e-4
Saul,1.48e-4
Shelby,1.48e-4
Sydney,1.48e-4
Thornton,1.48e-4
Thurman,1.48e-4
Tomas,1.48e-4
Arther,1.39e-4
Bryant,1.39e-4
Buster,1.39e-4
Casper,1.39e-4
Clare,1.39e-4
Coy,1.39e-4
Dora,1.39e-4
Garrett,1.39e-4
Gust,1.39e-4
Helen,1.39e-4
Judson,1.39e-4
Lem,1.39e-4
Lucian,1.39e-4
Nat,1.39e-4
Orrin,1.39e-4
Rogers,1.39e-4
Sandy,1.39e-4
Turner,1.39e-4
Washington,1.39e-4
Zack,1.39e-4
Abel,1.3e-4
Allie,1.3e-4
Art,1.3e-4
Bertram,1.3e-4
Cliff,1.3e-4
Dana,1.3e-4
Ethel,1.3e-4
Hamilton,1.3e-4
Hardy,1.3e-4
Hobson,1.3e-4
Hollis,1.3e-4
Isadore,1.3e-4
Lacy,1.3e-4
Norris,1.3e-4
Prince,1.3e-4
Rocco,1.3e-4
Valentine,1.3e-4
Vance,1.3e-4
Wilmer,1.3e-4
Albin,1.22e-4
Axel,1.22e-4
Brady,1.22e-4
Carter,1.22e-4
Cleve,1.22e-4
Edna,1.22e-4
Guss,1.22e-4
Houston,1.22e-4
Isidore,1.22e-4
Ivory,1.22e-4
Jimmy,1.22e-4
Keith,1.22e-4
Lenard,1.22e-4
Lincoln,1.22e-4
Linwood,1.22e-4
Lon,1.22e-4
Lucien,1.22e-4
Luis,1.22e-4
Miguel,1.22e-4
Murry,1.22e-4
Nels,1.22e-4
Phil,1.22e-4
Raleigh,1.22e-4
Shirley,1.22e-4
Smith,1.22e-4
Ulysses,1.22e-4
Wright,1.22e-4
Abram,1.13e-4
Admiral,1.13e-4
Arlie,1.13e-4
Benny,1.13e-4
Billie,1.13e-4
Burl,1.13e-4
Carey,1.13e-4
Chas,1.13e-4
Elder,1.13e-4
Elizabeth,1.13e-4
Elliot,1.13e-4
Elmore,1.13e-4
Elzie,1.13e-4
Emmet,1.13e-4
Emmit,1.13e-4
Hallie,1.13e-4
Howell,1.13e-4
Jean,1.13e-4
Jodie,1.13e-4
Jules,1.13e-4
Lindsey,1.13e-4
Lou,1.13e-4
Lucious,1.13e-4
Madison,1.13e-4
Margaret,1.13e-4
Norbert,1.13e-4
Odis,1.13e-4
Pablo,1.13e-4
Rose,1.13e-4
Tim,1.13e-4
Verne,1.13e-4
Vernie,1.13e-4
Wilburn,1.13e-4
Winfred,1.13e-4
Wyatt,1.13e-4
Addison,1.04e-4
Alois,1.04e-4
Butler,1.04e-4
Cicero,1.04e-4
Davis,1.04e-4
Dorsey,1.04e-4
Doyle,1.04e-4
Emmitt,1.04e-4
Essie,1.04e-4
Frances,1.04e-4
Gabriel,1.04e-4
Hazel,1.04e-4
Hector,1.04e-4
Henderson,1.04e-4
Hezekiah,1.04e-4
Israel,1.04e-4
Judge,1.04e-4
Lamar,1.04e-4
Maxie,1.04e-4
Maxwell,1.04e-4
Milford,1.04e-4
Odell,1.04e-4
Pierre,1.04e-4
Rollin,1.04e-4
Tracy,1.04e-4
Urban,1.04e-4
Walton,1.04e-4
Wash,1.04e-4
Watson,1.04e-4
Webster,1.04e-4
Adolphus,9.5e-5
Alfonso,9.5e-5
Alphonso,9.5e-5
Annie,9.5e-5
Arch,9.5e-5
Arden,9.5e-5
Armand,9.5e-5
Bailey,9.5e-5
Benjiman,9.5e-5
Bonnie,9.5e-5
Burr,9.5e-5
Claire,9.5e-5
Cleo,9.5e-5
Clint,9.5e-5
Cloyd,9.5e-5
Dillard,9.5e-5
Edith,9.5e-5
Elvis,9.5e-5
Evans,9.5e-5
Fannie,9.5e-5
Ford,9.5e-5
Gaston,9.5e-5
Gregory,9.5e-5
Helmer,9.5e-5
Hyman,9.5e-5
Jefferson,9.5e-5
Jewell,9.5e-5
Lambert,9.5e-5
Lawson,9.5e-5
Lawton,9.5e-5
Louise,9.5e-5
Loy,9.5e-5
Manley,9.5e-5
Melville,9.5e-5
Miller,9.5e-5
Morton,9.5e-5
Ole,9.5e-5
Oswald,9.5e-5
Pink,9.5e-5
Rowland,9.5e-5
Ruby,9.5e-5
Sarah,9.5e-5
Seth,9.5e-5
Sim,9.5e-5
Sylvan,9.5e-5
Tillman,9.5e-5
Travis,9.5e-5
Vester,9.5e-5
Wilford,9.5e-5
Adelbert,8.7e-5
Alvah,8.7e-5
Arvid,8.7e-5
Bennett,8.7e-5
Bernie,8.7e-5
Brooks,8.7e-5
Burrell,8.7e-5
Carmen,8.7e-5
Carson,8.7e-5
Cletus,8.7e-5
Denver,8.7e-5
Duncan,8.7e-5
Elsie,8.7e-5
Emma,8.7e-5
Ezekiel,8.7e-5
Gerhard,8.7e-5
Guadalupe,8.7e-5
Hattie,8.7e-5
Hoyt,8.7e-5
Hunter,8.7e-5
Huston,8.7e-5
Ida,8.7e-5
Jones,8.7e-5
Lillie,8.7e-5
Lindsay,8.7e-5
Logan,8.7e-5
Lucas,8.7e-5
Ludwig,8.7e-5
Merl,8.7e-5
Michel,8.7e-5
Minnie,8.7e-5
Mortimer,8.7e-5
Newell,8.7e-5
Nolan,8.7e-5
Olen,8.7e-5
Oral,8.7e-5
Orlando,8.7e-5
Palmer,8.7e-5
Quincy,8.7e-5
Rafael,8.7e-5
Raphael,8.7e-5
Raymon,8.7e-5
Rene,8.7e-5
Rolla,8.7e-5
Rolland,8.7e-5
Selmer,8.7e-5
Tandy,8.7e-5
Theo,8.7e-5
Theron,8.7e-5
Vivian,8.7e-5
Weldon,8.7e-5
Worth,8.7e-5
Addie,7.8e-5
Alden,7.8e-5
Alfredo,7.8e-5
Alma,7.8e-5
Almon,7.8e-5
Alvie,7.8e-5
Alvis,7.8e-5
Aron,7.8e-5
Artie,7.8e-5
Barnett,7.8e-5
Burley,7.8e-5
Christ,7.8e-5
Clarance,7.8e-5
Clell,7.8e-5
Coleman,7.8e-5
Crawford,7.8e-5
Delmer,7.8e-5
Doc,7.8e-5
Dominic,7.8e-5
Elige,7.8e-5
Elza,7.8e-5
Eva,7.8e-5
Ewell,7.8e-5
French,7.8e-5
Furman,7.8e-5
Garnett,7.8e-5
Gaylord,7.8e-5
Geo,7.8e-5
Glover,7.8e-5
Godfrey,7.8e-5
Grace,7.8e-5
Haven,7.8e-5
Hayden,7.8e-5
Heber,7.8e-5
Horatio,7.8e-5
Huey,7.8e-5
Hughie,7.8e-5
Irene,7.8e-5
Jonas,7.8e-5
Junior,7.8e-5
Justin,7.8e-5
Kelly,7.8e-5
Lafayette,7.8e-5
Lige,7.8e-5
Llewellyn,7.8e-5
Luster,7.8e-5
Maceo,7.8e-5
Mahlon,7.8e-5
Marcellus,7.8e-5
Marie,7.8e-5
Milburn,7.8e-5
Olaf,7.8e-5
Parker,7.8e-5
Perley,7.8e-5
Reed,7.8e-5
Roswell,7.8e-5
Rubin,7.8e-5
Ruth,7.8e-5
Shelley,7.8e-5
Shelton,7.8e-5
Sid,7.8e-5
Simmie,7.8e-5
Son,7.8e-5
Steward,7.8e-5
Sullivan,7.8e-5
Truman,7.8e-5
Wayman,7.8e-5
Westley,7.8e-5
Whitney,7.8e-5
Williams,7.8e-5
Williard,7.8e-5
Winston,7.8e-5
Agnes,6.9e-5
Antone,6.9e-5
Asbury,6.9e-5
Augustine,6.9e-5
Barry,6.9e-5
Bernice,6.9e-5
Blanche,6.9e-5
Bradley,6.9e-5
Carrie,6.9e-5
Cary,6.9e-5
Clive,6.9e-5
Courtney,6.9e-5
Darrell,6.9e-5
Dell,6.9e-5
Donnie,6.9e-5
Dorothy,6.9e-5
Duke,6.9e-5
Elden,6.9e-5
Elgin,6.9e-5
Eligah,6.9e-5
Ella,6.9e-5
Emilio,6.9e-5
Enos,6.9e-5
Erich,6.9e-5
Fernando,6.9e-5
Gail,6.9e-5
Gary,6.9e-5
Gladys,6.9e-5
Gussie,6.9e-5
Hampton,6.9e-5
Harland,6.9e-5
Harper,6.9e-5
Henery,6.9e-5
Hershel,6.9e-5
Hilliard,6.9e-5
Hilton,6.9e-5
Issac,6.9e-5
Jewel,6.9e-5
Joesph,6.9e-5
Jonathan,6.9e-5
Jonnie,6.9e-5
Josiah,6.9e-5
June,6.9e-5
Landon,6.9e-5
Lemon,6.9e-5
Lillian,6.9e-5
Lois,6.9e-5
Lucy,6.9e-5
Martha,6.9e-5
Mat,6.9e-5
Mattie,6.9e-5
Merlin,6.9e-5
Mervin,6.9e-5
Oakley,6.9e-5
Orie,6.9e-5
Pierce,6.9e-5
Price,6.9e-5
Reese,6.9e-5
Romeo,6.9e-5
Romie,6.9e-5
Seymour,6.9e-5
Spurgeon,6.9e-5
Stephan,6.9e-5
Stonewall,6.9e-5
Terry,6.9e-5
Unknown,6.9e-5
Virgle,6.9e-5
Webb,6.9e-5
West,6.9e-5
Wilfrid,6.9e-5
Wilton,6.9e-5
Zeb,6.9e-5
Alice,6.1e-5
Allison,6.1e-5
Alonza,6.1e-5
Angel,6.1e-5
Arley,6.1e-5
Ashley,6.1e-5
Augusta,6.1e-5
Benito,6.1e-5
Benjaman,6.1e-5
Bernhard,6.1e-5
Bertrand,6.1e-5
Bishop,6.1e-5
Brown,6.1e-5
Bruno,6.1e-5
Caleb,6.1e-5
Casimir,6.1e-5
Chesley,6.1e-5
Clara,6.1e-5
Collins,6.1e-5
Collis,6.1e-5
Damon,6.1e-5
Edison,6.1e-5
Effie,6.1e-5
Einar,6.1e-5
Eldridge,6.1e-5
Elwin,6.1e-5
Elwyn,6.1e-5
Ennis,6.1e-5
Erick,6.1e-5
Estel,6.1e-5
Eugenio,6.1e-5
Evert,6.1e-5
Felipe,6.1e-5
Ferd,6.1e-5
Fidel,6.1e-5
Gay,6.1e-5
Gertrude,6.1e-5
Golden,6.1e-5
Gottlieb,6.1e-5
Griffith,6.1e-5
Harvy,6.1e-5
Hayward,6.1e-5
Hurley,6.1e-5
Ignatius,6.1e-5
Irven,6.1e-5
Isom,6.1e-5
Jethro,6.1e-5
Jonah,6.1e-5
Jordan,6.1e-5
Jule,6.1e-5
Kirby,6.1e-5
Kyle,6.1e-5
Larkin,6.1e-5
Leander,6.1e-5
Len,6.1e-5
Leopold,6.1e-5
Levy,6.1e-5
Moe,6.1e-5
Myrtle,6.1e-5
Namon,6.1e-5
Newt,6.1e-5
Ocie,6.1e-5
Oris,6.1e-5
Orvil,6.1e-5
Ossie,6.1e-5
Robt,6.1e-5
Toney,6.1e-5
Vaughn,6.1e-5
Vic,6.1e-5
Viola,6.1e-5
Alberto,5.2e-5
Alcide,5.2e-5
Alferd,5.2e-5
Almer,5.2e-5
Alpha,5.2e-5
Alto,5.2e-5
Andres,5.2e-5
Armond,5.2e-5
Armstead,5.2e-5
Arvil,5.2e-5
Audie,5.2e-5
Babe,5.2e-5
Baker,5.2e-5
Ballard,5.2e-5
Bart,5.2e-5
Bartholomew,5.2e-5
Bascom,5.2e-5
Beatrice,5.2e-5
Benedict,5.2e-5
Benton,5.2e-5
Beverly,5.2e-5
Britt,5.2e-5
Bynum,5.2e-5
Callie,5.2e-5
Campbell,5.2e-5
Carleton,5.2e-5
Casimer,5.2e-5
Claudie,5.2e-5
Clemon,5.2e-5
Cody,5.2e-5
Colvin,5.2e-5
Cornelious,5.2e-5
Dayton,5.2e-5
Delmar,5.2e-5
Doris,5.2e-5
Dow,5.2e-5
Elizah,5.2e-5
Ely,5.2e-5
Ephraim,5.2e-5
Ernst,5.2e-5
Ester,5.2e-5
Eunice,5.2e-5
Evertt,5.2e-5
Ezell,5.2e-5
Fate,5.2e-5
Fayette,5.2e-5
Finis,5.2e-5
Fitzhugh,5.2e-5
Florian,5.2e-5
Floy,5.2e-5
Frazier,5.2e-5
Fremont,5.2e-5
Gideon,5.2e-5
Gurney,5.2e-5
Gustaf,5.2e-5
Hamp,5.2e-5
Hermon,5.2e-5
Hillard,5.2e-5
Hosea,5.2e-5
Hosie,5.2e-5
Ignacio,5.2e-5
Isreal,5.2e-5
Ivy,5.2e-5
Jarrett,5.2e-5
Josephine,5.2e-5
Julious,5.2e-5
Lane,5.2e-5
Lavern,5.2e-5
Lawerence,5.2e-5
Leighton,5.2e-5
Lennie,5.2e-5
Linnie,5.2e-5
Lizzie,5.2e-5
