name,percent
John,0.060619
William,0.052879
James,0.044677
George,0.033314
Charles,0.025278
Robert,0.023608
Joseph,0.022887
Frank,0.021426
Edward,0.016786
Henry,0.016071
Thomas,0.015757
Walter,0.014161
Harry,0.014001
Willie,0.013021
Arthur,0.011419
Albert,0.010741
Fred,0.010143
Clarence,0.009139
Paul,0.007949
Harold,0.007684
Roy,0.007487
Joe,0.007272
Raymond,0.007087
Richard,0.007081
Charlie,0.006926
Louis,0.006779
Jack,0.006501
Earl,0.006397
Carl,0.006261
Ernest,0.006236
Ralph,0.005528
David,0.005515
Samuel,0.005404
Sam,0.005059
Howard,0.004819
Herbert,0.004628
Andrew,0.004425
Elmer,0.004307
Lee,0.00416
Lawrence,0.004061
Francis,0.004018
Alfred,0.003944
Will,0.003716
Daniel,0.003704
Eugene,0.003617
Leo,0.003513
Oscar,0.003469
Floyd,0.00342
Herman,0.003389
Jesse,0.003303
Michael,0.003081
Tom,0.002896
Lewis,0.00289
Leonard,0.002865
Ray,0.002816
Clyde,0.002785
Benjamin,0.002779
Peter,0.002742
Claude,0.002668
Lester,0.002662
Theodore,0.00265
Russell,0.002637
Eddie,0.002625
Frederick,0.002588
Leroy,0.002588
Clifford,0.00252
Anthony,0.002508
Jim,0.002459
Jessie,0.002446
Martin,0.00236
Edgar,0.002305
Chester,0.002243
Ben,0.002188
Edwin,0.002163
Dewey,0.002126
Cecil,0.00212
Stanley,0.002114
Lloyd,0.002077
Donald,0.00204
Homer,0.002009
Harvey,0.001984
Luther,0.001947
Norman,0.001947
Johnnie,0.001929
Leon,0.001916
Bernard,0.001898
Ed,0.00183
Hugh,0.001787
Patrick,0.001756
Kenneth,0.001719
Leslie,0.001695
Victor,0.001658
Alexander,0.001608
Philip,0.001596
Oliver,0.001584
Mack,0.001541
Horace,0.001504
Milton,0.001491
Guy,0.001479
Everett,0.00146
Jacob,0.001436
Melvin,0.001424
Charley,0.00138
Allen,0.001374
Alvin,0.001374
Earnest,0.001374
Ira,0.001343
Sidney,0.001343
Archie,0.001331
Otis,0.001306
Virgil,0.001306
Julius,0.001269
Jerry,0.001263
Percy,0.001239
Otto,0.001226
Isaac,0.00122
Bill,0.001208
Glenn,0.001195
Maurice,0.001189
Alex,0.001183
Dan,0.001183
Warren,0.001177
Hubert,0.001165
Marion,0.001165
Lonnie,0.001146
Nathan,0.001146
Stephen,0.001115
Wesley,0.001115
Vincent,0.001097
Marvin,0.001085
Manuel,0.001078
Willard,0.00106
Vernon,0.001048
Willis,0.001041
Dave,0.001023
Morris,0.001004
Jose,9.92e-4
Wallace,9.92e-4
Wilbur,9.92e-4
Gerald,9.74e-4
Rufus,9.67e-4
Bennie,9.49e-4
Bert,9.43e-4
August,9.12e-4
Rudolph,9.06e-4
Curtis,8.94e-4
Gilbert,8.94e-4
Perry,8.75e-4
Max,8.69e-4
Steve,8.57e-4
Franklin,8.44e-4
Gordon,8.44e-4
Mark,8.44e-4
Nelson,8.32e-4
Glen,8.26e-4
Mckinley,8.2e-4
Roland,8.2e-4
Dennis,8.13e-4
Mike,8.13e-4
Sylvester,8.07e-4
Johnie,8.01e-4
Matthew,8.01e-4
Calvin,7.89e-4
Jess,7.89e-4
Emil,7.83e-4
Phillip,7.83e-4
Marshall,7.76e-4
Amos,7.7e-4
Elbert,7.7e-4
Felix,7.58e-4
Arnold,7.52e-4
Jake,7.46e-4
Ellis,7.39e-4
Gus,7.39e-4
Emmett,7.33e-4
Clayton,7.27e-4
Irvin,7.27e-4
Jimmie,7.27e-4
Nathaniel,7.27e-4
Adolph,7.21e-4
Moses,7.21e-4
Alonzo,7.15e-4
Cornelius,7.15e-4
Pete,7.15e-4
Irving,7.09e-4
Orville,6.9e-4
Adam,6.84e-4
Douglas,6.72e-4
Ollie,6.72e-4
Clifton,6.66e-4
Claud,6.59e-4
Jay,6.59e-4
Aaron,6.41e-4
Tony,6.22e-4
Abraham,6.16e-4
Bob,6.04e-4
Jasper,5.98e-4
Roscoe,5.98e-4
Levi,5.85e-4
Nicholas,5.85e-4
Sherman,5.85e-4
Edmund,5.79e-4
Owen,5.73e-4
Noah,5.67e-4
Clinton,5.61e-4
Ivan,5.55e-4
Monroe,5.48e-4
Wilson,5.48e-4
Ervin,5.42e-4
Wayne,5.42e-4
Bruce,5.36e-4
Elijah,5.3e-4
Reuben,5.3e-4
Jerome,5.24e-4
Juan,5.18e-4
Barney,5.11e-4
Ross,5.11e-4
Grant,5.05e-4
Don,4.99e-4
Laurence,4.99e-4
Roger,4.99e-4
Tommie,4.99e-4
Wilfred,4.99e-4
Grady,4.87e-4
Harley,4.87e-4
Julian,4.87e-4
Preston,4.81e-4
Timothy,4.75e-4
Antonio,4.68e-4
Leland,4.68e-4
Clark,4.62e-4
Karl,4.62e-4
Mary,4.62e-4
Mose,4.62e-4
Simon,4.62e-4
Ted,4.62e-4
Alva,4.5e-4
Dock,4.5e-4
Cleveland,4.44e-4
Johnny,4.44e-4
Roosevelt,4.44e-4
Solomon,4.44e-4
Luke,4.31e-4
Carroll,4.25e-4
Harrison,4.25e-4
Jeff,4.25e-4
Troy,4.25e-4
Millard,4.19e-4
Silas,4.19e-4
Fredrick,4.13e-4
Austin,4.07e-4
Forrest,4.07e-4
Ike,4.01e-4
Allan,3.94e-4
Larry,3.94e-4
Loyd,3.94e-4
Freddie,3.88e-4
Myron,3.88e-4
Wilbert,3.88e-4
Aubrey,3.82e-4
Boyd,3.82e-4
Byron,3.76e-4
Edd,3.76e-4
Louie,3.76e-4
Wiley,3.76e-4
Jackson,3.7e-4
Dwight,3.64e-4
Neal,3.64e-4
Rex,3.64e-4
Anton,3.57e-4
Hiram,3.51e-4
Mathew,3.51e-4
Van,3.51e-4
Abe,3.45e-4
Anderson,3.45e-4
Wade,3.45e-4
Bryan,3.39e-4
Christopher,3.39e-4
Dale,3.39e-4
Malcolm,3.39e-4
Merle,3.39e-4
Miles,3.39e-4
Andy,3.33e-4
Fletcher,3.27e-4
Forest,3.27e-4
Mitchell,3.27e-4
Riley,3.27e-4
Emory,3.2e-4
Grover,3.2e-4
Elwood,3.14e-4
Major,3.14e-4
Neil,3.08e-4
Newton,3.08e-4
Pat,3.08e-4
Randolph,3.08e-4
Ruben,3.08e-4
Jesus,3.02e-4
Lyle,3.02e-4
Marcus,3.02e-4
Murray,3.02e-4
Nick,3.02e-4
Clement,2.96e-4
Edmond,2.96e-4
Gene,2.96e-4
Taylor,2.96e-4
Ambrose,2.9e-4
Dean,2.9e-4
Booker,2.83e-4
Earle,2.83e-4
Ned,2.83e-4
Ramon,2.83e-4
Russel,2.83e-4
Augustus,2.77e-4
Chris,2.77e-4
Columbus,2.77e-4
Dick,2.77e-4
Eli,2.77e-4
Emanuel,2.77e-4
Delbert,2.71e-4
Freeman,2.71e-4
Isiah,2.71e-4
Loren,2.71e-4
Pedro,2.71e-4
Spencer,2.71e-4
Alton,2.65e-4
Erwin,2.65e-4
Jeremiah,2.65e-4
Jimmy,2.65e-4
Ward,2.65e-4
Wilmer,2.65e-4
Emery,2.59e-4
Ezra,2.59e-4
Lorenzo,2.59e-4
Ora,2.59e-4
Steven,2.59e-4
Tommy,2.59e-4
Clay,2.53e-4
Conrad,2.53e-4
Cyril,2.53e-4
Ferdinand,2.53e-4
Lynn,2.53e-4
Pearl,2.53e-4
Ronald,2.53e-4
Bud,2.46e-4
Dallas,2.46e-4
Elmo,2.46e-4
Francisco,2.46e-4
Lucius,2.46e-4
Stewart,2.46e-4
Clair,2.4e-4
Elton,2.4e-4
Lyman,2.4e-4
Scott,2.4e-4
Burton,2.34e-4
Carlton,2.34e-4
Sterling,2.34e-4
Al,2.28e-4
Aloysius,2.28e-4
Basil,2.28e-4
Carlos,2.28e-4
Dewitt,2.28e-4
Elisha,2.28e-4
Herschel,2.28e-4
Lemuel,2.28e-4
Billy,2.22e-4
Cyrus,2.22e-4
Enoch,2.22e-4
Garland,2.22e-4
Hobert,2.22e-4
Johnson,2.22e-4
Joshua,2.22e-4
Noble,2.22e-4
Orval,2.22e-4
Vern,2.22e-4
Alfonso,2.16e-4
Alphonso,2.16e-4
Christian,2.16e-4
Dee,2.16e-4
Hollis,2.16e-4
Joel,2.16e-4
Lowell,2.16e-4
Emerson,2.1e-4
Lon,2.1e-4
Ulysses,2.1e-4
Dudley,2.03e-4
Elliott,2.03e-4
General,2.03e-4
Harris,2.03e-4
Houston,2.03e-4
Kelly,2.03e-4
King,2.03e-4
Lacy,2.03e-4
Benny,1.97e-4
Buck,1.97e-4
Cleo,1.97e-4
Garfield,1.97e-4
Irwin,1.97e-4
Isaiah,1.97e-4
Junius,1.97e-4
Mason,1.97e-4
Napoleon,1.97e-4
Sammie,1.97e-4
Shirley,1.97e-4
Carter,1.91e-4
Elmore,1.91e-4
Emile,1.91e-4
Jennings,1.91e-4
Jonas,1.91e-4
Matt,1.91e-4
Morgan,1.91e-4
Raleigh,1.91e-4
Wilber,1.91e-4
Arther,1.85e-4
Asa,1.85e-4
Clarance,1.85e-4
Fay,1.85e-4
Gustave,1.85e-4
Wendell,1.85e-4
Early,1.79e-4
Foster,1.79e-4
Garrett,1.79e-4
Odell,1.79e-4
Zack,1.79e-4
Clem,1.73e-4
Green,1.73e-4
Haywood,1.73e-4
Odis,1.73e-4
Reginald,1.73e-4
Sol,1.73e-4
Washington,1.73e-4
Adrian,1.66e-4
Alan,1.66e-4
Allie,1.66e-4
Alphonse,1.66e-4
Angelo,1.66e-4
Coy,1.66e-4
Ellsworth,1.66e-4
Emmet,1.66e-4
Hobart,1.66e-4
Judge,1.66e-4
Rupert,1.66e-4
Seth,1.66e-4
Travis,1.66e-4
Walker,1.66e-4
Winfield,1.66e-4
Bruno,1.6e-4
Carey,1.6e-4
Chas,1.6e-4
Coleman,1.6e-4
Hardy,1.6e-4
Lionel,1.6e-4
Lucious,1.6e-4
Maynard,1.6e-4
Smith,1.6e-4
Anna,1.54e-4
Buster,1.54e-4
Dominick,1.54e-4
Dorsey,1.54e-4
Hal,1.54e-4
Ivory,1.54e-4
Josh,1.54e-4
Judson,1.54e-4
Lige,1.54e-4
Olin,1.54e-4
Porter,1.54e-4
Royal,1.54e-4
Sim,1.54e-4
Truman,1.54e-4
Billie,1.48e-4
Bryant,1.48e-4
Elvin,1.48e-4
Evan,1.48e-4
Ford,1.48e-4
Isadore,1.48e-4
Jefferson,1.48e-4
Wilford,1.48e-4
Benjiman,1.42e-4
Buford,1.42e-4
Crawford,1.42e-4
Elias,1.42e-4
Emmitt,1.42e-4
Fritz,1.42e-4
Harmon,1.42e-4
Hugo,1.42e-4
Merrill,1.42e-4
Rodney,1.42e-4
Rubin,1.42e-4
Saul,1.42e-4
Webster,1.42e-4
Wilburn,1.42e-4
Alford,1.36e-4
Berry,1.36e-4
Bertha,1.36e-4
Chauncey,1.36e-4
Clint,1.36e-4
Florence,1.36e-4
Furman,1.36e-4
Henery,1.36e-4
Hyman,1.36e-4
Jean,1.36e-4
Jewel,1.36e-4
Logan,1.36e-4
Lonzo,1.36e-4
Maxwell,1.36e-4
Milford,1.36e-4
Milo,1.36e-4
Norbert,1.36e-4
Oren,1.36e-4
Pablo,1.36e-4
Phil,1.36e-4
Pink,1.36e-4
Prince,1.36e-4
Ruby,1.36e-4
Salvatore,1.36e-4
Sandy,1.36e-4
Son,1.36e-4
Stuart,1.36e-4
Terry,1.36e-4
Tim,1.36e-4
Waldo,1.36e-4
Abner,1.29e-4
Emma,1.29e-4
Eric,1.29e-4
Granville,1.29e-4
Lucian,1.29e-4
Luis,1.29e-4
Micheal,1.29e-4
Murphy,1.29e-4
Omer,1.29e-4
Otha,1.29e-4
Otho,1.29e-4
Palmer,1.29e-4
Sanford,1.29e-4
Thurman,1.29e-4
Bertram,1.23e-4
Connie,1.23e-4
Davis,1.23e-4
Eldon,1.23e-4
Elzie,1.23e-4
Ethel,1.23e-4
Hallie,1.23e-4
Henderson,1.23e-4
Hezekiah,1.23e-4
Israel,1.23e-4
Lenard,1.23e-4
Lincoln,1.23e-4
Lonie,1.23e-4
Pasquale,1.23e-4
Roman,1.23e-4
Rosevelt,1.23e-4
Sampson,1.23e-4
Shelby,1.23e-4
Warner,1.23e-4
Wm,1.23e-4
Adolphus,1.17e-4
Annie,1.17e-4
Bailey,1.17e-4
Bernie,1.17e-4
Bonnie,1.17e-4
Dana,1.17e-4
Elie,1.17e-4
Ezekiel,1.17e-4
Frances,1.17e-4
Gabriel,1.17e-4
Gustav,1.17e-4
Hamilton,1.17e-4
Harlan,1.17e-4
Hector,1.17e-4
Ivy,1.17e-4
Lambert,1.17e-4
Lindsey,1.17e-4
Mervin,1.17e-4
Meyer,1.17e-4
Toney,1.17e-4
Verne,1.17e-4
Vernie,1.17e-4
Wash,1.17e-4
Abram,1.11e-4
Admiral,1.11e-4
Arch,1.11e-4
Art,1.11e-4
Bishop,1.11e-4
Boyce,1.11e-4
Burl,1.11e-4
Burt,1.11e-4
Cicero,1.11e-4
Doc,1.11e-4
Ennis,1.11e-4
Guss,1.11e-4
Hans,1.11e-4
Helen,1.11e-4
Hosea,1.11e-4
Joesph,1.11e-4
Justin,1.11e-4
Nat,1.11e-4
Noel,1.11e-4
Norris,1.11e-4
Odie,1.11e-4
Rolland,1.11e-4
Tillman,1.11e-4
Turner,1.11e-4
Vivian,1.11e-4
Albin,1.05e-4
Artie,1.05e-4
Cliff,1.05e-4
Dillard,1.05e-4
Duncan,1.05e-4
Eldridge,1.05e-4
Kelley,1.05e-4
Lafayette,1.05e-4
Lawson,1.05e-4
Levy,1.05e-4
Linwood,1.05e-4
Madison,1.05e-4
Mannie,1.05e-4
Marie,1.05e-4
Miguel,1.05e-4
Ole,1.05e-4
Parker,1.05e-4
Randall,1.05e-4
Thaddeus,1.05e-4
Wylie,1.05e-4
Alvie,9.9e-5
Arlie,9.9e-5
Armand,9.9e-5
Aron,9.9e-5
Bennett,9.9e-5
Carson,9.9e-5
Cleve,9.9e-5
Collins,9.9e-5
Dalton,9.9e-5
Elizabeth,9.9e-5
Elza,9.9e-5
Everette,9.9e-5
Gaston,9.9e-5
Gladys,9.9e-5
Gust,9.9e-5
Keith,9.9e-5
Lamar,9.9e-5
Leander,9.9e-5
Margaret,9.9e-5
Nolan,9.9e-5
Quincy,9.9e-5
Rowland,9.9e-5
Ruth,9.9e-5
Teddy,9.9e-5
Tomas,9.9e-5
Unknown,9.9e-5
Abel,9.2e-5
Alec,9.2e-5
Bradley,9.2e-5
Cletus,9.2e-5
Doyle,9.2e-5
Elsie,9.2e-5
Emilio,9.2e-5
Fate,9.2e-5
Giles,9.2e-5
Graham,9.2e-5
Hayes,9.2e-5
Hazel,9.2e-5
Hermon,9.2e-5
Isidore,9.2e-5
Jason,9.2e-5
Jewell,9.2e-5
Jonnie,9.2e-5
Junior,9.2e-5
Lindsay,9.2e-5
Louise,9.2e-5
Loy,9.2e-5
Obie,9.2e-5
Oral,9.2e-5
Orlando,9.2e-5
Ossie,9.2e-5
Pierce,9.2e-5
Richmond,9.2e-5
Rollie,9.2e-5
Valentine,9.2e-5
Vance,9.2e-5
Williams,9.2e-5
Angus,8.6e-5
Antoine,8.6e-5
Archibald,8.6e-5
Burley,8.6e-5
Casper,8.6e-5
Curley,8.6e-5
Dominic,8.6e-5
Felipe,8.6e-5
Howell,8.6e-5
Jule,8.6e-5
Lillie,8.6e-5
Miller,8.6e-5
Monte,8.6e-5
Olen,8.6e-5
Reed,8.6e-5
Thad,8.6e-5
Theo,8.6e-5
Walton,8.6e-5
Wyatt,8.6e-5
Alden,8e-5
Alma,8e-5
Benton,8e-5
Bradford,8e-5
Casey,8e-5
Denis,8e-5
Denver,8e-5
Edna,8e-5
Effie,8e-5
Eunice,8e-5
Golden,8e-5
Hamp,8e-5
Harland,8e-5
Hershel,8e-5
Hobson,8e-5
Ida,8e-5
Jules,8e-5
Kirby,8e-5
Less,8e-5
Lou,8e-5
Lucien,8e-5
Mildred,8e-5
Morton,8e-5
Myles,8e-5
Price,8e-5
Roderick,8e-5
Rollin,8e-5
Rudy,8e-5
Sheldon,8e-5
Sonny,8e-5
Sydney,8e-5
Talmadge,8e-5
Theadore,8e-5
Tracy,8e-5
Vester,8e-5
Watson,8e-5
Waverly,8e-5
Wayman,8e-5
Weldon,8e-5
West,8e-5
Westley,8e-5
Winfred,8e-5
Winston,8e-5
Worth,8e-5
Alberto,7.4e-5
Ammon,7.4e-5
Antone,7.4e-5
Augustine,7.4e-5
Avery,7.4e-5
Beatrice,7.4e-5
Brooks,7.4e-5
Butler,7.4e-5
Carleton,7.4e-5
Cary,7.4e-5
Clara,7.4e-5
Ella,7.4e-5
Emmit,7.4e-5
Ernie,7.4e-5
Evans,7.4e-5
Fernando,7.4e-5
Gregory,7.4e-5
Hollie,7.4e-5
Hunter,7.4e-5
Jonathan,7.4e-5
Junious,7.4e-5
Mac,7.4e-5
Melton,7.4e-5
Minnie,7.4e-5
Murry,7.4e-5
Nellie,7.4e-5
Ocie,7.4e-5
Oran,7.4e-5
Orie,7.4e-5
Orin,7.4e-5
Osie,7.4e-5
Patsy,7.4e-5
Rafael,7.4e-5
Ransom,7.4e-5
Raymon,7.4e-5
Rocco,7.4e-5
Rube,7.4e-5
Santiago,7.4e-5
Sylvan,7.4e-5
Vaughn,7.4e-5
Webb,7.4e-5
Wheeler,7.4e-5
Wilton,7.4e-5
Addison,6.8e-5
Alfredo,6.8e-5
Auther,6.8e-5
Axel,6.8e-5
Benedict,6.8e-5
Bessie,6.8e-5
Brady,6.8e-5
Buddie,6.8e-5
Burnett,6.8e-5
Caleb,6.8e-5
Christ,6.8e-5
Conley,6.8e-5
Damon,6.8e-5
Delmar,6.8e-5
Duke,6.8e-5
Earlie,6.8e-5
Eduardo,6.8e-5
Elder,6.8e-5
Ellie,6.8e-5
Ewell,6.8e-5
Farris,6.8e-5
Geo,6.8e-5
Gerard,6.8e-5
Gideon,6.8e-5
Grace,6.8e-5
Gregorio,6.8e-5
Guadalupe,6.8e-5
Hampton,6.8e-5
Hoyt,6.8e-5
Ignatius,6.8e-5
Isom,6.8e-5
Issac,6.8e-5
Jodie,6.8e-5
Jonah,6.8e-5
Jordan,6.8e-5
Laurie,6.8e-5
Laverne,6.8e-5
Leeroy,6.8e-5
Lemmie,6.8e-5
Lillian,6.8e-5
Marcellus,6.8e-5
Marlin,6.8e-5
Pierre,6.8e-5
Rose,6.8e-5
Royce,6.8e-5
Stanford,6.8e-5
Thornton,6.8e-5
Thurston,6.8e-5
Tobe,6.8e-5
Tyler,6.8e-5
Verner,6.8e-5
Acie,6.2e-5
Addie,6.2e-5
Alvah,6.2e-5
Barry,6.2e-5
Bartley,6.2e-5
Barton,6.2e-5
Baxter,6.2e-5
Bee,6.2e-5
Benito,6.2e-5
Bernice,6.2e-5
Blair,6.2e-5
Buddy,6.2e-5
Cal,6.2e-5
Carmen,6.2e-5
Carmine,6.2e-5
Clare,6.2e-5
Claudie,6.2e-5
Collis,6.2e-5
Courtney,6.2e-5
Dell,6.2e-5
Eliga,6.2e-5
Eligah,6.2e-5
Elwin,6.2e-5
Estell,6.2e-5
Eston,6.2e-5
Foy,6.2e-5
Frederic,6.2e-5
French,6.2e-5
Gale,6.2e-5
Garnett,6.2e-5
Gary,6.2e-5
Godfrey,6.2e-5
Goebel,6.2e-5
Gray,6.2e-5
Harlow,6.2e-5
Hayden,6.2e-5
Helmer,6.2e-5
Hilliard,6.2e-5
Joy,6.2e-5
Julious,6.2e-5
Lemon,6.2e-5
Len,6.2e-5
Leopold,6.2e-5
Lesley,6.2e-5
Lois,6.2e-5
Loran,6.2e-5
Ludwig,6.2e-5
Luster,6.2e-5
Mae,6.2e-5
Melville,6.2e-5
Moody,6.2e-5
Norval,6.2e-5
Omar,6.2e-5
Orrin,6.2e-5
Pleas,6.2e-5
Reese,6.2e-5
Rene,6.2e-5
Rolla,6.2e-5
Rossie,6.2e-5
Sanders,6.2e-5
Seward,6.2e-5
Seymour,6.2e-5
Sullivan,6.2e-5
Tallie,6.2e-5
Urban,6.2e-5
Wong,6.2e-5
Alfonzo,5.5e-5
Allison,5.5e-5
Alois,5.5e-5
Alvis,5.5e-5
Arlo,5.5e-5
Artis,5.5e-5
Arvid,5.5e-5
Barnie,5.5e-5
Bart,5.5e-5
Brown,5.5e-5
Callie,5.5e-5
Cameron,5.5e-5
Casimer,5.5e-5
Cloyd,5.5e-5
Collin,5.5e-5
Colonel,5.5e-5
Craig,5.5e-5
Darrell,5.5e-5
Delmer,5.5e-5
Eddy,5.5e-5
Edith,5.5e-5
Elige,5.5e-5
Elliot,5.5e-5
Enos,5.5e-5
Enrique,5.5e-5
Erich,5.5e-5
Ernst,5.5e-5
Evert,5.5e-5
Fabian,5.5e-5
Ferris,5.5e-5
Fitzhugh,5.5e-5
Gail,5.5e-5
Gorge,5.5e-5
Harvie,5.5e-5
Hester,5.5e-5
Hosie,5.5e-5
Hudson,5.5e-5
Irene,5.5e-5
Jennie,5.5e-5
June,5.5e-5
Lauren,5.5e-5
Lupe,5.5e-5
Martha,5.5e-5
Mathias,5.5e-5
Mearl,5.5e-5
Milburn,5.5e-5
Newell,5.5e-5
Newt,5.5e-5
Nora,5.5e-5
Oswald,5.5e-5
Ozie,5.5e-5
Paris,5.5e-5
Pinkney,5.5e-5
Pleasant,5.5e-5
Rush,5.5e-5
Salvador,5.5e-5
Santos,5.5e-5
Schuyler,5.5e-5
Shedrick,5.5e-5
Shelley,5.5e-5
Shellie,5.5e-5
Spurgeon,5.5e-5
Wellington,5.5e-5
Wilfrid,5.5e-5
Zollie,5.5e-5
Ace,4.9e-5
Adolf,4.9e-5
Agnes,4.9e-5
Alf,4.9e-5
Alice,4.9e-5
Almon,4.9e-5
Arley,4.9e-5
Arturo,4.9e-5
Arvel,4.9e-5
Beverly,4.9e-5
Brice,4.9e-5
Byrd,4.9e-5
Ceasar,4.9e-5
Cora,4.9e-5
Doctor,4.9e-5
Donnie,4.9e-5
Donovan,4.9e-5
Dorothy,4.9e-5
Drew,4.9e-5
Elden,4.9e-5
Elvis,4.9e-5
Ephraim,4.9e-5
Essie,4.9e-5
Eva,4.9e-5
Felton,4.9e-5
Finley,4.9e-5
Fleming,4.9e-5
Gaylord,4.9e-5
Gerhard,4.9e-5
Gertrude,4.9e-5
Heber,4.9e-5
Hillard,4.9e-5
Holly,4.9e-5
