name,percent
John,0.059568
William,0.049836
James,0.042123
George,0.03181
Charles,0.025317
Robert,0.023961
Joseph,0.023336
Frank,0.02076
Edward,0.01728
Henry,0.016218
Thomas,0.016075
Walter,0.013996
Harry,0.013182
Willie,0.011789000000000001
Arthur,0.011194
Albert,0.010357
Clarence,0.009732
Fred,0.009687
Harold,0.008113
Paul,0.008037
Raymond,0.008022
Roy,0.007548
Joe,0.007194
Carl,0.007171
Louis,0.00687
Richard,0.006847
Earl,0.006606
Ralph,0.006531
Ernest,0.005951
David,0.005732
Charlie,0.005725
Jack,0.005597
Samuel,0.005288
Theodore,0.004836
Howard,0.004761
Herbert,0.004633
Lawrence,0.004505
Francis,0.004497
Alfred,0.004444
Elmer,0.004324
Sam,0.004211
Andrew,0.004203
Leo,0.004151
Eugene,0.003947
Daniel,0.003774
Lee,0.003578
Floyd,0.003548
Michael,0.003473
Herman,0.003442
Jesse,0.003292
Peter,0.003262
Leonard,0.003209
Russell,0.003179
Anthony,0.003164
Oscar,0.00299
Edwin,0.00296
Ray,0.002945
Lester,0.0029
Lewis,0.0029
Clyde,0.0028769999999999998
Benjamin,0.002817
Leroy,0.002787
Donald,0.002757
Will,0.002704
Cecil,0.002667
Eddie,0.002659
Lloyd,0.002591
Claude,0.002531
Stanley,0.002516
Frederick,0.002493
Clifford,0.002456
Martin,0.002448
Jessie,0.002433
Chester,0.002418
Tom,0.00235
Edgar,0.002313
Jim,0.00226
Kenneth,0.002071
Ben,0.002056
Homer,0.002026
Luther,0.002004
Harvey,0.001989
Bernard,0.001951
Norman,0.001928
Leslie,0.001891
Leon,0.001868
Melvin,0.001868
Everett,0.001793
Allen,0.00171
Philip,0.001702
Johnnie,0.001665
Hugh,0.001635
Alexander,0.001627
Stephen,0.001582
Jacob,0.001559
Milton,0.001559
Victor,0.001544
Patrick,0.001529
Alvin,0.001514
Horace,0.001499
Otto,0.001446
Maurice,0.001409
Archie,0.001401
Guy,0.001401
Marvin,0.001401
Glenn,0.001394
Oliver,0.001363
Marion,0.001326
Ed,0.001318
Sidney,0.001318
Vernon,0.001318
Otis,0.001273
Charley,0.001265
Percy,0.001258
Gilbert,0.00125
Roosevelt,0.00125
Hubert,0.001243
Willard,0.001235
Virgil,0.001228
Wilbur,0.001228
Earnest,0.001198
Julius,0.001198
Wallace,0.001183
Ira,0.001175
Alex,0.00116
Rufus,0.001145
Gerald,0.001137
Morris,0.00113
Warren,0.001122
Jerry,0.001115
Vincent,0.001115
Mack,0.001107
Wesley,0.001092
Willis,0.001085
Isaac,0.001077
Nathan,0.001077
Bill,0.00104
Lonnie,0.00104
Dewey,0.001024
Emil,0.001024
Sylvester,0.001017
Max,9.94e-4
Bert,9.79e-4
Calvin,9.79e-4
Curtis,9.72e-4
Jose,9.42e-4
Bennie,9.34e-4
Dan,9.34e-4
Glen,9.27e-4
Jimmie,9.27e-4
Rudolph,8.96e-4
Manuel,8.89e-4
Roland,8.74e-4
Felix,8.59e-4
Johnie,8.51e-4
Clifton,8.44e-4
Dave,8.44e-4
Ellis,8.44e-4
Nicholas,8.44e-4
Ollie,8.29e-4
Gordon,8.21e-4
August,8.14e-4
Elbert,8.14e-4
Orville,8.14e-4
Perry,8.14e-4
Arnold,8.06e-4
Edmund,7.83e-4
Irving,7.83e-4
Mark,7.83e-4
Matthew,7.83e-4
Jake,7.68e-4
Adam,7.46e-4
Mike,7.46e-4
Emmett,7.38e-4
Clayton,7.31e-4
Franklin,7.31e-4
Antonio,7.23e-4
Cornelius,7.23e-4
Amos,7.16e-4
Marshall,7.08e-4
Clinton,6.93e-4
Steve,6.93e-4
Forrest,6.85e-4
Irvin,6.85e-4
Wayne,6.85e-4
Roscoe,6.78e-4
Ross,6.78e-4
Jay,6.7e-4
Nathaniel,6.63e-4
Adolph,6.55e-4
Phillip,6.55e-4
Ted,6.55e-4
Jess,6.48e-4
Dennis,6.4e-4
Gus,6.4e-4
Harley,6.25e-4
Abraham,6.18e-4
Reuben,6.18e-4
Alonzo,6.1e-4
Don,5.95e-4
Aaron,5.88e-4
Nelson,5.88e-4
Sherman,5.88e-4
Claud,5.72e-4
Douglas,5.72e-4
Ervin,5.72e-4
Pete,5.65e-4
Tony,5.57e-4
Moses,5.5e-4
Roger,5.5e-4
Ivan,5.35e-4
Laurence,5.35e-4
Grady,5.27e-4
Johnny,5.27e-4
Noah,5.2e-4
Wilson,5.2e-4
Jerome,5.12e-4
Juan,5.12e-4
Jasper,5.05e-4
Tommie,5.05e-4
Elijah,4.97e-4
Solomon,4.97e-4
Karl,4.9e-4
Austin,4.82e-4
Bob,4.82e-4
Dale,4.75e-4
Owen,4.75e-4
Wilfred,4.75e-4
Julian,4.67e-4
Preston,4.67e-4
Timothy,4.67e-4
Booker,4.59e-4
Loyd,4.59e-4
Alva,4.52e-4
Bruce,4.52e-4
Louie,4.52e-4
Millard,4.52e-4
Forest,4.44e-4
Monroe,4.44e-4
Mose,4.44e-4
Troy,4.44e-4
Emory,4.37e-4
Leland,4.37e-4
Mckinley,4.37e-4
Merle,4.37e-4
Simon,4.37e-4
Wiley,4.29e-4
Allan,4.22e-4
Mary,4.22e-4
Levi,4.14e-4
Silas,4.14e-4
Abe,4.07e-4
Grant,4.07e-4
Anton,3.99e-4
Harrison,3.99e-4
Carroll,3.92e-4
Cleveland,3.92e-4
Malcolm,3.92e-4
Delbert,3.84e-4
Eli,3.84e-4
Wilbert,3.84e-4
Barney,3.77e-4
Byron,3.77e-4
Cyril,3.77e-4
Dock,3.77e-4
Edmond,3.77e-4
Mitchell,3.77e-4
Aubrey,3.69e-4
Emanuel,3.69e-4
Erwin,3.69e-4
Ronald,3.69e-4
Christopher,3.62e-4
Edd,3.62e-4
Lyle,3.62e-4
Columbus,3.54e-4
Jeff,3.54e-4
Larry,3.47e-4
Major,3.47e-4
Neal,3.47e-4
Rex,3.47e-4
Ward,3.47e-4
Grover,3.39e-4
Miles,3.39e-4
Ruben,3.39e-4
Marcus,3.31e-4
Pedro,3.31e-4
Augustus,3.24e-4
Earle,3.24e-4
Ora,3.24e-4
Reginald,3.24e-4
Al,3.16e-4
Andy,3.16e-4
Boyd,3.16e-4
Clement,3.16e-4
Fredrick,3.16e-4
Hiram,3.16e-4
Orval,3.16e-4
Ramon,3.16e-4
Gene,3.09e-4
Ike,3.09e-4
Luke,3.09e-4
Dean,3.01e-4
Dwight,3.01e-4
Freeman,3.01e-4
Jackson,3.01e-4
Mathew,3.01e-4
Wade,3.01e-4
Emery,2.94e-4
Garland,2.94e-4
Lynn,2.94e-4
Newton,2.94e-4
Alton,2.86e-4
Conrad,2.86e-4
Freddie,2.86e-4
Joel,2.86e-4
Murray,2.86e-4
Wendell,2.86e-4
Anderson,2.79e-4
Carlos,2.79e-4
Carlton,2.79e-4
Chris,2.79e-4
Clair,2.79e-4
Fletcher,2.79e-4
Nick,2.79e-4
Riley,2.79e-4
Angelo,2.71e-4
Lucius,2.71e-4
Myron,2.71e-4
Scott,2.71e-4
Coy,2.64e-4
Dick,2.64e-4
Otho,2.64e-4
Pat,2.64e-4
Pearl,2.64e-4
Randolph,2.56e-4
Sol,2.56e-4
Alphonse,2.49e-4
Christian,2.49e-4
Clay,2.49e-4
Cleo,2.49e-4
Dewitt,2.49e-4
Elwood,2.49e-4
Gustave,2.49e-4
Herschel,2.49e-4
Loren,2.49e-4
Porter,2.49e-4
Van,2.49e-4
Basil,2.41e-4
Fay,2.41e-4
Ferdinand,2.41e-4
Ned,2.41e-4
Spencer,2.41e-4
Steven,2.41e-4
Tommy,2.41e-4
Clark,2.34e-4
Dallas,2.34e-4
Omer,2.34e-4
Royal,2.34e-4
Russel,2.34e-4
Foster,2.26e-4
Helen,2.26e-4
Houston,2.26e-4
Odell,2.26e-4
Sterling,2.26e-4
Vern,2.26e-4
Allie,2.18e-4
Burton,2.18e-4
Buster,2.18e-4
Elliott,2.18e-4
Elvin,2.18e-4
Jeremiah,2.18e-4
King,2.18e-4
Emerson,2.11e-4
Francisco,2.11e-4
Isiah,2.11e-4
Lowell,2.11e-4
Neil,2.11e-4
Sanford,2.11e-4
Stewart,2.11e-4
Alan,2.03e-4
Chas,2.03e-4
Elmo,2.03e-4
Hollis,2.03e-4
Jonas,2.03e-4
Lorenzo,2.03e-4
Matt,2.03e-4
Salvatore,2.03e-4
Adrian,1.96e-4
Ambrose,1.96e-4
Arther,1.96e-4
Dee,1.96e-4
Ellsworth,1.96e-4
Elton,1.96e-4
Eric,1.96e-4
Ezra,1.96e-4
Garfield,1.96e-4
Harris,1.96e-4
Hugo,1.96e-4
Lon,1.96e-4
Lyman,1.96e-4
Maxwell,1.96e-4
Merrill,1.96e-4
Rolland,1.96e-4
Clem,1.88e-4
Doyle,1.88e-4
Hal,1.88e-4
Hosea,1.88e-4
Isaiah,1.88e-4
Maynard,1.88e-4
Olin,1.88e-4
Oren,1.88e-4
Raleigh,1.88e-4
Wilmer,1.88e-4
Winfield,1.88e-4
Bud,1.81e-4
Dominic,1.81e-4
Eldon,1.81e-4
Harlan,1.81e-4
Isadore,1.81e-4
Israel,1.81e-4
Jefferson,1.81e-4
Mason,1.81e-4
Milo,1.81e-4
Saul,1.81e-4
Theo,1.81e-4
Alfonso,1.73e-4
Elisha,1.73e-4
Elzie,1.73e-4
Florence,1.73e-4
Gabriel,1.73e-4
Irwin,1.73e-4
Junius,1.73e-4
Morgan,1.73e-4
Napoleon,1.73e-4
Phil,1.73e-4
Roman,1.73e-4
Rosevelt,1.73e-4
Vance,1.73e-4
Billy,1.66e-4
Chauncey,1.66e-4
Cyrus,1.66e-4
Early,1.66e-4
Enoch,1.66e-4
Green,1.66e-4
Jean,1.66e-4
Jonathan,1.66e-4
Lacy,1.66e-4
Linwood,1.66e-4
Margaret,1.66e-4
Meyer,1.66e-4
Noble,1.66e-4
Noel,1.66e-4
Norbert,1.66e-4
Rubin,1.66e-4
Shirley,1.66e-4
Stuart,1.66e-4
Thurman,1.66e-4
Turner,1.66e-4
Waldo,1.66e-4
Abner,1.58e-4
Aloysius,1.58e-4
Asa,1.58e-4
Dudley,1.58e-4
Elias,1.58e-4
Elizabeth,1.58e-4
Jesus,1.58e-4
Jules,1.58e-4
Lemuel,1.58e-4
Miguel,1.58e-4
Pablo,1.58e-4
Prince,1.58e-4
Reed,1.58e-4
Sammie,1.58e-4
Ulysses,1.58e-4
Armand,1.51e-4
Aron,1.51e-4
Evan,1.51e-4
Haywood,1.51e-4
Hershel,1.51e-4
Hobert,1.51e-4
Junious,1.51e-4
Keith,1.51e-4
Lawson,1.51e-4
Rogers,1.51e-4
Taylor,1.51e-4
Truman,1.51e-4
Verne,1.51e-4
Webster,1.51e-4
Wilber,1.51e-4
Curley,1.43e-4
Dominick,1.43e-4
Ethel,1.43e-4
Frances,1.43e-4
Henderson,1.43e-4
Ivory,1.43e-4
Jewell,1.43e-4
Lenard,1.43e-4
Lionel,1.43e-4
Lucien,1.43e-4
Luis,1.43e-4
Otha,1.43e-4
Rodney,1.43e-4
Sandy,1.43e-4
Tomas,1.43e-4
Walker,1.43e-4
Wilburn,1.43e-4
Alvie,1.36e-4
Arch,1.36e-4
Archibald,1.36e-4
Avery,1.36e-4
Clint,1.36e-4
Emile,1.36e-4
Frederic,1.36e-4
Gary,1.36e-4
Hobart,1.36e-4
Jimmy,1.36e-4
Judge,1.36e-4
Milford,1.36e-4
Terry,1.36e-4
Tim,1.36e-4
Alford,1.28e-4
Bernie,1.28e-4
Bertram,1.28e-4
Buck,1.28e-4
Carson,1.28e-4
Coleman,1.28e-4
Granville,1.28e-4
Hans,1.28e-4
Josh,1.28e-4
Joshua,1.28e-4
Lincoln,1.28e-4
Merton,1.28e-4
Ruth,1.28e-4
Wilford,1.28e-4
Winfred,1.28e-4
Anna,1.21e-4
Arlie,1.21e-4
Casper,1.21e-4
Cicero,1.21e-4
Cleve,1.21e-4
Cliff,1.21e-4
Connie,1.21e-4
Delmar,1.21e-4
General,1.21e-4
Issac,1.21e-4
Kelly,1.21e-4
Kermit,1.21e-4
Marcellus,1.21e-4
Ottis,1.21e-4
Randall,1.21e-4
Thad,1.21e-4
Thaddeus,1.21e-4
Travis,1.21e-4
Unknown,1.21e-4
Vito,1.21e-4
Alfredo,1.13e-4
Angus,1.13e-4
Artie,1.13e-4
Berry,1.13e-4
Bruno,1.13e-4
Buddy,1.13e-4
Clare,1.13e-4
Evans,1.13e-4
Felipe,1.13e-4
Gust,1.13e-4
Hampton,1.13e-4
Hazel,1.13e-4
Hunter,1.13e-4
Lamar,1.13e-4
Lemon,1.13e-4
Lonzo,1.13e-4
Lucious,1.13e-4
Marie,1.13e-4
Marlin,1.13e-4
Melville,1.13e-4
Micheal,1.13e-4
Morton,1.13e-4
Nolan,1.13e-4
Ole,1.13e-4
Pasquale,1.13e-4
Pierce,1.13e-4
Raphael,1.13e-4
Addison,1.05e-4
Alpha,1.05e-4
Alphonso,1.05e-4
Ashley,1.05e-4
Audrey,1.05e-4
Augustine,1.05e-4
Bernice,1.05e-4
Billie,1.05e-4
Brady,1.05e-4
Buford,1.05e-4
Denver,1.05e-4
Dillard,1.05e-4
Edison,1.05e-4
Eldred,1.05e-4
Eligah,1.05e-4
Elsie,1.05e-4
Golden,1.05e-4
Hardy,1.05e-4
Hyman,1.05e-4
Jason,1.05e-4
Junior,1.05e-4
Merlin,1.05e-4
Merritt,1.05e-4
Mildred,1.05e-4
Nels,1.05e-4
Norris,1.05e-4
Ransom,1.05e-4
Rollin,1.05e-4
Ruby,1.05e-4
Sampson,1.05e-4
Washington,1.05e-4
Watson,1.05e-4
Albin,9.8e-5
Benny,9.8e-5
Dalton,9.8e-5
Dell,9.8e-5
Elmore,9.8e-5
Emmet,9.8e-5
Emmitt,9.8e-5
Ford,9.8e-5
Fritz,9.8e-5
Gustav,9.8e-5
Hamilton,9.8e-5
Harmon,9.8e-5
Jewel,9.8e-5
Johnson,9.8e-5
Lafayette,9.8e-5
Leander,9.8e-5
Lem,9.8e-5
Lillian,9.8e-5
Lindsey,9.8e-5
Logan,9.8e-5
Loran,9.8e-5
Loy,9.8e-5
Lucian,9.8e-5
Ludwig,9.8e-5
Ocie,9.8e-5
Olen,9.8e-5
Orrie,9.8e-5
Pink,9.8e-5
Romeo,9.8e-5
Smith,9.8e-5
Son,9.8e-5
Sydney,9.8e-5
Urban,9.8e-5
Vaughn,9.8e-5
Vernie,9.8e-5
Walton,9.8e-5
Adolphus,9e-5
Alice,9e-5
Alvah,9e-5
Beverly,9e-5
Burt,9e-5
Carey,9e-5
Cary,9e-5
Christ,9e-5
Cloyd,9e-5
Delmer,9e-5
Elvis,9e-5
Everette,9e-5
Fannie,9e-5
Furman,9e-5
Garrett,9e-5
Gladys,9e-5
Hayes,9e-5
Hezekiah,9e-5
Hoyt,9e-5
Jonnie,9e-5
Judson,9e-5
Laverne,9e-5
Mabel,9e-5
Miller,9e-5
Murry,9e-5
Oakley,9e-5
Odis,9e-5
Olaf,9e-5
Reese,9e-5
Rowland,9e-5
Theadore,9e-5
Theron,9e-5
Valentine,9e-5
West,9e-5
Wm,9e-5
Zeno,9e-5
Abel,8.3e-5
Annie,8.3e-5
Arvel,8.3e-5
Bennett,8.3e-5
Bertha,8.3e-5
Brooks,8.3e-5
Bryan,8.3e-5
Bryant,8.3e-5
Caleb,8.3e-5
Carter,8.3e-5
Crawford,8.3e-5
Darrell,8.3e-5
Dorsey,8.3e-5
Duncan,8.3e-5
Edna,8.3e-5
Ellie,8.3e-5
Elza,8.3e-5
Emma,8.3e-5
Ewing,8.3e-5
Fernando,8.3e-5
Gail,8.3e-5
Hallie,8.3e-5
Hamp,8.3e-5
Henery,8.3e-5
Hilton,8.3e-5
Irene,8.3e-5
Kelley,8.3e-5
Leopold,8.3e-5
Loyal,8.3e-5
Mahlon,8.3e-5
Mattie,8.3e-5
Mervin,8.3e-5
Minnie,8.3e-5
Obie,8.3e-5
Oral,8.3e-5
Oran,8.3e-5
Orin,8.3e-5
Oswald,8.3e-5
Palmer,8.3e-5
Pierre,8.3e-5
Raymon,8.3e-5
Rene,8.3e-5
Rocco,8.3e-5
Rollie,8.3e-5
Salvador,8.3e-5
Shelby,8.3e-5
Sim,8.3e-5
Talmadge,8.3e-5
Teddy,8.3e-5
Tillman,8.3e-5
Tomie,8.3e-5
Viola,8.3e-5
Wash,8.3e-5
Williams,8.3e-5
Winston,8.3e-5
Young,8.3e-5
Zack,8.3e-5
Adelbert,7.5e-5
Alberto,7.5e-5
Alden,7.5e-5
Antone,7.5e-5
Augusta,7.5e-5
Bailey,7.5e-5
Benjiman,7.5e-5
Benton,7.5e-5
Bertrand,7.5e-5
Blair,7.5e-5
Bonnie,7.5e-5
Chesley,7.5e-5
Clarance,7.5e-5
Cletus,7.5e-5
Earlie,7.5e-5
Elgin,7.5e-5
Ennis,7.5e-5
Ephraim,7.5e-5
Evert,7.5e-5
Ewald,7.5e-5
Felton,7.5e-5
Ferris,7.5e-5
Gaylord,7.5e-5
Gertrude,7.5e-5
Gregory,7.5e-5
Guss,7.5e-5
Hosie,7.5e-5
Hudson,7.5e-5
Ivy,7.5e-5
Jones,7.5e-5
Kirk,7.5e-5
Lew,7.5e-5
Mace,7.5e-5
Mario,7.5e-5
May,7.5e-5
Odie,7.5e-5
Orlando,7.5e-5
Patsy,7.5e-5
Rafael,7.5e-5
Richmond,7.5e-5
Rudy,7.5e-5
Samual,7.5e-5
Santos,7.5e-5
Seth,7.5e-5
Sheldon,7.5e-5
Simeon,7.5e-5
Warner,7.5e-5
Weldon,7.5e-5
Wilton,7.5e-5
Wylie,7.5e-5
Abram,6.8e-5
Alec,6.8e-5
Allison,6.8e-5
Antoine,6.8e-5
Art,6.8e-5
Baxter,6.8e-5
Bertie,6.8e-5
Bishop,6.8e-5
Bradford,6.8e-5
Bradley,6.8e-5
Burl,6.8e-5
Carrol,6.8e-5
Clarnce,6.8e-5
Dana,6.8e-5
Danny,6.8e-5
Dexter,6.8e-5
Domingo,6.8e-5
Durward,6.8e-5
Einar,6.8e-5
Essie,6.8e-5
Ewell,6.8e-5
Gale,6.8e-5
Garvin,6.8e-5
Gaston,6.8e-5
Giles,6.8e-5
Gottlieb,6.8e-5
Gussie,6.8e-5
Haskell,6.8e-5
Hermon,6.8e-5
Howell,6.8e-5
Hurley,6.8e-5
Isidore,6.8e-5
Jennings,6.8e-5
Joy,6.8e-5
Jule,6.8e-5
Justin,6.8e-5
Lambert,6.8e-5
Lawton,6.8e-5
Len,6.8e-5
Levy,6.8e-5
Lige,6.8e-5
Lillie,6.8e-5
Lindsay,6.8e-5
Louise,6.8e-5
Love,6.8e-5
Mae,6.8e-5
Mat,6.8e-5
Meredith,6.8e-5
Minor,6.8e-5
Myles,6.8e-5
Myrtle,6.8e-5
Newt,6.8e-5
Olan,6.8e-5
Ossie,6.8e-5
Pleas,6.8e-5
Quincy,6.8e-5
Rueben,6.8e-5
Rupert,6.8e-5
Santiago,6.8e-5
Seymour,6.8e-5
Sid,6.8e-5
Tobe,6.8e-5
Val,6.8e-5
Vicente,6.8e-5
Virgle,6.8e-5
Vivian,6.8e-5
Wardell,6.8e-5
Wheeler,6.8e-5
Ada,6e-5
Adolf,6e-5
Agustin,6e-5
Alma,6e-5
Alois,6e-5
Ashton,6e-5
Axel,6e-5
Bart,6e-5
Beatrice,6e-5
Beryl,6e-5
Buddie,6e-5
Cal,6e-5
Casimir,6e-5
Clara,6e-5
Davis,6e-5
Dolphus,6e-5
Eldridge,6e-5
Elex,6e-5
Ernie,6e-5
Eva,6e-5
Ezekiel,6e-5
Geo,6e-5
Gerard,6e-5
Graham,6e-5
Harvie,6e-5
Hayward,6e-5
Hilary,6e-5
Hilliard,6e-5
Hughie,6e-5
Ignatius,6e-5
Julia,6e-5
Kirby,6e-5
Lance,6e-5
Lonie,6e-5
Lorenza,6e-5
Lupe,6e-5
Mac,6e-5
Malachi,6e-5
Mannie,6e-5
Martha,6e-5
Maxie,6e-5
Nathen,6e-5
Nora,6e-5
Norval,6e-5
Odus,6e-5
Okey,6e-5
Omar,6e-5
Oneal,6e-5
Opal,6e-5
Ozie,6e-5
Parker,6e-5
Pearlie,6e-5
Percival,6e-5
Robbie,6e-5
Roderick,6e-5
Rolla,6e-5
Shelly,6e-5
Spurgeon,6e-5
Thornton,6e-5
Thurston,6e-5
Tollie,6e-5
Toney,6e-5
Verna,6e-5
Verner,6e-5
Victoriano,6e-5
Westley,6e-5
Weston,6e-5
Wilfrid,6e-5
Wilhelm,6e-5
Willam,6e-5
Zeb,6e-5
Alfonzo,5.3e-5
Alonza,5.3e-5
Arden,5.3e-5
Arvid,5.3e-5
Audley,5.3e-5
Auther,5.3e-5
Authur,5.3e-5
Bartholomew,5.3e-5
Barton,5.3e-5
Belton,5.3e-5
Bessie,5.3e-5
Blanche,5.3e-5
Brown,5.3e-5
Carmine,5.3e-5
Claire,5.3e-5
Collie,5.3e-5
Collins,5.3e-5
Conway,5.3e-5
Cornelious,5.3e-5
Doll,5.3e-5
Donovan,5.3e-5
Dorothy,5.3e-5
Duke,5.3e-5
Edmon,5.3e-5
Ella,5.3e-5
Elwin,5.3e-5
Emilio,5.3e-5
Emmit,5.3e-5
Enos,5.3e-5
Enrique,5.3e-5
Ephriam,5.3e-5
Esau,5.3e-5
Estel,5.3e-5
Eunice,5.3e-5
Farris,5.3e-5
Florian,5.3e-5
Fulton,5.3e-5
Georgie,5.3e-5
Guadalupe,5.3e-5
Gurney,5.3e-5
Gustaf,5.3e-5
Hall,5.3e-5
Heyward,5.3e-5
Hjalmer,5.3e-5
Ivor,5.3e-5
Jarvis,5.3e-5
Joesph,5.3e-5
Johney,5.3e-5
Johny,5.3e-5
Josephine,5.3e-5
Kyle,5.3e-5
Linnie,5.3e-5
Linton,5.3e-5
Lois,5.3e-5
Lola,5.3e-5
Lula,5.3e-5
Madison,5.3e-5
Manford,5.3e-5
Mart,5.3e-5
Mickey,5.3e-5
Mitchel,5.3e-5
Mortimer,5.3e-5
Murphy,5.3e-5
Myrl,5.3e-5
Nat,5.3e-5
Olie,5.3e-5
Orlo,5.3e-5
Orvil,5.3e-5
