name,percent
John,0.058833
William,0.048797
James,0.042371
George,0.030626
Charles,0.024835
Joseph,0.024132
Robert,0.023536
Frank,0.020443
Edward,0.017536
Thomas,0.01517
Henry,0.014869
Walter,0.014227
Harry,0.012735
Willie,0.011242
Arthur,0.011095
Albert,0.010338
Clarence,0.00975
Fred,0.009309
Paul,0.008358
Harold,0.008227
Raymond,0.008126
Roy,0.007539
Carl,0.007036
Joe,0.006912
Louis,0.006874
Richard,0.00668
Earl,0.006472
Jack,0.006425
Ralph,0.00624
Ernest,0.005907
Samuel,0.005729
Charlie,0.005714
David,0.005536
Herbert,0.005165
Francis,0.005142
Theodore,0.005126
Leo,0.004925
Howard,0.004918
Alfred,0.004307
Elmer,0.004299
Sam,0.004268
Andrew,0.00426
Lawrence,0.004144
Eugene,0.003696
Lee,0.003688
Floyd,0.003649
Michael,0.003603
Herman,0.003472
Leonard,0.003464
Daniel,0.00334
Oscar,0.003302
Clyde,0.003193
Lester,0.003093
Anthony,0.003085
Ray,0.00307
Russell,0.003015
Jesse,0.003
Peter,0.002876
Stanley,0.002791
Donald,0.002776
Clifford,0.002691
Edwin,0.002683
Frederick,0.002637
Leroy,0.002629
Lewis,0.00259
Cecil,0.002567
Kenneth,0.002552
Chester,0.002528
Benjamin,0.002513
Eddie,0.002436
Claude,0.002327
Lloyd,0.002312
Tom,0.002281
Harvey,0.002265
Will,0.002265
Leon,0.002227
Martin,0.002188
Jessie,0.002165
Bernard,0.002095
Luther,0.002049
Ben,0.002003
Edgar,0.002003
Homer,0.001987
Jim,0.001987
Philip,0.001933
Norman,0.00184
Johnnie,0.001832
Melvin,0.001778
Leslie,0.001755
Alvin,0.001716
Allen,0.001693
Milton,0.001624
Oliver,0.001624
Patrick,0.001624
Everett,0.001577
Stephen,0.001546
Glenn,0.001531
Roosevelt,0.001523
Victor,0.001515
Alexander,0.001508
Hugh,0.001492
Archie,0.001485
Jacob,0.001461
Marion,0.001454
Guy,0.001446
Marvin,0.00143
Gerald,0.001407
Maurice,0.001407
Vernon,0.001384
Morris,0.001376
Horace,0.001353
Julius,0.001338
Virgil,0.001338
Warren,0.001338
Hubert,0.001314
Vincent,0.001314
Ed,0.001299
Otis,0.001299
Ira,0.001291
Otto,0.001284
Wilbur,0.001276
Sidney,0.001253
Willard,0.001253
Wallace,0.001214
Dan,0.001198
Wesley,0.001183
Manuel,0.001168
Nathan,0.001129
Lonnie,0.001121
Bennie,0.001113
Gordon,0.001098
Jose,0.001098
Dewey,0.001082
Earnest,0.001082
Alex,0.001067
Curtis,0.001067
Gilbert,0.001067
Isaac,0.001067
Arnold,0.001036
Rufus,0.001036
Willis,0.001028
Bert,0.001021
Mack,0.001013
Bill,9.97e-4
Emil,9.9e-4
Jimmie,9.9e-4
Steve,9.82e-4
Charley,9.74e-4
Irving,9.66e-4
Orville,9.66e-4
Percy,9.59e-4
Glen,9.36e-4
Rudolph,9.28e-4
August,8.97e-4
Franklin,8.97e-4
Sylvester,8.81e-4
Mike,8.74e-4
Jerry,8.66e-4
Clifton,8.51e-4
Ellis,8.51e-4
Max,8.51e-4
Roland,8.27e-4
Calvin,8.2e-4
Clinton,8.2e-4
Nathaniel,8.12e-4
Edmund,7.89e-4
Matthew,7.89e-4
Douglas,7.73e-4
Johnie,7.65e-4
Emmett,7.5e-4
Abraham,7.42e-4
Elbert,7.35e-4
Irvin,7.35e-4
Marshall,7.27e-4
Aaron,7.19e-4
Felix,7.19e-4
Jake,7.19e-4
Jerome,7.19e-4
Nelson,7.19e-4
Cornelius,7.11e-4
Phillip,7.11e-4
Wayne,7.11e-4
Adolph,7.04e-4
Nicholas,6.96e-4
Dave,6.8e-4
Perry,6.8e-4
Moses,6.65e-4
Roger,6.65e-4
Clayton,6.57e-4
Alton,0.00064899999999999995
Amos,6.42e-4
Owen,6.42e-4
Adam,6.34e-4
Jay,6.34e-4
Jess,6.26e-4
Mark,6.26e-4
Booker,6.19e-4
Ollie,6.11e-4
Tommie,6.11e-4
Tony,6.03e-4
Claud,5.95e-4
Laurence,5.95e-4
Simon,5.95e-4
Forrest,5.88e-4
Preston,5.88e-4
Dennis,5.8e-4
Juan,5.8e-4
Leland,5.8e-4
Antonio,5.57e-4
Gus,5.49e-4
Ted,5.49e-4
Ivan,5.41e-4
Karl,5.41e-4
Loyd,5.41e-4
Sherman,5.41e-4
Merle,5.34e-4
Pete,5.34e-4
Roscoe,5.34e-4
Bruce,5.26e-4
Levi,5.26e-4
Monroe,5.18e-4
Ross,5.18e-4
Bob,5.1e-4
Lyle,5.1e-4
Grady,5.03e-4
Harley,5.03e-4
Reuben,5.03e-4
Don,4.95e-4
Wilfred,4.95e-4
Mary,4.87e-4
Wilson,4.87e-4
Grant,4.72e-4
Carroll,4.64e-4
Byron,4.56e-4
Fredrick,4.56e-4
Johnny,4.56e-4
Julian,4.56e-4
Wilbert,4.56e-4
Abe,4.48e-4
Elijah,4.48e-4
Elwood,4.48e-4
Ervin,4.48e-4
Mose,4.48e-4
Erwin,4.41e-4
Jasper,4.41e-4
Larry,4.41e-4
Millard,4.41e-4
Alonzo,4.33e-4
Anton,4.33e-4
Aubrey,4.33e-4
Dale,4.33e-4
Grover,4.25e-4
Burton,4.02e-4
Ronald,4.02e-4
Wiley,4.02e-4
Christopher,3.94e-4
Emanuel,3.94e-4
Alva,3.87e-4
Austin,3.87e-4
Barney,3.87e-4
Delbert,3.87e-4
Ruben,3.87e-4
Clark,3.79e-4
Neal,3.79e-4
Timothy,3.79e-4
Malcolm,3.71e-4
Noah,3.71e-4
Reginald,3.71e-4
Eli,3.63e-4
Forest,3.63e-4
Harrison,3.63e-4
Silas,3.63e-4
Jeff,3.56e-4
Luke,3.56e-4
Nick,3.56e-4
Troy,3.56e-4
Wade,3.56e-4
Andy,3.48e-4
Freddie,3.48e-4
Gene,3.48e-4
Mckinley,3.48e-4
Edd,3.4e-4
Edmond,3.4e-4
Louie,3.4e-4
Marcus,3.4e-4
Miles,3.4e-4
Pedro,3.4e-4
Solomon,3.4e-4
Tommy,3.4e-4
Myron,3.32e-4
Rex,3.32e-4
Cleveland,3.25e-4
Cyril,3.25e-4
Boyd,3.17e-4
Carlos,3.17e-4
Ramon,3.17e-4
Cleo,3.09e-4
Lowell,3.09e-4
Ward,3.09e-4
Dallas,3.02e-4
Dock,3.02e-4
Herschel,3.02e-4
Al,2.94e-4
Angelo,2.94e-4
Coy,2.94e-4
Elton,2.94e-4
Gustave,2.94e-4
Loren,2.94e-4
Van,2.94e-4
Allan,2.86e-4
Clement,2.86e-4
Christian,2.78e-4
Fay,2.78e-4
Major,2.78e-4
Mitchell,2.78e-4
Pearl,2.78e-4
Wilmer,2.78e-4
Chris,2.71e-4
Dudley,2.71e-4
Emery,2.71e-4
Randolph,2.71e-4
Dominick,2.63e-4
Eric,2.63e-4
Jackson,2.63e-4
Lynn,2.63e-4
Mathew,2.63e-4
Olin,2.63e-4
Ora,2.63e-4
Salvatore,2.63e-4
Carlton,2.55e-4
Clair,2.55e-4
Earle,2.55e-4
Ezra,2.55e-4
Fletcher,2.55e-4
Hiram,2.55e-4
Lyman,2.55e-4
Maynard,2.55e-4
Pat,2.55e-4
Russel,2.55e-4
Ambrose,2.47e-4
Bud,2.47e-4
Emory,2.47e-4
Joel,2.47e-4
Sol,2.47e-4
Stewart,2.47e-4
Columbus,2.4e-4
Isadore,2.4e-4
Isiah,2.4e-4
Merrill,2.4e-4
Murray,2.4e-4
Orval,2.4e-4
Sterling,2.4e-4
Anderson,2.32e-4
Conrad,2.32e-4
Lionel,2.32e-4
Odell,2.32e-4
Helen,2.24e-4
Noble,2.24e-4
Riley,2.24e-4
Coleman,2.16e-4
Dwight,2.16e-4
Elliott,2.16e-4
Foster,2.16e-4
Neil,2.16e-4
Noel,2.16e-4
Oren,2.16e-4
Royal,2.16e-4
Spencer,2.16e-4
Vern,2.16e-4
Clay,2.09e-4
Dean,2.09e-4
Dewitt,2.09e-4
Eldon,2.09e-4
Elmo,2.09e-4
Emmet,2.09e-4
Garland,2.09e-4
Hollis,2.09e-4
Houston,2.09e-4
Matt,2.09e-4
Newton,2.09e-4
Asa,2.01e-4
Berry,2.01e-4
Emerson,2.01e-4
Enoch,2.01e-4
Francisco,2.01e-4
Freeman,2.01e-4
Jimmy,2.01e-4
Jonas,2.01e-4
Lorenzo,2.01e-4
Morgan,2.01e-4
Rosevelt,2.01e-4
Stuart,2.01e-4
Alan,1.93e-4
Dee,1.93e-4
Elisha,1.93e-4
Lucius,1.93e-4
Steven,1.93e-4
Tim,1.93e-4
Vance,1.93e-4
Wm,1.93e-4
Augustus,1.86e-4
Buck,1.86e-4
Buford,1.86e-4
Ike,1.86e-4
Irwin,1.86e-4
Jeremiah,1.86e-4
Lemuel,1.86e-4
Scott,1.86e-4
Valentine,1.86e-4
Warner,1.86e-4
Adrian,1.78e-4
Archibald,1.78e-4
Basil,1.78e-4
Buster,1.78e-4
Carter,1.78e-4
Chauncey,1.78e-4
Early,1.78e-4
Emile,1.78e-4
Hal,1.78e-4
Haywood,1.78e-4
Isaiah,1.78e-4
Lacy,1.78e-4
Lenard,1.78e-4
Lon,1.78e-4
Margaret,1.78e-4
Ned,1.78e-4
Prince,1.78e-4
Rollin,1.78e-4
Sydney,1.78e-4
Alfonso,1.7e-4
Alphonse,1.7e-4
Clarance,1.7e-4
Cyrus,1.7e-4
Davis,1.7e-4
Delmar,1.7e-4
Elvin,1.7e-4
Elzie,1.7e-4
Emmitt,1.7e-4
Evan,1.7e-4
Jean,1.7e-4
Jules,1.7e-4
Milo,1.7e-4
Omer,1.7e-4
Palmer,1.7e-4
Porter,1.7e-4
Rocco,1.7e-4
Sanford,1.7e-4
Waldo,1.7e-4
Walker,1.7e-4
Wendell,1.7e-4
Alford,1.62e-4
Burl,1.62e-4
Dominic,1.62e-4
Granville,1.62e-4
Harris,1.62e-4
Hyman,1.62e-4
Jordan,1.62e-4
Josh,1.62e-4
Joshua,1.62e-4
Keith,1.62e-4
Kelly,1.62e-4
Linwood,1.62e-4
Mason,1.62e-4
Mildred,1.62e-4
Odis,1.62e-4
Ottis,1.62e-4
Reed,1.62e-4
Ulysses,1.62e-4
Wilburn,1.62e-4
Abner,1.55e-4
Aloysius,1.55e-4
Billie,1.55e-4
Billy,1.55e-4
Connie,1.55e-4
Elias,1.55e-4
Ethel,1.55e-4
Jefferson,1.55e-4
Jesus,1.55e-4
Loy,1.55e-4
Luis,1.55e-4
Meyer,1.55e-4
Micheal,1.55e-4
Phil,1.55e-4
Taylor,1.55e-4
Thad,1.55e-4
Verne,1.55e-4
Chas,1.47e-4
Cliff,1.47e-4
Ellsworth,1.47e-4
Ferdinand,1.47e-4
Frederic,1.47e-4
Garfield,1.47e-4
Hugo,1.47e-4
Jewell,1.47e-4
Jonathan,1.47e-4
King,1.47e-4
Lonzo,1.47e-4
Rolland,1.47e-4
Rollie,1.47e-4
Rowland,1.47e-4
Ruby,1.47e-4
Theron,1.47e-4
Truman,1.47e-4
Winfield,1.47e-4
Allie,1.39e-4
Anna,1.39e-4
Bertram,1.39e-4
Clem,1.39e-4
Dick,1.39e-4
Gabriel,1.39e-4
Hardy,1.39e-4
Henery,1.39e-4
Lindsey,1.39e-4
Madison,1.39e-4
Miguel,1.39e-4
Olen,1.39e-4
Otho,1.39e-4
Raleigh,1.39e-4
Roman,1.39e-4
Seth,1.39e-4
Shelby,1.39e-4
Terry,1.39e-4
Theo,1.39e-4
Vernie,1.39e-4
Wilford,1.39e-4
Wilton,1.39e-4
Arlie,1.31e-4
Benny,1.31e-4
Clint,1.31e-4
Dorsey,1.31e-4
Frances,1.31e-4
Gail,1.31e-4
Garnett,1.31e-4
Gaston,1.31e-4
Green,1.31e-4
Guadalupe,1.31e-4
Hamilton,1.31e-4
Harmon,1.31e-4
Hershel,1.31e-4
Jonnie,1.31e-4
Lesley,1.31e-4
Maxwell,1.31e-4
Murphy,1.31e-4
Obie,1.31e-4
Ole,1.31e-4
Pablo,1.31e-4
Saul,1.31e-4
Shirley,1.31e-4
Wilber,1.31e-4
Benjiman,1.24e-4
Bonnie,1.24e-4
Brady,1.24e-4
Carey,1.24e-4
Cicero,1.24e-4
Doyle,1.24e-4
Duane,1.24e-4
Duncan,1.24e-4
Elmore,1.24e-4
Hans,1.24e-4
Harlan,1.24e-4
Hazel,1.24e-4
Hobert,1.24e-4
Judge,1.24e-4
Lucien,1.24e-4
Miller,1.24e-4
Napoleon,1.24e-4
Odie,1.24e-4
Otha,1.24e-4
Parker,1.24e-4
Patsy,1.24e-4
Richmond,1.24e-4
Romeo,1.24e-4
Rubin,1.24e-4
Tomas,1.24e-4
Walton,1.24e-4
Addison,1.16e-4
Alois,1.16e-4
Alphonso,1.16e-4
Bennett,1.16e-4
Bessie,1.16e-4
Cletus,1.16e-4
Cleve,1.16e-4
Evans,1.16e-4
Florence,1.16e-4
Garrett,1.16e-4
General,1.16e-4
Gustav,1.16e-4
Hampton,1.16e-4
Omar,1.16e-4
Rene,1.16e-4
Reynold,1.16e-4
Rose,1.16e-4
Smith,1.16e-4
Webster,1.16e-4
Abel,1.08e-4
Antone,1.08e-4
Armand,1.08e-4
Artis,1.08e-4
Augustine,1.08e-4
Carmine,1.08e-4
Carson,1.08e-4
Israel,1.08e-4
Jewel,1.08e-4
Johnson,1.08e-4
Loyal,1.08e-4
Marcellus,1.08e-4
Melville,1.08e-4
Myrtle,1.08e-4
Nat,1.08e-4
Norris,1.08e-4
Pierce,1.08e-4
Randall,1.08e-4
Roderick,1.08e-4
Sandy,1.08e-4
Teddy,1.08e-4
Vaughn,1.08e-4
Vivian,1.08e-4
Weldon,1.08e-4
Adolphus,1.01e-4
Alvie,1.01e-4
Angus,1.01e-4
Annie,1.01e-4
Arch,1.01e-4
Artie,1.01e-4
Avery,1.01e-4
Beverly,1.01e-4
Everette,1.01e-4
Felipe,1.01e-4
Fritz,1.01e-4
Geo,1.01e-4
Graham,1.01e-4
Guss,1.01e-4
Hayward,1.01e-4
Isom,1.01e-4
Issac,1.01e-4
Jason,1.01e-4
Josiah,1.01e-4
Junius,1.01e-4
Lafayette,1.01e-4
Lucious,1.01e-4
Ludwig,1.01e-4
Maxie,1.01e-4
Milford,1.01e-4
Minnie,1.01e-4
Newell,1.01e-4
Norbert,1.01e-4
Oran,1.01e-4
Quincy,1.01e-4
Rafael,1.01e-4
Rodney,1.01e-4
Ruth,1.01e-4
Sim,1.01e-4
Son,1.01e-4
Thurman,1.01e-4
Winston,1.01e-4
Albin,9.3e-5
Allison,9.3e-5
Arden,9.3e-5
Brooks,9.3e-5
Christ,9.3e-5
Clare,9.3e-5
Cleon,9.3e-5
Clovis,9.3e-5
Curley,9.3e-5
Delmer,9.3e-5
Domingo,9.3e-5
Eldridge,9.3e-5
Elsie,9.3e-5
Enos,9.3e-5
Ewell,9.3e-5
Gale,9.3e-5
Gerhard,9.3e-5
Gladys,9.3e-5
Hoyt,9.3e-5
Huey,9.3e-5
Josephine,9.3e-5
June,9.3e-5
Justin,9.3e-5
Kermit,9.3e-5
Lawson,9.3e-5
Leander,9.3e-5
Lillian,9.3e-5
Logan,9.3e-5
Lucian,9.3e-5
Merritt,9.3e-5
Morton,9.3e-5
Orin,9.3e-5
Raymon,9.3e-5
Rupert,9.3e-5
Sammie,9.3e-5
Santiago,9.3e-5
Turner,9.3e-5
Williard,9.3e-5
Zack,9.3e-5
Zeb,9.3e-5
Abram,8.5e-5
Ace,8.5e-5
Alberto,8.5e-5
Alden,8.5e-5
Aron,8.5e-5
Arther,8.5e-5
Benedict,8.5e-5
Bernice,8.5e-5
Caleb,8.5e-5
Carmen,8.5e-5
Claire,8.5e-5
Claudie,8.5e-5
Eino,8.5e-5
Elizabeth,8.5e-5
Fern,8.5e-5
Gerard,8.5e-5
Gust,8.5e-5
Hector,8.5e-5
Hobart,8.5e-5
Hosea,8.5e-5
Ignacio,8.5e-5
Isidore,8.5e-5
Ivory,8.5e-5
Julio,8.5e-5
Lemmie,8.5e-5
Lincoln,8.5e-5
Lou,8.5e-5
Paris,8.5e-5
Pink,8.5e-5
Rudy,8.5e-5
Ruel,8.5e-5
Sebastian,8.5e-5
Thaddeus,8.5e-5
Theadore,8.5e-5
Tobe,8.5e-5
Virgie,8.5e-5
Worth,8.5e-5
Wyatt,8.5e-5
Alfonzo,7.7e-5
Alfredo,7.7e-5
Andres,7.7e-5
Axel,7.7e-5
Beckham,7.7e-5
Benito,7.7e-5
Bertha,7.7e-5
Bryan,7.7e-5
Bryant,7.7e-5
Carol,7.7e-5
Casey,7.7e-5
Clara,7.7e-5
Doc,7.7e-5
Elie,7.7e-5
Emma,7.7e-5
Ezekiel,7.7e-5
Felton,7.7e-5
Gregory,7.7e-5
Heber,7.7e-5
Hermon,7.7e-5
Hilton,7.7e-5
Huston,7.7e-5
Judson,7.7e-5
Lambert,7.7e-5
Laverne,7.7e-5
Leeroy,7.7e-5
Less,7.7e-5
Lindsay,7.7e-5
Louise,7.7e-5
Marie,7.7e-5
Mattie,7.7e-5
Nolan,7.7e-5
Pierre,7.7e-5
Rosco,7.7e-5
Royce,7.7e-5
Rube,7.7e-5
Rudolf,7.7e-5
Sampson,7.7e-5
Santos,7.7e-5
Sheldon,7.7e-5
Stanford,7.7e-5
Thedore,7.7e-5
Thornton,7.7e-5
Toney,7.7e-5
Toy,7.7e-5
Travis,7.7e-5
Urban,7.7e-5
Vester,7.7e-5
Wash,7.7e-5
Alice,7e-5
Alonza,7e-5
Arley,7e-5
Arvil,7e-5
Barry,7e-5
Bartholomew,7e-5
Bernie,7e-5
Bertrand,7e-5
Bishop,7e-5
Bobbie,7e-5
Boss,7e-5
Bruno,7e-5
Buddie,7e-5
Burt,7e-5
Carrie,7e-5
Cary,7e-5
Cloyd,7e-5
Collie,7e-5
Cora,7e-5
Courtney,7e-5
Dalton,7e-5
Dana,7e-5
Dell,7e-5
Dempsey,7e-5
Denver,7e-5
Donnie,7e-5
Donovan,7e-5
Elvie,7e-5
Ennis,7e-5
Fate,7e-5
Ford,7e-5
Franklyn,7e-5
Grace,7e-5
Griffin,7e-5
Henderson,7e-5
Ignatius,7e-5
Ivy,7e-5
Joy,7e-5
Junior,7e-5
Landon,7e-5
Larkin,7e-5
Len,7e-5
Merlin,7e-5
Mitchel,7e-5
Nels,7e-5
Okey,7e-5
Olaf,7e-5
Oswald,7e-5
Ozie,7e-5
Presley,7e-5
Price,7e-5
Raphael,7e-5
Rogers,7e-5
Rosario,7e-5
Rush,7e-5
Salvador,7e-5
Stacy,7e-5
Thelma,7e-5
Tracy,7e-5
Trinidad,7e-5
Verl,7e-5
West,7e-5
Williams,7e-5
Winfred,7e-5
Addie,6.2e-5
Alejandro,6.2e-5
Alma,6.2e-5
Almon,6.2e-5
Bee,6.2e-5
Benjamine,6.2e-5
Blaine,6.2e-5
Carleton,6.2e-5
Carrol,6.2e-5
Clarke,6.2e-5
Crawford,6.2e-5
Darrell,6.2e-5
Durward,6.2e-5
Edna,6.2e-5
Elwin,6.2e-5
Elwyn,6.2e-5
Emilio,6.2e-5
Evelyn,6.2e-5
Fenton,6.2e-5
Garnet,6.2e-5
Gary,6.2e-5
Hardie,6.2e-5
Harland,6.2e-5
Haskell,6.2e-5
Hershell,6.2e-5
Heyward,6.2e-5
Hilliard,6.2e-5
Hubbard,6.2e-5
Hurley,6.2e-5
Irene,6.2e-5
Jodie,6.2e-5
Joesph,6.2e-5
Julious,6.2e-5
Lessie,6.2e-5
Levy,6.2e-5
Lige,6.2e-5
Lois,6.2e-5
Loney,6.2e-5
Lula,6.2e-5
Mabel,6.2e-5
Marcel,6.2e-5
Marty,6.2e-5
Melton,6.2e-5
Merton,6.2e-5
Mervin,6.2e-5
Minor,6.2e-5
Oneal,6.2e-5
Orlando,6.2e-5
Pasquale,6.2e-5
Reid,6.2e-5
Ricardo,6.2e-5
Roberto,6.2e-5
Roma,6.2e-5
Shelton,6.2e-5
Sid,6.2e-5
Sylvan,6.2e-5
Teddie,6.2e-5
Terrell,6.2e-5
Virgle,6.2e-5
Westley,6.2e-5
Wheeler,6.2e-5
Whit,6.2e-5
Wilfrid,6.2e-5
Acie,5.4e-5
Agustin,5.4e-5
Alec,5.4e-5
Art,5.4e-5
Ashley,5.4e-5
Augusta,5.4e-5
Bart,5.4e-5
Baxter,5.4e-5
Benton,5.4e-5
Blake,5.4e-5
Burley,5.4e-5
Butler,5.4e-5
Casper,5.4e-5
Cedric,5.4e-5
Chesley,5.4e-5
Clarnce,5.4e-5
Craig,5.4e-5
Curt,5.4e-5
Daisy,5.4e-5
Dannie,5.4e-5
Dennie,5.4e-5
Dillard,5.4e-5
Dorothy,5.4e-5
Einar,5.4e-5
Elden,5.4e-5
Eligah,5.4e-5
Ella,5.4e-5
Elliot,5.4e-5
Ellwood,5.4e-5
Emmit,5.4e-5
Enrique,5.4e-5
Ernie,5.4e-5
Essie,5.4e-5
Estel,5.4e-5
Eunice,5.4e-5
Evert,5.4e-5
Ezell,5.4e-5
Fayette,5.4e-5
Fleming,5.4e-5
Furman,5.4e-5
Gaylord,5.4e-5
Giles,5.4e-5
Glover,5.4e-5
Harlie,5.4e-5
Harve,5.4e-5
Hattie,5.4e-5
Hayden,5.4e-5
Hilbert,5.4e-5
Holmes,5.4e-5
Howell,5.4e-5
Hurbert,5.4e-5
Junious,5.4e-5
Justus,5.4e-5
Kent,5.4e-5
Kyle,5.4e-5
Lawton,5.4e-5
Lem,5.4e-5
Lemon,5.4e-5
Lena,5.4e-5
Lennie,5.4e-5
Lenon,5.4e-5
Lenord,5.4e-5
Lillie,5.4e-5
Lonie,5.4e-5
Loran,5.4e-5
Lovell,5.4e-5
Lucas,5.4e-5
Lupe,5.4e-5
Mahlon,5.4e-5
Marlin,5.4e-5
Maude,5.4e-5
May,5.4e-5
Mearl,5.4e-5
Merl,5.4e-5
Michel,5.4e-5
Milburn,5.4e-5
Murry,5.4e-5
Norval,5.4e-5
Ocie,5.4e-5
Oral,5.4e-5
Ozzie,5.4e-5
Pearlie,5.4e-5
Ples,5.4e-5
Porfirio,5.4e-5
Reece,5.4e-5
Roe,5.4e-5
Seymour,5.4e-5
Thurston,5.4e-5
Tillman,5.4e-5
Vicente,5.4e-5
Waldemar,5.4e-5
