name,percent
John,0.056266
William,0.045355
James,0.042172
George,0.029711
Charles,0.025187
Robert,0.023805
Joseph,0.023051
Frank,0.019805
Edward,0.016517
Thomas,0.014904
Henry,0.014835
Walter,0.013285
Willie,0.012426
Harry,0.011302
Albert,0.010688
Arthur,0.010506
Clarence,0.009613
Fred,0.008964
Paul,0.00881
Harold,0.008782
Raymond,0.008084
Richard,0.007225
Joe,0.007148
Roy,0.0071
Louis,0.006848
Carl,0.006695
Ralph,0.006548
Jack,0.006332
Earl,0.006311
Samuel,0.005976
Ernest,0.005899
David,0.005857
Theodore,0.005822
Charlie,0.005592
Howard,0.005131
Francis,0.004782
Herbert,0.004754
Lawrence,0.004677
Sam,0.004335
Andrew,0.004328
Elmer,0.004203
Eugene,0.00414
Alfred,0.004126
Floyd,0.003651
Michael,0.003588
Leo,0.003574
Leonard,0.003456
Anthony,0.003421
Lee,0.003393
Daniel,0.003379
Herman,0.003316
Kenneth,0.003316
Clyde,0.003309
Jesse,0.003093
Leroy,0.003079
Oscar,0.003044
Lester,0.003016
Russell,0.003016
Donald,0.002974
Ray,0.00296
Clifford,0.002932
Peter,0.002855
Claude,0.002785
Chester,0.002709
Lewis,0.002681
Stanley,0.002681
Frederick,0.00266
Benjamin,0.002646
Lloyd,0.002576
Edwin,0.002492
Norman,0.002443
Cecil,0.002422
Eddie,0.002415
Jessie,0.00236
Martin,0.002318
Homer,0.00222
Tom,0.002213
Edgar,0.002199
Luther,0.00215
Milton,0.002087
Johnnie,0.002073
Bernard,0.002038
Melvin,0.002031
Ben,0.002024
Harvey,0.001997
Will,0.001997
Leon,0.001913
Allen,0.001899
Everett,0.001885
Victor,0.001871
Roosevelt,0.001843
Alvin,0.001801
Stephen,0.001717
Leslie,0.001654
Jim,0.001648
Philip,0.001634
Virgil,0.001578
Jacob,0.001536
Otis,0.001508
Marvin,0.001501
Horace,0.00148
Oliver,0.001473
Alexander,0.001466
Vernon,0.001459
Guy,0.00141
Maurice,0.00141
Hugh,0.001396
Jose,0.001396
Sidney,0.001368
Patrick,0.001347
Ed,0.001326
Julius,0.001326
Gerald,0.001319
Glenn,0.001319
Morris,0.001312
Archie,0.001284
Gilbert,0.001278
Curtis,0.001271
Willard,0.001257
Lonnie,0.00125
Jerry,0.001236
Vincent,0.001229
Wesley,0.001215
Earnest,0.001201
Otto,0.001201
Warren,0.001201
Marion,0.001187
Ira,0.00118
Percy,0.00118
Charley,0.001173
Nathan,0.001173
Wilbur,0.001166
Alex,0.001159
Gordon,0.001152
Alton,0.001145
Hubert,0.001138
Wallace,0.001131
Manuel,0.001096
Rufus,0.001096
Dan,0.001068
Mack,0.001054
Irving,0.00104
Johnie,0.001033
Bill,0.001026
Isaac,0.001026
Arnold,0.001005
Roland,9.98e-4
Calvin,9.84e-4
Max,9.77e-4
Dave,9.56e-4
Bennie,9.49e-4
Jimmie,9.49e-4
Willis,9.49e-4
Bert,9.35e-4
Elbert,9.21e-4
Rudolph,9.21e-4
Emmett,8.94e-4
Glen,8.94e-4
Phillip,8.87e-4
Nelson,8.8e-4
Steve,8.8e-4
Orville,8.73e-4
Sylvester,8.73e-4
Emil,8.52e-4
Clifton,8.45e-4
Marshall,8.31e-4
Mike,8.17e-4
Nathaniel,8.17e-4
Felix,8.03e-4
Ted,8.03e-4
Abraham,7.82e-4
Ervin,7.82e-4
Nicholas,7.82e-4
Clayton,7.68e-4
August,7.61e-4
Edmund,7.54e-4
Matthew,7.47e-4
Wayne,7.47e-4
Dennis,7.4e-4
Perry,7.26e-4
Ellis,7.19e-4
Amos,7.12e-4
Adam,7.05e-4
Dewey,6.91e-4
Ollie,6.91e-4
Clinton,6.84e-4
Franklin,6.84e-4
Aaron,6.7e-4
Mark,6.56e-4
Alonzo,0.00064899999999999995
Booker,0.00064899999999999995
Juan,0.00064899999999999995
Jake,6.42e-4
Jay,6.42e-4
Claud,6.28e-4
Owen,6.21e-4
Reuben,6.14e-4
Irvin,6.07e-4
Jerome,6.07e-4
Roscoe,6.07e-4
Adolph,6e-4
Cornelius,6e-4
Douglas,6e-4
Pete,6e-4
Tony,6e-4
Bruce,5.93e-4
Don,5.93e-4
Jess,5.93e-4
Ivan,5.79e-4
Johnny,5.79e-4
Preston,5.72e-4
Elijah,5.65e-4
Jasper,5.58e-4
Simon,5.58e-4
Monroe,5.51e-4
Julian,5.45e-4
Moses,5.45e-4
Laurence,5.38e-4
Austin,5.31e-4
Gus,5.31e-4
Forrest,5.24e-4
Wilfred,5.24e-4
Ross,5.17e-4
Antonio,5.1e-4
Roger,5.1e-4
Timothy,5.1e-4
Wilson,5.1e-4
Carroll,5.03e-4
Delbert,5.03e-4
Larry,5.03e-4
Sherman,5.03e-4
Grady,4.96e-4
Louie,4.96e-4
Wilbert,4.96e-4
Barney,4.89e-4
Aubrey,4.82e-4
Emanuel,4.82e-4
Harley,4.82e-4
Mary,4.75e-4
Leland,4.61e-4
Abe,4.54e-4
Dale,4.54e-4
Karl,4.54e-4
Malcolm,4.54e-4
Wade,4.47e-4
Grant,4.4e-4
Levi,4.4e-4
Jeff,4.33e-4
Lyle,4.26e-4
Tommie,4.26e-4
Garland,4.19e-4
Murray,4.19e-4
Noah,4.19e-4
Byron,4.12e-4
Jesus,4.12e-4
Merle,4.12e-4
Salvatore,4.12e-4
Troy,4.12e-4
Bob,4.05e-4
Carlos,4.05e-4
Erwin,4.05e-4
Mose,4.05e-4
Alva,3.98e-4
Forest,3.91e-4
Harrison,3.91e-4
Anton,3.84e-4
Lowell,3.84e-4
Cleveland,3.77e-4
Hiram,3.77e-4
Loyd,3.7e-4
Luke,3.7e-4
Marcus,3.7e-4
Reginald,3.7e-4
Buster,3.63e-4
Nick,3.63e-4
Wiley,3.63e-4
Millard,3.56e-4
Pedro,3.56e-4
Ronald,3.56e-4
Christopher,3.49e-4
Carlton,3.42e-4
Cleo,3.42e-4
Fredrick,3.42e-4
Grover,3.42e-4
Allan,3.35e-4
Angelo,3.35e-4
Clark,3.35e-4
Edmond,3.35e-4
Joel,3.35e-4
Freeman,3.28e-4
Ike,3.28e-4
Loren,3.28e-4
Mitchell,3.28e-4
Rosevelt,3.28e-4
Solomon,3.28e-4
Freddie,3.21e-4
Ramon,3.21e-4
Rex,3.21e-4
Anderson,3.14e-4
Augustus,3.14e-4
Emery,3.14e-4
Neal,3.14e-4
Gene,3.07e-4
Herschel,3.07e-4
Major,3.07e-4
Edd,3e-4
Eli,3e-4
Emory,3e-4
Silas,3e-4
Clair,2.93e-4
Dean,2.93e-4
Myron,2.93e-4
Neil,2.93e-4
Coy,2.86e-4
Ruben,2.86e-4
Boyd,2.79e-4
Dallas,2.79e-4
Randolph,2.79e-4
Al,2.72e-4
Noel,2.72e-4
Ora,2.72e-4
Andy,2.65e-4
Clement,2.65e-4
Conrad,2.65e-4
Cyril,2.65e-4
Dewitt,2.65e-4
Johnson,2.65e-4
Spencer,2.65e-4
Buford,2.58e-4
Columbus,2.58e-4
Elton,2.58e-4
Kermit,2.58e-4
Lorenzo,2.58e-4
Lucius,2.58e-4
Tommy,2.58e-4
Wilmer,2.58e-4
Alfonso,2.51e-4
Dee,2.51e-4
Dick,2.51e-4
Elwood,2.51e-4
Emerson,2.51e-4
Jackson,2.51e-4
Mathew,2.51e-4
Miles,2.51e-4
Orval,2.51e-4
Dock,2.44e-4
Dwight,2.44e-4
Fletcher,2.44e-4
Isiah,2.44e-4
Keith,2.44e-4
Mckinley,2.44e-4
Merrill,2.44e-4
Pat,2.44e-4
Porter,2.44e-4
Clay,2.37e-4
Hyman,2.37e-4
Riley,2.37e-4
Stuart,2.37e-4
Van,2.37e-4
Adrian,2.3e-4
Bud,2.3e-4
Earle,2.3e-4
Sandy,2.3e-4
Vern,2.3e-4
Elliott,2.23e-4
Ezra,2.23e-4
Francisco,2.23e-4
Newton,2.23e-4
Sammie,2.23e-4
Dominick,2.16e-4
Dudley,2.16e-4
Ellsworth,2.16e-4
Emile,2.16e-4
Ferdinand,2.16e-4
Foster,2.16e-4
Maynard,2.16e-4
Micheal,2.16e-4
Raleigh,2.16e-4
Roman,2.16e-4
Sanford,2.16e-4
Stewart,2.16e-4
Ward,2.16e-4
Wendell,2.16e-4
Basil,2.09e-4
Burton,2.09e-4
Irwin,2.09e-4
Morgan,2.09e-4
Odell,2.09e-4
Royal,2.09e-4
Sterling,2.09e-4
Taylor,2.09e-4
Truman,2.09e-4
Armand,2.02e-4
Dominic,2.02e-4
Elias,2.02e-4
Frederic,2.02e-4
Gabriel,2.02e-4
Noble,2.02e-4
Norbert,2.02e-4
Patsy,2.02e-4
Pearl,2.02e-4
Russel,2.02e-4
Sol,2.02e-4
Fay,1.95e-4
Houston,1.95e-4
Lyman,1.95e-4
Lynn,1.95e-4
Scott,1.95e-4
Sydney,1.95e-4
Abner,1.88e-4
Benny,1.88e-4
Bertram,1.88e-4
Billie,1.88e-4
Buck,1.88e-4
Clem,1.88e-4
Elmo,1.88e-4
Elvin,1.88e-4
Jeremiah,1.88e-4
Ned,1.88e-4
Wilburn,1.88e-4
Aloysius,1.82e-4
Christian,1.82e-4
Eldon,1.82e-4
Emmitt,1.82e-4
Harris,1.82e-4
Helen,1.82e-4
Otho,1.82e-4
Rubin,1.82e-4
Vance,1.82e-4
Alphonse,1.75e-4
Arther,1.75e-4
Chris,1.75e-4
Cyrus,1.75e-4
Elmore,1.75e-4
Gerard,1.75e-4
Granville,1.75e-4
Harlan,1.75e-4
Haywood,1.75e-4
Henderson,1.75e-4
Hollis,1.75e-4
Jimmy,1.75e-4
Lenard,1.75e-4
Lionel,1.75e-4
Miguel,1.75e-4
Morton,1.75e-4
Napoleon,1.75e-4
Olin,1.75e-4
Steven,1.75e-4
Turner,1.75e-4
Ulysses,1.75e-4
Wilford,1.75e-4
Ambrose,1.68e-4
Enoch,1.68e-4
General,1.68e-4
Gustave,1.68e-4
King,1.68e-4
Laverne,1.68e-4
Lemuel,1.68e-4
Matt,1.68e-4
Prince,1.68e-4
Thurman,1.68e-4
Waldo,1.68e-4
Alan,1.61e-4
Bonnie,1.61e-4
Bruno,1.61e-4
Cliff,1.61e-4
Eric,1.61e-4
Everette,1.61e-4
Frances,1.61e-4
Garfield,1.61e-4
Hershel,1.61e-4
Jewel,1.61e-4
Maxwell,1.61e-4
Odis,1.61e-4
Theo,1.61e-4
Wilton,1.61e-4
Alfredo,1.54e-4
Alvie,1.54e-4
Arlie,1.54e-4
Asa,1.54e-4
Avery,1.54e-4
Gustav,1.54e-4
Harland,1.54e-4
Isaiah,1.54e-4
Jean,1.54e-4
Jefferson,1.54e-4
Junius,1.54e-4
Mason,1.54e-4
Meyer,1.54e-4
Otha,1.54e-4
Phil,1.54e-4
Anna,1.47e-4
Berry,1.47e-4
Burl,1.47e-4
Coleman,1.47e-4
Davis,1.47e-4
Doyle,1.47e-4
Harmon,1.47e-4
Hilton,1.47e-4
Isadore,1.47e-4
Ivory,1.47e-4
Lucious,1.47e-4
Milford,1.47e-4
Obie,1.47e-4
Teddy,1.47e-4
Travis,1.47e-4
Bernice,1.4e-4
Billy,1.4e-4
Crawford,1.4e-4
Evan,1.4e-4
Guadalupe,1.4e-4
Hal,1.4e-4
Hayes,1.4e-4
Hermon,1.4e-4
Hobert,1.4e-4
Hosea,1.4e-4
Lonzo,1.4e-4
Oran,1.4e-4
Reed,1.4e-4
Rodney,1.4e-4
Rupert,1.4e-4
Ruth,1.4e-4
Walker,1.4e-4
Winston,1.4e-4
Adolphus,1.33e-4
Alden,1.33e-4
Alphonso,1.33e-4
Annie,1.33e-4
Carey,1.33e-4
Carmine,1.33e-4
Claire,1.33e-4
Cletus,1.33e-4
Clint,1.33e-4
Elzie,1.33e-4
Ernie,1.33e-4
Israel,1.33e-4
Jewell,1.33e-4
Jonas,1.33e-4
Lincoln,1.33e-4
Logan,1.33e-4
Luis,1.33e-4
Merritt,1.33e-4
Orin,1.33e-4
Palmer,1.33e-4
Rocco,1.33e-4
Tim,1.33e-4
Valentine,1.33e-4
Weldon,1.33e-4
Bernie,1.26e-4
Damon,1.26e-4
Delmar,1.26e-4
Early,1.26e-4
Emmet,1.26e-4
Evert,1.26e-4
Felton,1.26e-4
Florence,1.26e-4
Joshua,1.26e-4
Junior,1.26e-4
Lacy,1.26e-4
Lucien,1.26e-4
Milo,1.26e-4
Odie,1.26e-4
Olen,1.26e-4
Omer,1.26e-4
Rolland,1.26e-4
Shelby,1.26e-4
Sigmund,1.26e-4
Tomas,1.26e-4
Verne,1.26e-4
Webster,1.26e-4
Wilber,1.26e-4
Winfield,1.26e-4
Winfred,1.26e-4
Alford,1.19e-4
Allie,1.19e-4
Chauncey,1.19e-4
Clarance,1.19e-4
Gladys,1.19e-4
Hans,1.19e-4
Josh,1.19e-4
Jules,1.19e-4
Mildred,1.19e-4
Murphy,1.19e-4
Nolan,1.19e-4
Ottis,1.19e-4
Rafael,1.19e-4
Rollie,1.19e-4
Rose,1.19e-4
Seth,1.19e-4
Theadore,1.19e-4
Warner,1.19e-4
Abram,1.12e-4
Addison,1.12e-4
Beverly,1.12e-4
Carter,1.12e-4
Casper,1.12e-4
Cleve,1.12e-4
Dorsey,1.12e-4
Elisha,1.12e-4
Elza,1.12e-4
Gary,1.12e-4
Hazel,1.12e-4
Hugo,1.12e-4
Judge,1.12e-4
Lawson,1.12e-4
Lucian,1.12e-4
Merton,1.12e-4
Omar,1.12e-4
Oral,1.12e-4
Price,1.12e-4
Shirley,1.12e-4
Vaughn,1.12e-4
Wm,1.12e-4
Wylie,1.12e-4
Alice,1.05e-4
Andres,1.05e-4
Archibald,1.05e-4
Bishop,1.05e-4
Cicero,1.05e-4
Connie,1.05e-4
Dana,1.05e-4
Golden,1.05e-4
Green,1.05e-4
Hampton,1.05e-4
Justin,1.05e-4
Lamar,1.05e-4
Ludwig,1.05e-4
Pasquale,1.05e-4
Pierce,1.05e-4
Quincy,1.05e-4
Raymon,1.05e-4
Ruby,1.05e-4
Sim,1.05e-4
Terry,1.05e-4
Vivian,1.05e-4
Artie,9.8e-5
Bennett,9.8e-5
Carleton,9.8e-5
Clare,9.8e-5
Denver,9.8e-5
Eldred,9.8e-5
Eldridge,9.8e-5
Elroy,9.8e-5
Estel,9.8e-5
Ethel,9.8e-5
Foy,9.8e-5
Guss,9.8e-5
Hobart,9.8e-5
Howell,9.8e-5
Hunter,9.8e-5
Jonathan,9.8e-5
Lillie,9.8e-5
Lindsey,9.8e-5
Louise,9.8e-5
Mario,9.8e-5
Mervin,9.8e-5
Nels,9.8e-5
Parker,9.8e-5
Seymour,9.8e-5
Shelton,9.8e-5
Thad,9.8e-5
Vester,9.8e-5
Walton,9.8e-5
Wash,9.8e-5
Washington,9.8e-5
Anson,9.1e-5
Augustine,9.1e-5
Bart,9.1e-5
Benedict,9.1e-5
Benton,9.1e-5
Cary,9.1e-5
Chas,9.1e-5
Domenick,9.1e-5
Edna,9.1e-5
Elizabeth,9.1e-5
Enrique,9.1e-5
Evans,9.1e-5
Garnett,9.1e-5
Geo,9.1e-5
Godfrey,9.1e-5
Grace,9.1e-5
Gregory,9.1e-5
Harper,9.1e-5
Hilliard,9.1e-5
Hoyt,9.1e-5
Lavern,9.1e-5
Linwood,9.1e-5
Lou,9.1e-5
Madison,9.1e-5
Margaret,9.1e-5
Oren,9.1e-5
Oswald,9.1e-5
Raphael,9.1e-5
Reese,9.1e-5
Smith,9.1e-5
Verner,9.1e-5
West,9.1e-5
Zack,9.1e-5
Albin,8.4e-5
Alec,8.4e-5
Aron,8.4e-5
Arturo,8.4e-5
Blaine,8.4e-5
Carmen,8.4e-5
Carson,8.4e-5
Casimir,8.4e-5
Clemens,8.4e-5
Cloyd,8.4e-5
Conley,8.4e-5
Cruz,8.4e-5
Dexter,8.4e-5
Donovan,8.4e-5
Duncan,8.4e-5
Eino,8.4e-5
Elgin,8.4e-5
Elvis,8.4e-5
Ford,8.4e-5
Fritz,8.4e-5
Garrett,8.4e-5
Gaston,8.4e-5
Graham,8.4e-5
Hayward,8.4e-5
Hector,8.4e-5
Hezekiah,8.4e-5
Jason,8.4e-5
Jodie,8.4e-5
Johny,8.4e-5
Larkin,8.4e-5
Mortimer,8.4e-5
Norris,8.4e-5
Pablo,8.4e-5
Sampson,8.4e-5
Saul,8.4e-5
Sid,8.4e-5
Titus,8.4e-5
Toney,8.4e-5
Vernie,8.4e-5
Virgle,8.4e-5
Watson,8.4e-5
Williams,8.4e-5
Adolfo,7.7e-5
Agnes,7.7e-5
Angus,7.7e-5
Arch,7.7e-5
Arden,7.7e-5
Bobby,7.7e-5
Bradford,7.7e-5
Bryant,7.7e-5
Burt,7.7e-5
Chin,7.7e-5
Dalton,7.7e-5
Darrel,7.7e-5
Darrell,7.7e-5
Dillard,7.7e-5
Domingo,7.7e-5
Dorothy,7.7e-5
Elie,7.7e-5
Emmit,7.7e-5
Ezekiel,7.7e-5
Finley,7.7e-5
Gale,7.7e-5
Gaylord,7.7e-5
Graydon,7.7e-5
Hamilton,7.7e-5
Henery,7.7e-5
Hill,7.7e-5
Ida,7.7e-5
Ignatius,7.7e-5
Isom,7.7e-5
Jennie,7.7e-5
Kelly,7.7e-5
Lawyer,7.7e-5
Leander,7.7e-5
Len,7.7e-5
Lennie,7.7e-5
Lillian,7.7e-5
Nora,7.7e-5
Ocie,7.7e-5
Okey,7.7e-5
Reinhold,7.7e-5
Rube,7.7e-5
Santos,7.7e-5
Thedore,7.7e-5
Theron,7.7e-5
Wyatt,7.7e-5
Alberto,7e-5
Alma,7e-5
Alonza,7e-5
Art,7e-5
Artis,7e-5
Ashley,7e-5
Augusta,7e-5
Bailey,7e-5
Beatrice,7e-5
Bertha,7e-5
Brady,7e-5
Brown,7e-5
Bryan,7e-5
Burrell,7e-5
Eddy,7e-5
Edison,7e-5
Ella,7e-5
Elliot,7e-5
Esther,7e-5
Evelyn,7e-5
Felipe,7e-5
Finis,7e-5
Fredie,7e-5
Furman,7e-5
Gertrude,7e-5
Gregorio,7e-5
Guillermo,7e-5
Hayden,7e-5
Hilbert,7e-5
Hughie,7e-5
Irvine,7e-5
Isidore,7e-5
Judson,7e-5
Kirk,7e-5
Lambert,7e-5
Lesley,7e-5
Loy,7e-5
Mae,7e-5
Melville,7e-5
Merlin,7e-5
Murry,7e-5
Newman,7e-5
Orlando,7e-5
Rollin,7e-5
Sebastian,7e-5
Sing,7e-5
Thaddeus,7e-5
Thelma,7e-5
Vito,7e-5
Waverly,7e-5
Acie,6.3e-5
Alcide,6.3e-5
Alvis,6.3e-5
Arvel,6.3e-5
Author,6.3e-5
Beecher,6.3e-5
Benjiman,6.3e-5
Beryl,6.3e-5
Bessie,6.3e-5
Boyce,6.3e-5
Bradley,6.3e-5
Caleb,6.3e-5
Chesley,6.3e-5
Claudie,6.3e-5
Clell,6.3e-5
Clovis,6.3e-5
Cullen,6.3e-5
Curt,6.3e-5
Doc,6.3e-5
Donnie,6.3e-5
Durward,6.3e-5
Einar,6.3e-5
Elder,6.3e-5
Eliot,6.3e-5
Enos,6.3e-5
Essie,6.3e-5
Ezell,6.3e-5
Farris,6.3e-5
Gerhard,6.3e-5
Giles,6.3e-5
Griffin,6.3e-5
Gustaf,6.3e-5
Hamp,6.3e-5
Haskell,6.3e-5
Heber,6.3e-5
Hillard,6.3e-5
Hoke,6.3e-5
Huston,6.3e-5
Ivy,6.3e-5
Jamie,6.3e-5
Jarvis,6.3e-5
Jones,6.3e-5
Jordan,6.3e-5
Julio,6.3e-5
Kyle,6.3e-5
Lem,6.3e-5
Levy,6.3e-5
Lindsay,6.3e-5
Lon,6.3e-5
Lorin,6.3e-5
Loyal,6.3e-5
Luster,6.3e-5
Marcel,6.3e-5
Marie,6.3e-5
Marlin,6.3e-5
Melton,6.3e-5
Meredith,6.3e-5
Milburn,6.3e-5
Miller,6.3e-5
Minor,6.3e-5
Murl,6.3e-5
Myles,6.3e-5
Oakley,6.3e-5
Ole,6.3e-5
Orie,6.3e-5
Osborne,6.3e-5
Ossie,6.3e-5
Pauline,6.3e-5
Pink,6.3e-5
Richmond,6.3e-5
Rogers,6.3e-5
Romeo,6.3e-5
Romie,6.3e-5
Rosco,6.3e-5
Rutherford,6.3e-5
Sanders,6.3e-5
Son,6.3e-5
Thurston,6.3e-5
Tomie,6.3e-5
Tyree,6.3e-5
Unknown,6.3e-5
Woodie,6.3e-5
Zeno,6.3e-5
Agustin,5.6e-5
Alf,5.6e-5
Alfonzo,5.6e-5
Algie,5.6e-5
Alois,5.6e-5
Antone,5.6e-5
Arley,5.6e-5
Arne,5.6e-5
Arvil,5.6e-5
Audley,5.6e-5
Augustin,5.6e-5
Axel,5.6e-5
Barton,5.6e-5
Baxter,5.6e-5
Bell,5.6e-5
Bertrand,5.6e-5
Brooks,5.6e-5
Buddy,5.6e-5
Cal,5.6e-5
Carlo,5.6e-5
Casimer,5.6e-5
Clara,5.6e-5
Curley,5.6e-5
Denis,5.6e-5
Earlie,5.6e-5
Ellison,5.6e-5
Elwin,5.6e-5
Emilio,5.6e-5
Ernesto,5.6e-5
Ernst,5.6e-5
Everet,5.6e-5
Ewell,5.6e-5
Federico,5.6e-5
Florian,5.6e-5
Franklyn,5.6e-5
Gabe,5.6e-5
Gail,5.6e-5
Gardner,5.6e-5
Gussie,5.6e-5
Hallie,5.6e-5
Hansel,5.6e-5
Hardy,5.6e-5
Hattie,5.6e-5
Huey,5.6e-5
Hurley,5.6e-5
Issac,5.6e-5
Jiles,5.6e-5
Kelley,5.6e-5
Kirby,5.6e-5
Lafayette,5.6e-5
Laura,5.6e-5
Laurance,5.6e-5
Leamon,5.6e-5
Leeroy,5.6e-5
Leonardo,5.6e-5
Leopold,5.6e-5
Lois,5.6e-5
Mahlon,5.6e-5
Mat,5.6e-5
Mathias,5.6e-5
Mattie,5.6e-5
Nile,5.6e-5
Ola,5.6e-5
Olaf,5.6e-5
Orlo,5.6e-5
Orrin,5.6e-5
Osie,5.6e-5
Prentice,5.6e-5
Quentin,5.6e-5
Ransom,5.6e-5
Raoul,5.6e-5
Sonny,5.6e-5
Toby,5.6e-5
Verlin,5.6e-5
Vicente,5.6e-5
Waymon,5.6e-5
Wellington,5.6e-5
Welton,5.6e-5
Winthrop,5.6e-5
Wong,5.6e-5
Worth,5.6e-5
Zeb,5.6e-5
