name,percent
John,0.056635
William,0.043545
James,0.042303
George,0.028027
Robert,0.02536
Charles,0.02449
Joseph,0.02425
Frank,0.018563
Edward,0.016249
Henry,0.013897
Thomas,0.013714
Walter,0.01321
Willie,0.012415
Harry,0.011432
Albert,0.010322
Arthur,0.009792
Harold,0.009149
Clarence,0.008758
Fred,0.008638
Paul,0.008563
Raymond,0.008134
Richard,0.007793
Joe,0.007421
Roy,0.007119
Louis,0.007005
Jack,0.006425
Carl,0.006419
Earl,0.006343
Ralph,0.006293
Ernest,0.006167
David,0.005965
Samuel,0.005624
Howard,0.005524
Lawrence,0.005051
Charlie,0.005
Alfred,0.00466
Francis,0.004515
Theodore,0.004489
Herbert,0.004483
Andrew,0.004464
Eugene,0.004363
Leo,0.004105
Sam,0.003972
Elmer,0.003884
Donald,0.003878
Anthony,0.003739
Kenneth,0.003714
Michael,0.003695
Herman,0.003544
Leroy,0.003468
Leonard,0.003449
Daniel,0.003329
Floyd,0.003285
Lee,0.003254
Stanley,0.003254
Clyde,0.003197
Russell,0.003172
Lester,0.003096
Oscar,0.003045
Ray,0.002995
Peter,0.002982
Edwin,0.002945
Jesse,0.002938
Benjamin,0.0029
Clifford,0.002806
Lewis,0.002692
Chester,0.002673
Frederick,0.002585
Cecil,0.002516
Eddie,0.002484
Jessie,0.002434
Lloyd,0.002434
Bernard,0.002383
Claude,0.002295
Norman,0.002283
Philip,0.002245
Harvey,0.002112
Melvin,0.002087
Martin,0.002074
Leon,0.002043
Edgar,0.002024
Ben,0.00198
Tom,0.001974
Homer,0.001967
Allen,0.001948
Johnnie,0.001936
Marvin,0.001917
Everett,0.001904
Milton,0.001841
Jim,0.001772
Luther,0.001766
Alexander,0.001759
Virgil,0.00174
Leslie,0.001721
Stephen,0.001721
Morris,0.001639
Will,0.001639
Archie,0.001576
Alvin,0.001545
Victor,0.001545
Jacob,0.001532
Gerald,0.001507
Vincent,0.001507
Glenn,0.001475
Julius,0.001457
Marion,0.001425
Earnest,0.001419
Horace,0.001406
Vernon,0.0014
Roosevelt,0.001387
Patrick,0.001356
Gilbert,0.001337
Hugh,0.001337
Wilbur,0.001318
Curtis,0.001312
Maurice,0.001312
Oliver,0.001305
Willard,0.001267
Sidney,0.001261
Gordon,0.001255
Otis,0.001255
Max,0.001242
Ira,0.001236
Irving,0.001236
Wesley,0.001204
Guy,0.001192
Alex,0.001173
Wallace,0.001166
Hubert,0.00116
Manuel,0.001154
Lonnie,0.001148
Warren,0.001148
Ed,0.001122
Isaac,0.001122
Arnold,0.001116
Nathan,0.00111
Rufus,0.001103
Bill,0.001097
Jose,0.001072
Otto,0.001072
Jerry,0.00104
Charley,0.001034
Jimmie,0.001015
Nicholas,0.001015
Dan,0.001009
Percy,0.001009
Mike,9.9e-4
Steve,9.9e-4
Sylvester,9.52e-4
Emil,9.46e-4
Glen,9.46e-4
Emmett,9.33e-4
Orville,9.33e-4
Wayne,9.33e-4
Abraham,9.27e-4
Willis,9.21e-4
Bennie,9.14e-4
Mack,8.95e-4
Clinton,8.76e-4
Tony,8.76e-4
Calvin,8.58e-4
Rudolph,8.51e-4
August,8.45e-4
Johnie,8.39e-4
Roland,8.32e-4
Aaron,8.2e-4
Edmund,8.13e-4
Nelson,8.13e-4
Roger,8.01e-4
Adam,7.94e-4
Antonio,7.94e-4
Clifton,7.94e-4
Amos,7.88e-4
Matthew,7.82e-4
Nathaniel,7.82e-4
Phillip,7.82e-4
Franklin,7.69e-4
Pete,7.69e-4
Juan,7.63e-4
Alton,7.57e-4
Elbert,7.57e-4
Ellis,7.57e-4
Irvin,7.57e-4
Marshall,7.44e-4
Jake,7.38e-4
Ervin,7.31e-4
Forrest,7.25e-4
Felix,7.06e-4
Ted,7.06e-4
Bert,7e-4
Dennis,7e-4
Clayton,6.81e-4
Dave,6.75e-4
Cornelius,6.68e-4
Owen,6.56e-4
Booker,6.31e-4
Douglas,6.24e-4
Jerome,6.18e-4
Johnny,6.12e-4
Mark,6.12e-4
Gus,6.05e-4
Ivan,6.05e-4
Ollie,6.05e-4
Tommie,6.05e-4
Roscoe,5.99e-4
Grady,5.93e-4
Dewey,5.86e-4
Wilfred,5.86e-4
Julian,5.8e-4
Jay,5.74e-4
Moses,5.74e-4
Adolph,5.67e-4
Bruce,5.61e-4
Jess,5.61e-4
Karl,5.61e-4
Delbert,5.55e-4
Reuben,5.55e-4
Ronald,5.55e-4
Jasper,5.49e-4
Leland,5.42e-4
Perry,5.42e-4
Timothy,5.23e-4
Wilbert,5.23e-4
Wilson,5.23e-4
Alonzo,5.17e-4
Claud,5.17e-4
Merle,5.17e-4
Don,5.11e-4
Simon,4.98e-4
Laurence,4.92e-4
Bob,4.86e-4
Nick,4.86e-4
Aubrey,4.79e-4
Elijah,4.79e-4
Lyle,4.79e-4
Ross,4.79e-4
Grant,4.73e-4
Harley,4.73e-4
Carlos,4.67e-4
Freddie,4.67e-4
Sherman,4.67e-4
Dale,4.6e-4
Jeff,4.6e-4
Carroll,4.54e-4
Louie,4.54e-4
Monroe,4.54e-4
Troy,4.54e-4
Byron,4.48e-4
Grover,4.48e-4
Murray,4.48e-4
Preston,4.48e-4
Mary,4.41e-4
Edmond,4.29e-4
Loyd,4.29e-4
Wade,4.29e-4
Cleveland,4.16e-4
Millard,4.16e-4
Pedro,4.16e-4
Salvatore,4.16e-4
Abe,4.1e-4
Gene,4.1e-4
Solomon,4.1e-4
Barney,4.04e-4
Buster,4.04e-4
Larry,3.97e-4
Dominick,3.91e-4
Francisco,3.91e-4
Ruben,3.91e-4
Forest,3.85e-4
Levi,3.85e-4
Noah,3.85e-4
Alva,3.72e-4
Angelo,3.66e-4
Dwight,3.66e-4
Elmo,3.66e-4
Wiley,3.66e-4
Fredrick,3.59e-4
Austin,3.53e-4
Clement,3.53e-4
Cleo,3.53e-4
Emanuel,3.53e-4
Garland,3.53e-4
Mose,3.53e-4
Andy,3.47e-4
Harrison,3.47e-4
Boyd,3.4e-4
Jesus,3.4e-4
Joel,3.4e-4
Malcolm,3.4e-4
Mathew,3.4e-4
Ned,3.4e-4
Allan,3.34e-4
Lowell,3.34e-4
Anton,3.28e-4
Christopher,3.28e-4
Dock,3.28e-4
Elwood,3.28e-4
Emory,3.28e-4
Jackson,3.28e-4
Orval,3.22e-4
Clair,3.15e-4
Earle,3.15e-4
Eli,3.15e-4
Carlton,3.09e-4
Dallas,3.09e-4
Isadore,3.09e-4
Lynn,3.03e-4
Neal,3.03e-4
Rex,3.03e-4
Erwin,2.96e-4
Ike,2.96e-4
Reginald,2.96e-4
Cyril,2.9e-4
Dudley,2.9e-4
Hyman,2.9e-4
Marcus,2.9e-4
Myron,2.9e-4
Keith,2.84e-4
Loren,2.84e-4
Luke,2.84e-4
Silas,2.84e-4
Fletcher,2.77e-4
Tommy,2.77e-4
Burton,2.71e-4
Clark,2.71e-4
Emery,2.71e-4
Mitchell,2.71e-4
Alfonso,2.65e-4
Neil,2.65e-4
Wendell,2.65e-4
Augustus,2.59e-4
Benny,2.59e-4
Dean,2.59e-4
Edd,2.59e-4
Emerson,2.59e-4
Freeman,2.59e-4
Maynard,2.59e-4
Miles,2.59e-4
Spencer,2.59e-4
Vern,2.59e-4
Al,2.52e-4
Elvin,2.52e-4
Herschel,2.52e-4
Jean,2.52e-4
Lucius,2.52e-4
Ramon,2.52e-4
Randolph,2.52e-4
Riley,2.52e-4
Scott,2.52e-4
Wilmer,2.52e-4
Asa,2.46e-4
Basil,2.46e-4
Columbus,2.46e-4
Delmar,2.46e-4
Isiah,2.46e-4
Mckinley,2.46e-4
Sammie,2.46e-4
Sterling,2.46e-4
Alan,2.4e-4
Dick,2.4e-4
Doyle,2.4e-4
Eldon,2.4e-4
Odell,2.4e-4
Russel,2.4e-4
Ulysses,2.4e-4
Ellsworth,2.33e-4
Elton,2.33e-4
Garfield,2.33e-4
Hiram,2.33e-4
Hollis,2.33e-4
King,2.33e-4
Pearl,2.33e-4
Sol,2.33e-4
Stuart,2.33e-4
Thurman,2.33e-4
Lorenzo,2.27e-4
Milo,2.27e-4
Morton,2.27e-4
Saul,2.27e-4
Steven,2.27e-4
Ferdinand,2.21e-4
Harlan,2.21e-4
Omer,2.21e-4
Rubin,2.21e-4
Dee,2.14e-4
Kermit,2.14e-4
Newton,2.14e-4
Buck,2.08e-4
Christian,2.08e-4
Conrad,2.08e-4
Dominic,2.08e-4
Frances,2.08e-4
Merrill,2.08e-4
Pat,2.08e-4
Stewart,2.08e-4
Elias,2.02e-4
Gerard,2.02e-4
Houston,2.02e-4
Jefferson,2.02e-4
Lyman,2.02e-4
Margaret,2.02e-4
Noel,2.02e-4
Rosevelt,2.02e-4
Ward,2.02e-4
Adrian,1.95e-4
Alphonse,1.95e-4
Bud,1.95e-4
Clay,1.95e-4
Ezra,1.95e-4
Jewel,1.95e-4
Junius,1.95e-4
Lamar,1.95e-4
Luis,1.95e-4
Meyer,1.95e-4
Roman,1.95e-4
Wilford,1.95e-4
Anderson,1.89e-4
Armand,1.89e-4
Early,1.89e-4
Hal,1.89e-4
Irwin,1.89e-4
Lacy,1.89e-4
Lemuel,1.89e-4
Lenard,1.89e-4
Lionel,1.89e-4
Major,1.89e-4
Ora,1.89e-4
Truman,1.89e-4
Foster,1.83e-4
Jimmy,1.83e-4
Jonas,1.83e-4
Kelly,1.83e-4
Porter,1.83e-4
Sanford,1.83e-4
Theo,1.83e-4
Tomas,1.83e-4
Van,1.83e-4
Aloysius,1.77e-4
Chas,1.77e-4
Chris,1.77e-4
Milford,1.77e-4
Norbert,1.77e-4
Norris,1.77e-4
Olin,1.77e-4
Royal,1.77e-4
Verne,1.77e-4
Wm,1.77e-4
Ambrose,1.7e-4
Gustave,1.7e-4
Haywood,1.7e-4
Isaiah,1.7e-4
Jewell,1.7e-4
Otha,1.7e-4
Sandy,1.7e-4
Waldo,1.7e-4
Wilburn,1.7e-4
Arlie,1.64e-4
Elmore,1.64e-4
Harris,1.64e-4
Joshua,1.64e-4
Odis,1.64e-4
Pasquale,1.64e-4
Warner,1.64e-4
Berry,1.58e-4
Bertram,1.58e-4
Buford,1.58e-4
Clem,1.58e-4
Laverne,1.58e-4
Raleigh,1.58e-4
Rocco,1.58e-4
Taylor,1.58e-4
Alden,1.51e-4
Cletus,1.51e-4
Cleve,1.51e-4
Coleman,1.51e-4
Coy,1.51e-4
Delmer,1.51e-4
General,1.51e-4
Haskell,1.51e-4
Hershel,1.51e-4
Hoyt,1.51e-4
Napoleon,1.51e-4
Obie,1.51e-4
Rose,1.51e-4
Wilber,1.51e-4
Bennett,1.45e-4
Carmen,1.45e-4
Darrell,1.45e-4
Emile,1.45e-4
Hugo,1.45e-4
Nolan,1.45e-4
Phil,1.45e-4
Ruby,1.45e-4
Webster,1.45e-4
Bernice,1.39e-4
Bryan,1.39e-4
Elliott,1.39e-4
Eric,1.39e-4
Jeremiah,1.39e-4
Linwood,1.39e-4
Lucious,1.39e-4
Mason,1.39e-4
Matt,1.39e-4
Maxwell,1.39e-4
Noble,1.39e-4
Olen,1.39e-4
Palmer,1.39e-4
Randall,1.39e-4
Walker,1.39e-4
Winfield,1.39e-4
Aron,1.32e-4
Bernie,1.32e-4
Burl,1.32e-4
Casper,1.32e-4
Clint,1.32e-4
Dewitt,1.32e-4
Dorothy,1.32e-4
Elisha,1.32e-4
Enoch,1.32e-4
Gabriel,1.32e-4
Garrett,1.32e-4
Gregory,1.32e-4
Hampton,1.32e-4
Hermon,1.32e-4
Lafayette,1.32e-4
Mac,1.32e-4
Merlin,1.32e-4
Merton,1.32e-4
Mervin,1.32e-4
Micheal,1.32e-4
Morgan,1.32e-4
Murphy,1.32e-4
Olaf,1.32e-4
Rupert,1.32e-4
Salvador,1.32e-4
Travis,1.32e-4
Wilton,1.32e-4
Winston,1.32e-4
Alphonso,1.26e-4
Anna,1.26e-4
Arther,1.26e-4
Billy,1.26e-4
Bruno,1.26e-4
Carmine,1.26e-4
Cyrus,1.26e-4
Dorsey,1.26e-4
Evan,1.26e-4
Helen,1.26e-4
Levy,1.26e-4
Lucian,1.26e-4
Mario,1.26e-4
Oren,1.26e-4
Seth,1.26e-4
Sydney,1.26e-4
Teddy,1.26e-4
Terry,1.26e-4
Vivian,1.26e-4
Weldon,1.26e-4
Arch,1.2e-4
Benedict,1.2e-4
Claire,1.2e-4
Clarance,1.2e-4
Connie,1.2e-4
Davis,1.2e-4
Delmas,1.2e-4
Denver,1.2e-4
Fritz,1.2e-4
Gail,1.2e-4
Hardy,1.2e-4
Hazel,1.2e-4
Hobart,1.2e-4
Israel,1.2e-4
Ivory,1.2e-4
Josh,1.2e-4
Judson,1.2e-4
Lawson,1.2e-4
Leander,1.2e-4
Lonzo,1.2e-4
Madison,1.2e-4
Miguel,1.2e-4
Oswald,1.2e-4
Raphael,1.2e-4
Rene,1.2e-4
Sim,1.2e-4
Smith,1.2e-4
Tim,1.2e-4
Turner,1.2e-4
Valentine,1.2e-4
Vance,1.2e-4
Winfred,1.2e-4
Alberto,1.13e-4
Allie,1.13e-4
Billie,1.13e-4
Buddy,1.13e-4
Carter,1.13e-4
Cliff,1.13e-4
Dillard,1.13e-4
Elzie,1.13e-4
Emmet,1.13e-4
Emmitt,1.13e-4
Felton,1.13e-4
Garnett,1.13e-4
Golden,1.13e-4
Harmon,1.13e-4
Hezekiah,1.13e-4
Hilton,1.13e-4
Hobert,1.13e-4
Jodie,1.13e-4
Merl,1.13e-4
Orlando,1.13e-4
Rafael,1.13e-4
Raymon,1.13e-4
Reed,1.13e-4
Tillman,1.13e-4
Washington,1.13e-4
Abram,1.07e-4
Alfredo,1.07e-4
Alvie,1.07e-4
Avery,1.07e-4
Bishop,1.07e-4
Earlie,1.07e-4
Emilio,1.07e-4
Graham,1.07e-4
Granville,1.07e-4
Judge,1.07e-4
Miller,1.07e-4
Mortimer,1.07e-4
Otho,1.07e-4
Pierce,1.07e-4
Prince,1.07e-4
Quincy,1.07e-4
Rodney,1.07e-4
Shirley,1.07e-4
Abner,1.01e-4
Alford,1.01e-4
Archibald,1.01e-4
Artis,1.01e-4
Brooks,1.01e-4
Burt,1.01e-4
Dexter,1.01e-4
Duane,1.01e-4
Eino,1.01e-4
Enos,1.01e-4
Ezekiel,1.01e-4
Gary,1.01e-4
Hector,1.01e-4
Irene,1.01e-4
Isidore,1.01e-4
Johnson,1.01e-4
Jules,1.01e-4
Junior,1.01e-4
Loy,1.01e-4
Marie,1.01e-4
Mitchel,1.01e-4
Nels,1.01e-4
Pablo,1.01e-4
Patsy,1.01e-4
Richmond,1.01e-4
Rollie,1.01e-4
Romeo,1.01e-4
Stanford,1.01e-4
Taft,1.01e-4
Theadore,1.01e-4
Alois,9.5e-5
Annie,9.5e-5
Artie,9.5e-5
Audrey,9.5e-5
Augustine,9.5e-5
Bertha,9.5e-5
Blaine,9.5e-5
Boyce,9.5e-5
Brown,9.5e-5
Bryant,9.5e-5
Carson,9.5e-5
Dana,9.5e-5
Elden,9.5e-5
Fay,9.5e-5
Frederic,9.5e-5
Gale,9.5e-5
Gaylord,9.5e-5
Henery,9.5e-5
Hoke,9.5e-5
Ignacio,9.5e-5
Isom,9.5e-5
Jennings,9.5e-5
Justin,9.5e-5
Lillian,9.5e-5
Lindsey,9.5e-5
Minor,9.5e-5
Newell,9.5e-5
Omar,9.5e-5
Orin,9.5e-5
Rolland,9.5e-5
Ruth,9.5e-5
Sheldon,9.5e-5
Talmadge,9.5e-5
Theron,9.5e-5
Vernie,9.5e-5
Adolphus,8.8e-5
Alice,8.8e-5
Antone,8.8e-5
Bailey,8.8e-5
Beverly,8.8e-5
Bradley,8.8e-5
Carlyle,8.8e-5
Cary,8.8e-5
Chauncey,8.8e-5
Clare,8.8e-5
Collins,8.8e-5
Curley,8.8e-5
Domingo,8.8e-5
Edna,8.8e-5
Emmit,8.8e-5
Ennis,8.8e-5
Everette,8.8e-5
Florence,8.8e-5
Gladys,8.8e-5
Guadalupe,8.8e-5
Hamp,8.8e-5
Hans,8.8e-5
Henderson,8.8e-5
Huston,8.8e-5
Jonnie,8.8e-5
Len,8.8e-5
Lucien,8.8e-5
Mildred,8.8e-5
Odie,8.8e-5
Ottis,8.8e-5
Rogers,8.8e-5
Rosario,8.8e-5
Shelby,8.8e-5
Thaddeus,8.8e-5
Vaughn,8.8e-5
Wyatt,8.8e-5
Albin,8.2e-5
Allison,8.2e-5
Alvis,8.2e-5
Antoine,8.2e-5
Bee,8.2e-5
Benito,8.2e-5
Benjiman,8.2e-5
Carrol,8.2e-5
Christ,8.2e-5
Cloyd,8.2e-5
Dalton,8.2e-5
Damon,8.2e-5
Darrel,8.2e-5
Delphin,8.2e-5
Edison,8.2e-5
Elizabeth,8.2e-5
Ellwood,8.2e-5
Elroy,8.2e-5
Elza,8.2e-5
Gaston,8.2e-5
Gustav,8.2e-5
Hayward,8.2e-5
Hunter,8.2e-5
Ivy,8.2e-5
Jordan,8.2e-5
Leamon,8.2e-5
Lige,8.2e-5
Lincoln,8.2e-5
Lois,8.2e-5
Loran,8.2e-5
Merritt,8.2e-5
Oral,8.2e-5
Price,8.2e-5
Santos,8.2e-5
Sylvan,8.2e-5
Thelma,8.2e-5
Tracy,8.2e-5
Verner,8.2e-5
Virgle,8.2e-5
Vito,8.2e-5
Wilfrid,8.2e-5
Zack,8.2e-5
Agnes,7.6e-5
Alonza,7.6e-5
Casimir,7.6e-5
Clara,7.6e-5
Crawford,7.6e-5
Duncan,7.6e-5
Einar,7.6e-5
Ernie,7.6e-5
Essie,7.6e-5
Ethel,7.6e-5
Evelyn,7.6e-5
Ezell,7.6e-5
Felipe,7.6e-5
Fleming,7.6e-5
Grace,7.6e-5
Gregorio,7.6e-5
Hosea,7.6e-5
Jones,7.6e-5
June,7.6e-5
Kirby,7.6e-5
Lenord,7.6e-5
Lou,7.6e-5
Mahlon,7.6e-5
Maxie,7.6e-5
Nat,7.6e-5
Ocie,7.6e-5
Orrin,7.6e-5
Quentin,7.6e-5
Rodger,7.6e-5
Sebastian,7.6e-5
Sigmund,7.6e-5
Thedore,7.6e-5
Unknown,7.6e-5
Vester,7.6e-5
Walton,7.6e-5
Wellington,7.6e-5
West,7.6e-5
Wright,7.6e-5
Addison,6.9e-5
Adelbert,6.9e-5
Alec,6.9e-5
Alf,6.9e-5
Angus,6.9e-5
Art,6.9e-5
Axel,6.9e-5
Bessie,6.9e-5
Bonnie,6.9e-5
Brady,6.9e-5
Carey,6.9e-5
Carol,6.9e-5
Carrie,6.9e-5
Darwin,6.9e-5
Durward,6.9e-5
Eldridge,6.9e-5
Ellison,6.9e-5
Emma,6.9e-5
Enrique,6.9e-5
Estel,6.9e-5
Finis,6.9e-5
Gust,6.9e-5
Hallie,6.9e-5
Hamilton,6.9e-5
Hardie,6.9e-5
Hayes,6.9e-5
Hilliard,6.9e-5
Howell,6.9e-5
Jonathan,6.9e-5
Loyal,6.9e-5
Mabel,6.9e-5
Newman,6.9e-5
Norwood,6.9e-5
Okey,6.9e-5
Opal,6.9e-5
Oran,6.9e-5
Park,6.9e-5
Pink,6.9e-5
Pleas,6.9e-5
Roberto,6.9e-5
Rolla,6.9e-5
Rollin,6.9e-5
Rowland,6.9e-5
Stanton,6.9e-5
Tomie,6.9e-5
Toney,6.9e-5
Wash,6.9e-5
Williams,6.9e-5
Woodrow,6.9e-5
Wylie,6.9e-5
Zollie,6.9e-5
Abel,6.3e-5
Addie,6.3e-5
Adolfo,6.3e-5
Algie,6.3e-5
Alma,6.3e-5
Alpha,6.3e-5
Andre,6.3e-5
Ashby,6.3e-5
Authur,6.3e-5
Bartholomew,6.3e-5
Benton,6.3e-5
Bertie,6.3e-5
Bobbie,6.3e-5
Burnice,6.3e-5
Caleb,6.3e-5
Casimer,6.3e-5
Claudie,6.3e-5
Cruz,6.3e-5
Dayton,6.3e-5
Dempsey,6.3e-5
Doc,6.3e-5
Doris,6.3e-5
Elgin,6.3e-5
Elsie,6.3e-5
Elvis,6.3e-5
Elwin,6.3e-5
Esther,6.3e-5
Eugenio,6.3e-5
Farris,6.3e-5
Fenton,6.3e-5
Franklyn,6.3e-5
Frazier,6.3e-5
Gertrude,6.3e-5
Giovanni,6.3e-5
Green,6.3e-5
Harland,6.3e-5
Ignatius,6.3e-5
Ivey,6.3e-5
Joesph,6.3e-5
Johny,6.3e-5
Jonah,6.3e-5
Josiah,6.3e-5
Layton,6.3e-5
Leeroy,6.3e-5
Leopold,6.3e-5
Lon,6.3e-5
Marian,6.3e-5
Meredith,6.3e-5
Milburn,6.3e-5
Minnie,6.3e-5
Norton,6.3e-5
Ola,6.3e-5
Ole,6.3e-5
Orie,6.3e-5
Pierre,6.3e-5
Ricardo,6.3e-5
Rube,6.3e-5
Rueben,6.3e-5
Sammy,6.3e-5
Sampson,6.3e-5
Seymour,6.3e-5
Sonny,6.3e-5
Stacy,6.3e-5
Val,6.3e-5
Vincenzo,6.3e-5
Almon,5.7e-5
Alvah,5.7e-5
Americo,5.7e-5
Angel,5.7e-5
Ardell,5.7e-5
Arvin,5.7e-5
Baxter,5.7e-5
Bradford,5.7e-5
Burley,5.7e-5
Chesley,5.7e-5
Delmus,5.7e-5
Donovan,5.7e-5
Douglass,5.7e-5
Edith,5.7e-5
Eduardo,5.7e-5
Egbert,5.7e-5
Ellie,5.7e-5
Elva,5.7e-5
Ephriam,5.7e-5
Evert,5.7e-5
Evertt,5.7e-5
Ferris,5.7e-5
Ford,5.7e-5
Frankie,5.7e-5
Galen,5.7e-5
Garnet,5.7e-5
Geo,5.7e-5
Gilmer,5.7e-5
Halbert,5.7e-5
Harvy,5.7e-5
Hayden,5.7e-5
Hillard,5.7e-5
Huey,5.7e-5
Jason,5.7e-5
Kelley,5.7e-5
Lambert,5.7e-5
Lavern,5.7e-5
Lem,5.7e-5
Lindsay,5.7e-5
Lonie,5.7e-5
Louise,5.7e-5
Lucio,5.7e-5
Marcel,5.7e-5
Margarito,5.7e-5
Mariano,5.7e-5
Marlin,5.7e-5
Martha,5.7e-5
Melville,5.7e-5
Myer,5.7e-5
Nestor,5.7e-5
Newt,5.7e-5
Ogden,5.7e-5
Oland,5.7e-5
Ovid,5.7e-5
Paris,5.7e-5
Prentiss,5.7e-5
Reid,5.7e-5
Robt,5.7e-5
Roderick,5.7e-5
Rudy,5.7e-5
Samie,5.7e-5
Sanders,5.7e-5
Santiago,5.7e-5
Simeon,5.7e-5
Stonewall,5.7e-5
Thad,5.7e-5
Watson,5.7e-5
Wayman,5.7e-5
Williard,5.7e-5
Acie,5e-5
