name,percent
John,0.05615
William,0.04524
James,0.042138
George,0.027555
Robert,0.025373
Joseph,0.025024
Charles,0.023612
Frank,0.018917
Edward,0.016272
Thomas,0.013832
Henry,0.013723
Walter,0.01317
Willie,0.011812
Harry,0.011626
Albert,0.00987
Arthur,0.009618
Harold,0.009257
Paul,0.00889
Clarence,0.008584
Raymond,0.008301
Fred,0.008295
Louis,0.007917
Richard,0.007478
Joe,0.007267
Ralph,0.006841
Roy,0.006594
Jack,0.006528
Howard,0.00648
Carl,0.006456
David,0.006113
Ernest,0.006017
Earl,0.006005
Samuel,0.005771
Francis,0.005127
Lawrence,0.004899
Herbert,0.004562
Charlie,0.004448
Alfred,0.004442
Andrew,0.00434
Kenneth,0.00416
Anthony,0.004148
Eugene,0.004142
Michael,0.004142
Elmer,0.004136
Donald,0.003991
Sam,0.003871
Theodore,0.003865
Leonard,0.003685
Leo,0.003511
Herman,0.003378
Lee,0.003324
Stanley,0.003288
Peter,0.003258
Daniel,0.003192
Floyd,0.00318
Leroy,0.003144
Russell,0.003144
Clifford,0.00309
Clyde,0.003072
Lester,0.00306
Lewis,0.002939
Jesse,0.002897
Benjamin,0.002885
Edwin,0.002861
Oscar,0.002861
Chester,0.002777
Ray,0.002687
Frederick,0.002633
Claude,0.002573
Bernard,0.002489
Eddie,0.002483
Cecil,0.002386
Lloyd,0.002368
Norman,0.002248
Melvin,0.0022
Edgar,0.002164
Jessie,0.002134
Ben,0.002122
Milton,0.00208
Homer,0.002044
Tom,0.002044
Harvey,0.002038
Martin,0.00199
Leon,0.001966
Johnnie,0.001924
Philip,0.001918
Marvin,0.001869
Alvin,0.001845
Victor,0.001845
Everett,0.001767
Luther,0.001755
Allen,0.001725
Vernon,0.001713
Stephen,0.001683
Leslie,0.001677
Will,0.001647
Gerald,0.001623
Morris,0.001617
Julius,0.001581
Virgil,0.001551
Sidney,0.001521
Vincent,0.001503
Glenn,0.001491
Alexander,0.001479
Otis,0.001461
Maurice,0.001449
Horace,0.001413
Jacob,0.001413
Marion,0.001401
Wilbur,0.001401
Earnest,0.001383
Willard,0.001377
Nicholas,0.001359
Irving,0.001353
Archie,0.00134
Gilbert,0.00134
Jim,0.001322
Manuel,0.001322
Max,0.00131
Patrick,0.0012979999999999999
Hugh,0.001292
Oliver,0.001244
Curtis,0.00122
Hubert,0.00122
Arnold,0.001214
Guy,0.001202
Alex,0.001196
Jerry,0.00119
Gordon,0.001178
Ira,0.001178
Roosevelt,0.001166
Warren,0.001166
Jose,0.001154
Wallace,0.001142
Wesley,0.001112
Mack,0.0011
Nathan,0.00107
Wayne,0.00107
Otto,0.001064
Rudolph,0.00104
Johnie,0.001034
Lonnie,0.001016
Sylvester,9.98e-4
Bill,9.86e-4
Isaac,9.74e-4
Willis,9.68e-4
Jimmie,9.62e-4
Marshall,9.62e-4
Bennie,9.5e-4
Glen,9.5e-4
Roland,9.38e-4
Rufus,9.38e-4
Charley,9.32e-4
Matthew,9.2e-4
Orville,9.2e-4
Dan,9.14e-4
Ed,9.14e-4
Percy,9.08e-4
Abraham,9.02e-4
Nathaniel,9.02e-4
Steve,9.02e-4
Clifton,8.6e-4
Tony,8.54e-4
Edmund,8.48e-4
Emil,8.48e-4
Clinton,8.42e-4
Mike,8.36e-4
August,8.3e-4
Calvin,8.12e-4
Clayton,8.12e-4
Franklin,7.99e-4
Perry,7.99e-4
Pete,7.87e-4
Phillip,7.87e-4
Jerome,7.63e-4
Emmett,7.57e-4
Ellis,7.39e-4
Elbert,7.27e-4
Bert,7.21e-4
Alton,7.15e-4
Amos,7.15e-4
Felix,7.09e-4
Sherman,7.09e-4
Dave,6.97e-4
Aaron,6.91e-4
Jake,6.91e-4
Roger,6.85e-4
Ted,6.79e-4
Nelson,6.73e-4
Booker,6.67e-4
Douglas,6.67e-4
Adam,6.55e-4
Don,6.43e-4
Johnny,6.43e-4
Tommie,6.37e-4
Forrest,6.31e-4
Owen,6.31e-4
Irvin,6.25e-4
Reuben,6.13e-4
Dennis,6.07e-4
Juan,6.07e-4
Wilbert,6.07e-4
Dale,6.01e-4
Antonio,5.95e-4
Bruce,5.95e-4
Dewey,5.95e-4
Ross,5.95e-4
Wilfred,5.89e-4
Ervin,5.83e-4
Karl,5.83e-4
Roscoe,5.83e-4
Grady,5.77e-4
Adolph,5.71e-4
Ivan,5.71e-4
Salvatore,5.71e-4
Delbert,5.53e-4
Laurence,5.47e-4
Jay,5.35e-4
Edmond,5.29e-4
Julian,5.29e-4
Preston,5.29e-4
Jess,5.23e-4
Troy,5.23e-4
Cornelius,5.17e-4
Grover,5.11e-4
Simon,5.11e-4
Austin,5.05e-4
Nick,5.05e-4
Ollie,5.05e-4
Angelo,4.93e-4
Moses,4.93e-4
Monroe,4.87e-4
Gus,4.81e-4
Millard,4.81e-4
Grant,4.75e-4
Mary,4.75e-4
Wilson,4.75e-4
Gene,4.69e-4
Jasper,4.69e-4
Leland,4.69e-4
Malcolm,4.69e-4
Bob,4.63e-4
Carroll,4.63e-4
Merle,4.57e-4
Levi,4.51e-4
Lyle,4.51e-4
Ronald,4.51e-4
Freddie,4.33e-4
Murray,4.33e-4
Buster,4.27e-4
Harley,4.27e-4
Wiley,4.27e-4
Byron,4.21e-4
Larry,4.21e-4
Allan,4.09e-4
Mark,4.09e-4
Noah,4.09e-4
Aubrey,4.03e-4
Jesus,4.03e-4
Timothy,4.03e-4
Fredrick,3.97e-4
Jeff,3.91e-4
Mose,3.91e-4
Ramon,3.91e-4
Claud,3.85e-4
Elijah,3.85e-4
Emanuel,3.85e-4
Rex,3.85e-4
Anton,3.79e-4
Louie,3.79e-4
Wendell,3.79e-4
Dominick,3.73e-4
Taft,3.73e-4
Boyd,3.67e-4
Loyd,3.67e-4
Solomon,3.67e-4
Spencer,3.67e-4
Francisco,3.61e-4
Lowell,3.61e-4
Ruben,3.61e-4
Elwood,3.55e-4
Erwin,3.55e-4
Harrison,3.55e-4
Barney,3.49e-4
Cleveland,3.49e-4
Kermit,3.49e-4
Abe,3.43e-4
Alonzo,3.43e-4
Tommy,3.43e-4
Andy,3.37e-4
Carlos,3.37e-4
Hollis,3.37e-4
Neil,3.37e-4
Eli,3.31e-4
Myron,3.31e-4
Christopher,3.25e-4
Clark,3.25e-4
Hiram,3.25e-4
Hyman,3.25e-4
Mitchell,3.25e-4
Clair,3.19e-4
Pedro,3.19e-4
Isadore,3.13e-4
Luke,3.13e-4
Odell,3.13e-4
Randolph,3.13e-4
Elmo,3.07e-4
Garland,3.07e-4
Marcus,3.07e-4
Cleo,3.01e-4
Dwight,3.01e-4
Forest,3.01e-4
Lynn,3.01e-4
Dominic,2.95e-4
Orval,2.95e-4
Alphonse,2.89e-4
Carlton,2.89e-4
Columbus,2.89e-4
Dallas,2.89e-4
Elton,2.89e-4
Emery,2.89e-4
Lorenzo,2.89e-4
Ora,2.89e-4
Silas,2.89e-4
Thurman,2.89e-4
Buford,2.83e-4
Edd,2.83e-4
Noel,2.83e-4
Reginald,2.83e-4
Dock,2.77e-4
Earle,2.77e-4
Elliott,2.77e-4
Loren,2.77e-4
Neal,2.77e-4
Al,2.71e-4
Anderson,2.71e-4
Cyril,2.71e-4
Freeman,2.71e-4
Joel,2.71e-4
Meyer,2.71e-4
Ellsworth,2.64e-4
Miles,2.64e-4
Sol,2.64e-4
Sterling,2.64e-4
Vern,2.64e-4
Dean,2.58e-4
Irwin,2.58e-4
Wilmer,2.58e-4
Elvin,2.52e-4
Emory,2.52e-4
Keith,2.52e-4
Ned,2.52e-4
Riley,2.52e-4
Ward,2.52e-4
Adrian,2.46e-4
Clement,2.46e-4
Foster,2.46e-4
Russel,2.46e-4
Scott,2.46e-4
Bud,2.4e-4
Elias,2.4e-4
Noble,2.4e-4
Steven,2.4e-4
Weldon,2.4e-4
Alfonso,2.34e-4
Basil,2.34e-4
Fletcher,2.34e-4
Houston,2.34e-4
Ike,2.34e-4
Isiah,2.34e-4
Norris,2.34e-4
Omer,2.34e-4
Roman,2.34e-4
Conrad,2.28e-4
Eldon,2.28e-4
Harris,2.28e-4
Jackson,2.28e-4
Luis,2.28e-4
Major,2.28e-4
Royal,2.28e-4
Truman,2.28e-4
Wade,2.28e-4
Wilford,2.28e-4
Benny,2.22e-4
Chris,2.22e-4
King,2.22e-4
Palmer,2.22e-4
Stewart,2.22e-4
Alva,2.16e-4
Dee,2.16e-4
Junius,2.16e-4
Pat,2.16e-4
Pearl,2.16e-4
Sanford,2.16e-4
Van,2.16e-4
Waldo,2.16e-4
Walker,2.16e-4
Winston,2.16e-4
Wm,2.16e-4
Ferdinand,2.1e-4
Napoleon,2.1e-4
Saul,2.1e-4
Armand,2.04e-4
Buck,2.04e-4
Burton,2.04e-4
Coy,2.04e-4
Dick,2.04e-4
Dudley,2.04e-4
Gabriel,2.04e-4
Lucius,2.04e-4
Merrill,2.04e-4
Theo,2.04e-4
Augustus,1.98e-4
Clay,1.98e-4
Emile,1.98e-4
Isaiah,1.98e-4
Jimmy,1.98e-4
Mathew,1.98e-4
Maynard,1.98e-4
Morgan,1.98e-4
Ulysses,1.98e-4
Emerson,1.92e-4
Harmon,1.92e-4
Herschel,1.92e-4
Isidore,1.92e-4
Mckinley,1.92e-4
Olin,1.92e-4
Randall,1.92e-4
Alan,1.86e-4
Frederic,1.86e-4
Gerard,1.86e-4
Harlan,1.86e-4
Haskell,1.86e-4
Hugo,1.86e-4
Jean,1.86e-4
Norbert,1.86e-4
Porter,1.86e-4
Shelby,1.86e-4
Cletus,1.8e-4
Doyle,1.8e-4
Eric,1.8e-4
Helen,1.8e-4
Jonas,1.8e-4
Lacy,1.8e-4
Lionel,1.8e-4
Merlin,1.8e-4
Otho,1.8e-4
Pasquale,1.8e-4
Sammie,1.8e-4
Vance,1.8e-4
Wilburn,1.8e-4
Alford,1.74e-4
Aloysius,1.74e-4
Christian,1.74e-4
Garfield,1.74e-4
Gustave,1.74e-4
Hamilton,1.74e-4
Hazel,1.74e-4
Joshua,1.74e-4
Newton,1.74e-4
Otha,1.74e-4
Alden,1.68e-4
Alfredo,1.68e-4
Arther,1.68e-4
Berry,1.68e-4
Billie,1.68e-4
Delmar,1.68e-4
Hardy,1.68e-4
Lyman,1.68e-4
Mario,1.68e-4
Milo,1.68e-4
Morton,1.68e-4
Sandy,1.68e-4
Sydney,1.68e-4
Bertram,1.62e-4
Bruno,1.62e-4
Bryan,1.62e-4
Elzie,1.62e-4
Garrett,1.62e-4
Gary,1.62e-4
General,1.62e-4
Junior,1.62e-4
Linwood,1.62e-4
Mason,1.62e-4
Maxwell,1.62e-4
Olen,1.62e-4
Patsy,1.62e-4
Rodney,1.62e-4
Rosevelt,1.62e-4
Arlie,1.56e-4
Clint,1.56e-4
Granville,1.56e-4
Gregory,1.56e-4
Haywood,1.56e-4
Josh,1.56e-4
Merton,1.56e-4
Phil,1.56e-4
Theron,1.56e-4
Ambrose,1.5e-4
Carter,1.5e-4
Dewitt,1.5e-4
Enoch,1.5e-4
Evan,1.5e-4
Ezra,1.5e-4
Hoyt,1.5e-4
Jefferson,1.5e-4
Jules,1.5e-4
Kelly,1.5e-4
Margaret,1.5e-4
Milford,1.5e-4
Odis,1.5e-4
Prince,1.5e-4
Travis,1.5e-4
Asa,1.44e-4
Casimir,1.44e-4
Clem,1.44e-4
Dorsey,1.44e-4
Israel,1.44e-4
Miguel,1.44e-4
Raphael,1.44e-4
Webster,1.44e-4
Avery,1.38e-4
Bryant,1.38e-4
Clarance,1.38e-4
Cyrus,1.38e-4
Ford,1.38e-4
Hershel,1.38e-4
Hobert,1.38e-4
Jeremiah,1.38e-4
Laverne,1.38e-4
Leander,1.38e-4
Lonzo,1.38e-4
Olaf,1.38e-4
Pablo,1.38e-4
Rose,1.38e-4
Rubin,1.38e-4
Stuart,1.38e-4
Terry,1.38e-4
Valentine,1.38e-4
Alphonso,1.32e-4
Artie,1.32e-4
Early,1.32e-4
Elwin,1.32e-4
Emmitt,1.32e-4
Ethel,1.32e-4
Gustav,1.32e-4
Jewel,1.32e-4
Lenard,1.32e-4
Rafael,1.32e-4
Rocco,1.32e-4
Shirley,1.32e-4
Taylor,1.32e-4
Abner,1.26e-4
Aron,1.26e-4
Artis,1.26e-4
Burl,1.26e-4
Cliff,1.26e-4
Coleman,1.26e-4
Frances,1.26e-4
Lucian,1.26e-4
Micheal,1.26e-4
Oran,1.26e-4
Romeo,1.26e-4
Tim,1.26e-4
Wilber,1.26e-4
Billy,1.2e-4
Davis,1.2e-4
Elmore,1.2e-4
Fay,1.2e-4
Lemuel,1.2e-4
Lincoln,1.2e-4
Ludwig,1.2e-4
Marie,1.2e-4
Milburn,1.2e-4
Mildred,1.2e-4
Ottis,1.2e-4
Rene,1.2e-4
Seth,1.2e-4
Tracy,1.2e-4
Vester,1.2e-4
Vivian,1.2e-4
Wilton,1.2e-4
Winfred,1.2e-4
Allie,1.14e-4
Andres,1.14e-4
Antone,1.14e-4
Archibald,1.14e-4
Bennett,1.14e-4
Bernie,1.14e-4
Brady,1.14e-4
Chas,1.14e-4
Cleve,1.14e-4
Crawford,1.14e-4
Dillard,1.14e-4
Dorothy,1.14e-4
Everette,1.14e-4
Florence,1.14e-4
Gale,1.14e-4
Hal,1.14e-4
Henderson,1.14e-4
Ivory,1.14e-4
Judson,1.14e-4
Lamar,1.14e-4
Marlin,1.14e-4
Matt,1.14e-4
Miller,1.14e-4
Raleigh,1.14e-4
Ruth,1.14e-4
Santos,1.14e-4
Stacy,1.14e-4
Warner,1.14e-4
Wylie,1.14e-4
Bradley,1.08e-4
Carmine,1.08e-4
Darrell,1.08e-4
Eldridge,1.08e-4
Elroy,1.08e-4
Gaylord,1.08e-4
Graham,1.08e-4
Huston,1.08e-4
Ignacio,1.08e-4
Justin,1.08e-4
Oren,1.08e-4
Orlando,1.08e-4
Reed,1.08e-4
Shelton,1.08e-4
Sigmund,1.08e-4
Thaddeus,1.08e-4
Tomas,1.08e-4
Williams,1.08e-4
Winfield,1.08e-4
Addison,1.02e-4
Augustine,1.02e-4
Brown,1.02e-4
Carey,1.02e-4
Delmer,1.02e-4
Denver,1.02e-4
Edna,1.02e-4
Felipe,1.02e-4
Fritz,1.02e-4
Grace,1.02e-4
Hosea,1.02e-4
Jewell,1.02e-4
Johnson,1.02e-4
Jonah,1.02e-4
Lafayette,1.02e-4
Lew,1.02e-4
Lucious,1.02e-4
Murphy,1.02e-4
Rollin,1.02e-4
Rupert,1.02e-4
Salvador,1.02e-4
Smith,1.02e-4
Walton,1.02e-4
Woodrow,1.02e-4
Art,9.6e-5
Blair,9.6e-5
Brooks,9.6e-5
Burnett,9.6e-5
Cloyd,9.6e-5
Connie,9.6e-5
Dalton,9.6e-5
Emilio,9.6e-5
Evert,9.6e-5
Farris,9.6e-5
Gladys,9.6e-5
Hadley,9.6e-5
Ivy,9.6e-5
June,9.6e-5
Lois,9.6e-5
Lon,9.6e-5
Nat,9.6e-5
Nolan,9.6e-5
Obie,9.6e-5
Odie,9.6e-5
Oswald,9.6e-5
Price,9.6e-5
Richmond,9.6e-5
Roberto,9.6e-5
Seymour,9.6e-5
Sheldon,9.6e-5
Verne,9.6e-5
Watson,9.6e-5
Abel,9e-5
Americo,9e-5
Benton,9e-5
Bernice,9e-5
Buddy,9e-5
Carrol,9e-5
Casper,9e-5
Durward,9e-5
Ernie,9e-5
Finis,9e-5
Hans,9e-5
Hayward,9e-5
Hector,9e-5
Hunter,9e-5
Julio,9e-5
Lawerence,9e-5
Lige,9e-5
Lou,9e-5
Meredith,9e-5
Mervin,9e-5
Orin,9e-5
Ransom,9e-5
Reese,9e-5
Rolland,9e-5
Sebastian,9e-5
Stanford,9e-5
Theadore,9e-5
Tillman,9e-5
Alma,8.4e-5
Alvis,8.4e-5
Bonnie,8.4e-5
Carleton,8.4e-5
Carlo,8.4e-5
Claire,8.4e-5
Clare,8.4e-5
Dana,8.4e-5
Duncan,8.4e-5
Ennis,8.4e-5
Essie,8.4e-5
Giles,8.4e-5
Golden,8.4e-5
Hilliard,8.4e-5
Jodie,8.4e-5
Judge,8.4e-5
Lindsey,8.4e-5
Louise,8.4e-5
Lucien,8.4e-5
Murry,8.4e-5
Norval,8.4e-5
Ocie,8.4e-5
Olan,8.4e-5
Oral,8.4e-5
Osie,8.4e-5
Perley,8.4e-5
Pierce,8.4e-5
Rosario,8.4e-5
Rudy,8.4e-5
Santiago,8.4e-5
Turner,8.4e-5
Vito,8.4e-5
Adolphus,7.8e-5
Albin,7.8e-5
Alonza,7.8e-5
Burley,7.8e-5
Burt,7.8e-5
Cary,7.8e-5
Cedric,7.8e-5
Chauncey,7.8e-5
Domingo,7.8e-5
Doris,7.8e-5
Duke,7.8e-5
Ellwood,7.8e-5
Elza,7.8e-5
Emmet,7.8e-5
Evans,7.8e-5
Ezekiel,7.8e-5
Francesco,7.8e-5
Frankie,7.8e-5
Gail,7.8e-5
Gertrude,7.8e-5
Guss,7.8e-5
Henery,7.8e-5
Hollie,7.8e-5
Jordan,7.8e-5
Melton,7.8e-5
Nels,7.8e-5
Newell,7.8e-5
Parker,7.8e-5
Roderick,7.8e-5
Sammy,7.8e-5
Starling,7.8e-5
Sylvan,7.8e-5
Toivo,7.8e-5
Vernie,7.8e-5
Vicente,7.8e-5
Alois,7.2e-5
Annie,7.2e-5
Arley,7.2e-5
Arturo,7.2e-5
Arvid,7.2e-5
Bee,7.2e-5
Beverly,7.2e-5
Carmen,7.2e-5
Carson,7.2e-5
Clara,7.2e-5
Clovis,7.2e-5
Collins,7.2e-5
Cornelious,7.2e-5
Earlie,7.2e-5
Elie,7.2e-5
Fernando,7.2e-5
Garnet,7.2e-5
Garnett,7.2e-5
Goldie,7.2e-5
Hayes,7.2e-5
Hermon,7.2e-5
Hobart,7.2e-5
Ivey,7.2e-5
Jennings,7.2e-5
Jonathan,7.2e-5
Lawson,7.2e-5
Leopold,7.2e-5
Logan,7.2e-5
Lorenza,7.2e-5
Mabel,7.2e-5
Mac,7.2e-5
Marcellus,7.2e-5
Mitchel,7.2e-5
Moe,7.2e-5
Nicolas,7.2e-5
Paris,7.2e-5
Reinhold,7.2e-5
Robley,7.2e-5
Rollie,7.2e-5
Sim,7.2e-5
Teddy,7.2e-5
Vaughn,7.2e-5
Wellington,7.2e-5
Willam,7.2e-5
Wyatt,7.2e-5
Zack,7.2e-5
Alberto,6.6e-5
Alice,6.6e-5
Antoine,6.6e-5
Baxter,6.6e-5
Benedict,6.6e-5
Benito,6.6e-5
Blaine,6.6e-5
Boyce,6.6e-5
Bradford,6.6e-5
Casey,6.6e-5
Claudie,6.6e-5
Cleon,6.6e-5
Courtney,6.6e-5
Darwin,6.6e-5
Dell,6.6e-5
Delmas,6.6e-5
Duane,6.6e-5
Eduardo,6.6e-5
Elisha,6.6e-5
Elizabeth,6.6e-5
Ellie,6.6e-5
Elwyn,6.6e-5
Enrique,6.6e-5
Ernst,6.6e-5
Eunice,6.6e-5
Eva,6.6e-5
Finley,6.6e-5
Franklyn,6.6e-5
Fulton,6.6e-5
Geo,6.6e-5
Helmer,6.6e-5
Hudson,6.6e-5
Kelley,6.6e-5
Leighton,6.6e-5
Lesley,6.6e-5
Linton,6.6e-5
Madison,6.6e-5
Mattie,6.6e-5
Merl,6.6e-5
Orvil,6.6e-5
Ossie,6.6e-5
Pearlie,6.6e-5
Raymon,6.6e-5
Rogers,6.6e-5
Sanders,6.6e-5
Sherwood,6.6e-5
Thornton,6.6e-5
Urban,6.6e-5
Verle,6.6e-5
Vincenzo,6.6e-5
Virgle,6.6e-5
Wash,6.6e-5
Abram,6e-5
Adelbert,6e-5
Adolf,6e-5
Alec,6e-5
Alvie,6e-5
Anna,6e-5
Arne,6e-5
Audie,6e-5
Audrey,6e-5
Author,6e-5
Barton,6e-5
Beatrice,6e-5
Benjiman,6e-5
Bertrand,6e-5
Bishop,6e-5
Carrie,6e-5
Catherine,6e-5
Clell,6e-5
Craig,6e-5
Denton,6e-5
Denzil,6e-5
Dolphus,6e-5
Domenic,6e-5
Domenick,6e-5
Donnie,6e-5
Edison,6e-5
Farrell,6e-5
Federico,6e-5
Felton,6e-5
Furman,6e-5
Gardner,6e-5
Green,6e-5
Guadalupe,6e-5
Hampton,6e-5
Hezekiah,6e-5
Hilton,6e-5
Isom,6e-5
Isreal,6e-5
Jason,6e-5
Joaquin,6e-5
Julia,6e-5
Kent,6e-5
Kyle,6e-5
Lavern,6e-5
Lawyer,6e-5
Lemon,6e-5
Lenord,6e-5
Levy,6e-5
Linnie,6e-5
Mahlon,6e-5
Malachi,6e-5
Nathanial,6e-5
Omar,6e-5
Opal,6e-5
Orris,6e-5
Pierre,6e-5
Quentin,6e-5
Reyes,6e-5
Rolla,6e-5
Romie,6e-5
Rosendo,6e-5
Sid,6e-5
Solon,6e-5
Stanton,6e-5
Verner,6e-5
Wayman,6e-5
Westley,6e-5
Weston,6e-5
Alf,5.4e-5
Almer,5.4e-5
Alpha,5.4e-5
Angel,5.4e-5
Arlington,5.4e-5
Arno,5.4e-5
Ashley,5.4e-5
Augusta,5.4e-5
Benjaman,5.4e-5
Benson,5.4e-5
Beryl,5.4e-5
Blanche,5.4e-5
Brice,5.4e-5
Callie,5.4e-5
Carlie,5.4e-5
Carlyle,5.4e-5
Collie,5.4e-5
Constantine,5.4e-5
Cornell,5.4e-5
Dexter,5.4e-5
Eino,5.4e-5
Eldred,5.4e-5
Eleanor,5.4e-5
Ellery,5.4e-5
Emmanuel,5.4e-5
Ernesto,5.4e-5
Esker,5.4e-5
Estel,5.4e-5
Evelyn,5.4e-5
Ewell,5.4e-5
Florentino,5.4e-5
Foy,5.4e-5
Frazier,5.4e-5
Gaetano,5.4e-5
Gaston,5.4e-5
Gayle,5.4e-5
Gerhard,5.4e-5
Gregorio,5.4e-5
Harland,5.4e-5
Hayden,5.4e-5
Heber,5.4e-5
Hillard,5.4e-5
Hurley,5.4e-5
Jonnie,5.4e-5
Jule,5.4e-5
Kirby,5.4e-5
Leamon,5.4e-5
Levie,5.4e-5
Lillian,5.4e-5
Llewellyn,5.4e-5
Lorin,5.4e-5
Lucas,5.4e-5
Lucille,5.4e-5
Maxie,5.4e-5
Melville,5.4e-5
Merritt,5.4e-5
