name,percent
John,0.054914
James,0.044092
William,0.042418
Robert,0.026896
George,0.026085
Joseph,0.025083
Charles,0.022953
Frank,0.018079
Edward,0.016343
Henry,0.013906
Willie,0.013892
Thomas,0.013681
Walter,0.012453
Albert,0.010467
Paul,0.009618
Harry,0.009483
Arthur,0.009301
Harold,0.009152
Raymond,0.008318
Clarence,0.008183
Richard,0.007929
Fred,0.007613
Jack,0.007555
Louis,0.007521
Joe,0.007445
Carl,0.006404
Howard,0.006279
Ralph,0.00613
Roy,0.006078
David,0.006034
Ernest,0.005593
Samuel,0.005411
Earl,0.00532
Charlie,0.0053
Lawrence,0.00484
Francis,0.004792
Anthony,0.004701
Alfred,0.004427
Sam,0.00426
Eugene,0.00425
Herbert,0.00425
Andrew,0.004245
Kenneth,0.004212
Donald,0.004125
Michael,0.004049
Leonard,0.003799
Elmer,0.003646
Stanley,0.003646
Lee,0.003554
Leroy,0.003516
Leo,0.003391
Herman,0.003339
Daniel,0.003315
Theodore,0.00331
Floyd,0.003291
Peter,0.003022
Clyde,0.002955
Russell,0.002945
Eddie,0.002849
Jesse,0.00283
Bernard,0.002681
Chester,0.002681
Lester,0.002672
Norman,0.002672
Lewis,0.002662
Clifford,0.002643
Lloyd,0.002614
Ray,0.002614
Frederick,0.002605
Edwin,0.002571
Benjamin,0.002566
Jessie,0.002475
Oscar,0.002422
Johnnie,0.002408
Melvin,0.002312
Milton,0.002283
Cecil,0.002259
Claude,0.002221
Ben,0.002178
Edgar,0.002115
Leon,0.002087
Tom,0.002053
Philip,0.002005
Marvin,0.001986
Alvin,0.001924
Martin,0.0019
Luther,0.001837
Everett,0.001832
Harvey,0.001832
Victor,0.001784
Morris,0.00176
Allen,0.001703
Sidney,0.001693
Vernon,0.001688
Julius,0.001679
Stephen,0.001679
Glenn,0.001674
Homer,0.001665
Vincent,0.001645
Jim,0.001588
Alexander,0.001554
Leslie,0.001501
Oliver,0.001468
Wilbur,0.001429
Gerald,0.001386
Hubert,0.001386
Manuel,0.001381
Marion,0.001372
Otis,0.001367
Maurice,0.001358
Virgil,0.001343
Hugh,0.001338
Curtis,0.001329
Max,0.001329
Will,0.001329
Gilbert,0.001314
Jacob,0.00131
Irving,0.001295
Archie,0.001271
Gordon,0.001271
Willard,0.001271
Warren,0.001266
Horace,0.001252
Bill,0.001247
Arnold,0.001238
Jimmie,0.001233
Alex,0.001228
Earnest,0.001223
Patrick,0.001218
Isaac,0.001209
Jerry,0.001204
Wallace,0.001204
Guy,0.001199
Jose,0.00119
Nathan,0.001175
Steve,0.001175
Nicholas,0.001127
Ira,0.001118
Nathaniel,0.001118
Ed,0.001098
Wayne,0.001094
Orville,0.00107
Mike,0.001065
Roosevelt,0.001065
Rufus,0.00106
Bennie,0.001046
Lonnie,0.001041
Rudolph,0.001041
Willis,0.001036
Mack,0.001022
Tony,0.001017
Wesley,9.98e-4
Calvin,9.64e-4
Sylvester,9.64e-4
Edmund,9.59e-4
Otto,9.59e-4
Johnie,9.5e-4
Matthew,9.45e-4
Jerome,9.4e-4
Percy,9.35e-4
Emil,9.31e-4
Abraham,9.16e-4
Roland,9.16e-4
Dan,9.02e-4
Glen,8.83e-4
Elbert,8.78e-4
Charley,8.68e-4
Clifton,8.54e-4
Dave,8.54e-4
Franklin,8.44e-4
Roger,8.44e-4
Douglas,8.06e-4
Johnny,8.01e-4
Phillip,8.01e-4
Clinton,7.77e-4
Felix,7.72e-4
Booker,7.63e-4
Clayton,7.63e-4
Emmett,7.63e-4
Antonio,7.58e-4
Pete,7.48e-4
Adam,7.39e-4
Juan,7.2e-4
Jake,7.1e-4
Ellis,7.05e-4
Wilbert,7e-4
Aaron,6.96e-4
August,6.91e-4
Nelson,6.81e-4
Bert,6.76e-4
Don,6.72e-4
Irvin,6.57e-4
Kermit,6.52e-4
Roscoe,6.52e-4
Angelo,6.48e-4
Dennis,6.48e-4
Moses,6.33e-4
Simon,6.33e-4
Ervin,6.28e-4
Mark,6.28e-4
Julian,6.19e-4
Tommie,6.19e-4
Salvatore,6.14e-4
Ted,6.09e-4
Dale,6e-4
Marshall,6e-4
Perry,6e-4
Amos,5.95e-4
Nick,5.95e-4
Adolph,5.85e-4
Alton,5.85e-4
Delbert,5.85e-4
Jay,5.76e-4
Ronald,5.71e-4
Owen,5.66e-4
Lyle,5.61e-4
Larry,5.52e-4
Grady,5.47e-4
Laurence,5.47e-4
Ollie,5.47e-4
Grover,5.42e-4
Preston,5.37e-4
Wilson,5.37e-4
Ivan,5.23e-4
Cleveland,5.18e-4
Sherman,5.13e-4
Gus,5.08e-4
Aubrey,5.04e-4
Bob,4.94e-4
Forrest,4.94e-4
Jess,4.94e-4
Ross,4.94e-4
Austin,4.84e-4
Elijah,4.84e-4
Merle,4.84e-4
Emanuel,4.75e-4
Loyd,4.75e-4
Mary,4.75e-4
Bruce,4.7e-4
Buster,4.7e-4
Edmond,4.7e-4
Leland,4.65e-4
Wilfred,4.65e-4
Cornelius,4.6e-4
Grant,4.6e-4
Freddie,4.56e-4
Harrison,4.56e-4
Louie,4.56e-4
Dominick,4.46e-4
Elwood,4.46e-4
Reuben,4.46e-4
Karl,4.41e-4
Gene,4.37e-4
Alonzo,4.32e-4
Troy,4.32e-4
Byron,4.27e-4
Carlton,4.27e-4
Carroll,4.27e-4
Harley,4.27e-4
Murray,4.27e-4
Noah,4.22e-4
Dewey,4.17e-4
Boyd,4.13e-4
Elmo,4.13e-4
Malcolm,4.13e-4
Ramon,4.08e-4
Jeff,3.98e-4
Pedro,3.98e-4
Ruben,3.98e-4
Allan,3.93e-4
Carlos,3.93e-4
Jasper,3.93e-4
Mitchell,3.93e-4
Solomon,3.89e-4
Tommy,3.89e-4
Claud,3.74e-4
Monroe,3.74e-4
Andy,3.65e-4
Millard,3.6e-4
Timothy,3.6e-4
Wade,3.6e-4
Abe,3.55e-4
Anton,3.55e-4
Garland,3.55e-4
Al,3.5e-4
Jesus,3.5e-4
Sol,3.5e-4
Wiley,3.5e-4
Cleo,3.45e-4
Erwin,3.45e-4
Barney,3.41e-4
Christopher,3.41e-4
Clark,3.41e-4
Lowell,3.41e-4
Luke,3.41e-4
Mose,3.41e-4
Dock,3.36e-4
Fredrick,3.36e-4
Coy,3.31e-4
Levi,3.31e-4
Wendell,3.31e-4
Steven,3.21e-4
Loren,3.17e-4
Forest,3.12e-4
Francisco,3.12e-4
Myron,3.12e-4
Neal,3.12e-4
Randolph,3.12e-4
Rex,3.12e-4
Silas,3.07e-4
Buford,3.02e-4
Eli,3.02e-4
Lynn,3.02e-4
Marcus,3.02e-4
Riley,3.02e-4
Eldon,2.97e-4
Alva,2.93e-4
Alfonso,2.88e-4
Cyril,2.88e-4
Alan,2.83e-4
Dallas,2.83e-4
Hyman,2.83e-4
Reginald,2.83e-4
Hiram,2.78e-4
Pat,2.78e-4
Odell,2.73e-4
Orval,2.73e-4
Thurman,2.73e-4
Alphonse,2.69e-4
Isiah,2.69e-4
Wilmer,2.69e-4
Dwight,2.64e-4
Emery,2.64e-4
Emory,2.64e-4
Joel,2.64e-4
Odis,2.64e-4
Augustus,2.59e-4
Bruno,2.59e-4
Earle,2.59e-4
Elvin,2.59e-4
Fletcher,2.59e-4
Isadore,2.59e-4
Neil,2.59e-4
Spencer,2.59e-4
Burton,2.54e-4
Conrad,2.54e-4
Dean,2.54e-4
Dominic,2.54e-4
Mathew,2.54e-4
Miles,2.54e-4
Ora,2.54e-4
Stewart,2.54e-4
Anderson,2.49e-4
Bud,2.49e-4
Dick,2.49e-4
Emerson,2.49e-4
Freeman,2.49e-4
Meyer,2.49e-4
Jackson,2.45e-4
Jimmy,2.45e-4
Clement,2.4e-4
Maynard,2.4e-4
Russel,2.4e-4
Ward,2.4e-4
Buck,2.35e-4
Gerard,2.35e-4
Ike,2.35e-4
Irwin,2.35e-4
Scott,2.35e-4
Ambrose,2.3e-4
Ferdinand,2.3e-4
Lucius,2.3e-4
Norris,2.3e-4
Olin,2.3e-4
Sammie,2.3e-4
Sanford,2.3e-4
Benny,2.25e-4
Herschel,2.25e-4
King,2.25e-4
Mario,2.25e-4
Rocco,2.25e-4
Weldon,2.25e-4
Basil,2.21e-4
Elton,2.21e-4
Hollis,2.21e-4
Kelly,2.21e-4
Lorenzo,2.21e-4
Major,2.21e-4
Pasquale,2.21e-4
Sterling,2.21e-4
Van,2.21e-4
Morgan,2.16e-4
Ned,2.16e-4
Taft,2.16e-4
Woodrow,2.16e-4
Dewitt,2.11e-4
Elliott,2.11e-4
Ellsworth,2.11e-4
Frederic,2.11e-4
Jean,2.11e-4
Joshua,2.11e-4
Napoleon,2.11e-4
Noble,2.11e-4
Noel,2.11e-4
Roman,2.11e-4
Royal,2.11e-4
Billy,2.06e-4
Emile,2.06e-4
Garfield,2.06e-4
Isidore,2.06e-4
Keith,2.06e-4
Tomas,2.06e-4
Ulysses,2.06e-4
Wilburn,2.06e-4
Adrian,2.01e-4
Ezra,2.01e-4
Foster,2.01e-4
Junius,2.01e-4
Saul,2.01e-4
Sydney,2.01e-4
Carmen,1.97e-4
Columbus,1.97e-4
Doyle,1.97e-4
Gabriel,1.97e-4
Harlan,1.97e-4
Houston,1.97e-4
Linwood,1.97e-4
Maxwell,1.97e-4
Billie,1.92e-4
Buddy,1.92e-4
Christian,1.92e-4
Coleman,1.92e-4
Davis,1.92e-4
Eric,1.92e-4
Morton,1.92e-4
Newton,1.92e-4
Porter,1.92e-4
Rubin,1.92e-4
Stuart,1.92e-4
Hugo,1.87e-4
Isaiah,1.87e-4
Luis,1.87e-4
Merrill,1.87e-4
Norbert,1.87e-4
Truman,1.87e-4
Wilford,1.87e-4
Armand,1.82e-4
Frances,1.82e-4
Guadalupe,1.82e-4
Omer,1.82e-4
Prince,1.82e-4
Theron,1.82e-4
Walker,1.82e-4
Burl,1.77e-4
Judge,1.77e-4
Dudley,1.73e-4
Enoch,1.73e-4
Junior,1.73e-4
Lincoln,1.73e-4
Waldo,1.73e-4
Alfredo,1.68e-4
Alphonso,1.68e-4
Arther,1.68e-4
Clair,1.68e-4
Dee,1.68e-4
Jeremiah,1.68e-4
Jules,1.68e-4
Rosevelt,1.68e-4
Ruth,1.68e-4
Sandy,1.68e-4
Taylor,1.68e-4
Theo,1.68e-4
Wilber,1.68e-4
Elias,1.63e-4
Everette,1.63e-4
Lamar,1.63e-4
Rodney,1.63e-4
Tim,1.63e-4
Vern,1.63e-4
Abner,1.58e-4
Bertram,1.58e-4
Early,1.58e-4
Edd,1.58e-4
Ethel,1.58e-4
Gustave,1.58e-4
Harris,1.58e-4
Haywood,1.58e-4
Lacy,1.58e-4
Lionel,1.58e-4
Milford,1.58e-4
Rupert,1.58e-4
Chauncey,1.53e-4
Chris,1.53e-4
General,1.53e-4
Lenard,1.53e-4
Lucious,1.53e-4
Miguel,1.53e-4
Oren,1.53e-4
Phil,1.53e-4
Wm,1.53e-4
Delmar,1.49e-4
Elmore,1.49e-4
Evan,1.49e-4
Hal,1.49e-4
Jewell,1.49e-4
Judson,1.49e-4
Lyman,1.49e-4
Margaret,1.49e-4
Nolan,1.49e-4
Otho,1.49e-4
Travis,1.49e-4
Asa,1.44e-4
Cleve,1.44e-4
Elzie,1.44e-4
Emmitt,1.44e-4
Haskell,1.44e-4
Helen,1.44e-4
Milo,1.44e-4
Reed,1.44e-4
Smith,1.44e-4
Terry,1.44e-4
Valentine,1.44e-4
Vance,1.44e-4
Aloysius,1.39e-4
Benedict,1.39e-4
Darrell,1.39e-4
Israel,1.39e-4
Lemuel,1.39e-4
Louise,1.39e-4
Oswald,1.39e-4
Pablo,1.39e-4
Rafael,1.39e-4
Rene,1.39e-4
Shelby,1.39e-4
Thaddeus,1.39e-4
Turner,1.39e-4
Adolphus,1.34e-4
Aron,1.34e-4
Bernice,1.34e-4
Clay,1.34e-4
Cletus,1.34e-4
Harmon,1.34e-4
Hazel,1.34e-4
Otha,1.34e-4
Santiago,1.34e-4
Bryant,1.3e-4
Cyrus,1.3e-4
Hans,1.3e-4
Ivory,1.3e-4
Mason,1.3e-4
Matt,1.3e-4
Maxie,1.3e-4
Mckinley,1.3e-4
Seymour,1.3e-4
Vernie,1.3e-4
Winfield,1.3e-4
Abram,1.25e-4
Carter,1.25e-4
Duane,1.25e-4
Graham,1.25e-4
Hardy,1.25e-4
Hoyt,1.25e-4
Laverne,1.25e-4
Orlando,1.25e-4
Patsy,1.25e-4
Reese,1.25e-4
Rudy,1.25e-4
Shelton,1.25e-4
Washington,1.25e-4
Annie,1.2e-4
Carey,1.2e-4
Elisha,1.2e-4
Gail,1.2e-4
Gregory,1.2e-4
Hershel,1.2e-4
Jason,1.2e-4
Jefferson,1.2e-4
Lonzo,1.2e-4
Micheal,1.2e-4
Palmer,1.2e-4
Quincy,1.2e-4
Watson,1.2e-4
Arturo,1.15e-4
Carson,1.15e-4
Clint,1.15e-4
Domingo,1.15e-4
Dorothy,1.15e-4
Ennis,1.15e-4
Evans,1.15e-4
Fay,1.15e-4
Felton,1.15e-4
Granville,1.15e-4
Johnson,1.15e-4
Mervin,1.15e-4
Olen,1.15e-4
Salvador,1.15e-4
Shirley,1.15e-4
Sigmund,1.15e-4
Arlie,1.1e-4
Benito,1.1e-4
Carmine,1.1e-4
Cary,1.1e-4
Clem,1.1e-4
Denver,1.1e-4
Fernando,1.1e-4
Florence,1.1e-4
Gaston,1.1e-4
Ivy,1.1e-4
Jewel,1.1e-4
Josh,1.1e-4
Lindsey,1.1e-4
Merlin,1.1e-4
Obie,1.1e-4
Pearl,1.1e-4
Romeo,1.1e-4
Ruby,1.1e-4
Sammy,1.1e-4
Santos,1.1e-4
Teddy,1.1e-4
Walton,1.1e-4
Allie,1.06e-4
Antone,1.06e-4
Artie,1.06e-4
Bennett,1.06e-4
Bernie,1.06e-4
Connie,1.06e-4
Dalton,1.06e-4
Eino,1.06e-4
Gustav,1.06e-4
Lucien,1.06e-4
Melton,1.06e-4
Oral,1.06e-4
Raleigh,1.06e-4
Adelbert,1.01e-4
Andres,1.01e-4
Anna,1.01e-4
Avery,1.01e-4
Berry,1.01e-4
Brady,1.01e-4
Chas,1.01e-4
Emilio,1.01e-4
Enrique,1.01e-4
Golden,1.01e-4
Hilton,1.01e-4
Hosea,1.01e-4
Jodie,1.01e-4
Loyal,1.01e-4
Miller,1.01e-4
Odie,1.01e-4
Randall,1.01e-4
Raymon,1.01e-4
Vito,1.01e-4
Wilton,1.01e-4
Alberto,9.6e-5
Angus,9.6e-5
Blaine,9.6e-5
Burt,9.6e-5
Clarance,9.6e-5
Cliff,9.6e-5
Crawford,9.6e-5
Ezekiel,9.6e-5
Gaetano,9.6e-5
Gladys,9.6e-5
Green,9.6e-5
Henderson,9.6e-5
Ignacio,9.6e-5
Ignatius,9.6e-5
Issac,9.6e-5
Myles,9.6e-5
Nat,9.6e-5
Ottis,9.6e-5
Sanders,9.6e-5
Sherwood,9.6e-5
Stanford,9.6e-5
Thornton,9.6e-5
Tillman,9.6e-5
Winston,9.6e-5
Alonza,9.1e-5
Armando,9.1e-5
Arvid,9.1e-5
Bobbie,9.1e-5
Casey,9.1e-5
Casimer,9.1e-5
Dana,9.1e-5
Emmet,9.1e-5
Ernie,9.1e-5
Ester,9.1e-5
Felipe,9.1e-5
Gregorio,9.1e-5
Hermon,9.1e-5
Hobert,9.1e-5
Hoke,9.1e-5
Jonathan,9.1e-5
Levy,9.1e-5
Marie,9.1e-5
Ocie,9.1e-5
Oran,9.1e-5
Orrin,9.1e-5
Osborne,9.1e-5
Raphael,9.1e-5
Roberto,9.1e-5
Rogers,9.1e-5
Verne,9.1e-5
Warner,9.1e-5
Webster,9.1e-5
West,9.1e-5
Albin,8.6e-5
Alec,8.6e-5
Alford,8.6e-5
Augustine,8.6e-5
Benton,8.6e-5
Bonnie,8.6e-5
Clare,8.6e-5
Darwin,8.6e-5
Delmer,8.6e-5
Elvis,8.6e-5
Hayward,8.6e-5
Hector,8.6e-5
Hobart,8.6e-5
Jonas,8.6e-5
Justin,8.6e-5
Llewellyn,8.6e-5
Lou,8.6e-5
Mildred,8.6e-5
Ossie,8.6e-5
Rollin,8.6e-5
Rowland,8.6e-5
Winfred,8.6e-5
Archibald,8.2e-5
Arden,8.2e-5
Bradley,8.2e-5
Casimir,8.2e-5
Edison,8.2e-5
Eldred,8.2e-5
Elizabeth,8.2e-5
Elliot,8.2e-5
Elroy,8.2e-5
Emma,8.2e-5
Gardner,8.2e-5
Garrett,8.2e-5
Joesph,8.2e-5
Lavern,8.2e-5
Logan,8.2e-5
Lucian,8.2e-5
Mahlon,8.2e-5
Marcellus,8.2e-5
Mickey,8.2e-5
Rolland,8.2e-5
Rollie,8.2e-5
Rosario,8.2e-5
Thelma,8.2e-5
Vaughn,8.2e-5
Vicente,8.2e-5
Wylie,8.2e-5
Alois,7.7e-5
Author,7.7e-5
Beverly,7.7e-5
Carlo,7.7e-5
Earlie,7.7e-5
Edna,7.7e-5
Eldridge,7.7e-5
Elsie,7.7e-5
Elwin,7.7e-5
Florian,7.7e-5
Ford,7.7e-5
Gary,7.7e-5
Huey,7.7e-5
Hunter,7.7e-5
Jonnie,7.7e-5
Leander,7.7e-5
Ludwig,7.7e-5
Mac,7.7e-5
Merton,7.7e-5
Murry,7.7e-5
Orin,7.7e-5
Raul,7.7e-5
Richmond,7.7e-5
Rose,7.7e-5
Thurston,7.7e-5
Tobe,7.7e-5
Vivian,7.7e-5
Alice,7.2e-5
Alvie,7.2e-5
Artis,7.2e-5
Audrey,7.2e-5
Barry,7.2e-5
Caleb,7.2e-5
Dayton,7.2e-5
Domenick,7.2e-5
Dorsey,7.2e-5
Elgin,7.2e-5
Elige,7.2e-5
Estel,7.2e-5
Evert,7.2e-5
Finis,7.2e-5
Franklyn,7.2e-5
Fulton,7.2e-5
Garnett,7.2e-5
Gussie,7.2e-5
Harland,7.2e-5
Hollie,7.2e-5
Isom,7.2e-5
Kyle,7.2e-5
Lafayette,7.2e-5
Lawson,7.2e-5
Lillian,7.2e-5
Lois,7.2e-5
Madison,7.2e-5
Manley,7.2e-5
Mattie,7.2e-5
Opal,7.2e-5
Parker,7.2e-5
Ransom,7.2e-5
Reynold,7.2e-5
Seth,7.2e-5
Sheldon,7.2e-5
Sid,7.2e-5
Son,7.2e-5
Tracy,7.2e-5
Vester,7.2e-5
Williams,7.2e-5
Americo,6.7e-5
Angel,6.7e-5
Boyce,6.7e-5
Carol,6.7e-5
Claudie,6.7e-5
Clemens,6.7e-5
Cornell,6.7e-5
Drew,6.7e-5
Duncan,6.7e-5
Edith,6.7e-5
Eligah,6.7e-5
Evelyn,6.7e-5
Ewing,6.7e-5
Farris,6.7e-5
Federico,6.7e-5
Finley,6.7e-5
Fritz,6.7e-5
Gust,6.7e-5
Hezekiah,6.7e-5
Lem,6.7e-5
Leopold,6.7e-5
Lon,6.7e-5
Margarito,6.7e-5
Marlin,6.7e-5
Meredith,6.7e-5
Merritt,6.7e-5
Murphy,6.7e-5
Nicolas,6.7e-5
Olaf,6.7e-5
Pascal,6.7e-5
Price,6.7e-5
Regis,6.7e-5
Roderick,6.7e-5
Sebastian,6.7e-5
Virgle,6.7e-5
Wayman,6.7e-5
Wyatt,6.7e-5
Adolfo,6.2e-5
Agnes,6.2e-5
Alden,6.2e-5
Arch,6.2e-5
Arlington,6.2e-5
Arlo,6.2e-5
Arnie,6.2e-5
Arvil,6.2e-5
Audie,6.2e-5
Beatrice,6.2e-5
Benjiman,6.2e-5
Bertha,6.2e-5
Brooks,6.2e-5
Brown,6.2e-5
Buddie,6.2e-5
Burnett,6.2e-5
Carleton,6.2e-5
Carrol,6.2e-5
Casper,6.2e-5
Clara,6.2e-5
Clovis,6.2e-5
Constantine,6.2e-5
Dante,6.2e-5
Dell,6.2e-5
Domenico,6.2e-5
Duke,6.2e-5
Elden,6.2e-5
Ellwood,6.2e-5
Enos,6.2e-5
Frankie,6.2e-5
Furman,6.2e-5
Garner,6.2e-5
Garnet,6.2e-5
Gaylord,6.2e-5
Geo,6.2e-5
Giles,6.2e-5
Guido,6.2e-5
Guillermo,6.2e-5
Hallie,6.2e-5
Hamilton,6.2e-5
Hamp,6.2e-5
Howell,6.2e-5
Jones,6.2e-5
Jordan,6.2e-5
Julio,6.2e-5
Kirby,6.2e-5
Kirk,6.2e-5
Lawyer,6.2e-5
Lennie,6.2e-5
Leona,6.2e-5
Lessie,6.2e-5
Loran,6.2e-5
Loy,6.2e-5
Malcom,6.2e-5
Mariano,6.2e-5
Martha,6.2e-5
Melville,6.2e-5
Newell,6.2e-5
Oakley,6.2e-5
Omar,6.2e-5
Pauline,6.2e-5
Prentice,6.2e-5
Quentin,6.2e-5
Stanton,6.2e-5
Stephan,6.2e-5
Sumner,6.2e-5
Unknown,6.2e-5
Urban,6.2e-5
Weston,6.2e-5
Zack,6.2e-5
Addison,5.8e-5
Alfonzo,5.8e-5
Algie,5.8e-5
Ann,5.8e-5
Antoine,5.8e-5
Art,5.8e-5
Arvel,5.8e-5
Axel,5.8e-5
Bessie,5.8e-5
Bryan,5.8e-5
Chesley,5.8e-5
Claire,5.8e-5
Collie,5.8e-5
Conley,5.8e-5
Creed,5.8e-5
Dempsey,5.8e-5
Dexter,5.8e-5
Doris,5.8e-5
Eddy,5.8e-5
Ernesto,5.8e-5
Gale,5.8e-5
Galen,5.8e-5
Guss,5.8e-5
Halley,5.8e-5
Hayden,5.8e-5
Hayes,5.8e-5
Hilario,5.8e-5
Hoy,5.8e-5
Irene,5.8e-5
Ivey,5.8e-5
Jarvis,5.8e-5
Johney,5.8e-5
Julious,5.8e-5
June,5.8e-5
Lauren,5.8e-5
Leamon,5.8e-5
Lemon,5.8e-5
Leonardo,5.8e-5
Lesley,5.8e-5
Lige,5.8e-5
Lindsay,5.8e-5
Lyndon,5.8e-5
Malachi,5.8e-5
Merl,5.8e-5
Orie,5.8e-5
Oris,5.8e-5
Reino,5.8e-5
Sampson,5.8e-5
Silvester,5.8e-5
Spurgeon,5.8e-5
Titus,5.8e-5
Toivo,5.8e-5
Werner,5.8e-5
Abel,5.3e-5
Adolf,5.3e-5
Allison,5.3e-5
Auther,5.3e-5
Bart,5.3e-5
Bartholomew,5.3e-5
Bascom,5.3e-5
Bishop,5.3e-5
Carlyle,5.3e-5
Cicero,5.3e-5
Cloyd,5.3e-5
Courtney,5.3e-5
Curley,5.3e-5
Dawson,5.3e-5
Donnie,5.3e-5
Durward,5.3e-5
Elder,5.3e-5
Elex,5.3e-5
Ellie,5.3e-5
