name,percent
John,0.054678
William,0.043904
James,0.038851
Robert,0.02925
Joseph,0.026993
George,0.025876
Charles,0.02459
Edward,0.017666
Frank,0.01723
Thomas,0.013231
Walter,0.012848
Henry,0.011918
Harold,0.011485
Paul,0.011128
Harry,0.010179
Albert,0.010159
Arthur,0.010114
Raymond,0.009899
Richard,0.009517
Louis,0.007943
Clarence,0.007547
Ralph,0.007389
Carl,0.007338
Willie,0.007017
Donald,0.006907
Howard,0.006831
Fred,0.006758
Jack,0.006598
David,0.006124
Francis,0.005975
Earl,0.005797
Roy,0.005762
Kenneth,0.005717
Ernest,0.005478
Lawrence,0.00532
Samuel,0.005314
Joe,0.005228
Anthony,0.005187
Herbert,0.005076
Michael,0.004865
Stanley,0.004839
Alfred,0.004809
Eugene,0.004708
Woodrow,0.004354
Elmer,0.004333
Leonard,0.004244
Andrew,0.004143
Leo,0.003788
Frederick,0.003725
Russell,0.00363
Peter,0.003608
Bernard,0.00357
Herman,0.003548
Daniel,0.003505
Edwin,0.003404
Chester,0.003292
Norman,0.003261
Floyd,0.003248
Lester,0.003231
Theodore,0.00308
Melvin,0.003063
Charlie,0.003022
Leroy,0.002953
Clyde,0.002865
Sam,0.002845
Vincent,0.002839
Clifford,0.002837
Lloyd,0.002837
Philip,0.002768
Benjamin,0.002735
Milton,0.002643
Lewis,0.002582
Ray,0.002477
Cecil,0.00238
Martin,0.00235
Oscar,0.00233
Marvin,0.002306
Lee,0.002291
Jesse,0.002264
Victor,0.002195
Leon,0.002164
Vernon,0.002132
Alvin,0.00213
Gerald,0.002128
Glenn,0.002093
Stephen,0.002048
Edgar,0.002028
Claude,0.002007
Sidney,0.002001
Morris,0.001998
Wilbur,0.001947
Arnold,0.001927
Harvey,0.001914
Gordon,0.001895
Maurice,0.001852
Homer,0.001843
Everett,0.001766
Alexander,0.001746
Willard,0.001727
Allen,0.001686
Max,0.001673
Eddie,0.001638
Gilbert,0.001621
Irving,0.001608
Leslie,0.001561
Julius,0.001558
Virgil,0.001528
Ben,0.001509
Warren,0.001489
Nicholas,0.001485
Marion,0.001436
Hubert,0.001425
Wayne,0.001418
Jessie,0.001414
Hugh,0.001406
Luther,0.001393
Jacob,0.001388
Johnnie,0.001336
Curtis,0.001263
Orville,0.001261
Steve,0.001231
Wilson,0.001229
Horace,0.001224
Oliver,0.001203
Manuel,0.001164
Wallace,0.001158
Nathan,0.001147
Roland,0.00114
Glen,0.001129
Alex,0.001125
Edmund,0.001117
Franklin,0.001106
Wesley,0.001091
Archie,0.001087
Tom,0.001069
Willis,0.001069
Rudolph,0.001056
Guy,0.001054
Roger,0.001052
Otis,0.001039
Jerome,0.001033
Abraham,0.001028
Emil,0.001028
Earnest,9.72e-4
Mike,9.68e-4
Otto,9.49e-4
Tony,9.48e-4
Patrick,9.36e-4
Clifton,9.27e-4
Jerry,9.2e-4
Matthew,9.14e-4
Angelo,8.92e-4
Ira,8.92e-4
Jim,8.82e-4
Dale,8.8e-4
Bill,8.73e-4
Sylvester,8.66e-4
Jimmie,8.43e-4
Bennie,8.32e-4
Calvin,8.21e-4
Jose,8.06e-4
Salvatore,8.04e-4
Douglas,7.98e-4
Marshall,7.95e-4
Irvin,7.87e-4
Aaron,7.78e-4
Ronald,7.78e-4
Elbert,7.76e-4
Rufus,7.65e-4
Wilbert,7.55e-4
August,7.5e-4
Isaac,7.42e-4
Forrest,7.37e-4
Bruce,7.27e-4
Ellis,7.27e-4
Don,7.24e-4
Clinton,7.2e-4
Karl,7.2e-4
Adolph,7.16e-4
Wilfred,7.16e-4
Clayton,7.11e-4
Dan,6.98e-4
Alton,6.94e-4
Delbert,6.88e-4
Phillip,6.88e-4
Felix,6.75e-4
Julian,6.72e-4
Nelson,6.66e-4
Percy,6.64e-4
Grady,6.6e-4
Lonnie,6.55e-4
Jay,6.53e-4
Mark,6.53e-4
Adam,6.51e-4
Ervin,6.47e-4
Lyle,6.36e-4
Bert,6.34e-4
Emmett,6.34e-4
Pete,6.34e-4
Leland,6.3e-4
Nathaniel,6.29e-4
Merle,6.17e-4
Johnie,6.08e-4
Dominick,6.06e-4
Dennis,6.04e-4
Elwood,6.01e-4
Lowell,5.99e-4
Ivan,5.89e-4
Laurence,5.86e-4
Amos,5.82e-4
Antonio,5.76e-4
Nick,5.76e-4
Byron,5.65e-4
Roscoe,5.61e-4
Ross,5.61e-4
Owen,5.47e-4
Mack,5.45e-4
Reuben,5.45e-4
Grover,5.37e-4
Malcolm,5.37e-4
Sherman,5.3e-4
Hyman,5.22e-4
Perry,5.22e-4
Will,5.22e-4
Charley,5.19e-4
Cornelius,5.17e-4
Myron,5.15e-4
Erwin,5.13e-4
Murray,5e-4
Carroll,4.92e-4
Johnny,4.91e-4
Austin,4.81e-4
Dominic,4.81e-4
Aubrey,4.76e-4
Dave,4.64e-4
Millard,4.64e-4
Gene,4.63e-4
Jasper,4.63e-4
Ted,4.61e-4
Eldon,4.53e-4
Juan,4.53e-4
Rex,4.53e-4
Wendell,4.53e-4
Fredrick,4.5e-4
Roosevelt,4.5e-4
Ed,4.44e-4
Simon,4.44e-4
Loyd,4.38e-4
Allan,4.29e-4
Jake,4.22e-4
Ollie,4.2e-4
Tommie,4.2e-4
Dean,4.18e-4
Emanuel,4.18e-4
Loren,4.16e-4
Preston,4.07e-4
Sol,4.07e-4
Troy,4.07e-4
Anton,4.03e-4
Solomon,4.01e-4
Keith,3.95e-4
Larry,3.94e-4
Louie,3.92e-4
Monroe,3.92e-4
Moses,3.88e-4
Burton,3.86e-4
Kermit,3.86e-4
Dwight,3.84e-4
Harley,3.81e-4
Norbert,3.81e-4
Abe,3.77e-4
Gerard,3.75e-4
Edmond,3.73e-4
Isadore,3.73e-4
Carlton,3.69e-4
Gus,3.69e-4
Alphonse,3.67e-4
Boyd,3.67e-4
Elmo,3.67e-4
Harrison,3.67e-4
Wilmer,3.67e-4
Russel,3.66e-4
Mitchell,3.64e-4
Earle,3.62e-4
Clement,3.6e-4
Garland,3.58e-4
Lynn,3.58e-4
Clair,3.56e-4
Clark,3.56e-4
Grant,3.47e-4
Barney,3.45e-4
Alonzo,3.43e-4
Morton,3.43e-4
Neil,3.43e-4
Bruno,3.36e-4
Jess,3.36e-4
Reginald,3.36e-4
Wade,3.34e-4
Steven,3.3e-4
Forest,3.28e-4
Cleveland,3.23e-4
Cyril,3.21e-4
Dewey,3.21e-4
Marcus,3.21e-4
Emery,3.19e-4
Maynard,3.17e-4
Alva,3.12e-4
Eli,3.12e-4
Freddie,3.12e-4
Joel,3.12e-4
Meyer,3.12e-4
Mario,3.1e-4
Orval,3.1e-4
Bob,3.06e-4
Rocco,3.04e-4
Claud,3.02e-4
Carlos,2.98e-4
Thurman,2.98e-4
Timothy,2.98e-4
Christopher,2.97e-4
Conrad,2.97e-4
Alan,2.95e-4
Seymour,2.93e-4
Stuart,2.93e-4
Adrian,2.91e-4
Alfonso,2.91e-4
Wiley,2.91e-4
Buster,2.89e-4
Elton,2.87e-4
Ruben,2.87e-4
Booker,2.84e-4
Emory,2.82e-4
Andy,2.8e-4
Ward,2.8e-4
Elijah,2.78e-4
Stewart,2.78e-4
Ned,2.76e-4
Randolph,2.76e-4
Saul,2.76e-4
Armand,2.72e-4
Truman,2.72e-4
Cleo,2.7e-4
Jesus,2.7e-4
Sydney,2.7e-4
Jeff,2.67e-4
Neal,2.67e-4
Ramon,2.65e-4
Noah,2.63e-4
Harlan,2.61e-4
Mathew,2.61e-4
Doyle,2.59e-4
Hollis,2.57e-4
Ellsworth,2.56e-4
Herschel,2.56e-4
Levi,2.56e-4
Pasquale,2.56e-4
Buford,2.54e-4
Merrill,2.54e-4
Francisco,2.5e-4
Roman,2.5e-4
Frederic,2.48e-4
Sterling,2.46e-4
Hiram,2.44e-4
Odell,2.44e-4
Rodney,2.44e-4
Weldon,2.42e-4
Elvin,2.41e-4
Lionel,2.39e-4
Milford,2.39e-4
Noel,2.39e-4
Patsy,2.39e-4
Ferdinand,2.37e-4
Pedro,2.37e-4
Dallas,2.35e-4
Silas,2.35e-4
Irwin,2.33e-4
Mary,2.33e-4
Carmen,2.31e-4
Spencer,2.31e-4
Wilford,2.29e-4
Ambrose,2.28e-4
Benny,2.28e-4
Foster,2.28e-4
Vito,2.28e-4
Harris,2.26e-4
Maxwell,2.26e-4
Vern,2.26e-4
Basil,2.24e-4
Tommy,2.24e-4
Laverne,2.22e-4
Miles,2.22e-4
Norris,2.22e-4
Aloysius,2.2e-4
Elias,2.18e-4
Hugo,2.18e-4
Augustus,2.16e-4
Darrell,2.16e-4
Israel,2.16e-4
Scott,2.16e-4
Waldo,2.16e-4
Wilburn,2.16e-4
Isidore,2.15e-4
Luke,2.15e-4
Emerson,2.13e-4
Gabriel,2.13e-4
Carmine,2.11e-4
Shirley,2.11e-4
Milo,2.09e-4
Billy,2.07e-4
Delmar,2.07e-4
Elliott,2.07e-4
Omer,2.05e-4
Eric,2.03e-4
Travis,2.03e-4
Odis,2.01e-4
Olin,2.01e-4
Vance,2.01e-4
Jackson,2e-4
Sanford,2e-4
Freeman,1.98e-4
Morgan,1.98e-4
Olen,1.98e-4
Columbus,1.92e-4
Dudley,1.92e-4
Newton,1.92e-4
Thaddeus,1.92e-4
Al,1.88e-4
Jean,1.87e-4
Ulysses,1.85e-4
Major,1.83e-4
Micheal,1.83e-4
Randall,1.81e-4
Riley,1.81e-4
Emile,1.79e-4
Mervin,1.79e-4
Winfred,1.79e-4
Bertram,1.77e-4
Casimir,1.77e-4
Coy,1.77e-4
Gustave,1.77e-4
Wilton,1.77e-4
Dick,1.75e-4
Lorenzo,1.75e-4
Alden,1.73e-4
Jimmy,1.73e-4
Noble,1.73e-4
Rubin,1.73e-4
Evan,1.72e-4
Jefferson,1.72e-4
Winston,1.72e-4
Christian,1.7e-4
Linwood,1.7e-4
Lyman,1.7e-4
Royal,1.7e-4
Anderson,1.68e-4
Lucius,1.68e-4
Mose,1.68e-4
Bud,1.66e-4
Clay,1.66e-4
Nolan,1.66e-4
Pat,1.66e-4
Cyrus,1.6e-4
Sammie,1.6e-4
Burl,1.59e-4
Gregory,1.59e-4
Harmon,1.59e-4
Hershel,1.59e-4
Jules,1.59e-4
Mason,1.59e-4
Merlin,1.59e-4
Palmer,1.59e-4
Ezra,1.57e-4
Ora,1.57e-4
Verne,1.57e-4
Billie,1.55e-4
Cletus,1.55e-4
Fay,1.55e-4
Fletcher,1.55e-4
Houston,1.55e-4
Luis,1.55e-4
Winfield,1.55e-4
Van,1.53e-4
Chris,1.51e-4
Hal,1.51e-4
Valentine,1.51e-4
Dewitt,1.49e-4
Duane,1.47e-4
Hoyt,1.47e-4
Jeremiah,1.47e-4
Marlin,1.47e-4
Oren,1.47e-4
Joshua,1.45e-4
Lamar,1.45e-4
Lucien,1.45e-4
Otha,1.45e-4
Sigmund,1.45e-4
Theron,1.45e-4
Porter,1.44e-4
Augustine,1.42e-4
Orlando,1.42e-4
Walker,1.42e-4
Coleman,1.4e-4
Darwin,1.38e-4
Denver,1.38e-4
Napoleon,1.38e-4
Roderick,1.38e-4
Phil,1.36e-4
Taylor,1.36e-4
Hans,1.34e-4
Junius,1.32e-4
Rolland,1.32e-4
Wilber,1.32e-4
Guadalupe,1.31e-4
Gustav,1.31e-4
Haywood,1.31e-4
Pearl,1.31e-4
Raleigh,1.31e-4
Garfield,1.29e-4
Terry,1.29e-4
Antone,1.27e-4
Dock,1.27e-4
Raphael,1.27e-4
Abner,1.25e-4
Enoch,1.25e-4
Guido,1.25e-4
Haskell,1.25e-4
Junior,1.25e-4
Lavern,1.25e-4
Reed,1.25e-4
Vaughn,1.25e-4
Avery,1.23e-4
Delmer,1.23e-4
Jewell,1.23e-4
Rudy,1.23e-4
Rupert,1.23e-4
Seth,1.23e-4
Merritt,1.21e-4
Otho,1.21e-4
Blaine,1.19e-4
Edd,1.19e-4
Elmore,1.19e-4
Isaiah,1.19e-4
Judson,1.19e-4
Oswald,1.19e-4
Arlie,1.18e-4
Florian,1.18e-4
Kelly,1.18e-4
Lincoln,1.18e-4
Sebastian,1.18e-4
Eldred,1.16e-4
Theo,1.16e-4
Dalton,1.14e-4
Domenic,1.14e-4
Elwin,1.14e-4
Gail,1.14e-4
Harland,1.14e-4
Miguel,1.14e-4
Rosario,1.14e-4
Warner,1.14e-4
Justin,1.12e-4
Lacy,1.12e-4
Matt,1.12e-4
Bennett,1.1e-4
Carlo,1.1e-4
Emilio,1.1e-4
Emmet,1.1e-4
Frances,1.1e-4
Gale,1.1e-4
Gaylord,1.1e-4
Lucian,1.1e-4
Newell,1.1e-4
Sheldon,1.1e-4
Alvis,1.08e-4
Asa,1.08e-4
King,1.08e-4
Oran,1.08e-4
Romeo,1.08e-4
Stanford,1.08e-4
Buck,1.06e-4
Casper,1.06e-4
Dee,1.06e-4
Elzie,1.06e-4
Lemuel,1.06e-4
Lenard,1.06e-4
Mortimer,1.06e-4
Albin,1.04e-4
Emmitt,1.04e-4
Isiah,1.04e-4
Joesph,1.04e-4
Merton,1.04e-4
Webster,1.04e-4
Alfredo,1.03e-4
Alphonso,1.03e-4
Nickolas,1.03e-4
Salvador,1.03e-4
Alois,1.01e-4
Armando,1.01e-4
Connie,1.01e-4
Constantine,1.01e-4
Davis,1.01e-4
Eldridge,1.01e-4
Everette,1.01e-4
Ignatius,1.01e-4
Orrin,1.01e-4
Arther,9.9e-5
Dana,9.9e-5
Graham,9.9e-5
Ottis,9.9e-5
Raul,9.9e-5
Walton,9.9e-5
Abram,9.7e-5
Granville,9.7e-5
Jonathan,9.7e-5
Omar,9.7e-5
Parker,9.7e-5
Benedict,9.5e-5
Bernice,9.5e-5
Brooks,9.5e-5
Buddy,9.5e-5
Clem,9.5e-5
Elroy,9.5e-5
Ford,9.5e-5
Hector,9.5e-5
Ike,9.5e-5
Jonas,9.5e-5
Rafael,9.5e-5
Reynold,9.5e-5
Sherwood,9.5e-5
Casimer,9.3e-5
Clare,9.3e-5
Dorsey,9.3e-5
Early,9.3e-5
Helen,9.3e-5
Jewel,9.3e-5
Prince,9.3e-5
Ruby,9.3e-5
Tomas,9.3e-5
Arden,9.1e-5
Arvid,9.1e-5
Ernie,9.1e-5
Ludwig,9.1e-5
Abel,9e-5
Carrol,9e-5
Hilton,9e-5
Hobert,9e-5
Jennings,9e-5
Sylvan,9e-5
Aldo,8.8e-5
Americo,8.8e-5
Boyce,8.8e-5
Brady,8.8e-5
Carson,8.8e-5
Duncan,8.8e-5
Edison,8.8e-5
Elwyn,8.8e-5
Lawson,8.8e-5
Lois,8.8e-5
Orin,8.8e-5
Alvie,8.6e-5
Beverly,8.6e-5
Elden,8.6e-5
Gaetano,8.6e-5
Julio,8.6e-5
Madison,8.6e-5
Miller,8.6e-5
Olaf,8.6e-5
Rogers,8.6e-5
Andres,8.4e-5
Bryan,8.4e-5
Clarance,8.4e-5
Durward,8.4e-5
Elisha,8.4e-5
Erling,8.4e-5
Giles,8.4e-5
Hardy,8.4e-5
Kendall,8.4e-5
Loyal,8.4e-5
Mckinley,8.4e-5
Raymon,8.4e-5
Thurston,8.4e-5
Wm,8.4e-5
Arturo,8.2e-5
Casey,8.2e-5
Cedric,8.2e-5
Fritz,8.2e-5
Jason,8.2e-5
Lorin,8.2e-5
Marcel,8.2e-5
Oral,8.2e-5
Rosevelt,8.2e-5
Royce,8.2e-5
Sandy,8.2e-5
Silvio,8.2e-5
Tracy,8.2e-5
Urban,8.2e-5
Verner,8.2e-5
Bernie,8e-5
Clemens,8e-5
Dexter,8e-5
Dorothy,8e-5
Howell,8e-5
Leander,8e-5
Rollin,8e-5
Santiago,8e-5
Stanton,8e-5
Thornton,8e-5
Vernie,8e-5
Vivian,8e-5
Watson,8e-5
Adelbert,7.8e-5
Bonnie,7.8e-5
Bradley,7.8e-5
Chauncey,7.8e-5
Crawford,7.8e-5
Dayton,7.8e-5
Domenick,7.8e-5
Lindsey,7.8e-5
Meredith,7.8e-5
Obie,7.8e-5
Alford,7.6e-5
Berry,7.6e-5
Carleton,7.6e-5
Chas,7.6e-5
Estel,7.6e-5
Galen,7.6e-5
Hamilton,7.6e-5
Ivory,7.6e-5
Jordan,7.6e-5
Lafayette,7.6e-5
Lon,7.6e-5
Ocie,7.6e-5
Reinhold,7.6e-5
Alberto,7.5e-5
Clovis,7.5e-5
Evert,7.5e-5
Franklyn,7.5e-5
Gary,7.5e-5
Henderson,7.5e-5
Leopold,7.5e-5
Lucious,7.5e-5
Mahlon,7.5e-5
Malvin,7.5e-5
Milburn,7.5e-5
Smith,7.5e-5
Archibald,7.3e-5
Audrey,7.3e-5
Bryant,7.3e-5
Carey,7.3e-5
Eino,7.3e-5
General,7.3e-5
Golden,7.3e-5
Hayden,7.3e-5
Nels,7.3e-5
Nunzio,7.3e-5
Odie,7.3e-5
Richmond,7.3e-5
Rowland,7.3e-5
Toivo,7.3e-5
Allie,7.1e-5
Angus,7.1e-5
Benton,7.1e-5
Bradford,7.1e-5
Foy,7.1e-5
Gerhard,7.1e-5
Hazel,7.1e-5
Hermon,7.1e-5
Hobart,7.1e-5
Ignacio,7.1e-5
Judge,7.1e-5
Logan,7.1e-5
Loy,7.1e-5
Margaret,7.1e-5
Merl,7.1e-5
Santo,7.1e-5
Shelby,7.1e-5
Verl,7.1e-5
Alec,6.9e-5
Alma,6.9e-5
Bertrand,6.9e-5
Carter,6.9e-5
Claudie,6.9e-5
Craig,6.9e-5
Elliot,6.9e-5
Josh,6.9e-5
Marie,6.9e-5
Melville,6.9e-5
Teddy,6.9e-5
Tim,6.9e-5
Burt,6.7e-5
Claire,6.7e-5
Clint,6.7e-5
Francesco,6.7e-5
Hunter,6.7e-5
Mitchel,6.7e-5
Nat,6.7e-5
Norval,6.7e-5
Oakley,6.7e-5
Orvil,6.7e-5
Pierce,6.7e-5
Price,6.7e-5
Rene,6.7e-5
Shelton,6.7e-5
Turner,6.7e-5
Worth,6.7e-5
Arvel,6.5e-5
Einar,6.5e-5
Ezekiel,6.5e-5
Felipe,6.5e-5
Garnett,6.5e-5
Gregorio,6.5e-5
Hilbert,6.5e-5
Kent,6.5e-5
Lambert,6.5e-5
Pablo,6.5e-5
Woodroe,6.5e-5
Wyatt,6.5e-5
Zack,6.5e-5
Aron,6.3e-5
Carlyle,6.3e-5
Carol,6.3e-5
Dante,6.3e-5
Ellwood,6.3e-5
Elza,6.3e-5
Ernesto,6.3e-5
Lonzo,6.3e-5
Mac,6.3e-5
Milan,6.3e-5
Myer,6.3e-5
Talmadge,6.3e-5
Vincenzo,6.3e-5
Wayland,6.3e-5
Werner,6.3e-5
Winford,6.3e-5
Wylie,6.3e-5
Addison,6.2e-5
Arno,6.2e-5
Barton,6.2e-5
Caesar,6.2e-5
Danny,6.2e-5
Domingo,6.2e-5
Evans,6.2e-5
Gaston,6.2e-5
Hosea,6.2e-5
Mathias,6.2e-5
Melton,6.2e-5
Moe,6.2e-5
Norton,6.2e-5
Olan,6.2e-5
Regis,6.2e-5
Ruth,6.2e-5
Theadore,6.2e-5
Vester,6.2e-5
Welton,6.2e-5
Whitney,6.2e-5
Ansel,6e-5
Armond,6e-5
Aurelio,6e-5
Carmelo,6e-5
Darrel,6e-5
Fredric,6e-5
Gardner,6e-5
Garold,6e-5
Garrett,6e-5
Green,6e-5
Johnson,6e-5
Nicolas,6e-5
Norwood,6e-5
Oris,6e-5
Ransom,6e-5
Rollie,6e-5
Allison,5.8e-5
Alvah,5.8e-5
Anna,5.8e-5
Artis,5.8e-5
Ashley,5.8e-5
Bartholomew,5.8e-5
Blair,5.8e-5
Cleon,5.8e-5
Collins,5.8e-5
Dillard,5.8e-5
Donnie,5.8e-5
Ennis,5.8e-5
Enrique,5.8e-5
Felton,5.8e-5
Ferris,5.8e-5
Finley,5.8e-5
Garnet,5.8e-5
Godfrey,5.8e-5
Jonnie,5.8e-5
Linus,5.8e-5
Mildred,5.8e-5
Myles,5.8e-5
Reino,5.8e-5
Roberto,5.8e-5
Rodolfo,5.8e-5
Verlin,5.8e-5
Vicente,5.8e-5
Adolphus,5.6e-5
Angel,5.6e-5
Arlo,5.6e-5
Arne,5.6e-5
Cleve,5.6e-5
Cloyd,5.6e-5
Ezell,5.6e-5
Fernando,5.6e-5
Gennaro,5.6e-5
Hampton,5.6e-5
Hayward,5.6e-5
Kirby,5.6e-5
Llewellyn,5.6e-5
Rodger,5.6e-5
Sumner,5.6e-5
Vergil,5.6e-5
Woodie,5.6e-5
Benjiman,5.4e-5
Burley,5.4e-5
Elvis,5.4e-5
Ernst,5.4e-5
Ewell,5.4e-5
Finis,5.4e-5
Hezekiah,5.4e-5
Jethro,5.4e-5
Jodie,5.4e-5
Jones,5.4e-5
Marcellus,5.4e-5
Murry,5.4e-5
Rexford,5.4e-5
Thad,5.4e-5
Thelma,5.4e-5
Attilio,5.2e-5
Burnell,5.2e-5
Cary,5.2e-5
Cosmo,5.2e-5
Dell,5.2e-5
Domenico,5.2e-5
Donovan,5.2e-5
Earlie,5.2e-5
Ewald,5.2e-5
Gifford,5.2e-5
Hillard,5.2e-5
Lauren,5.2e-5
Lorenz,5.2e-5
Luigi,5.2e-5
Masao,5.2e-5
Murphy,5.2e-5
Raoul,5.2e-5
Rayford,5.2e-5
Spurgeon,5.2e-5
West,5.2e-5
Baxter,5e-5
Bernardo,5e-5
Burdette,5e-5
Christ,5e-5
Elgin,5e-5
Hymen,5e-5
Ivy,5e-5
June,5e-5
Lindsay,5e-5
Lucas,5e-5
Manley,5e-5
Maxie,5e-5
Orland,5e-5
Orvel,5e-5
Quentin,5e-5
Reese,5e-5
Stephan,5e-5
Waldemar,5e-5
Alcide,4.8e-5
Art,4.8e-5
Artie,4.8e-5
Bernhard,4.8e-5
Donato,4.8e-5
Doris,4.8e-5
Egbert,4.8e-5
Ephraim,4.8e-5
Ethel,4.8e-5
Helmer,4.8e-5
Huey,4.8e-5
Huston,4.8e-5
Joaquin,4.8e-5
Kurt,4.8e-5
Louise,4.8e-5
Luciano,4.8e-5
Melbourne,4.8e-5
Merwin,4.8e-5
Murl,4.8e-5
Reid,4.8e-5
Reno,4.8e-5
Toney,4.8e-5
Virgle,4.8e-5
Washington,4.8e-5
Waymon,4.8e-5
Winton,4.8e-5
Almon,4.7e-5
Alpha,4.7e-5
Annie,4.7e-5
Arch,4.7e-5
Arnie,4.7e-5
Arvil,4.7e-5
Beryl,4.7e-5
