name,percent
Mary,0.056579
Helen,0.030086
Dorothy,0.02525
Margaret,0.022984
Ruth,0.021354
Mildred,0.014404
Anna,0.014025
Elizabeth,0.01376
Frances,0.012666
Virginia,0.011503
Evelyn,0.010951
Marie,0.010759
Alice,0.009875
Florence,0.009592
Rose,0.008844
Lillian,0.008839
Irene,0.008313
Louise,0.007948
Edna,0.007947
Catherine,0.007802
Josephine,0.007486
Gladys,0.007389
Ruby,0.007079
Martha,0.007009
Ethel,0.007003
Grace,0.0068780000000000004
Eleanor,0.006822
Edith,0.006729
Thelma,0.006713
Lucille,0.00667
Hazel,0.006644
Doris,0.006598
Pauline,0.00613
Esther,0.005911
Gertrude,0.005749
Annie,0.005625
Marjorie,0.005401
Beatrice,0.005142
Clara,0.005108
Ann,0.004918
Emma,0.004806
Bernice,0.004771
Lois,0.004742
Betty,0.004731
Jean,0.004679
Julia,0.004666
Marion,0.004635
Elsie,0.004631
Bertha,0.004509
Agnes,0.00447
Katherine,0.004421
Sarah,0.00442
Anne,0.004209
Ida,0.004018
Eva,0.003993
Bessie,0.003798
Pearl,0.003754
Myrtle,0.003648
Viola,0.003635
Kathryn,0.003621
Nellie,0.003558
Jane,0.003525
Stella,0.003517
Laura,0.003448
Mabel,0.003389
Vera,0.003336
Rita,0.003203
Sylvia,0.003146
Jessie,0.003143
Alma,0.003136
Minnie,0.003018
Marian,0.002945
Barbara,0.002869
Willie,0.002869
Leona,0.002841
Genevieve,0.002821
Vivian,0.002809
Marguerite,0.002796
Jennie,0.002772
Charlotte,0.002759
Ella,0.002731
Wilma,0.002728
Violet,0.00269
Lucy,0.00265
Lena,0.002643
June,0.002616
Ellen,0.002614
Lillie,0.002601
Blanche,0.002498
Juanita,0.002435
Opal,0.002428
Mae,0.002401
Mattie,0.002356
Geraldine,0.002348
Phyllis,0.002234
Maxine,0.002233
Beulah,0.00221
Theresa,0.002164
Velma,0.002136
Emily,0.002038
Sophie,0.002022
Nancy,0.001993
Carrie,0.001988
Kathleen,0.001986
Hilda,0.001911
Harriet,0.001904
Inez,0.001897
Georgia,0.001834
Sara,0.001834
Eunice,0.001806
Norma,0.001769
Geneva,0.001768
Loretta,0.001753
Cora,0.001749
Hattie,0.001741
Fannie,0.001732
Ada,0.001713
Eileen,0.001713
Audrey,0.001703
Rosa,0.001652
Christine,0.001644
Estelle,0.001632
Alberta,0.001626
Dora,0.00159
Verna,0.001577
Olga,0.001552
Lula,0.001544
Lorraine,0.001539
Mamie,0.001522
Naomi,0.001516
Madeline,0.001514
Olive,0.001489
Sadie,0.001409
Muriel,0.001403
Jeanette,0.001402
Mable,0.001397
Daisy,0.00139
Wanda,0.001385
Lucile,0.001365
Miriam,0.001345
Flora,0.001344
Janet,0.001336
Lottie,0.001279
Caroline,0.001277
Erma,0.001269
Dolores,0.001268
Lola,0.001265
Winifred,0.001257
Irma,0.001246
Victoria,0.001235
Anita,0.001232
Fern,0.001227
Rachel,0.001223
Susie,0.00121
Nora,0.00121
Roberta,0.00121
Maggie,0.001175
Henrietta,0.001163
Maria,0.001161
Shirley,0.001147
Elaine,0.001138
Sally,0.001125
Carolyn,0.001118
Eula,0.001112
Della,0.001079
Adeline,0.001076
Amelia,0.001068
Lydia,0.001058
Rebecca,0.001042
Nina,0.001039
Nettie,0.001035
Arlene,0.001018
Jeannette,9.97e-4
Patricia,9.95e-4
Antoinette,9.79e-4
Jeanne,9.67e-4
Lorene,9.61e-4
Goldie,9.58e-4
Dorothea,9.54e-4
Cleo,9.51e-4
Rosie,9.5e-4
Marcella,9.22e-4
Isabel,9.21e-4
Rosemary,9.18e-4
Bonnie,9.14e-4
Veronica,8.99e-4
Eloise,8.78e-4
Freda,8.72e-4
Angeline,8.66e-4
May,8.64e-4
Katie,8.61e-4
Isabelle,8.54e-4
Ollie,8.53e-4
Regina,8.48e-4
Margie,8.43e-4
Sallie,8.41e-4
Essie,8.32e-4
Adele,8.31e-4
Lela,8.18e-4
Cecelia,8.13e-4
Effie,8.09e-4
Angelina,8.01e-4
Sue,8e-4
Faye,7.97e-4
Ora,7.89e-4
Iva,7.77e-4
Susan,7.77e-4
Claire,7.72e-4
Frieda,7.71e-4
Luella,7.71e-4
Addie,7.58e-4
Joan,7.58e-4
Constance,7.46e-4
Celia,7.44e-4
Carol,7.27e-4
Rosalie,7.25e-4
Elva,7.21e-4
Leola,7.19e-4
Annette,7.12e-4
Alta,7.06e-4
Joyce,6.87e-4
Etta,6.84e-4
Maude,6.81e-4
Jewel,6.69e-4
Eleanore,6.67e-4
Nell,6.63e-4
Selma,6.61e-4
Helene,6.61e-4
Angela,6.58e-4
Lila,6.52e-4
Jewell,6.44e-4
Sophia,6.42e-4
Cecilia,6.3e-4
Ernestine,6.24e-4
Fay,6.23e-4
Johnnie,6.22e-4
Ola,6.19e-4
Ina,6.18e-4
Lizzie,6.16e-4
Reba,6.13e-4
Matilda,6.11e-4
Teresa,6.1e-4
Mollie,6e-4
Janie,5.97e-4
Laverne,5.91e-4
Elma,5.73e-4
Donna,5.6e-4
Amy,5.48e-4
Estella,5.47e-4
Nannie,5.46e-4
Melba,5.35e-4
Elinor,5.34e-4
Iris,5.32e-4
Gwendolyn,5.29e-4
Rena,5.28e-4
Elvira,5.22e-4
Billie,5.21e-4
Peggy,5.1e-4
Hannah,5.06e-4
Elnora,5.05e-4
Flossie,5.04e-4
Eugenia,4.94e-4
Lenora,4.91e-4
Millie,4.81e-4
Francis,4.78e-4
Leah,4.73e-4
Ila,4.72e-4
Harriett,4.71e-4
Virgie,4.69e-4
Edythe,4.67e-4
Carmen,4.65e-4
Beverly,4.56e-4
Clarice,4.46e-4
Winnie,4.39e-4
Lee,4.38e-4
Zelma,4.29e-4
Cornelia,4.28e-4
Tillie,4.2e-4
Carmela,4.15e-4
Adelaide,4.14e-4
Neva,4.14e-4
Annabelle,4.13e-4
Olivia,4.11e-4
Letha,4.1e-4
Allie,4.08e-4
Priscilla,4.05e-4
Nadine,3.95e-4
Natalie,3.95e-4
Helena,3.91e-4
Imogene,3.9e-4
Myra,3.89e-4
Gracie,3.88e-4
Amanda,3.87e-4
Madge,3.86e-4
Cecile,3.84e-4
Arline,3.81e-4
Carmella,3.79e-4
Bernadine,3.75e-4
Dollie,3.72e-4
Yvonne,3.71e-4
Connie,3.68e-4
Stephanie,3.67e-4
Avis,3.6e-4
Lorena,3.6e-4
Berniece,3.58e-4
Gussie,3.57e-4
Rosella,3.57e-4
Rhoda,3.55e-4
Frankie,3.52e-4
Lessie,3.5e-4
Hester,3.47e-4
Janice,3.44e-4
Lily,3.44e-4
Merle,3.44e-4
Alyce,3.4e-4
Leila,3.39e-4
Lora,3.38e-4
Johanna,3.37e-4
Josie,3.34e-4
Claudia,3.33e-4
Callie,3.3e-4
Erna,3.3e-4
Concetta,3.27e-4
Aileen,3.26e-4
Odessa,3.25e-4
Christina,3.19e-4
Ione,3.17e-4
Augusta,3.15e-4
Leota,3.14e-4
Aline,3.13e-4
Bettie,3.13e-4
Tessie,3.13e-4
Rosetta,3.12e-4
Katharine,3.1e-4
Belle,3.08e-4
Molly,3.06e-4
Corinne,3.05e-4
Gloria,3.05e-4
Jimmie,3.04e-4
Lenore,3.04e-4
Margery,3.04e-4
Bertie,3.01e-4
Eliza,3e-4
Iona,2.95e-4
Wilhelmina,2.95e-4
Kate,2.93e-4
Iola,2.92e-4
Lilly,2.91e-4
Willa,2.91e-4
Theda,2.9e-4
Lou,2.84e-4
Loraine,2.83e-4
Florine,2.82e-4
Dolly,2.78e-4
Nola,2.77e-4
Gretchen,2.74e-4
Linda,2.74e-4
Philomena,2.73e-4
Judith,2.72e-4
Yolanda,2.69e-4
Paula,2.67e-4
Sybil,2.64e-4
Beth,2.63e-4
Corine,2.63e-4
Mayme,2.63e-4
Oma,2.62e-4
Dessie,2.61e-4
Maudie,2.61e-4
Wilda,2.61e-4
Alvina,2.6e-4
Dorthy,2.57e-4
Elisabeth,2.56e-4
Monica,2.56e-4
Ramona,2.56e-4
Reva,2.55e-4
Roxie,2.54e-4
Birdie,2.53e-4
Maurine,2.53e-4
Pansy,2.51e-4
Kay,2.51e-4
Delores,2.5e-4
Pearlie,2.49e-4
Catharine,2.45e-4
Delia,2.45e-4
Ophelia,2.45e-4
Althea,2.44e-4
Lelia,2.43e-4
Hope,2.42e-4
Zelda,2.38e-4
Nona,2.35e-4
Polly,2.34e-4
Bernadette,2.33e-4
Eddie,2.33e-4
Leone,2.33e-4
Mona,2.33e-4
Elda,2.3e-4
Hallie,2.29e-4
Antonia,2.28e-4
Zella,2.28e-4
Ferne,2.28e-4
Isabella,2.27e-4
Madelyn,2.27e-4
Leora,2.24e-4
Cecil,2.22e-4
Fanny,2.22e-4
Rubye,2.22e-4
Dixie,2.16e-4
Louella,2.16e-4
Bette,2.12e-4
Georgie,2.12e-4
Mavis,2.1e-4
John,2.09e-4
Mercedes,2.09e-4
Lorine,2.08e-4
Valeria,2.08e-4
Louisa,2.07e-4
Melva,2.07e-4
Lauretta,2.06e-4
Cynthia,2.05e-4
Glenna,2.05e-4
Earline,2.04e-4
Isabell,2.03e-4
Vesta,2.03e-4
Leta,2.02e-4
Winona,2.02e-4
Lorna,2e-4
Clare,1.98e-4
Lucinda,1.98e-4
Joy,1.97e-4
Robbie,1.97e-4
Agatha,1.96e-4
Beryl,1.96e-4
Jannie,1.96e-4
Marietta,1.96e-4
Verda,1.96e-4
Garnet,1.93e-4
Maybelle,1.92e-4
Bella,1.91e-4
Tommie,1.91e-4
Allene,1.9e-4
Angie,1.88e-4
Oleta,1.88e-4
Harriette,1.87e-4
Hortense,1.86e-4
Vada,1.86e-4
Elsa,1.85e-4
Elvera,1.84e-4
Mozelle,1.84e-4
Rae,1.84e-4
Lulu,1.83e-4
Phoebe,1.83e-4
Alpha,1.82e-4
Elise,1.82e-4
Ester,1.82e-4
Gail,1.81e-4
Yetta,1.81e-4
Evalyn,1.81e-4
Bobbie,1.8e-4
Albina,1.79e-4
Vida,1.78e-4
Orpha,1.77e-4
Gertie,1.76e-4
Rosalind,1.75e-4
Ivy,1.73e-4
Julie,1.73e-4
Alene,1.71e-4
Ava,1.71e-4
Ona,1.7e-4
Lura,1.7e-4
Camille,1.69e-4
Aurora,1.68e-4
Dorotha,1.67e-4
Minerva,1.67e-4
Artie,1.66e-4
Linnie,1.65e-4
Marjory,1.65e-4
Valerie,1.65e-4
Mina,1.64e-4
Alfreda,1.62e-4
Alva,1.62e-4
Evangeline,1.62e-4
Jacqueline,1.62e-4
Katheryn,1.62e-4
Maryann,1.62e-4
Dovie,1.61e-4
Eleanora,1.6e-4
Enid,1.6e-4
Lona,1.59e-4
Una,1.59e-4
Marcia,1.58e-4
Queen,1.58e-4
Floy,1.58e-4
Veda,1.58e-4
Belva,1.57e-4
Hettie,1.57e-4
Mathilda,1.57e-4
Rhea,1.57e-4
Charlene,1.56e-4
Blanch,1.55e-4
Joanna,1.55e-4
Lettie,1.55e-4
Freida,1.54e-4
Lucia,1.54e-4
Suzanne,1.54e-4
Zola,1.54e-4
Cassie,1.53e-4
Elena,1.53e-4
James,1.53e-4
Maud,1.52e-4
Rowena,1.52e-4
Deloris,1.51e-4
Mazie,1.51e-4
Aurelia,1.49e-4
Margret,1.49e-4
Elna,1.48e-4
Rachael,1.48e-4
Winnifred,1.48e-4
Retha,1.47e-4
Diana,1.46e-4
Dorris,1.46e-4
Justine,1.46e-4
Nelda,1.46e-4
Odell,1.46e-4
Celeste,1.45e-4
Dortha,1.45e-4
Hedwig,1.45e-4
Madeleine,1.45e-4
Era,1.44e-4
Filomena,1.44e-4
Magdalene,1.44e-4
Marianne,1.44e-4
Roma,1.43e-4
Adela,1.42e-4
Adell,1.42e-4
Golda,1.42e-4
Emilie,1.41e-4
Myrna,1.41e-4
Jaunita,1.4e-4
Jo,1.4e-4
Zora,1.4e-4
Clementine,1.39e-4
Ethelyn,1.39e-4
Myrtis,1.39e-4
Edwina,1.37e-4
Guadalupe,1.37e-4
Hulda,1.36e-4
Ursula,1.36e-4
Vernice,1.36e-4
Cordelia,1.35e-4
Reta,1.35e-4
Roslyn,1.35e-4
Abbie,1.34e-4
Florene,1.34e-4
Idella,1.34e-4
Marilyn,1.34e-4
Elouise,1.34e-4
Lyda,1.34e-4
Ruthie,1.34e-4
Corrine,1.33e-4
Eve,1.33e-4
Georgiana,1.33e-4
Crystal,1.32e-4
Claudine,1.31e-4
Verla,1.31e-4
Margarette,1.3e-4
Nelle,1.3e-4
Velva,1.28e-4
Germaine,1.27e-4
Ilene,1.27e-4
Leatha,1.27e-4
Margarita,1.27e-4
Ocie,1.27e-4
Delphine,1.26e-4
Jenny,1.25e-4
Tressie,1.25e-4
William,1.25e-4
Camilla,1.24e-4
Eldora,1.24e-4
George,1.24e-4
Juliette,1.24e-4
Lupe,1.24e-4
Almeda,1.23e-4
Jayne,1.23e-4
Darlene,1.22e-4
Johnie,1.22e-4
Ray,1.22e-4
Bess,1.21e-4
Magnolia,1.21e-4
Annabel,1.19e-4
Delma,1.19e-4
Marvel,1.19e-4
Mittie,1.19e-4
Alda,1.18e-4
Celestine,1.18e-4
Myrtice,1.18e-4
Chloe,1.17e-4
Evelyne,1.17e-4
Tina,1.17e-4
Anastasia,1.16e-4
Freddie,1.16e-4
Georgianna,1.16e-4
Audra,1.15e-4
Consuelo,1.15e-4
Patsy,1.15e-4
Velda,1.15e-4
Charles,1.14e-4
Adella,1.13e-4
Ardis,1.13e-4
Gilda,1.13e-4
Lilyan,1.13e-4
Vernie,1.13e-4
Manuela,1.12e-4
Meta,1.12e-4
Robert,1.12e-4
Theodora,1.12e-4
Annetta,1.11e-4
Antonette,1.11e-4
Millicent,1.11e-4
Cathryn,1.1e-4
Charlie,1.1e-4
Estell,1.1e-4
Gene,1.1e-4
Bennie,1.09e-4
Joanne,1.09e-4
Judy,1.09e-4
Mozell,1.09e-4
Leonora,1.08e-4
Rubie,1.08e-4
Therese,1.08e-4
Clyde,1.07e-4
Albertha,1.06e-4
Bonita,1.06e-4
Lida,1.06e-4
Dorcas,1.05e-4
Nan,1.05e-4
Faith,1.04e-4
Lavina,1.04e-4
Emilia,1.03e-4
Jerry,1.03e-4
Lovie,1.03e-4
Aletha,1.02e-4
Carolina,1.02e-4
Greta,1.02e-4
Lennie,1.02e-4
Octavia,1.02e-4
Rosamond,1.02e-4
Berneice,1.01e-4
Felicia,1.01e-4
Ima,1.01e-4
Susanna,1.01e-4
Vergie,1.01e-4
Malinda,1e-4
Treva,1e-4
Betsy,9.9e-5
Hildegarde,9.9e-5
Kathrine,9.9e-5
Nita,9.9e-5
Rosina,9.9e-5
Gayle,9.9e-5
Hellen,9.9e-5
Novella,9.9e-5
Zona,9.9e-5
Idell,9.8e-5
Libby,9.8e-5
Charline,9.7e-5
Zula,9.7e-5
Bethel,9.6e-5
Claudie,9.6e-5
Dona,9.6e-5
Elmira,9.6e-5
Esta,9.6e-5
Kathryne,9.6e-5
Rosalyn,9.6e-5
Diane,9.5e-5
Lue,9.5e-5
Sibyl,9.5e-5
Verona,9.5e-5
Easter,9.4e-5
Joe,9.3e-5
Leslie,9.3e-5
Pearline,9.3e-5
Rosalee,9.3e-5
Carmel,9.2e-5
Eda,9.2e-5
Lina,9.2e-5
Vina,9.2e-5
Hilma,9.1e-5
Juliet,9.1e-5
Norine,9.1e-5
Petra,9.1e-5
Sudie,9.1e-5
Altha,9e-5
Grayce,9e-5
Theo,9e-5
Berenice,8.9e-5
Eulalia,8.9e-5
Francisca,8.9e-5
Janette,8.9e-5
Mandy,8.9e-5
Ouida,8.9e-5
Dena,8.8e-5
Evie,8.8e-5
Sabina,8.8e-5
Viva,8.8e-5
Alicia,8.8e-5
Bridget,8.8e-5
Delphia,8.8e-5
Elenora,8.8e-5
Marianna,8.7e-5
Myrtie,8.7e-5
Violette,8.7e-5
Madie,8.6e-5
Maureen,8.6e-5
Adelle,8.5e-5
Ines,8.5e-5
Syble,8.5e-5
Rosanna,8.4e-5
Laverna,8.3e-5
Vincenza,8.3e-5
Cleta,8.2e-5
Earnestine,8.2e-5
Kitty,8.2e-5
Lucretia,8.2e-5
Norene,8.2e-5
Alvera,8.1e-5
Deborah,8.1e-5
Santa,8.1e-5
Twila,8.1e-5
Magdalen,8e-5
Rosemarie,8e-5
Kathlyn,7.9e-5
Lilian,7.8e-5
Madonna,7.8e-5
Magdalena,7.8e-5
Melvina,7.8e-5
Stephania,7.8e-5
Ardith,7.7e-5
Frank,7.7e-5
Garnett,7.7e-5
Gwen,7.7e-5
Maxie,7.7e-5
Myrl,7.7e-5
Adrienne,7.6e-5
Arvilla,7.6e-5
Ellie,7.6e-5
Ludie,7.6e-5
Nedra,7.6e-5
Palma,7.6e-5
Pinkie,7.6e-5
Annamae,7.6e-5
Georgette,7.6e-5
Georgina,7.6e-5
Hazle,7.6e-5
Henry,7.6e-5
Josefina,7.6e-5
Larue,7.6e-5
Macie,7.6e-5
Madaline,7.6e-5
Trinidad,7.6e-5
Adelia,7.5e-5
Audie,7.5e-5
Earlene,7.5e-5
Ethyl,7.5e-5
Myrle,7.5e-5
Vivienne,7.5e-5
Corene,7.4e-5
Lea,7.4e-5
Nova,7.4e-5
Berta,7.3e-5
Charity,7.3e-5
Clarissa,7.3e-5
Fae,7.3e-5
Lavonne,7.3e-5
Renee,7.3e-5
Yvette,7.3e-5
Elinore,7.2e-5
Lavinia,7.2e-5
Nathalie,7.2e-5
Pearle,7.2e-5
Vallie,7.2e-5
Elisa,7.1e-5
Emogene,7.1e-5
Joseph,7.1e-5
Letitia,7.1e-5
Pattie,7.1e-5
Rosalia,7.1e-5
Stasia,7e-5
Juliana,6.9e-5
Bulah,6.8e-5
Delta,6.8e-5
Euna,6.8e-5
Freeda,6.8e-5
Ira,6.8e-5
Lilla,6.8e-5
Walter,6.8e-5
Amalia,6.7e-5
Arleen,6.7e-5
Lavada,6.7e-5
Lucie,6.7e-5
Luvenia,6.7e-5
Maryjane,6.7e-5
Alverta,6.6e-5
Bernardine,6.6e-5
Cathrine,6.6e-5
Elvie,6.6e-5
Hildred,6.6e-5
Joann,6.6e-5
Thora,6.6e-5
Hermina,6.5e-5
Adelina,6.4e-5
Annabell,6.4e-5
Beaulah,6.4e-5
Hildegard,6.4e-5
Lavon,6.4e-5
Marcelle,6.4e-5
Neoma,6.4e-5
Isobel,6.4e-5
Jeane,6.4e-5
Martina,6.4e-5
Gay,6.3e-5
Juana,6.3e-5
Ozella,6.3e-5
Roselyn,6.3e-5
Afton,6.2e-5
Carole,6.2e-5
Donnie,6.2e-5
Kattie,6.2e-5
Marge,6.2e-5
Maybell,6.2e-5
Ossie,6.2e-5
Vernell,6.2e-5
Emmie,6.1e-5
Jackie,6.1e-5
Leonore,6.1e-5
Meredith,6.1e-5
Noma,6.1e-5
Sonia,6.1e-5
Waneta,6.1e-5
Ardella,6e-5
Ceola,6e-5
Colleen,6e-5
Delilah,6e-5
Delpha,6e-5
Glenda,6e-5
Hertha,6e-5
Queenie,6e-5
Rosia,6e-5
Vinnie,6e-5
Zoe,6e-5
Daphne,5.9e-5
Elease,5.9e-5
Jettie,5.9e-5
Lavera,5.9e-5
Lavern,5.9e-5
Melissa,5.9e-5
Adaline,5.8e-5
Bettye,5.8e-5
Clemmie,5.8e-5
Elenor,5.8e-5
Imelda,5.8e-5
Loyce,5.8e-5
Mabelle,5.8e-5
Naoma,5.8e-5
Pat,5.8e-5
Savannah,5.8e-5
Willia,5.8e-5
Cleora,5.7e-5
Elizebeth,5.7e-5
Florida,5.7e-5
Goldia,5.7e-5
Lurline,5.7e-5
Ardell,5.6e-5
Elberta,5.6e-5
Elfrieda,5.6e-5
Enola,5.6e-5
Verdie,5.6e-5
Andrea,5.5e-5
Elvina,5.5e-5
Lera,5.5e-5
Lyla,5.5e-5
Madalyn,5.5e-5
Adah,5.4e-5
Leo,5.4e-5
Maurice,5.4e-5
Rosaline,5.4e-5
Vlasta,5.4e-5
Annis,5.3e-5
Luna,5.3e-5
Margarett,5.3e-5
Margaretta,5.3e-5
Prudence,5.3e-5
Veta,5.3e-5
Dale,5.3e-5
Dawn,5.3e-5
Dimple,5.3e-5
Dorathy,5.3e-5
Doretha,5.3e-5
Fairy,5.3e-5
Leonor,5.3e-5
Nella,5.3e-5
Stacia,5.3e-5
Vita,5.3e-5
Zita,5.3e-5
Aldona,5.2e-5
Bernita,5.2e-5
Cordie,5.2e-5
Flo,5.2e-5
Golden,5.2e-5
Lonnie,5.2e-5
Louvenia,5.2e-5
Lynn,5.2e-5
Maida,5.2e-5
Odie,5.2e-5
Sammie,5.2e-5
Versie,5.2e-5
Antionette,5.1e-5
Clifford,5.1e-5
Edyth,5.1e-5
Exie,5.1e-5
Glennie,5.1e-5
Jamie,5.1e-5
Leda,5.1e-5
Lenna,5.1e-5
Margarete,5.1e-5
Maye,5.1e-5
Tennie,5.1e-5
Venita,5.1e-5
Alida,5e-5
Astrid,5e-5
Eveline,5e-5
Janis,5e-5
Mafalda,5e-5
Mallie,5e-5
Mariam,5e-5
Minna,5e-5
Rozella,5e-5
Santina,5e-5
Sidney,5e-5
Christeen,4.9e-5
Coletta,4.9e-5
Dorine,4.9e-5
Dottie,4.9e-5
Eulah,4.9e-5
Jessica,4.9e-5
Margurite,4.9e-5
Neta,4.9e-5
Ruthe,4.9e-5
Theola,4.9e-5
Amber,4.8e-5
Arlie,4.8e-5
Assunta,4.8e-5
Claribel,4.8e-5
Domenica,4.8e-5
Helyn,4.8e-5
Laurine,4.8e-5
Mammie,4.8e-5
Noreen,4.8e-5
Sofia,4.8e-5
Alba,4.7e-5
Caryl,4.7e-5
Concepcion,4.7e-5
Hermine,4.7e-5
Ressie,4.7e-5
Albertine,4.6e-5
Esperanza,4.6e-5
Etha,4.6e-5
Eugenie,4.6e-5
Floretta,4.6e-5
Francine,4.6e-5
Gladis,4.6e-5
Henretta,4.6e-5
Ingrid,4.6e-5
Lexie,4.6e-5
Paul,4.6e-5
Rosaria,4.6e-5
Trula,4.6e-5
Vertie,4.6e-5
Veva,4.6e-5
Audry,4.5e-5
Christene,4.5e-5
Coral,4.5e-5
Corrie,4.5e-5
Erline,4.5e-5
Henriette,4.5e-5
Izetta,4.5e-5
Jonnie,4.5e-5
Laurette,4.5e-5
Madelene,4.5e-5
Marybelle,4.5e-5
Tena,4.5e-5
Thomas,4.5e-5
Wava,4.5e-5
Almeta,4.4e-5
Angelita,4.4e-5
Birtha,4.4e-5
Buelah,4.4e-5
Cathleen,4.4e-5
Clarabelle,4.4e-5
Emelia,4.4e-5
Erlene,4.4e-5
