name,percent
John,0.054202
William,0.043783999999999997
James,0.038528
Robert,0.034376
Joseph,0.025869
Charles,0.02557
George,0.025329
Edward,0.01842
Frank,0.016563
Thomas,0.012992
Walter,0.012735
Paul,0.011687
Harold,0.011584
Henry,0.011533
Richard,0.010981
Raymond,0.010357
Albert,0.009799
Arthur,0.009665
Harry,0.009183
Donald,0.008382
Ralph,0.007674
Louis,0.007382
Carl,0.007351
Clarence,0.00683
Howard,0.006681
Jack,0.006677
Kenneth,0.006509
David,0.006298
Fred,0.006224
Willie,0.006131
Francis,0.006121
Earl,0.006014
Roy,0.005772
Stanley,0.005561
Joe,0.00532
Ernest,0.005224
Anthony,0.005143
Lawrence,0.005136
Eugene,0.005029
Herbert,0.004839
Samuel,0.004767
Leonard,0.004684
Alfred,0.004635
Michael,0.00456
Elmer,0.004263
Andrew,0.004032
Leo,0.003923
Norman,0.003909
Bernard,0.003763
Peter,0.003647
Russell,0.003607
Frederick,0.003602
Edwin,0.003575
Chester,0.003479
Daniel,0.003411
Herman,0.003297
Melvin,0.00323
Lloyd,0.003172
Lester,0.003145
Floyd,0.003014
Clifford,0.002998
Clyde,0.002933
Leroy,0.002923
Woodrow,0.002889
Theodore,0.002857
Marvin,0.002736
Vincent,0.002708
Willard,0.002616
Charlie,0.002611
Philip,0.002609
Lewis,0.002571
Milton,0.002542
Ray,0.002528
Sam,0.002503
Vernon,0.002474
Gerald,0.002453
Jesse,0.002413
Victor,0.0024
Benjamin,0.002367
Cecil,0.002362
Martin,0.002299
Alvin,0.002266
Lee,0.002186
Glenn,0.002135
Leon,0.002117
Oscar,0.002074
Stephen,0.002035
Edgar,0.002029
Arnold,0.002011
Gordon,0.00194
Everett,0.001911
Harvey,0.001911
Claude,0.001877
Wilbur,0.001819
Sidney,0.001797
Morris,0.001757
Hugh,0.001751
Wayne,0.00172
Alexander,0.001717
Maurice,0.001716
Allen,0.001706
Warren,0.001677
Homer,0.001626
Virgil,0.001621
Max,0.001616
Gilbert,0.001562
Nicholas,0.001533
Steve,0.001516
Irving,0.001488
Leslie,0.00147
Marion,0.00147
Julius,0.001468
Hubert,0.001464
Eddie,0.00142
Johnnie,0.001416
Luther,0.001395
Jessie,0.001377
Roland,0.001301
Ben,0.001294
Curtis,0.001272
Dale,0.001257
Glen,0.001253
Jacob,0.001224
Wallace,0.001223
Mike,0.001207
Horace,0.001199
Oliver,0.001196
Alex,0.001185
Roger,0.001177
Franklin,0.001165
Orville,0.00115
Tony,0.001142
Manuel,0.001136
Edmund,0.001118
Wesley,0.001112
Willis,0.001073
Rudolph,0.00107
Jerome,0.001067
Emil,0.001052
Tom,0.001051
Wilson,9.86e-4
Otis,9.83e-4
Guy,9.77e-4
Nathan,9.77e-4
Jerry,9.59e-4
Angelo,9.38e-4
Bill,9.25e-4
Matthew,8.91e-4
Ira,8.87e-4
Salvatore,8.87e-4
Douglas,8.83e-4
Archie,8.73e-4
Lyle,8.72e-4
Patrick,8.68e-4
Earnest,8.44e-4
Clifton,8.35e-4
Calvin,8.3e-4
Abraham,8.17e-4
Clayton,8.14e-4
Don,8.06e-4
Delbert,8.05e-4
Bruce,8e-4
Marshall,8e-4
Irvin,7.84e-4
Ivan,7.83e-4
Wilfred,7.83e-4
Bennie,7.82e-4
Phillip,7.82e-4
Ronald,7.82e-4
Otto,7.79e-4
Sylvester,7.76e-4
Wilbert,7.76e-4
Ervin,7.5e-4
Felix,7.48e-4
Jose,7.44e-4
Karl,7.42e-4
Jim,7.41e-4
August,7.32e-4
Jimmie,7.21e-4
Elbert,7.18e-4
Clinton,7.17e-4
Nick,7.12e-4
Forrest,7.06e-4
Jay,6.93e-4
Adolph,6.86e-4
Isaac,6.79e-4
Julian,6.78e-4
Nelson,6.7e-4
Adam,6.6e-4
Alton,6.56e-4
Merle,6.53e-4
Dan,6.42e-4
Nathaniel,6.4e-4
Grover,6.39e-4
Aaron,6.3e-4
Pete,6.29e-4
Rufus,6.25e-4
Leland,6.2e-4
Ellis,6.16e-4
Mark,6.16e-4
Lonnie,6.15e-4
Dominick,6.14e-4
Bert,6.04e-4
Antonio,5.96e-4
Carroll,5.87e-4
Dennis,5.76e-4
Dominic,5.74e-4
Lowell,5.73e-4
Elwood,5.7e-4
Grady,5.7e-4
Percy,5.66e-4
Gene,5.62e-4
Wendell,5.58e-4
Myron,5.57e-4
Dean,5.46e-4
Emmett,5.42e-4
Roscoe,5.34e-4
Johnie,5.33e-4
Owen,5.3e-4
Erwin,5.25e-4
Jess,5.25e-4
Mack,5.25e-4
Amos,5.18e-4
Keith,5.16e-4
Malcolm,5.14e-4
Laurence,5.09e-4
Byron,5.08e-4
Loyd,5.07e-4
Sherman,5e-4
Charley,4.99e-4
Rex,4.99e-4
Johnny,4.97e-4
Ross,4.95e-4
Ted,4.93e-4
Harley,4.92e-4
Allan,4.83e-4
Troy,4.79e-4
Reuben,4.78e-4
Perry,4.77e-4
Austin,4.74e-4
Fredrick,4.72e-4
Norbert,4.72e-4
Loren,4.7e-4
Murray,4.7e-4
Aubrey,4.65e-4
Eldon,4.6e-4
Preston,4.54e-4
Cornelius,4.35e-4
Millard,4.32e-4
Dwight,4.3e-4
Carlton,4.28e-4
Boyd,4.17e-4
Mario,4.1e-4
Hyman,4.09e-4
Neil,4.06e-4
Seymour,4.05e-4
Tommie,4.03e-4
Steven,4.01e-4
Edmond,3.95e-4
Garland,3.95e-4
Billy,3.93e-4
Elmo,3.93e-4
Will,3.92e-4
Jake,3.9e-4
Gerard,3.89e-4
Burton,3.88e-4
Dewey,3.88e-4
Jasper,3.88e-4
Louie,3.83e-4
Bruno,3.82e-4
Conrad,3.81e-4
Simon,3.81e-4
Grant,3.8e-4
Mitchell,3.74e-4
Wilmer,3.7e-4
Freddie,3.68e-4
Juan,3.67e-4
Anton,3.63e-4
Clark,3.63e-4
Clement,3.61e-4
Moses,3.6e-4
Dave,3.56e-4
Roosevelt,3.55e-4
Wade,3.55e-4
Cyril,3.54e-4
Elton,3.49e-4
Lynn,3.47e-4
Morton,3.47e-4
Cleo,3.46e-4
Solomon,3.43e-4
Thurman,3.42e-4
Rocco,3.41e-4
Claud,3.34e-4
Emanuel,3.31e-4
Alphonse,3.3e-4
Bob,3.3e-4
Larry,3.27e-4
Clair,3.26e-4
Forest,3.26e-4
Monroe,3.25e-4
Harrison,3.23e-4
Ollie,3.21e-4
Booker,3.18e-4
Harlan,3.18e-4
Andy,3.15e-4
Maynard,3.15e-4
Gus,3.12e-4
Doyle,3.05e-4
Joel,3.05e-4
Neal,3.05e-4
Orval,3.02e-4
Carmen,3.01e-4
Marcus,3.01e-4
Earle,2.99e-4
Russel,2.97e-4
Alonzo,2.96e-4
Ed,2.96e-4
Isadore,2.96e-4
Eli,2.94e-4
Jesus,2.94e-4
Merrill,2.92e-4
Thaddeus,2.91e-4
Emery,2.88e-4
Roman,2.88e-4
Barney,2.87e-4
Elvin,2.87e-4
Kermit,2.85e-4
Randolph,2.85e-4
Abe,2.83e-4
Alva,2.82e-4
Christopher,2.82e-4
Stuart,2.81e-4
Dallas,2.77e-4
Patsy,2.76e-4
Sol,2.75e-4
Cleveland,2.74e-4
Alan,2.72e-4
Ellsworth,2.72e-4
Ferdinand,2.68e-4
Timothy,2.68e-4
Basil,2.64e-4
Buford,2.64e-4
Irwin,2.64e-4
Laverne,2.63e-4
Pasquale,2.63e-4
Reginald,2.63e-4
Adrian,2.61e-4
Armand,2.6e-4
Odell,2.57e-4
Rodney,2.57e-4
Ruben,2.57e-4
Carlos,2.55e-4
Elijah,2.51e-4
Herschel,2.49e-4
Emory,2.48e-4
Coy,2.47e-4
Noah,2.47e-4
Ramon,2.47e-4
Ned,2.46e-4
Stewart,2.45e-4
Wilburn,2.45e-4
Emerson,2.44e-4
Wilford,2.44e-4
Delmar,2.42e-4
Darrell,2.4e-4
Saul,2.4e-4
Vito,2.4e-4
Dick,2.39e-4
Merlin,2.38e-4
Buster,2.37e-4
Truman,2.37e-4
Billie,2.35e-4
Mathew,2.35e-4
Miles,2.35e-4
Duane,2.33e-4
Sanford,2.32e-4
Levi,2.3e-4
Weldon,2.3e-4
Tommy,2.29e-4
Ward,2.29e-4
Alfonso,2.27e-4
Meyer,2.27e-4
Vern,2.27e-4
Hollis,2.24e-4
Lionel,2.22e-4
Norris,2.22e-4
Foster,2.21e-4
Sydney,2.21e-4
Harris,2.2e-4
Sterling,2.2e-4
Frederic,2.19e-4
Hugo,2.17e-4
Junior,2.17e-4
Pedro,2.17e-4
Aloysius,2.14e-4
Benny,2.12e-4
Milford,2.12e-4
Milo,2.09e-4
Winston,2.09e-4
Newton,2.08e-4
Winfred,2.08e-4
Odis,2.06e-4
Lyman,2.05e-4
Silas,2.05e-4
Travis,2.04e-4
Van,2.03e-4
Carmine,2.01e-4
Jeff,2.01e-4
Hiram,2e-4
Dudley,1.99e-4
Luke,1.99e-4
Francisco,1.98e-4
Evan,1.97e-4
Micheal,1.96e-4
Casimir,1.95e-4
Noel,1.95e-4
Rolland,1.95e-4
Ambrose,1.94e-4
Isidore,1.94e-4
Olen,1.93e-4
Jackson,1.92e-4
Lorenzo,1.92e-4
Omer,1.92e-4
Pat,1.92e-4
Vance,1.92e-4
Wiley,1.92e-4
Alden,1.9e-4
Royal,1.88e-4
Freeman,1.87e-4
Gabriel,1.87e-4
Jimmy,1.86e-4
Mervin,1.86e-4
Cletus,1.85e-4
Spencer,1.83e-4
Lamar,1.82e-4
Riley,1.79e-4
Mary,1.78e-4
Olin,1.78e-4
Elias,1.75e-4
Jean,1.75e-4
Dorsey,1.73e-4
Ulysses,1.73e-4
Elliott,1.71e-4
Houston,1.71e-4
Noble,1.71e-4
Randall,1.69e-4
Bertram,1.68e-4
Eric,1.68e-4
Marlin,1.68e-4
Morgan,1.68e-4
Shirley,1.68e-4
Christian,1.67e-4
Sammie,1.67e-4
Waldo,1.67e-4
Wilton,1.67e-4
Bud,1.66e-4
Ezra,1.66e-4
Fay,1.66e-4
Hershel,1.66e-4
Ora,1.66e-4
Arlie,1.64e-4
Gail,1.64e-4
Lucius,1.64e-4
Burl,1.62e-4
Nolan,1.62e-4
Sigmund,1.62e-4
Darwin,1.61e-4
Fletcher,1.61e-4
Linwood,1.61e-4
Augustus,1.6e-4
Chris,1.6e-4
Lucien,1.59e-4
Maxwell,1.59e-4
Scott,1.59e-4
Benedict,1.58e-4
Teddy,1.58e-4
Verne,1.56e-4
Everette,1.55e-4
Gregory,1.55e-4
Lavern,1.55e-4
Dewitt,1.52e-4
Junius,1.51e-4
Mose,1.49e-4
Delmer,1.48e-4
Emile,1.47e-4
Mason,1.47e-4
Palmer,1.47e-4
Anderson,1.46e-4
Lemuel,1.46e-4
Columbus,1.45e-4
Rubin,1.45e-4
Sebastian,1.45e-4
Sheldon,1.45e-4
Hal,1.44e-4
Salvador,1.44e-4
Clay,1.43e-4
Gustave,1.43e-4
Lincoln,1.42e-4
Porter,1.41e-4
Major,1.4e-4
Albin,1.39e-4
Antone,1.38e-4
Carlo,1.38e-4
Jules,1.38e-4
Wilber,1.35e-4
Winfield,1.35e-4
Cyrus,1.34e-4
Valentine,1.34e-4
Alfredo,1.33e-4
Dock,1.33e-4
Elden,1.33e-4
Hoyt,1.33e-4
Justin,1.33e-4
Royce,1.33e-4
Vaughn,1.33e-4
Al,1.32e-4
Lucian,1.31e-4
Orlando,1.31e-4
Coleman,1.3e-4
Dalton,1.3e-4
Harmon,1.3e-4
Israel,1.3e-4
Blaine,1.29e-4
Lenard,1.28e-4
Oren,1.28e-4
Raphael,1.28e-4
Romeo,1.28e-4
Theron,1.28e-4
Denver,1.27e-4
Durward,1.27e-4
Merton,1.27e-4
Rene,1.27e-4
Granville,1.26e-4
Carrol,1.25e-4
Davis,1.25e-4
Harland,1.25e-4
Gale,1.23e-4
Rosario,1.23e-4
Carson,1.22e-4
Domenic,1.22e-4
Warner,1.21e-4
Aldo,1.2e-4
Jewel,1.2e-4
Elroy,1.19e-4
Isaiah,1.19e-4
Lacy,1.19e-4
Graham,1.18e-4
Jefferson,1.18e-4
Jeremiah,1.18e-4
Nickolas,1.18e-4
Phil,1.17e-4
Frances,1.16e-4
Oswald,1.16e-4
Rupert,1.16e-4
Avery,1.15e-4
Edd,1.15e-4
Hobert,1.15e-4
Casimer,1.14e-4
Luis,1.14e-4
Matt,1.14e-4
Walton,1.14e-4
Alois,1.13e-4
Walker,1.13e-4
Rudy,1.12e-4
Elwin,1.1e-4
Gaylord,1.1e-4
Hilton,1.1e-4
King,1.1e-4
Ottis,1.1e-4
Raleigh,1.1e-4
Enoch,1.09e-4
Ford,1.09e-4
Jonathan,1.09e-4
Taylor,1.09e-4
Alphonso,1.08e-4
Arvid,1.08e-4
Reed,1.08e-4
Shelby,1.08e-4
Webster,1.08e-4
Asa,1.07e-4
Emilio,1.07e-4
Florian,1.07e-4
Guadalupe,1.07e-4
Haywood,1.07e-4
Joshua,1.07e-4
Orin,1.07e-4
Armando,1.06e-4
Carol,1.06e-4
Garfield,1.06e-4
Napoleon,1.06e-4
Domingo,1.05e-4
Gustav,1.05e-4
Theo,1.05e-4
Augustine,1.04e-4
Judson,1.04e-4
Newell,1.04e-4
Buck,1.03e-4
Merritt,1.03e-4
Rollin,1.03e-4
Elzie,1.02e-4
Jewell,1.02e-4
Joesph,1.02e-4
Orrin,1.02e-4
Bernice,1.01e-4
Guido,1.01e-4
Clarance,1e-4
Clem,1e-4
Constantine,1e-4
Darrel,1e-4
Haskell,1e-4
Omar,1e-4
Urban,1e-4
Hector,9.9e-5
Ike,9.9e-5
Mortimer,9.9e-5
Otha,9.9e-5
Kelly,9.7e-5
Arther,9.6e-5
Carlyle,9.6e-5
Miguel,9.6e-5
Abner,9.5e-5
Dee,9.5e-5
Hobart,9.5e-5
Lambert,9.5e-5
Ludwig,9.5e-5
Otho,9.5e-5
Bernie,9.4e-5
Carleton,9.4e-5
Elmore,9.3e-5
Prince,9.3e-5
Santo,9.3e-5
Clare,9.2e-5
Dana,9.2e-5
Eldred,9.2e-5
Hans,9.2e-5
Terry,9.2e-5
Wm,9.2e-5
Edison,9.1e-5
Jonas,9.1e-5
Seth,9.1e-5
Sylvan,9.1e-5
Carter,9e-5
Fritz,9e-5
Helen,9e-5
Jason,9e-5
Oral,9e-5
Rowland,9e-5
Verlin,9e-5
Elisha,8.9e-5
Evans,8.9e-5
Isiah,8.9e-5
Raul,8.9e-5
Roderick,8.9e-5
Arden,8.8e-5
Eldridge,8.8e-5
Oran,8.8e-5
Raymon,8.8e-5
Casper,8.7e-5
Felton,8.7e-5
Hilbert,8.7e-5
Loy,8.7e-5
Reynold,8.7e-5
Bennett,8.6e-5
Bonnie,8.6e-5
Hazel,8.6e-5
Leopold,8.6e-5
Logan,8.6e-5
Mahlon,8.6e-5
Milan,8.6e-5
Olaf,8.6e-5
Werner,8.6e-5
Alvis,8.4e-5
Americo,8.4e-5
Connie,8.4e-5
Evert,8.4e-5
Ignatius,8.4e-5
Tomas,8.4e-5
Benton,8.3e-5
Loyal,8.3e-5
Sherwood,8.3e-5
Stanford,8.3e-5
Beverly,8.2e-5
Emmitt,8.2e-5
Gaetano,8.2e-5
Hamilton,8.2e-5
Domenick,8.1e-5
Galen,8.1e-5
Hermon,8.1e-5
Julio,8.1e-5
Bertrand,8e-5
Marcel,8e-5
Mckinley,8e-5
Merl,8e-5
Watson,8e-5
Aron,7.9e-5
Ellwood,7.9e-5
Ivory,7.9e-5
Rafael,7.9e-5
Addison,7.8e-5
Alvie,7.8e-5
Bradford,7.8e-5
Carmelo,7.8e-5
Dante,7.8e-5
Dorothy,7.8e-5
Gary,7.8e-5
Lois,7.8e-5
Norval,7.8e-5
Obie,7.8e-5
Tracy,7.8e-5
Berry,7.7e-5
Boyce,7.7e-5
Henderson,7.7e-5
Jennings,7.7e-5
Silvio,7.7e-5
Bradley,7.6e-5
Chas,7.6e-5
Emmet,7.6e-5
Johnson,7.6e-5
Lawerence,7.6e-5
Milburn,7.6e-5
Pearl,7.6e-5
Rogers,7.6e-5
Rudolf,7.6e-5
Arne,7.5e-5
Buddy,7.5e-5
Dexter,7.5e-5
Howell,7.5e-5
June,7.5e-5
Llewellyn,7.5e-5
Marcellus,7.5e-5
Meredith,7.5e-5
Murphy,7.5e-5
Vester,7.5e-5
Adolphus,7.4e-5
Alberto,7.4e-5
Alford,7.4e-5
Benson,7.4e-5
Chauncey,7.4e-5
Claudie,7.4e-5
Lorin,7.4e-5
Pablo,7.4e-5
Turner,7.4e-5
Allison,7.3e-5
Blair,7.3e-5
Brady,7.3e-5
Duncan,7.3e-5
Garnett,7.3e-5
Hardy,7.3e-5
Leander,7.3e-5
Madison,7.3e-5
Arlo,7.1e-5
Benjiman,7.1e-5
Burt,7.1e-5
Eino,7.1e-5
Talmadge,7.1e-5
Adelbert,7e-5
Claire,7e-5
Cloyd,7e-5
Crawford,7e-5
Dayton,7e-5
Early,7e-5
Fredric,7e-5
Carey,6.9e-5
Clemens,6.9e-5
Frankie,6.9e-5
General,6.9e-5
Jones,6.9e-5
Orland,6.9e-5
Regis,6.9e-5
Ruby,6.9e-5
Allie,6.8e-5
Angel,6.8e-5
Angus,6.8e-5
Clovis,6.8e-5
Lonzo,6.8e-5
Melton,6.8e-5
Norton,6.8e-5
Norwood,6.8e-5
Roberto,6.8e-5
Winford,6.8e-5
Abel,6.7e-5
Cleve,6.7e-5
Elliot,6.7e-5
Garrett,6.7e-5
Hayward,6.7e-5
Kyle,6.7e-5
Melville,6.7e-5
Parker,6.7e-5
Vernie,6.7e-5
Archibald,6.6e-5
Damon,6.6e-5
Elvis,6.6e-5
Hayden,6.6e-5
Hughes,6.6e-5
Ivy,6.6e-5
Lindsey,6.6e-5
Brooks,6.5e-5
Ewald,6.5e-5
Lucious,6.5e-5
Reino,6.5e-5
Gayle,6.4e-5
Gerhard,6.4e-5
Kent,6.4e-5
Murl,6.4e-5
Nels,6.4e-5
Reinhold,6.4e-5
Richmond,6.4e-5
Smith,6.4e-5
Trinidad,6.4e-5
Vivian,6.4e-5
Abram,6.3e-5
Beryl,6.3e-5
Bobbie,6.3e-5
Bryant,6.3e-5
Fernando,6.3e-5
Gardner,6.3e-5
Hillard,6.3e-5
Judge,6.3e-5
Thornton,6.3e-5
Vergil,6.3e-5
Virgle,6.3e-5
Woodroe,6.3e-5
Worth,6.3e-5
Andres,6.2e-5
Craig,6.2e-5
Ernesto,6.2e-5
Franklyn,6.2e-5
Gregorio,6.2e-5
Lawson,6.2e-5
Masao,6.2e-5
Murry,6.2e-5
Pierce,6.2e-5
Tatsuo,6.2e-5
Clint,6.1e-5
Elwyn,6.1e-5
Estel,6.1e-5
Hosea,6.1e-5
Tim,6.1e-5
Verl,6.1e-5
Adolf,6e-5
Alvah,6e-5
Arvel,6e-5
Audrey,6e-5
Bernhard,6e-5
Ernie,6e-5
Ernst,6e-5
Hudson,6e-5
Josh,6e-5
Kirby,6e-5
Lon,6e-5
Mac,6e-5
Orvil,6e-5
Ruth,6e-5
Waymon,6e-5
Williams,6e-5
Attilio,5.8e-5
Caesar,5.8e-5
Felipe,5.8e-5
Giles,5.8e-5
Jerald,5.8e-5
Lafayette,5.8e-5
Margaret,5.8e-5
Miller,5.8e-5
Odie,5.8e-5
Quentin,5.8e-5
Denzil,5.7e-5
Garth,5.7e-5
Junious,5.7e-5
Ocie,5.7e-5
Reece,5.7e-5
Rollie,5.7e-5
Rosevelt,5.7e-5
Sammy,5.7e-5
Santiago,5.7e-5
Tillman,5.7e-5
Zigmund,5.7e-5
Burdette,5.6e-5
Cliff,5.6e-5
Myles,5.6e-5
Reese,5.6e-5
Sumner,5.6e-5
Arch,5.5e-5
Furman,5.5e-5
Glendon,5.5e-5
Nat,5.5e-5
Stanton,5.5e-5
Bailey,5.4e-5
Durwood,5.4e-5
Merwin,5.4e-5
Whitney,5.4e-5
Wylie,5.4e-5
Almon,5.3e-5
Ansel,5.3e-5
Artis,5.3e-5
Axel,5.3e-5
Barton,5.3e-5
Bobby,5.3e-5
Donovan,5.3e-5
Elgin,5.3e-5
Elza,5.3e-5
Emmit,5.3e-5
Gaston,5.3e-5
Gerrit,5.3e-5
Huston,5.3e-5
Ishmael,5.3e-5
Issac,5.3e-5
Kendall,5.3e-5
Linus,5.3e-5
Mariano,5.3e-5
Moe,5.3e-5
Reno,5.3e-5
Sandy,5.3e-5
Theadore,5.3e-5
Vernal,5.3e-5
Verner,5.3e-5
Yoshio,5.3e-5
Ashley,5.2e-5
Einar,5.2e-5
Ennis,5.2e-5
Golden,5.2e-5
Newman,5.2e-5
Olan,5.2e-5
Alma,5.1e-5
Arvil,5.1e-5
Doris,5.1e-5
Enos,5.1e-5
Enrique,5.1e-5
Eunice,5.1e-5
Garold,5.1e-5
Green,5.1e-5
Hunter,5.1e-5
Jonnie,5.1e-5
Manford,5.1e-5
Mitchel,5.1e-5
Santos,5.1e-5
Thad,5.1e-5
Verle,5.1e-5
Arno,5e-5
Bartholomew,5e-5
Cameron,5e-5
Casey,5e-5
Foy,5e-5
Harlow,5e-5
Kay,5e-5
Loran,5e-5
Lovell,5e-5
Manley,5e-5
Shelton,5e-5
Stanislaus,5e-5
Waldemar,5e-5
Wellington,5e-5
Welton,5e-5
Wyatt,5e-5
Brown,4.9e-5
Bryan,4.9e-5
Conley,4.9e-5
Ewell,4.9e-5
Ezekiel,4.9e-5
Gerhardt,4.9e-5
Hiroshi,4.9e-5
Ransom,4.9e-5
Rolla,4.9e-5
Benito,4.8e-5
Dell,4.8e-5
Finis,4.8e-5
Josiah,4.8e-5
Leeroy,4.8e-5
Lynwood,4.8e-5
Manning,4.8e-5
Maxie,4.8e-5
Mildred,4.8e-5
Myrl,4.8e-5
Burnell,4.7e-5
Chalmer,4.7e-5
Colin,4.7e-5
Danny,4.7e-5
Garnet,4.7e-5
Glynn,4.7e-5
Lauren,4.7e-5
Prentice,4.7e-5
Rodger,4.7e-5
Selmer,4.7e-5
Weston,4.7e-5
Williard,4.7e-5
Arley,4.5e-5
Armin,4.5e-5
Arvin,4.5e-5
Berlin,4.5e-5
Cary,4.5e-5
Earlie,4.5e-5
Erling,4.5e-5
Lindsay,4.5e-5
Mathias,4.5e-5
Oris,4.5e-5
Rueben,4.5e-5
Thurston,4.5e-5
Tyrus,4.5e-5
Armond,4.4e-5
Baxter,4.4e-5
Burnice,4.4e-5
