name,percent
John,0.054062
William,0.044208
James,0.038924
Robert,0.036716
Joseph,0.025814
George,0.025221
Charles,0.02518
Edward,0.018253
Frank,0.016441
Thomas,0.013151
Walter,0.013117
Harold,0.011674
Paul,0.011629
Richard,0.011382
Henry,0.011154
Raymond,0.010383
Arthur,0.009677
Albert,0.009546
Harry,0.009233
Donald,0.009097
Ralph,0.007703
Jack,0.007165
Louis,0.007057
Carl,0.006985
Clarence,0.00686
Howard,0.006681
Kenneth,0.006396
David,0.006357
Fred,0.00624
Francis,0.006048
Willie,0.005996
Earl,0.005872
Roy,0.005815
Stanley,0.00541
Joe,0.005359
Lawrence,0.005315
Ernest,0.005269
Anthony,0.005236
Eugene,0.00508
Herbert,0.004942
Leonard,0.004895
Samuel,0.004685
Alfred,0.004613
Michael,0.004474
Elmer,0.003971
Norman,0.003951
Leo,0.003938
Andrew,0.003909
Bernard,0.003868
Peter,0.003613
Frederick,0.003599
Russell,0.003584
Lloyd,0.00356
Daniel,0.003499
Edwin,0.003484
Chester,0.003477
Melvin,0.003293
Herman,0.003101
Clifford,0.003095
Leroy,0.003075
Lester,0.002976
Floyd,0.002936
Theodore,0.002929
Clyde,0.002834
Vincent,0.002747
Philip,0.002653
Charlie,0.002648
Marvin,0.002628
Gerald,0.002588
Lewis,0.002583
Vernon,0.002567
Sam,0.002556
Woodrow,0.002533
Ray,0.002529
Milton,0.002493
Benjamin,0.002485
Martin,0.002435
Victor,0.002304
Jesse,0.002295
Willard,0.002279
Alvin,0.002233
Leon,0.00219
Cecil,0.002187
Gordon,0.002106
Lee,0.002087
Glenn,0.00208
Oscar,0.002045
Edgar,0.002005
Stephen,0.001973
Harvey,0.001883
Arnold,0.001855
Wilbur,0.001824
Warren,0.001819
Everett,0.001808
Sidney,0.001798
Wayne,0.001789
Alexander,0.001734
Claude,0.001695
Morris,0.001692
Allen,0.001658
Maurice,0.001621
Homer,0.001617
Virgil,0.001584
Max,0.001576
Gilbert,0.001574
Irving,0.001535
Leslie,0.001501
Nicholas,0.001477
Marion,0.001476
Hugh,0.001465
Johnnie,0.001461
Julius,0.001442
Steve,0.00144
Jessie,0.001418
Hubert,0.001395
Luther,0.001358
Roland,0.001339
Eddie,0.00132
Roger,0.001302
Dale,0.001301
Curtis,0.0012979999999999999
Glen,0.001287
Wallace,0.001265
Franklin,0.001244
Horace,0.001232
Mike,0.001232
Oliver,0.001226
Manuel,0.001207
Ben,0.001177
Jacob,0.00117
Tony,0.001156
Alex,0.001126
Jerome,0.001121
Orville,0.001106
Edmund,0.001089
Wesley,0.001057
Emil,0.001046
Douglas,0.001024
Tom,0.001022
Willis,9.92e-4
Rudolph,9.86e-4
Archie,9.79e-4
Earnest,9.62e-4
Wilson,9.6e-4
Otis,9.51e-4
Guy,9.42e-4
Bill,9.31e-4
Nathan,9.19e-4
Matthew,9.02e-4
Jerry,8.98e-4
Ira,8.95e-4
Angelo,8.92e-4
Lyle,8.9e-4
Patrick,8.74e-4
Salvatore,8.69e-4
Bruce,8.4e-4
Otto,8.37e-4
Jose,8.33e-4
Clifton,8.26e-4
Calvin,8.17e-4
Delbert,8.09e-4
Marshall,8.09e-4
Jim,8.06e-4
Wilfred,8.06e-4
Ronald,8.02e-4
Ivan,7.9e-4
Clayton,7.89e-4
Don,7.89e-4
Wilbert,7.85e-4
Irvin,7.65e-4
Bennie,7.63e-4
Abraham,7.6e-4
Phillip,7.54e-4
Ervin,7.48e-4
Sylvester,7.45e-4
Jimmie,7.41e-4
Nick,7.34e-4
Merle,7.31e-4
Elbert,7.04e-4
Karl,7.02e-4
Adolph,7e-4
Clinton,6.98e-4
Forrest,6.91e-4
August,6.89e-4
Felix,6.89e-4
Julian,6.8e-4
Rufus,6.73e-4
Jay,6.71e-4
Pete,6.67e-4
Nathaniel,6.65e-4
Isaac,6.5e-4
Leland,6.5e-4
Adam,6.41e-4
Nelson,6.32e-4
Alton,6.29e-4
Aaron,6.23e-4
Dan,6.22e-4
Lonnie,6.2e-4
Dennis,6.07e-4
Antonio,6.05e-4
Ellis,5.96e-4
Carroll,5.86e-4
Dean,5.83e-4
Johnie,5.75e-4
Lowell,5.75e-4
Malcolm,5.67e-4
Gene,5.66e-4
Emmett,5.65e-4
Grover,5.64e-4
Bert,5.55e-4
Johnny,5.55e-4
Mark,5.52e-4
Elwood,5.51e-4
Grady,5.49e-4
Perry,5.48e-4
Keith,5.39e-4
Percy,5.35e-4
Dominick,5.27e-4
Dominic,5.25e-4
Ross,5.24e-4
Ted,5.18e-4
Laurence,5.16e-4
Myron,5.11e-4
Owen,5.1e-4
Loyd,5.09e-4
Byron,5.08e-4
Mack,5.01e-4
Erwin,4.96e-4
Fredrick,4.91e-4
Rex,4.9e-4
Roscoe,4.89e-4
Billy,4.88e-4
Sherman,4.88e-4
Wendell,4.87e-4
Norbert,4.86e-4
Amos,4.8e-4
Charley,4.75e-4
Allan,4.69e-4
Aubrey,4.58e-4
Eldon,4.58e-4
Murray,4.54e-4
Seymour,4.54e-4
Reuben,4.48e-4
Harley,4.47e-4
Loren,4.43e-4
Millard,4.37e-4
Dewey,4.35e-4
Preston,4.31e-4
Gerard,4.29e-4
Austin,4.27e-4
Juan,4.22e-4
Burton,4.15e-4
Grant,4.15e-4
Garland,4.13e-4
Louie,4.09e-4
Troy,4.09e-4
Cornelius,4.04e-4
Boyd,4.03e-4
Carlton,4.03e-4
Steven,4e-4
Mitchell,3.96e-4
Jasper,3.93e-4
Solomon,3.93e-4
Tommie,3.91e-4
Elmo,3.82e-4
Emanuel,3.77e-4
Mario,3.74e-4
Simon,3.73e-4
Edmond,3.72e-4
Neil,3.72e-4
Freddie,3.68e-4
Bob,3.67e-4
Jess,3.66e-4
Dwight,3.64e-4
Lynn,3.6e-4
Clark,3.59e-4
Morton,3.58e-4
Anton,3.55e-4
Wilmer,3.55e-4
Thurman,3.54e-4
Moses,3.53e-4
Will,3.53e-4
Monroe,3.48e-4
Maynard,3.47e-4
Bruno,3.43e-4
Earle,3.43e-4
Hyman,3.43e-4
Doyle,3.41e-4
Dave,3.37e-4
Larry,3.37e-4
Elton,3.34e-4
Harrison,3.34e-4
Rocco,3.34e-4
Wade,3.3e-4
Alphonse,3.29e-4
Alva,3.29e-4
Clair,3.27e-4
Cleo,3.26e-4
Alan,3.23e-4
Conrad,3.21e-4
Joel,3.21e-4
Cyril,3.19e-4
Russel,3.18e-4
Ed,3.17e-4
Clement,3.16e-4
Jake,3.12e-4
Sol,3.12e-4
Andy,3.11e-4
Barney,3.11e-4
Carlos,3.11e-4
Ollie,3.06e-4
Claud,3.05e-4
Elvin,3.03e-4
Gus,3.03e-4
Jesus,3.02e-4
Cleveland,3e-4
Ruben,3e-4
Alonzo,2.99e-4
Emery,2.99e-4
Forest,2.98e-4
Roosevelt,2.96e-4
Marcus,2.94e-4
Orval,2.94e-4
Abe,2.92e-4
Ned,2.92e-4
Neal,2.91e-4
Stuart,2.9e-4
Delmar,2.87e-4
Laverne,2.87e-4
Adrian,2.84e-4
Ellsworth,2.82e-4
Harlan,2.79e-4
Junior,2.79e-4
Thaddeus,2.79e-4
Armand,2.78e-4
Stewart,2.78e-4
Christopher,2.76e-4
Randolph,2.76e-4
Dallas,2.75e-4
Kermit,2.75e-4
Pasquale,2.74e-4
Tommy,2.73e-4
Reginald,2.72e-4
Timothy,2.72e-4
Odell,2.7e-4
Carmen,2.68e-4
Merrill,2.68e-4
Elijah,2.67e-4
Roman,2.67e-4
Lionel,2.66e-4
Wiley,2.66e-4
Irwin,2.65e-4
Buford,2.59e-4
Patsy,2.57e-4
Billie,2.56e-4
Eli,2.56e-4
Vito,2.56e-4
Isadore,2.53e-4
Ward,2.52e-4
Darrell,2.51e-4
Emory,2.47e-4
Ferdinand,2.46e-4
Rodney,2.44e-4
Booker,2.43e-4
Miles,2.42e-4
Wilford,2.42e-4
Herschel,2.4e-4
Merlin,2.4e-4
Alfonso,2.39e-4
Emerson,2.39e-4
Milford,2.39e-4
Pedro,2.38e-4
Francisco,2.37e-4
Saul,2.37e-4
Wilburn,2.36e-4
Truman,2.35e-4
Benny,2.32e-4
Hollis,2.32e-4
Basil,2.3e-4
Lyman,2.29e-4
Dick,2.28e-4
Noah,2.28e-4
Frederic,2.27e-4
Sterling,2.26e-4
Meyer,2.23e-4
Winfred,2.23e-4
Ramon,2.21e-4
Duane,2.19e-4
Mathew,2.17e-4
Buster,2.15e-4
Casimir,2.15e-4
Jackson,2.15e-4
Silas,2.15e-4
Travis,2.15e-4
Winston,2.15e-4
Levi,2.13e-4
Micheal,2.13e-4
Spencer,2.13e-4
Bertram,2.12e-4
Mervin,2.11e-4
Vern,2.08e-4
Weldon,2.08e-4
Ambrose,2.07e-4
Coy,2.04e-4
Dudley,2.04e-4
Vance,2.04e-4
Milo,2.01e-4
Noel,2.01e-4
Lorenzo,1.99e-4
Gabriel,1.98e-4
Cletus,1.97e-4
Jean,1.95e-4
Eric,1.94e-4
Royal,1.94e-4
Pat,1.93e-4
Sanford,1.93e-4
Hugo,1.91e-4
Norris,1.9e-4
Teddy,1.9e-4
Hiram,1.89e-4
Aloysius,1.88e-4
Jeff,1.88e-4
Sydney,1.88e-4
Morgan,1.87e-4
Rolland,1.86e-4
Foster,1.85e-4
Jimmy,1.85e-4
Bud,1.83e-4
Harris,1.82e-4
Isidore,1.81e-4
Odis,1.81e-4
Omer,1.79e-4
Freeman,1.78e-4
Newton,1.78e-4
Sammie,1.78e-4
Shirley,1.78e-4
Scott,1.77e-4
Carmine,1.73e-4
Wilton,1.73e-4
Alden,1.72e-4
Marlin,1.71e-4
Waldo,1.71e-4
Lamar,1.7e-4
Luke,1.7e-4
Evan,1.68e-4
Major,1.67e-4
Van,1.67e-4
Mary,1.66e-4
Ulysses,1.66e-4
Gail,1.65e-4
Gregory,1.65e-4
Randall,1.64e-4
Orlando,1.63e-4
Delmer,1.61e-4
Houston,1.61e-4
Lavern,1.61e-4
Verne,1.61e-4
Elias,1.59e-4
Fletcher,1.59e-4
Benedict,1.58e-4
Jefferson,1.58e-4
Elliott,1.57e-4
Gustave,1.57e-4
Wilber,1.57e-4
Denver,1.56e-4
Christian,1.55e-4
Nolan,1.55e-4
Sigmund,1.55e-4
Augustus,1.54e-4
Linwood,1.53e-4
Maxwell,1.53e-4
Noble,1.53e-4
Sheldon,1.53e-4
Everette,1.52e-4
Olin,1.52e-4
Columbus,1.51e-4
Hershel,1.51e-4
Chris,1.5e-4
Elroy,1.49e-4
Israel,1.49e-4
Justin,1.48e-4
Olen,1.48e-4
Fay,1.47e-4
Hoyt,1.47e-4
Lenard,1.47e-4
Ezra,1.46e-4
Rosario,1.46e-4
Arlie,1.45e-4
Riley,1.45e-4
Albin,1.44e-4
Emile,1.44e-4
Cyrus,1.42e-4
Palmer,1.41e-4
Rene,1.41e-4
Theron,1.41e-4
Nickolas,1.4e-4
Al,1.39e-4
Darwin,1.39e-4
Dewitt,1.39e-4
Phil,1.39e-4
Kelly,1.38e-4
Oren,1.37e-4
Otha,1.37e-4
Burl,1.36e-4
Antone,1.34e-4
Ora,1.34e-4
Royce,1.34e-4
Lincoln,1.33e-4
Anderson,1.32e-4
Casimer,1.32e-4
Reed,1.32e-4
Blaine,1.31e-4
Clay,1.31e-4
Carlo,1.3e-4
Enoch,1.3e-4
Hal,1.3e-4
Harland,1.3e-4
Alfredo,1.29e-4
Jules,1.29e-4
Salvador,1.29e-4
Gale,1.28e-4
Arther,1.27e-4
Granville,1.27e-4
Sebastian,1.27e-4
Joshua,1.26e-4
Aldo,1.25e-4
Armando,1.25e-4
Eldred,1.25e-4
Florian,1.25e-4
Hobert,1.25e-4
Walton,1.25e-4
Elwin,1.24e-4
Lucien,1.24e-4
Rubin,1.24e-4
Shelby,1.24e-4
Taylor,1.24e-4
Vaughn,1.24e-4
Edison,1.23e-4
Harmon,1.22e-4
Arden,1.21e-4
Merton,1.21e-4
Raleigh,1.21e-4
Rupert,1.21e-4
Augustine,1.2e-4
Avery,1.2e-4
Davis,1.2e-4
Junius,1.2e-4
Lemuel,1.2e-4
Matt,1.2e-4
Romeo,1.2e-4
Dalton,1.19e-4
Luis,1.19e-4
Mason,1.19e-4
Mose,1.19e-4
Domenic,1.18e-4
Coleman,1.16e-4
Dee,1.16e-4
Domingo,1.16e-4
Hilton,1.16e-4
Jewel,1.16e-4
Lacy,1.16e-4
Lucius,1.16e-4
Dorsey,1.15e-4
Carrol,1.14e-4
Elzie,1.14e-4
Porter,1.14e-4
Edd,1.13e-4
Isaiah,1.13e-4
Judson,1.13e-4
Rudy,1.13e-4
Casper,1.12e-4
Gaylord,1.12e-4
Jewell,1.12e-4
Miguel,1.12e-4
Stanford,1.12e-4
Ottis,1.1e-4
Joesph,1.09e-4
Lucian,1.09e-4
Rogers,1.09e-4
Walker,1.09e-4
Americo,1.08e-4
Jeremiah,1.08e-4
Marcel,1.08e-4
Otho,1.08e-4
Valentine,1.08e-4
Dock,1.07e-4
Durward,1.07e-4
Guido,1.07e-4
Clem,1.06e-4
Garfield,1.06e-4
Carlyle,1.05e-4
Emilio,1.05e-4
Mckinley,1.05e-4
Hobart,1.04e-4
Rollin,1.04e-4
Winfield,1.04e-4
Gustav,1.03e-4
Oral,1.03e-4
Alois,1.02e-4
Dana,1.02e-4
Regis,1.02e-4
Santo,1.02e-4
Alphonso,1.01e-4
Carol,1.01e-4
Jonathan,1.01e-4
Merritt,1.01e-4
Elmore,1e-4
Ford,1e-4
Isiah,1e-4
Roderick,1e-4
Ignatius,9.9e-5
Logan,9.8e-5
Murry,9.8e-5
Oswald,9.8e-5
Eldridge,9.7e-5
Jason,9.7e-5
Raul,9.7e-5
Graham,9.6e-5
Terry,9.6e-5
Carter,9.5e-5
Elden,9.5e-5
Warner,9.5e-5
Bennett,9.4e-5
Carson,9.4e-5
Constantine,9.4e-5
Mahlon,9.4e-5
Rowland,9.4e-5
Franklyn,9.3e-5
Haywood,9.3e-5
King,9.3e-5
Urban,9.3e-5
Ike,9.2e-5
Orin,9.2e-5
Orrin,9.2e-5
Sherwood,9.2e-5
Theo,9.2e-5
Alvis,9.1e-5
Buck,9.1e-5
Clare,9.1e-5
Felton,9.1e-5
Guadalupe,9.1e-5
Abel,9e-5
Asa,9e-5
Hans,9e-5
Darrel,8.9e-5
Hector,8.9e-5
Lambert,8.9e-5
Pablo,8.9e-5
Pearl,8.9e-5
Prince,8.9e-5
Raphael,8.9e-5
Abner,8.8e-5
Clovis,8.8e-5
Crawford,8.8e-5
Hayward,8.8e-5
Talmadge,8.8e-5
Early,8.7e-5
Haskell,8.7e-5
Mortimer,8.7e-5
Raymon,8.7e-5
Tracy,8.7e-5
Fredric,8.5e-5
Leander,8.5e-5
Loy,8.5e-5
Alberto,8.4e-5
Oran,8.4e-5
Seth,8.4e-5
Carey,8.3e-5
Emmitt,8.3e-5
Fernando,8.3e-5
General,8.3e-5
Lawson,8.3e-5
Obie,8.3e-5
Omar,8.3e-5
Alvie,8.2e-5
Bernie,8.2e-5
Napoleon,8.2e-5
Verl,8.2e-5
Adolphus,8.1e-5
Carmelo,8.1e-5
Elisha,8.1e-5
Garth,8.1e-5
Hamilton,8.1e-5
Hilbert,8.1e-5
Julio,8.1e-5
Ludwig,8.1e-5
Roberto,8.1e-5
Silvio,8.1e-5
Benton,8e-5
Gaetano,8e-5
Hermon,8e-5
Milburn,8e-5
Shelton,8e-5
Webster,8e-5
Werner,8e-5
Chauncey,7.9e-5
Clarance,7.9e-5
Mac,7.9e-5
Rafael,7.9e-5
Dante,7.8e-5
Evans,7.8e-5
Fritz,7.8e-5
Glendon,7.8e-5
Kyle,7.8e-5
Newell,7.8e-5
Tillman,7.8e-5
Enrique,7.7e-5
Ernie,7.7e-5
Howell,7.7e-5
Loyal,7.7e-5
Meredith,7.7e-5
Olaf,7.7e-5
Addison,7.6e-5
Archibald,7.6e-5
Bernice,7.6e-5
Beverly,7.6e-5
Blair,7.6e-5
Connie,7.6e-5
Giles,7.6e-5
Hardy,7.6e-5
Jonas,7.6e-5
Murphy,7.6e-5
Norval,7.6e-5
Sylvan,7.6e-5
Alford,7.5e-5
Allison,7.5e-5
Arvid,7.5e-5
Bradford,7.5e-5
Chas,7.5e-5
Cloyd,7.5e-5
Elwyn,7.5e-5
Felipe,7.5e-5
Frances,7.5e-5
Gary,7.5e-5
Quentin,7.5e-5
Reinhold,7.5e-5
Sammy,7.5e-5
Boyce,7.4e-5
Buddy,7.4e-5
Domenick,7.4e-5
Evert,7.4e-5
Henderson,7.4e-5
Reynold,7.4e-5
Verlin,7.4e-5
Verner,7.4e-5
Garnett,7.3e-5
Hazel,7.3e-5
Wm,7.3e-5
Alec,7.2e-5
Arlo,7.2e-5
Dayton,7.2e-5
Ellwood,7.2e-5
Elvis,7.2e-5
Galen,7.2e-5
Hayden,7.2e-5
Lindsey,7.2e-5
Merl,7.2e-5
Sandy,7.2e-5
Tomas,7.2e-5
Turner,7.2e-5
Brooks,7.1e-5
Duncan,7.1e-5
Ignacio,7.1e-5
Stanton,7.1e-5
Bonnie,7e-5
Denzil,7e-5
Garrett,7e-5
Leopold,7e-5
Lonzo,7e-5
Lucious,7e-5
Parker,7e-5
Arvel,6.9e-5
Benito,6.9e-5
Carleton,6.9e-5
Dexter,6.9e-5
Emmet,6.9e-5
Milan,6.9e-5
Rollie,6.9e-5
Vergil,6.9e-5
Arvil,6.8e-5
Clemens,6.8e-5
Lafayette,6.8e-5
Myles,6.8e-5
Norton,6.8e-5
Adelbert,6.7e-5
Allie,6.7e-5
Danny,6.7e-5
Doris,6.7e-5
Llewellyn,6.7e-5
Loran,6.7e-5
Maxie,6.7e-5
Nicolas,6.7e-5
Smith,6.7e-5
Arne,6.6e-5
Benjiman,6.6e-5
Bobbie,6.6e-5
Claudie,6.6e-5
Aron,6.5e-5
Audrey,6.5e-5
Bobby,6.5e-5
Claire,6.5e-5
Gerhard,6.5e-5
Jerald,6.5e-5
Santos,6.5e-5
Vester,6.5e-5
Watson,6.5e-5
Barton,6.4e-5
Bertrand,6.4e-5
Brady,6.4e-5
Christ,6.4e-5
Cleve,6.4e-5
Dillard,6.4e-5
Gardner,6.4e-5
Godfrey,6.4e-5
Helen,6.4e-5
Madison,6.4e-5
Manley,6.4e-5
Masao,6.4e-5
Miller,6.4e-5
Vivian,6.4e-5
Winford,6.4e-5
Yoshio,6.4e-5
Beryl,6.3e-5
Burt,6.3e-5
Dorothy,6.3e-5
Ernesto,6.3e-5
Hunter,6.3e-5
Ivy,6.3e-5
Lawerence,6.3e-5
Melville,6.3e-5
Nunzio,6.3e-5
Trinidad,6.3e-5
Craig,6.2e-5
Ivory,6.2e-5
Judge,6.2e-5
Kirby,6.2e-5
Lois,6.2e-5
Andres,6e-5
Armond,6e-5
Ernst,6e-5
Finley,6e-5
Hampton,6e-5
Margaret,6e-5
Pierce,6e-5
Theadore,6e-5
Wellington,6e-5
Woodroe,6e-5
Abram,5.9e-5
Gayle,5.9e-5
Jennings,5.9e-5
June,5.9e-5
Kent,5.9e-5
Orvil,5.9e-5
Reno,5.9e-5
Rueben,5.9e-5
Angel,5.8e-5
Bryant,5.8e-5
Cary,5.8e-5
Lon,5.8e-5
Nat,5.8e-5
Melton,5.7e-5
Reid,5.7e-5
Rudolf,5.7e-5
Toney,5.7e-5
Angus,5.6e-5
Burdette,5.6e-5
Elliot,5.6e-5
Johnson,5.6e-5
Merlyn,5.6e-5
Norwood,5.6e-5
Rodolfo,5.6e-5
Thornton,5.6e-5
Thurston,5.6e-5
Zigmund,5.6e-5
Emmit,5.5e-5
Frankie,5.5e-5
Garnet,5.5e-5
Golden,5.5e-5
Jordan,5.5e-5
Marcellus,5.5e-5
Odie,5.5e-5
Pershing,5.5e-5
Vernie,5.5e-5
Artie,5.4e-5
Arturo,5.4e-5
Bryan,5.4e-5
Burley,5.4e-5
Eino,5.4e-5
Gaston,5.4e-5
Jonnie,5.4e-5
Reino,5.4e-5
Ruby,5.4e-5
Wilfrid,5.4e-5
Alfonse,5.3e-5
Ewald,5.3e-5
Linus,5.3e-5
Ruth,5.3e-5
Welton,5.3e-5
Wylie,5.3e-5
Adolf,5.2e-5
Bernhard,5.2e-5
Enos,5.2e-5
Estel,5.2e-5
Hideo,5.2e-5
Leeroy,5.2e-5
Oakley,5.2e-5
Reese,5.2e-5
Weston,5.2e-5
Arvin,5.1e-5
Bradley,5.1e-5
Chalmer,5.1e-5
Ezekiel,5.1e-5
Gasper,5.1e-5
Hosea,5.1e-5
Hudson,5.1e-5
Rayford,5.1e-5
Santiago,5.1e-5
Tim,5.1e-5
Toivo,5.1e-5
Arno,5e-5
Auther,5e-5
Clint,5e-5
Cornell,5e-5
Earlie,5e-5
Edson,5e-5
Foy,5e-5
Gregorio,5e-5
Huston,5e-5
Jarvis,5e-5
Louise,5e-5
Mitchel,5e-5
Waldemar,5e-5
Wyatt,5e-5
Benson,4.9e-5
Berton,4.9e-5
Denis,4.9e-5
Elgin,4.9e-5
Finis,4.9e-5
Lauren,4.9e-5
Marshal,4.9e-5
Price,4.9e-5
Raoul,4.9e-5
Waymon,4.9e-5
Worth,4.9e-5
Arley,4.8e-5
Berry,4.8e-5
Hezekiah,4.8e-5
Hiroshi,4.8e-5
Olan,4.8e-5
Oris,4.8e-5
Pierre,4.8e-5
Quincy,4.8e-5
Ransom,4.8e-5
Rexford,4.8e-5
Ricardo,4.8e-5
Richmond,4.8e-5
Rodger,4.8e-5
Rosevelt,4.8e-5
Vincenzo,4.8e-5
Artis,4.7e-5
Ashley,4.7e-5
Baxter,4.7e-5
Caleb,4.7e-5
Cleon,4.7e-5
Dorris,4.7e-5
Elza,4.7e-5
Glenwood,4.7e-5
Hillard,4.7e-5
Hughie,4.7e-5
Kendall,4.7e-5
Lindsay,4.7e-5
Malvin,4.7e-5
Mildred,4.7e-5
Myer,4.7e-5
Nels,4.7e-5
Normand,4.7e-5
Orland,4.7e-5
Orvin,4.7e-5
Stephan,4.7e-5
Washington,4.7e-5
Arlington,4.6e-5
Attilio,4.6e-5
Burnell,4.6e-5
Ennis,4.6e-5
Erling,4.6e-5
Hansel,4.6e-5
Hayes,4.6e-5
Henery,4.6e-5
Hilary,4.6e-5
Hilliard,4.6e-5
Laurel,4.6e-5
Lou,4.6e-5
Merwin,4.6e-5
Verle,4.6e-5
Williams,4.6e-5
Einar,4.5e-5
Hurley,4.5e-5
Ishmael,4.5e-5
Joyce,4.5e-5
Minoru,4.5e-5
