name,percent
John,0.05171
William,0.045551
Robert,0.044224
James,0.04355
Charles,0.025711
George,0.02442
Joseph,0.023243
Edward,0.018252
Frank,0.014916
Richard,0.013633
Thomas,0.013564
Harold,0.012431
Walter,0.012077
Paul,0.01142
Raymond,0.011082
Donald,0.010847
Henry,0.010274
Arthur,0.009304
Albert,0.009088
Jack,0.008711
Harry,0.008542
Ralph,0.007775
Kenneth,0.007125
Howard,0.006773
David,0.006757
Clarence,0.006567
Carl,0.006365
Louis,0.006337
Willie,0.00626
Eugene,0.006237
Earl,0.005939
Roy,0.005771
Fred,0.005733
Francis,0.005676
Joe,0.005513
Lawrence,0.005208
Ernest,0.005054
Leonard,0.005004
Warren,0.004983
Stanley,0.004825
Herbert,0.004775
Alfred,0.004544
Anthony,0.004499
Samuel,0.004221
Elmer,0.003822
Bernard,0.003783
Norman,0.003731
Leo,0.003683
Andrew,0.003651
Michael,0.003626
Russell,0.003545
Daniel,0.003541
Edwin,0.003389
Melvin,0.003378
Chester,0.003361
Leroy,0.003228
Peter,0.00318
Lloyd,0.003136
Clifford,0.002982
Frederick,0.002978
Floyd,0.002962
Marvin,0.002947
Theodore,0.002927
Gerald,0.002867
Vernon,0.002856
Herman,0.002826
Ray,0.002809
Clyde,0.002792
Lester,0.002792
Charlie,0.002529
Philip,0.002449
Lewis,0.002442
Vincent,0.002419
Milton,0.002353
Leon,0.002324
Alvin,0.002291
Cecil,0.002232
Martin,0.002218
Jesse,0.002199
Glenn,0.002157
Victor,0.002132
Lee,0.002107
Benjamin,0.002097
Sam,0.002075
Gordon,0.002071
Wayne,0.001979
Harvey,0.001969
Willard,0.001895
Edgar,0.001841
Oscar,0.001825
Arnold,0.001734
Claude,0.001721
Wallace,0.001702
Allen,0.001695
Everett,0.001662
Stephen,0.001607
Gilbert,0.0016
Wilbur,0.00158
Johnnie,0.001569
Homer,0.001566
Virgil,0.001555
Maurice,0.001551
Roger,0.001535
Eddie,0.001526
Dale,0.001522
Douglas,0.001505
Sidney,0.001463
Marion,0.001458
Morris,0.001457
Leslie,0.001446
Jessie,0.001443
Max,0.001419
Hubert,0.001369
Roland,0.001364
Hugh,0.001354
Irving,0.001348
Alexander,0.00134
Manuel,0.001322
Franklin,0.001318
Curtis,0.001307
Bill,0.001294
Glen,0.001284
Luther,0.001254
Nicholas,0.00123
Julius,0.001196
Jerome,0.001165
Steve,0.001165
Horace,0.001158
Wesley,0.001133
Jose,0.001128
Billy,0.001098
Tom,0.001097
Willis,0.001088
Orville,0.001086
Oliver,0.001056
Tony,0.001042
Ben,0.001034
Edmund,0.001002
Calvin,9.99e-4
Earnest,9.93e-4
Mike,9.76e-4
Alex,9.67e-4
Jerry,9.53e-4
Jacob,9.52e-4
Archie,9.45e-4
Otis,9.41e-4
Jimmie,9.27e-4
Don,9.25e-4
Bruce,9.03e-4
Delbert,8.93e-4
Lyle,8.81e-4
Matthew,8.79e-4
Clayton,8.74e-4
Guy,8.72e-4
Angelo,8.37e-4
Clifton,8.25e-4
Clinton,8.24e-4
Salvatore,8.23e-4
Patrick,7.98e-4
Wilbert,7.86e-4
Bennie,7.78e-4
Marshall,7.74e-4
Ervin,7.65e-4
Phillip,7.61e-4
Emil,7.6e-4
Jim,7.6e-4
Nathaniel,7.59e-4
Ronald,7.56e-4
Ira,7.55e-4
Rudolph,7.53e-4
Merle,7.42e-4
Nathan,7.39e-4
Gene,7.34e-4
Sylvester,7.33e-4
Keith,7.3e-4
Wilfred,7.29e-4
Leland,7.26e-4
Forrest,7.19e-4
Ivan,7.18e-4
Dean,7.16e-4
Elbert,7.13e-4
Woodrow,7.03e-4
Irvin,7.02e-4
Johnny,6.99e-4
Dan,6.94e-4
Nelson,6.75e-4
Lonnie,6.71e-4
Rufus,6.64e-4
Isaac,6.46e-4
Bob,6.44e-4
Antonio,6.41e-4
Johnie,6.4e-4
Junior,6.36e-4
Nick,6.36e-4
Julian,6.3e-4
Grover,6.22e-4
Alton,6.2e-4
Aaron,6.08e-4
Lowell,6.08e-4
Felix,6.07e-4
Jay,6.04e-4
Abraham,5.99e-4
Seymour,5.98e-4
Ellis,5.86e-4
Pete,5.79e-4
Otto,5.76e-4
Dennis,5.67e-4
Dewey,5.61e-4
Emmett,5.57e-4
Rex,5.57e-4
Carroll,5.52e-4
August,5.5e-4
Juan,5.49e-4
Roscoe,5.49e-4
Grady,5.48e-4
Percy,5.47e-4
Owen,5.43e-4
Bert,5.38e-4
Mark,5.36e-4
Elwood,5.33e-4
Loyd,5.31e-4
Wilson,5.3e-4
Adam,5.24e-4
Byron,5.18e-4
Dominick,5.11e-4
Fredrick,5.08e-4
Malcolm,5.04e-4
Laurence,4.99e-4
Myron,4.98e-4
Ross,4.98e-4
Ted,4.95e-4
Wendell,4.94e-4
Perry,4.92e-4
Dominic,4.89e-4
Allan,4.84e-4
Mack,4.84e-4
Loren,4.82e-4
Jesus,4.81e-4
Murray,4.76e-4
Billie,4.75e-4
Troy,4.71e-4
Adolph,4.71e-4
Eldon,4.7e-4
Norbert,4.7e-4
Karl,4.58e-4
Amos,4.47e-4
Neil,4.43e-4
Sherman,4.43e-4
Charley,4.42e-4
Harley,4.42e-4
Preston,4.4e-4
Aubrey,4.32e-4
Austin,4.23e-4
Reuben,4.23e-4
Erwin,4.18e-4
Boyd,4.15e-4
Duane,4.12e-4
Freddie,4.11e-4
Wilmer,4.02e-4
Carlton,3.99e-4
Larry,3.99e-4
Morton,3.96e-4
Burton,3.94e-4
Alan,3.92e-4
Cornelius,3.92e-4
Edmond,3.92e-4
Carlos,3.84e-4
Louie,3.81e-4
Millard,3.81e-4
Steven,3.79e-4
Mitchell,3.76e-4
Lynn,3.75e-4
Tommie,3.75e-4
Dwight,3.73e-4
Gerard,3.72e-4
Harrison,3.7e-4
Mario,3.7e-4
Garland,3.66e-4
Elmo,3.61e-4
Doyle,3.59e-4
Elton,3.59e-4
Grant,3.55e-4
Russel,3.53e-4
Jasper,3.52e-4
Kermit,3.49e-4
Moses,3.48e-4
Ramon,3.47e-4
Emanuel,3.45e-4
Maynard,3.41e-4
Rocco,3.41e-4
Laverne,3.4e-4
Dave,3.39e-4
Neal,3.37e-4
Will,3.36e-4
Wade,3.33e-4
Jake,3.28e-4
Monroe,3.27e-4
Thurman,3.27e-4
Francisco,3.26e-4
Roosevelt,3.26e-4
Darrell,3.25e-4
Cleveland,3.23e-4
Solomon,3.22e-4
Rodney,3.21e-4
Dallas,3.2e-4
Cleo,3.17e-4
Earle,3.16e-4
Joel,3.16e-4
Tommy,3.16e-4
Simon,3.1e-4
Clair,3.08e-4
Quentin,3.07e-4
Ruben,3.06e-4
Delmar,3.04e-4
Irwin,3.04e-4
Odell,3.04e-4
Jess,3.02e-4
Harlan,3.01e-4
Dick,3e-4
Elvin,3e-4
Alphonse,2.98e-4
Armand,2.96e-4
Jimmy,2.96e-4
Stuart,2.96e-4
Weldon,2.96e-4
Marcus,2.92e-4
Andy,2.87e-4
Gus,2.84e-4
Merlin,2.84e-4
Alonzo,2.82e-4
Ed,2.82e-4
Emory,2.82e-4
Claud,2.81e-4
Clark,2.8e-4
Clement,2.79e-4
Conrad,2.73e-4
Thaddeus,2.72e-4
Christopher,2.69e-4
Orval,2.68e-4
Carmen,2.65e-4
Forest,2.65e-4
Ollie,2.65e-4
Randolph,2.65e-4
Bruno,2.64e-4
Merrill,2.63e-4
Patsy,2.61e-4
Alfonso,2.6e-4
Ward,2.59e-4
Ned,2.58e-4
Adrian,2.57e-4
Emery,2.56e-4
Pedro,2.53e-4
Alva,2.53e-4
Buford,2.52e-4
Cyril,2.52e-4
Elijah,2.52e-4
Jean,2.52e-4
Vito,2.51e-4
Reginald,2.49e-4
Vern,2.49e-4
Hollis,2.47e-4
Lionel,2.47e-4
Stewart,2.45e-4
Timothy,2.45e-4
Benny,2.44e-4
Wilburn,2.44e-4
Hyman,2.43e-4
Barney,2.41e-4
Sammie,2.41e-4
Truman,2.39e-4
Wiley,2.39e-4
Anton,2.34e-4
Emerson,2.34e-4
Sterling,2.34e-4
Levi,2.32e-4
Eli,2.29e-4
Wilford,2.27e-4
Mervin,2.26e-4
Roman,2.25e-4
Sol,2.23e-4
Ellsworth,2.23e-4
Herschel,2.22e-4
Basil,2.2e-4
Noah,2.2e-4
Coy,2.19e-4
Travis,2.18e-4
Teddy,2.16e-4
Lavern,2.14e-4
Jackson,2.12e-4
Miles,2.1e-4
Milford,2.08e-4
Norris,2.08e-4
Harris,2.07e-4
Spencer,2.07e-4
Winfred,2.07e-4
Harding,2.06e-4
Hiram,2.02e-4
Silas,2e-4
Van,1.98e-4
Luis,1.97e-4
Milo,1.97e-4
Sanford,1.95e-4
Carmine,1.94e-4
Rolland,1.93e-4
Winston,1.92e-4
Pasquale,1.91e-4
Ambrose,1.9e-4
Vance,1.89e-4
Buster,1.88e-4
Jeff,1.88e-4
Mathew,1.88e-4
Casimir,1.87e-4
Noel,1.87e-4
Saul,1.87e-4
Abe,1.86e-4
Pat,1.85e-4
Salvador,1.84e-4
Dudley,1.83e-4
Foster,1.83e-4
Freeman,1.83e-4
Gabriel,1.83e-4
Lenard,1.83e-4
Sheldon,1.82e-4
Bertram,1.81e-4
Royal,1.81e-4
Isadore,1.8e-4
Hershel,1.78e-4
Shirley,1.78e-4
Aloysius,1.77e-4
Noble,1.77e-4
Booker,1.76e-4
Mary,1.76e-4
Frederic,1.75e-4
Hal,1.75e-4
Odis,1.74e-4
Delmer,1.74e-4
Scott,1.74e-4
Denver,1.73e-4
Lorenzo,1.73e-4
Newton,1.73e-4
Ulysses,1.73e-4
Omer,1.72e-4
Olin,1.71e-4
Bud,1.69e-4
Eric,1.69e-4
Ferdinand,1.69e-4
Lamar,1.66e-4
Gregory,1.65e-4
Lyman,1.65e-4
Orlando,1.64e-4
Alden,1.64e-4
Chris,1.64e-4
Anderson,1.63e-4
Elliott,1.63e-4
Raul,1.63e-4
Guadalupe,1.61e-4
Sydney,1.61e-4
Darwin,1.6e-4
Gale,1.6e-4
Houston,1.59e-4
Burl,1.58e-4
Micheal,1.58e-4
Cletus,1.57e-4
Royce,1.57e-4
Marlin,1.56e-4
Bobby,1.55e-4
Gail,1.55e-4
Randall,1.55e-4
Major,1.54e-4
Elias,1.53e-4
Hobert,1.52e-4
Luke,1.51e-4
Riley,1.51e-4
Everette,1.5e-4
Augustus,1.49e-4
Hoyt,1.49e-4
Morgan,1.48e-4
Olen,1.48e-4
Armando,1.46e-4
Linwood,1.46e-4
Evan,1.44e-4
Hugo,1.44e-4
Warner,1.44e-4
Wilton,1.44e-4
Arlie,1.43e-4
Nolan,1.43e-4
Rupert,1.43e-4
Dewitt,1.39e-4
Jefferson,1.39e-4
Wilber,1.38e-4
Walker,1.37e-4
Al,1.36e-4
Junius,1.36e-4
Merton,1.36e-4
Waldo,1.36e-4
Mckinley,1.34e-4
Roberto,1.34e-4
Clay,1.34e-4
Lemuel,1.33e-4
Theron,1.33e-4
Shelby,1.32e-4
Augustine,1.31e-4
Columbus,1.31e-4
Gustave,1.31e-4
Oren,1.31e-4
Palmer,1.31e-4
Carlo,1.3e-4
Christian,1.3e-4
Dalton,1.3e-4
Darrel,1.3e-4
Emile,1.29e-4
Mason,1.29e-4
Terry,1.29e-4
Ezra,1.28e-4
Rene,1.28e-4
Elroy,1.27e-4
Granville,1.27e-4
Nickolas,1.27e-4
Otha,1.27e-4
Sebastian,1.26e-4
Hilton,1.25e-4
Lincoln,1.25e-4
Lucius,1.25e-4
Blaine,1.24e-4
Israel,1.24e-4
Albin,1.22e-4
Fay,1.22e-4
Harland,1.22e-4
Carrol,1.21e-4
Jewel,1.21e-4
Pablo,1.21e-4
Raleigh,1.21e-4
Verne,1.2e-4
Meyer,1.19e-4
Isidore,1.18e-4
Ottis,1.18e-4
Phil,1.18e-4
Dock,1.17e-4
Elden,1.17e-4
Elwin,1.17e-4
Jeremiah,1.17e-4
Quinton,1.17e-4
Harmon,1.16e-4
Benedict,1.15e-4
Bobbie,1.15e-4
Joshua,1.15e-4
Miguel,1.15e-4
Gaylord,1.14e-4
Haywood,1.14e-4
Lucian,1.13e-4
Rafael,1.13e-4
Alberto,1.12e-4
Antone,1.12e-4
Emilio,1.12e-4
Isiah,1.12e-4
Valentine,1.12e-4
Domingo,1.11e-4
Fletcher,1.11e-4
Hobart,1.11e-4
Isaiah,1.11e-4
Mose,1.11e-4
Reed,1.11e-4
Vaughn,1.11e-4
Walton,1.11e-4
Kelly,1.1e-4
Lucien,1.1e-4
Ora,1.1e-4
Winfield,1.1e-4
Edd,1.09e-4
Hector,1.09e-4
Maxwell,1.09e-4
Sigmund,1.09e-4
Porter,1.08e-4
Dorsey,1.07e-4
Eldred,1.07e-4
Cyrus,1.06e-4
Davis,1.06e-4
Domenic,1.05e-4
Rubin,1.05e-4
Bryce,1.04e-4
Joesph,1.04e-4
Trinidad,1.04e-4
Bernice,1.04e-4
Hermon,1.04e-4
Judson,1.04e-4
Sammy,1.04e-4
Tomas,1.04e-4
Avery,1.03e-4
Constantine,1.03e-4
Arden,1.02e-4
Arther,1.02e-4
Arturo,1.02e-4
Coleman,1.02e-4
Jewell,1.02e-4
Jonathan,1.02e-4
Hardy,1.01e-4
Orin,1.01e-4
Rudy,1.01e-4
Casimer,1e-4
Enoch,1e-4
Raymon,1e-4
Alfredo,9.9e-5
Felipe,9.9e-5
Frankie,9.9e-5
Graham,9.9e-5
Seth,9.9e-5
Frances,9.8e-5
King,9.8e-5
Taylor,9.8e-5
Carol,9.7e-5
Justin,9.7e-5
Lacy,9.7e-5
Merritt,9.7e-5
Bryant,9.6e-5
Marcel,9.6e-5
Meredith,9.6e-5
Asa,9.4e-5
Garfield,9.4e-5
Roderick,9.4e-5
Romeo,9.4e-5
Talmadge,9.4e-5
Buddy,9.4e-5
Clare,9.4e-5
Eldridge,9.4e-5
Raphael,9.4e-5
Rollin,9.4e-5
Elzie,9.3e-5
Emmitt,9.3e-5
Aldo,9.2e-5
Alvie,9e-5
Andres,9e-5
Carter,9e-5
Clem,9e-5
Emmet,9e-5
Rosario,9e-5
Alvis,8.9e-5
Dana,8.9e-5
Julio,8.9e-5
Stanford,8.9e-5
Winford,8.9e-5
Carson,8.8e-5
Ignacio,8.8e-5
Ignatius,8.8e-5
Sherwood,8.8e-5
Theo,8.8e-5
Carlyle,8.7e-5
Dee,8.7e-5
Fernando,8.7e-5
Napoleon,8.7e-5
Bennett,8.6e-5
Jennings,8.6e-5
Jules,8.6e-5
Benton,8.5e-5
Beverly,8.5e-5
Brady,8.5e-5
Connie,8.5e-5
Durward,8.5e-5
Enrique,8.5e-5
Loyal,8.5e-5
Mahlon,8.5e-5
Matt,8.5e-5
Claudie,8.4e-5
Dempsey,8.4e-5
Elwyn,8.4e-5
Florian,8.4e-5
Howell,8.4e-5
Pearl,8.4e-5
Arvid,8.3e-5
General,8.3e-5
Glendon,8.3e-5
Leander,8.3e-5
Stanton,8.3e-5
Danny,8.2e-5
Evert,8.2e-5
Guido,8.2e-5
Kent,8.2e-5
Bernie,8.1e-5
Buck,8.1e-5
Santo,8.1e-5
Dexter,8e-5
Loy,8e-5
Omar,8e-5
Rogers,8e-5
Santos,8e-5
Urban,8e-5
Alphonso,7.9e-5
Dayton,7.9e-5
Dillard,7.9e-5
Edison,7.9e-5
Milan,7.9e-5
Bertrand,7.8e-5
Bradley,7.8e-5
Domenick,7.8e-5
Doris,7.8e-5
Duncan,7.8e-5
Elmore,7.8e-5
Garnett,7.8e-5
Ike,7.8e-5
Lawson,7.8e-5
Angel,7.7e-5
Casper,7.7e-5
Kyle,7.7e-5
Normand,7.7e-5
Benito,7.6e-5
Carmelo,7.6e-5
Hayward,7.6e-5
Jonas,7.6e-5
Miller,7.6e-5
Oran,7.6e-5
Orrin,7.6e-5
Webster,7.6e-5
Americo,7.5e-5
Aron,7.5e-5
Bryan,7.5e-5
Garrett,7.5e-5
Oral,7.5e-5
Alford,7.4e-5
Arlo,7.4e-5
Otho,7.4e-5
Blair,7.4e-5
Felton,7.4e-5
Galen,7.4e-5
Gilberto,7.4e-5
Ivory,7.4e-5
Rodger,7.4e-5
Ellwood,7.3e-5
Garth,7.3e-5
Gregorio,7.3e-5
Oswald,7.3e-5
Prince,7.3e-5
Santiago,7.3e-5
Abel,7.2e-5
Haskell,7.2e-5
Obie,7.2e-5
Rowland,7.2e-5
Shelton,7.2e-5
Verlin,7.2e-5
Clovis,7.1e-5
Evans,7.1e-5
Hazel,7.1e-5
Leeroy,7.1e-5
Reid,7.1e-5
Winton,7.1e-5
Cameron,7e-5
Clarance,7e-5
Craig,7e-5
Dorothy,7e-5
Elliot,7e-5
Ernesto,7e-5
Ernie,7e-5
Estel,7e-5
Gaetano,7e-5
Henderson,7e-5
Verl,7e-5
Allie,6.9e-5
Brooks,6.9e-5
Early,6.9e-5
Franklyn,6.9e-5
Jason,6.9e-5
Lambert,6.9e-5
Ruby,6.9e-5
Theadore,6.9e-5
Carleton,6.8e-5
Gary,6.8e-5
Jordan,6.8e-5
Newell,6.8e-5
Arvil,6.7e-5
Bradford,6.7e-5
Denzil,6.7e-5
Elvis,6.7e-5
Logan,6.7e-5
Mac,6.7e-5
Merl,6.7e-5
Ricardo,6.7e-5
Chauncey,6.6e-5
Cloyd,6.6e-5
June,6.6e-5
Murphy,6.6e-5
Rayford,6.6e-5
Reynold,6.6e-5
Rodolfo,6.6e-5
Silvio,6.6e-5
Vernie,6.6e-5
Williams,6.6e-5
Adolphus,6.5e-5
Burt,6.5e-5
Claire,6.5e-5
Norwood,6.5e-5
Regis,6.5e-5
Vivian,6.5e-5
Alois,6.4e-5
Elisha,6.4e-5
Fritz,6.4e-5
Lonzo,6.4e-5
Milburn,6.4e-5
Myles,6.4e-5
Pierre,6.4e-5
Vergil,6.4e-5
Werner,6.4e-5
Wm,6.4e-5
Abner,6.4e-5
Cruz,6.4e-5
Mortimer,6.4e-5
Nicolas,6.4e-5
Smith,6.4e-5
Boyce,6.3e-5
Elgin,6.3e-5
Giles,6.3e-5
Olan,6.3e-5
Beryl,6.2e-5
Guillermo,6.2e-5
Hunter,6.2e-5
Johnson,6.2e-5
Lafayette,6.2e-5
Thornton,6.2e-5
Alec,6.1e-5
Alejandro,6.1e-5
Audrey,6.1e-5
Burnell,6.1e-5
Clint,6.1e-5
Leopold,6.1e-5
Murry,6.1e-5
Sylvan,6.1e-5
Thurston,6.1e-5
Vester,6.1e-5
Bonnie,6e-5
Burdette,6e-5
Dante,6e-5
Elza,6e-5
Glenwood,6e-5
Issac,6e-5
Lauren,6e-5
Marcellus,6e-5
Merlyn,6e-5
Turner,6e-5
Arvel,5.9e-5
Cleve,5.9e-5
Judge,5.9e-5
Kay,5.9e-5
Madison,5.9e-5
Orland,5.9e-5
Stacy,5.9e-5
Sumner,5.9e-5
Tillman,5.9e-5
Verner,5.9e-5
Chas,5.8e-5
Clemens,5.8e-5
Hayden,5.8e-5
Maxie,5.8e-5
Parker,5.8e-5
Tim,5.8e-5
Verle,5.8e-5
Welton,5.8e-5
Barton,5.7e-5
Carey,5.7e-5
Hans,5.7e-5
Helen,5.7e-5
Leamon,5.7e-5
Melton,5.7e-5
Mitchel,5.7e-5
Nunzio,5.7e-5
Orvil,5.7e-5
Waymon,5.7e-5
Wylie,5.7e-5
Crawford,5.6e-5
Damon,5.6e-5
Hilbert,5.6e-5
Hosea,5.6e-5
Joyce,5.6e-5
Lawerence,5.6e-5
Lupe,5.6e-5
Malvin,5.6e-5
Odie,5.6e-5
Sandy,5.6e-5
Vicente,5.6e-5
Cary,5.5e-5
Donovan,5.5e-5
Fredric,5.5e-5
Gaston,5.5e-5
Hamilton,5.5e-5
Hillard,5.5e-5
Hiroshi,5.5e-5
Kirby,5.5e-5
Loran,5.5e-5
Ludwig,5.5e-5
Norval,5.5e-5
Virgle,5.5e-5
Addison,5.5e-5
Angus,5.5e-5
Benjiman,5.5e-5
Gustav,5.5e-5
Kendall,5.5e-5
Lorin,5.5e-5
Melville,5.5e-5
Archibald,5.4e-5
Jerald,5.4e-5
Joaquin,5.4e-5
Jodie,5.4e-5
Jones,5.4e-5
Whitney,5.4e-5
Worth,5.4e-5
Armond,5.3e-5
Cedric,5.3e-5
Gino,5.3e-5
Jonnie,5.3e-5
Lindsay,5.3e-5
Ocie,5.3e-5
Reinhold,5.3e-5
Tracy,5.3e-5
Wellington,5.3e-5
Allison,5.2e-5
Ardell,5.2e-5
Artis,5.2e-5
Arvin,5.2e-5
Cleon,5.2e-5
Ford,5.2e-5
Gayle,5.2e-5
Godfrey,5.2e-5
Lindsey,5.2e-5
Norton,5.2e-5
Pierce,5.2e-5
Watson,5.2e-5
Durwood,5.1e-5
Finis,5.1e-5
Lois,5.1e-5
Mariano,5.1e-5
Mickey,5.1e-5
Edsel,5e-5
Eduardo,5e-5
Gardner,5e-5
Garnet,5e-5
Kennith,5e-5
Linus,5e-5
Lorenza,5e-5
Rosevelt,5e-5
Terrence,5e-5
Weston,5e-5
Auther,4.9e-5
Berry,4.9e-5
Chalmer,4.9e-5
Fidel,4.9e-5
Laurel,4.9e-5
Lenwood,4.9e-5
Ruth,4.9e-5
Yoshio,4.9e-5
Abram,4.8e-5
Adelbert,4.8e-5
Earlie,4.8e-5
Eloy,4.8e-5
Ennis,4.8e-5
Ezekiel,4.8e-5
Gorden,4.8e-5
Hilliard,4.8e-5
Ivy,4.8e-5
Kiyoshi,4.8e-5
Llewellyn,4.8e-5
Lucious,4.8e-5
Rollie,4.8e-5
Almon,4.7e-5
Caleb,4.7e-5
Emmit,4.7e-5
Farris,4.7e-5
Leonardo,4.7e-5
Murl,4.7e-5
Oakley,4.7e-5
Daryl,4.6e-5
Hardin,4.6e-5
Masao,4.6e-5
Rayburn,4.6e-5
Rueben,4.6e-5
Washington,4.6e-5
Wyatt,4.6e-5
Zack,4.6e-5
Arne,4.5e-5
Artie,4.5e-5
Blake,4.5e-5
Gerhard,4.5e-5
Golden,4.5e-5
Jon,4.5e-5
Lesley,4.5e-5
Levy,4.5e-5
Margaret,4.5e-5
Minoru,4.5e-5
Price,4.5e-5
Wardell,4.5e-5
Agustin,4.5e-5
Erling,4.5e-5
Ewell,4.5e-5
Furman,4.5e-5
Malcom,4.5e-5
Arch,4.4e-5
Bailey,4.4e-5
Courtney,4.4e-5
Denis,4.4e-5
Dewayne,4.4e-5
Huey,4.4e-5
Joy,4.4e-5
Manley,4.4e-5
Marco,4.4e-5
Marcos,4.4e-5
