name,percent
John,0.050741
Robert,0.049563
William,0.046051
James,0.044594
Charles,0.025579
George,0.023863
Joseph,0.022568
Edward,0.018195
Richard,0.016672
Donald,0.014512
Frank,0.014054
Thomas,0.014046
Harold,0.012253
Paul,0.011805
Raymond,0.010997
Walter,0.010972
Jack,0.009886
Henry,0.009768
Arthur,0.008759
Albert,0.008682
Kenneth,0.008587
Harry,0.008173
Ralph,0.007612
David,0.007276
Eugene,0.007024
Howard,0.006326
Louis,0.006249
Carl,0.006063
Clarence,0.006011
Willie,0.00588
Earl,0.005596
Roy,0.005583
Fred,0.005581
Francis,0.005373
Joe,0.005304
Lawrence,0.005217
Leonard,0.004848
Ernest,0.004748
Anthony,0.00452
Herbert,0.004483
Stanley,0.004446
Alfred,0.00443
Warren,0.00425
Norman,0.004159
Samuel,0.00404
Bernard,0.003868
Daniel,0.003765
Melvin,0.003543
Leo,0.003503
Michael,0.003457
Marvin,0.003363
Russell,0.003361
Andrew,0.003306
Gerald,0.003262
Leroy,0.00326
Edwin,0.003224
Elmer,0.003209
Peter,0.003016
Lloyd,0.002985
Frederick,0.002891
Ray,0.002794
Theodore,0.002792
Chester,0.002784
Floyd,0.002777
Clifford,0.002743
Vernon,0.002612
Herman,0.002607
Clyde,0.002514
Wallace,0.002472
Philip,0.002457
Lester,0.002444
Vincent,0.002406
Alvin,0.002339
Lewis,0.002315
Wayne,0.002295
Gordon,0.002276
Leon,0.002237
Billy,0.002198
Charlie,0.002187
Martin,0.002164
Milton,0.002164
Calvin,0.002134
Jesse,0.002111
Glenn,0.002094
Lee,0.002081
Benjamin,0.002048
Cecil,0.001995
Victor,0.001964
Sam,0.001949
Dale,0.00192
Harvey,0.001867
Willard,0.001718
Arnold,0.001699
Edgar,0.001681
Roger,0.00167
Oscar,0.001661
Allen,0.001654
Bill,0.001614
Everett,0.001539
Gilbert,0.001513
Virgil,0.001512
Maurice,0.00151
Claude,0.0015
Roland,0.001485
Wilbur,0.001476
Marion,0.001472
Johnnie,0.001458
Douglas,0.001423
Stephen,0.001422
Eddie,0.001412
Leslie,0.001377
Morris,0.001372
Homer,0.001366
Sidney,0.001364
Curtis,0.001364
Manuel,0.001361
Hubert,0.001357
Jerome,0.001316
Jessie,0.001312
Nicholas,0.001296
Glen,0.001278
Max,0.00127
Hugh,0.001248
Irving,0.001224
Wesley,0.001216
Luther,0.001178
Jose,0.001173
Rudolph,0.001151
Don,0.001142
Alexander,0.001141
Jerry,0.001131
Franklin,0.001114
Steve,0.001109
Horace,0.001098
Bruce,0.001078
Oliver,0.001077
Julius,0.00105
Willis,0.001043
Junior,0.001037
Gene,0.001033
Jimmie,0.00102
Ronald,0.001012
Edmund,0.001011
Tom,0.001
Keith,9.76e-4
Earnest,9.4e-4
Patrick,9.29e-4
Ben,9.24e-4
Guy,9.24e-4
Tony,9.09e-4
Salvatore,9.01e-4
Dean,8.95e-4
Lyle,8.92e-4
Orville,8.92e-4
Mike,8.88e-4
Delbert,8.82e-4
Clayton,8.73e-4
Angelo,8.7e-4
Jacob,8.6e-4
Johnny,8.57e-4
Alex,8.29e-4
Archie,8.26e-4
Matthew,8.26e-4
Bob,8.12e-4
Otis,7.97e-4
Clifton,7.95e-4
Jim,7.68e-4
Clinton,7.63e-4
Wilbert,7.49e-4
Phillip,7.44e-4
Jay,7.37e-4
Ira,7.31e-4
Irvin,7.21e-4
Leland,7.12e-4
Emil,7e-4
Ivan,6.98e-4
Ervin,6.95e-4
Marshall,6.91e-4
Wilfred,6.88e-4
Bennie,6.84e-4
Elbert,6.84e-4
Merle,6.84e-4
Dennis,6.83e-4
Billie,6.8e-4
Forrest,6.73e-4
Dewey,6.72e-4
Nathan,6.52e-4
Dan,6.46e-4
Antonio,6.45e-4
Sylvester,6.45e-4
Duane,6.41e-4
Nathaniel,6.39e-4
Seymour,6.38e-4
Lowell,6.3e-4
Carroll,6.19e-4
Nelson,6.17e-4
Isaac,6.16e-4
Nick,6.1e-4
Rufus,5.98e-4
Alton,5.93e-4
Julian,5.93e-4
Lonnie,5.93e-4
Mark,5.84e-4
Ellis,5.78e-4
Juan,5.68e-4
Felix,5.62e-4
Malcolm,5.51e-4
Pete,5.5e-4
Wendell,5.45e-4
Aaron,5.44e-4
Loyd,5.37e-4
Myron,5.36e-4
Jesus,5.35e-4
Norbert,5.3e-4
Johnie,5.28e-4
Allan,5.25e-4
Grady,5.25e-4
Ted,5.24e-4
Alan,5.2e-4
Eldon,5.2e-4
Murray,5.2e-4
Perry,5.2e-4
Fredrick,5.19e-4
Owen,5.16e-4
Dominic,5.14e-4
Rex,5.14e-4
Dominick,5.1e-4
Loren,5.1e-4
Ross,5.09e-4
Bert,5.05e-4
Freddie,5.05e-4
Grover,5.05e-4
Otto,5.05e-4
Karl,5.02e-4
Emmett,4.99e-4
Elwood,4.98e-4
Abraham,4.91e-4
Gerard,4.89e-4
Mack,4.87e-4
Laurence,4.8e-4
August,4.79e-4
Byron,4.76e-4
Percy,4.76e-4
Wilson,4.68e-4
Larry,4.57e-4
Adolph,4.54e-4
Troy,4.52e-4
Amos,4.5e-4
Neil,4.5e-4
Sherman,4.46e-4
Mario,4.44e-4
Burton,4.39e-4
Morton,4.26e-4
Harley,4.24e-4
Tommy,4.24e-4
Tommie,4.23e-4
Woodrow,4.23e-4
Preston,4.22e-4
Roscoe,4.19e-4
Bobby,4.16e-4
Louie,4.1e-4
Darrell,4.09e-4
Doyle,4.04e-4
Aubrey,3.98e-4
Austin,3.98e-4
Carlton,3.98e-4
Erwin,3.91e-4
Jimmy,3.89e-4
Garland,3.84e-4
Dwight,3.82e-4
Harlan,3.82e-4
Boyd,3.81e-4
Carlos,3.78e-4
Adam,3.75e-4
Reuben,3.75e-4
Roosevelt,3.75e-4
Charley,3.73e-4
Laverne,3.66e-4
Neal,3.6e-4
Irwin,3.59e-4
Millard,3.58e-4
Jasper,3.55e-4
Cornelius,3.5e-4
Francisco,3.47e-4
Lynn,3.44e-4
Rodney,3.44e-4
Grant,3.36e-4
Moses,3.36e-4
Stuart,3.3e-4
Mitchell,3.28e-4
Will,3.28e-4
Ruben,3.27e-4
Ramon,3.26e-4
Harrison,3.2e-4
Clair,3.15e-4
Conrad,3.14e-4
Maynard,3.13e-4
Dallas,3.11e-4
Elton,3.11e-4
Wilmer,3.1e-4
Dick,3.09e-4
Russel,3.09e-4
Steven,3.08e-4
Joel,3.07e-4
Benny,3.06e-4
Thurman,3.04e-4
Pedro,3e-4
Edmond,2.99e-4
Elmo,2.99e-4
Adrian,2.98e-4
Alfonso,2.98e-4
Reginald,2.98e-4
Wade,2.97e-4
Cleveland,2.96e-4
Monroe,2.95e-4
Rocco,2.94e-4
Emanuel,2.92e-4
Jake,2.92e-4
Armand,2.91e-4
Clark,2.91e-4
Lionel,2.91e-4
Simon,2.89e-4
Timothy,2.86e-4
Alonzo,2.83e-4
Dave,2.83e-4
Luis,2.83e-4
Marcus,2.83e-4
Solomon,2.79e-4
Cleo,2.78e-4
Delmar,2.77e-4
Clement,2.74e-4
Jean,2.7e-4
Carmen,2.69e-4
Elijah,2.68e-4
Elvin,2.68e-4
Christopher,2.67e-4
Wilburn,2.67e-4
Stewart,2.66e-4
Patsy,2.62e-4
Claud,2.61e-4
Odell,2.61e-4
Randolph,2.61e-4
Ollie,2.59e-4
Kermit,2.57e-4
Andy,2.56e-4
Wiley,2.56e-4
Bruno,2.54e-4
Lavern,2.54e-4
Thaddeus,2.54e-4
Weldon,2.53e-4
Alphonse,2.5e-4
Earle,2.47e-4
Ned,2.46e-4
Buford,2.46e-4
Teddy,2.46e-4
Gus,2.45e-4
Jess,2.43e-4
Merrill,2.43e-4
Vito,2.41e-4
Alva,2.4e-4
Forest,2.39e-4
Jackson,2.39e-4
Ward,2.38e-4
Ed,2.35e-4
Norris,2.35e-4
Merlin,2.33e-4
Cyril,2.3e-4
Hollis,2.3e-4
Barney,2.29e-4
Eli,2.29e-4
Roman,2.28e-4
Sol,2.28e-4
Noah,2.27e-4
Sanford,2.27e-4
Salvador,2.25e-4
Sterling,2.24e-4
Sammie,2.23e-4
Emery,2.19e-4
Basil,2.16e-4
Sheldon,2.15e-4
Herschel,2.13e-4
Miles,2.13e-4
Vern,2.13e-4
Emory,2.12e-4
Mervin,2.12e-4
Travis,2.09e-4
Ellsworth,2.08e-4
Levi,2.08e-4
Gale,2.05e-4
Roberto,2.05e-4
Shirley,2.04e-4
Harris,2.03e-4
Winfred,2.03e-4
Bertram,2.01e-4
Pat,2e-4
Royal,2e-4
Saul,1.98e-4
Anton,1.97e-4
Coy,1.97e-4
Emerson,1.97e-4
Carmine,1.96e-4
Milford,1.96e-4
Wilford,1.96e-4
Hyman,1.95e-4
Rolland,1.94e-4
Lorenzo,1.92e-4
Orval,1.92e-4
Raul,1.92e-4
Darwin,1.9e-4
Dudley,1.9e-4
Truman,1.88e-4
Winston,1.88e-4
Scott,1.86e-4
Hiram,1.85e-4
Gabriel,1.85e-4
Royce,1.85e-4
Gail,1.84e-4
Lamar,1.84e-4
Hershel,1.83e-4
Jeff,1.83e-4
Bobbie,1.82e-4
Silas,1.82e-4
Pasquale,1.81e-4
Lenard,1.79e-4
Mary,1.79e-4
Ulysses,1.78e-4
Cletus,1.78e-4
Delmer,1.78e-4
Spencer,1.78e-4
Armando,1.77e-4
Freeman,1.76e-4
Ferdinand,1.75e-4
Guadalupe,1.75e-4
Buster,1.73e-4
Marlin,1.73e-4
Odis,1.71e-4
Randall,1.7e-4
Rene,1.7e-4
Van,1.7e-4
Omer,1.7e-4
Bud,1.69e-4
Gregory,1.69e-4
Lyman,1.69e-4
Wilton,1.68e-4
Everette,1.65e-4
Alfredo,1.64e-4
Noel,1.64e-4
Booker,1.63e-4
Orlando,1.63e-4
Pablo,1.63e-4
Luke,1.62e-4
Elliott,1.62e-4
Augustus,1.61e-4
Olen,1.59e-4
Blaine,1.57e-4
Denver,1.57e-4
Frederic,1.57e-4
Nolan,1.57e-4
Columbus,1.56e-4
Mathew,1.56e-4
Alden,1.55e-4
Foster,1.55e-4
Eric,1.55e-4
Linwood,1.55e-4
Miguel,1.55e-4
Riley,1.55e-4
Abe,1.54e-4
Milo,1.53e-4
Olin,1.49e-4
Hobert,1.47e-4
Hoyt,1.47e-4
Rudy,1.47e-4
Carlo,1.47e-4
Ezra,1.47e-4
Quentin,1.47e-4
Vance,1.44e-4
Elias,1.43e-4
Isadore,1.43e-4
Arlie,1.42e-4
Dewitt,1.42e-4
Elroy,1.42e-4
Hal,1.4e-4
Ambrose,1.4e-4
Emile,1.4e-4
Jefferson,1.4e-4
Tomas,1.4e-4
Wilber,1.4e-4
Burl,1.39e-4
Lucien,1.39e-4
Augustine,1.38e-4
Chris,1.38e-4
Micheal,1.38e-4
Newton,1.38e-4
Phil,1.37e-4
Verne,1.36e-4
Casimir,1.35e-4
Hugo,1.34e-4
Morgan,1.34e-4
Aloysius,1.32e-4
Anderson,1.32e-4
Rafael,1.31e-4
Sammy,1.31e-4
Elwin,1.3e-4
Evan,1.3e-4
Houston,1.3e-4
Granville,1.29e-4
Noble,1.29e-4
Rubin,1.29e-4
Darrel,1.28e-4
Marcel,1.28e-4
Isiah,1.25e-4
Merton,1.25e-4
Rupert,1.25e-4
Dalton,1.24e-4
Harland,1.24e-4
Aldo,1.23e-4
Emilio,1.23e-4
Jewell,1.23e-4
Waldo,1.23e-4
Clay,1.21e-4
Fernando,1.21e-4
Fletcher,1.21e-4
Julio,1.19e-4
Palmer,1.19e-4
Walton,1.19e-4
Albin,1.18e-4
Terry,1.18e-4
Sydney,1.17e-4
Lincoln,1.17e-4
Nickolas,1.17e-4
Ernesto,1.16e-4
Frankie,1.16e-4
Normand,1.16e-4
Arturo,1.15e-4
Buddy,1.15e-4
Joshua,1.15e-4
Roderick,1.15e-4
Harmon,1.14e-4
Mason,1.14e-4
Sebastian,1.14e-4
Talmadge,1.14e-4
Gaylord,1.13e-4
Ignacio,1.13e-4
Meyer,1.13e-4
Shelby,1.13e-4
Vaughn,1.13e-4
Alberto,1.12e-4
Constantine,1.12e-4
Haywood,1.12e-4
Joesph,1.12e-4
Raymon,1.12e-4
Carrol,1.11e-4
Davis,1.11e-4
Elden,1.11e-4
Hector,1.11e-4
Danny,1.1e-4
Jeremiah,1.1e-4
Junius,1.1e-4
Major,1.1e-4
Maxwell,1.1e-4
Theron,1.1e-4
Coleman,1.09e-4
Domenic,1.09e-4
Isaiah,1.09e-4
Mckinley,1.09e-4
Arden,1.08e-4
Justin,1.08e-4
Rogers,1.08e-4
Arther,1.07e-4
Fay,1.07e-4
Edsel,1.06e-4
Guido,1.06e-4
Rosario,1.06e-4
Hardy,1.05e-4
Jules,1.05e-4
Reed,1.05e-4
Asa,1.04e-4
Eldred,1.04e-4
Graham,1.04e-4
Israel,1.04e-4
Rodolfo,1.04e-4
Warner,1.03e-4
Alphonso,1.02e-4
Christian,1.02e-4
Dee,1.02e-4
Dock,1.02e-4
Hobart,1.02e-4
Oren,1.02e-4
Ford,1.02e-4
Gustave,1.02e-4
Domingo,1.01e-4
Jackie,1.01e-4
Enrique,1e-4
Galen,1e-4
Raleigh,1e-4
Romeo,1e-4
Hilton,9.9e-5
Avery,9.8e-5
Craig,9.8e-5
Cyrus,9.8e-5
Edd,9.8e-5
Jewel,9.8e-5
Judson,9.8e-5
Kelly,9.8e-5
Lemuel,9.8e-5
Napoleon,9.8e-5
Walker,9.8e-5
Dana,9.7e-5
Valentine,9.7e-5
Winford,9.7e-5
Carson,9.6e-5
Andres,9.5e-5
Elmore,9.5e-5
Felipe,9.5e-5
Beverly,9.4e-5
Jennings,9.4e-5
Frances,9.4e-5
Gilberto,9.4e-5
Lucius,9.4e-5
Otha,9.4e-5
Santos,9.4e-5
Winfield,9.4e-5
Carol,9.3e-5
Ottis,9.3e-5
Santiago,9.3e-5
Antone,9.2e-5
Benedict,9.2e-5
Enoch,9.2e-5
Loyal,9.2e-5
Ora,9.2e-5
Al,9.1e-5
Bernice,9.1e-5
Carleton,9.1e-5
Florian,9.1e-5
Lucian,9.1e-5
Emmitt,9e-5
Isidore,9e-5
Jason,9e-5
Lacy,9e-5
King,8.9e-5
Urban,8.9e-5
Bernie,8.8e-5
Elvis,8.8e-5
Garth,8.8e-5
Haskell,8.8e-5
Kent,8.8e-5
Alvie,8.7e-5
Alvis,8.7e-5
Jonathan,8.7e-5
Milan,8.7e-5
Dorsey,8.7e-5
Bryan,8.6e-5
Ernie,8.6e-5
Garfield,8.6e-5
Evert,8.5e-5
Mose,8.5e-5
Carmelo,8.4e-5
Daryl,8.4e-5
Elwyn,8.4e-5
Franklyn,8.4e-5
Taylor,8.4e-5
Raphael,8.3e-5
Seth,8.3e-5
Alford,8.2e-5
Casper,8.2e-5
Leander,8.2e-5
Santo,8.1e-5
Stanford,8.1e-5
Theo,8.1e-5
Americo,8e-5
Boyce,8e-5
Clare,8e-5
Dorothy,8e-5
Sherwood,8e-5
Carlyle,7.9e-5
Durward,7.9e-5
Oran,7.9e-5
Reynold,7.9e-5
Elisha,7.9e-5
Elliot,7.9e-5
Hermon,7.9e-5
Mahlon,7.9e-5
Matt,7.9e-5
Merritt,7.9e-5
Orrin,7.9e-5
Porter,7.9e-5
Bennett,7.8e-5
Dante,7.8e-5
Denzil,7.8e-5
Guillermo,7.8e-5
Benito,7.7e-5
Claudie,7.7e-5
Dillard,7.7e-5
Edison,7.7e-5
Gary,7.7e-5
Casimer,7.6e-5
Dayton,7.6e-5
Doris,7.6e-5
Jordan,7.6e-5
Arlo,7.5e-5
Eldridge,7.5e-5
Kay,7.5e-5
Orin,7.5e-5
Rollin,7.5e-5
Webster,7.5e-5
Dexter,7.4e-5
Donal,7.4e-5
Elzie,7.4e-5
Glendon,7.4e-5
June,7.4e-5
Oswald,7.4e-5
Abner,7.3e-5
Angel,7.3e-5
Carter,7.3e-5
Eduardo,7.3e-5
Garnett,7.3e-5
Lupe,7.3e-5
Miller,7.3e-5
Murphy,7.3e-5
Pearl,7.3e-5
Buck,7.2e-5
Garrett,7.2e-5
Hayward,7.2e-5
Allie,7.2e-5
Gregorio,7.2e-5
Omar,7.2e-5
Bradley,7.1e-5
Clarance,7.1e-5
Emmet,7.1e-5
Jerald,7.1e-5
Leeroy,7.1e-5
Newell,7.1e-5
Bryce,7e-5
Clem,7e-5
Howell,7e-5
Lon,7e-5
Rayford,7e-5
Reid,7e-5
Ricardo,7e-5
Benton,6.9e-5
Bryant,6.9e-5
Felton,6.9e-5
Lawson,6.9e-5
Zane,6.9e-5
Connie,6.8e-5
Evans,6.8e-5
Fidel,6.8e-5
Gino,6.8e-5
Mac,6.8e-5
Obie,6.8e-5
Silvio,6.8e-5
Gaetano,6.7e-5
Hayden,6.7e-5
Ivory,6.7e-5
Loy,6.7e-5
Madison,6.7e-5
Arvid,6.6e-5
Burt,6.6e-5
Claire,6.6e-5
Dempsey,6.6e-5
Early,6.6e-5
Lois,6.6e-5
Maxie,6.6e-5
Norwood,6.6e-5
Domenick,6.5e-5
Donovan,6.5e-5
Merlyn,6.5e-5
Vicente,6.5e-5
Abel,6.4e-5
Bradford,6.4e-5
Fernand,6.4e-5
Hosea,6.4e-5
Leopold,6.4e-5
Margarito,6.4e-5
Regis,6.4e-5
Adolphus,6.4e-5
Angus,6.4e-5
Bonnie,6.4e-5
Duncan,6.4e-5
Lambert,6.4e-5
Lucious,6.4e-5
Parker,6.4e-5
Rowland,6.4e-5
Sandy,6.4e-5
Barton,6.3e-5
Lawerence,6.3e-5
Meredith,6.3e-5
Alejandro,6.2e-5
Alois,6.2e-5
Bertrand,6.2e-5
Blair,6.2e-5
Clovis,6.2e-5
Cloyd,6.2e-5
Cruz,6.2e-5
Estel,6.2e-5
General,6.2e-5
Huey,6.2e-5
Ike,6.2e-5
Lindsey,6.2e-5
Merl,6.2e-5
Mortimer,6.2e-5
Murry,6.2e-5
Werner,6.2e-5
Beryl,6.1e-5
Christ,6.1e-5
Dewayne,6.1e-5
Durwood,6.1e-5
Hilbert,6.1e-5
Hiroshi,6.1e-5
Nicolas,6.1e-5
Stanton,6.1e-5
Sylvan,6.1e-5
Archibald,6e-5
Carey,6e-5
Chauncey,6e-5
Hunter,6e-5
Llewellyn,6e-5
Lorin,6e-5
Nunzio,6e-5
Theadore,6e-5
Verlin,6e-5
Berry,5.9e-5
Ellwood,5.9e-5
Gayle,5.9e-5
Ignatius,5.9e-5
Kyle,5.9e-5
Melton,5.9e-5
Myles,5.9e-5
Norval,5.9e-5
Rodger,5.9e-5
Rueben,5.9e-5
Vergil,5.9e-5
Verl,5.9e-5
Vivian,5.9e-5
Arvel,5.8e-5
Dwayne,5.8e-5
Hazel,5.8e-5
Kiyoshi,5.8e-5
Weston,5.8e-5
Armond,5.7e-5
Hans,5.7e-5
Prince,5.7e-5
Tim,5.7e-5
Vester,5.7e-5
Addison,5.7e-5
Ardell,5.7e-5
Crawford,5.7e-5
Emmit,5.7e-5
Fritz,5.7e-5
Giles,5.7e-5
Henderson,5.7e-5
Loran,5.7e-5
Mickey,5.7e-5
Norton,5.7e-5
Tracy,5.7e-5
Johnson,5.6e-5
Quinton,5.6e-5
Ruth,5.6e-5
Arvin,5.5e-5
Hamilton,5.5e-5
Harding,5.5e-5
Helen,5.5e-5
Jonas,5.5e-5
Kirby,5.5e-5
Lonzo,5.5e-5
Otho,5.5e-5
Paris,5.5e-5
Rudolf,5.5e-5
Shelton,5.5e-5
Welton,5.5e-5
Aron,5.4e-5
Audrey,5.4e-5
Delton,5.4e-5
Enrico,5.4e-5
Gustav,5.4e-5
Hillard,5.4e-5
Logan,5.4e-5
Reese,5.4e-5
Rollie,5.4e-5
Terrence,5.4e-5
Val,5.4e-5
Gaston,5.3e-5
Arvil,5.2e-5
Benjiman,5.2e-5
Cary,5.2e-5
Ewell,5.2e-5
Gust,5.2e-5
Orland,5.2e-5
Ramiro,5.2e-5
Ruby,5.2e-5
Sigmund,5.2e-5
Tillman,5.2e-5
Winton,5.2e-5
Wyatt,5.2e-5
Arley,5.1e-5
Auther,5.1e-5
Glynn,5.1e-5
Kennith,5.1e-5
Leighton,5.1e-5
Marcellus,5.1e-5
Melville,5.1e-5
Richmond,5.1e-5
Watson,5.1e-5
Burdette,5e-5
Joaquin,5e-5
Lorenza,5e-5
Mariano,5e-5
Masao,5e-5
Merwin,5e-5
Trinidad,5e-5
Alec,4.9e-5
Artie,4.9e-5
Betty,4.9e-5
Brady,4.9e-5
Burnell,4.9e-5
Dorris,4.9e-5
Earlie,4.9e-5
Farris,4.9e-5
Godfrey,4.9e-5
Thurston,4.9e-5
Waymon,4.9e-5
Wylie,4.9e-5
Yoshio,4.9e-5
Barry,4.9e-5
Judge,4.9e-5
Laurel,4.9e-5
Orvil,4.9e-5
Price,4.9e-5
Thad,4.9e-5
Thornton,4.9e-5
Williams,4.9e-5
Adelbert,4.8e-5
Aurelio,4.8e-5
Deane,4.8e-5
Marcos,4.8e-5
Pierce,4.8e-5
Turner,4.8e-5
Verle,4.8e-5
Brooks,4.7e-5
Cameron,4.7e-5
Dwain,4.7e-5
Kevin,4.7e-5
Lafayette,4.7e-5
Leamon,4.7e-5
Margaret,4.7e-5
Milburn,4.7e-5
Olan,4.7e-5
Reno,4.7e-5
Smith,4.7e-5
Virgle,4.7e-5
Wyman,4.7e-5
Cleve,4.6e-5
Curley,4.6e-5
Desmond,4.6e-5
Ennis,4.6e-5
Foy,4.6e-5
Johny,4.6e-5
Ludwig,4.6e-5
Oneal,4.6e-5
Reynaldo,4.6e-5
Allison,4.5e-5
Ansel,4.5e-5
Boris,4.5e-5
Curtiss,4.5e-5
Dorman,4.5e-5
Ezekiel,4.5e-5
Hezekiah,4.5e-5
Hilary,4.5e-5
Jonnie,4.5e-5
Lauren,4.5e-5
Manley,4.5e-5
Mildred,4.5e-5
Sumner,4.5e-5
Verner,4.5e-5
Willam,4.5e-5
Willian,4.5e-5
Adolfo,4.4e-5
Alfonse,4.4e-5
Arch,4.4e-5
Burley,4.4e-5
Cleon,4.4e-5
Cornell,4.4e-5
Damon,4.4e-5
Delos,4.4e-5
Deward,4.4e-5
Donnie,4.4e-5
Elza,4.4e-5
Ezell,4.4e-5
Furman,4.4e-5
Issac,4.4e-5
Lucas,4.4e-5
Lynwood,4.4e-5
Nevin,4.4e-5
Alonza,4.3e-5
Arlin,4.3e-5
Artis,4.3e-5
Cliff,4.3e-5
Emmanuel,4.3e-5
Enos,4.3e-5
Finis,4.3e-5
