name,percent
Mary,0.05674
Dorothy,0.030875
Helen,0.024076
Betty,0.023626
Margaret,0.020497
Ruth,0.018218
Virginia,0.014376
Mildred,0.01224
Doris,0.012188
Frances,0.011721
Elizabeth,0.01154
Evelyn,0.010306
Anna,0.010096
Marie,0.008936
Alice,0.008907
Jean,0.008279
Marjorie,0.007762
Irene,0.007663
Shirley,0.007319
Florence,0.007311
Martha,0.007188
Lois,0.007173
Lillian,0.007025
Louise,0.006836
Rose,0.006547
Ruby,0.006485
Catherine,0.006454
Barbara,0.00641
Eleanor,0.006321
Gladys,0.006009
Edna,0.005717
Annie,0.005668
Thelma,0.00564
Josephine,0.005618
Patricia,0.005368
Edith,0.005321
Lucille,0.005207
Pauline,0.005186
Ethel,0.00509
Norma,0.005049
Gloria,0.005047
Hazel,0.004895
Grace,0.004881
Phyllis,0.004839
June,0.004749
Marion,0.004667
Bernice,0.004656
Juanita,0.004168
Rita,0.004152
Beatrice,0.004068
Esther,0.004054
Lorraine,0.003943
Jane,0.003941
Sarah,0.003893
Ann,0.003891
Clara,0.003855
Emma,0.00378
Geraldine,0.003729
Katherine,0.003623
Gertrude,0.003508
Elsie,0.003469
Julia,0.003304
Agnes,0.003271
Marian,0.003239
Bertha,0.003181
Eva,0.003138
Wilma,0.003137
Willie,0.003081
Nancy,0.003077
Ida,0.00298
Vivian,0.002971
Laura,0.002953
Elaine,0.002938
Wanda,0.002885
Dolores,0.002878
Kathleen,0.00283
Maxine,0.002822
Pearl,0.00281
Anne,0.002801
Charlotte,0.002789
Kathryn,0.002781
Viola,0.002765
Joyce,0.002722
Audrey,0.002719
Vera,0.002683
Bessie,0.002627
Alma,0.002499
Violet,0.002494
Myrtle,0.00248
Jessie,0.002432
Jeanne,0.00243
Nellie,0.002374
Eileen,0.002369
Ella,0.002363
Theresa,0.002334
Joan,0.002333
Lillie,0.002305
Lucy,0.002302
Ellen,0.002278
Minnie,0.002226
Marilyn,0.002209
Margie,0.002183
Leona,0.002157
Sylvia,0.002129
Stella,0.002122
Rosemary,0.002114
Genevieve,0.002102
Mabel,0.002045
Mattie,0.002004
Geneva,0.001997
Jennie,0.001923
Lena,0.001863
Georgia,0.001846
Mae,0.00183
Christine,0.001792
Sara,0.001788
Janet,0.001771
Bonnie,0.00177
Maria,0.001769
Beverly,0.001765
Opal,0.001765
Velma,0.001755
Arlene,0.001754
Loretta,0.001745
Marguerite,0.00173
Muriel,0.001725
Carolyn,0.001715
Harriet,0.001689
Eunice,0.001658
Rosa,0.001656
Donna,0.001639
Carol,0.001617
Peggy,0.001601
Jeanette,0.001595
Carrie,0.001578
Emily,0.001575
Blanche,0.001568
Beulah,0.001547
Dora,0.001539
Naomi,0.001527
Hilda,0.001498
Anita,0.001427
Miriam,0.001416
Inez,0.001409
Alberta,0.001404
Roberta,0.00137
Jacqueline,0.001369
Lula,0.001368
Hattie,0.001362
Madeline,0.001347
Bette,0.00134
Fannie,0.001318
Verna,0.00128
Constance,0.001278
Cora,0.001257
Mamie,0.001253
Billie,0.001235
Rachel,0.001235
Claire,0.001223
Ada,0.001222
Lola,0.001187
Mable,0.001169
Rosie,0.001145
Marcella,0.001138
Olga,0.001129
Daisy,0.001128
Flora,0.001118
Erma,0.0011
Laverne,0.001067
Sophie,0.001058
Rebecca,0.001047
Nora,0.001031
Antoinette,0.001029
Delores,0.001023
Caroline,0.001004
Susie,9.83e-4
Eula,9.81e-4
Irma,9.81e-4
Winifred,9.8e-4
Estelle,9.76e-4
Maggie,9.7e-4
Imogene,9.63e-4
Bettie,9.48e-4
Regina,9.47e-4
Eloise,9.36e-4
Nina,9.34e-4
Janice,9.09e-4
Lorene,9.05e-4
Rosalie,8.91e-4
Sally,8.83e-4
Adeline,8.81e-4
Henrietta,8.78e-4
Sadie,8.64e-4
Victoria,8.54e-4
Angelina,8.33e-4
Johnnie,8.27e-4
Fern,8.17e-4
Olive,8.17e-4
Lila,8.14e-4
Della,8.11e-4
Jeannette,7.95e-4
Melba,7.69e-4
Lottie,7.55e-4
Katie,7.51e-4
Ernestine,7.49e-4
Veronica,7.36e-4
Carmen,7.26e-4
Nettie,7.25e-4
Essie,7.23e-4
Dorothea,7.21e-4
Lucile,7.16e-4
Faye,7.09e-4
Freda,7.06e-4
Lydia,7.04e-4
Yvonne,7.04e-4
Amelia,7.02e-4
Isabel,7.02e-4
Cleo,6.99e-4
Iris,6.85e-4
Gwendolyn,6.82e-4
May,6.71e-4
Annette,6.7e-4
Lela,6.65e-4
Priscilla,6.65e-4
Ollie,6.56e-4
Goldie,6.51e-4
Susan,6.41e-4
Jewell,6.39e-4
Jewel,6.37e-4
Angeline,6.34e-4
Ora,6.34e-4
Adele,6.27e-4
Teresa,6.07e-4
Sallie,6.04e-4
Luella,5.98e-4
Reba,5.94e-4
Cecilia,5.93e-4
Effie,5.92e-4
Addie,5.88e-4
Isabelle,5.87e-4
Iva,5.87e-4
Leola,5.83e-4
Janie,5.79e-4
Nadine,5.75e-4
Cecelia,5.72e-4
Selma,5.66e-4
Etta,5.6e-4
Eleanore,5.55e-4
Natalie,5.47e-4
Ina,5.4e-4
Ola,5.24e-4
Arline,5.23e-4
Lenora,5.23e-4
Annabelle,5.2e-4
Alta,5.12e-4
Celia,5.12e-4
Sue,4.98e-4
Francis,4.97e-4
Elnora,4.93e-4
Darlene,4.92e-4
Nell,4.92e-4
Connie,4.91e-4
Corinne,4.87e-4
Elva,4.86e-4
Dorthy,4.69e-4
Amy,4.65e-4
Angela,4.63e-4
Elinor,4.59e-4
Estella,4.49e-4
Mavis,4.48e-4
Elvira,4.48e-4
Joy,4.46e-4
Carmela,4.45e-4
Ila,4.45e-4
Lizzie,4.45e-4
Yolanda,4.43e-4
Bernadine,4.35e-4
Fay,4.35e-4
Nannie,4.34e-4
Clarice,4.29e-4
Eugenia,4.25e-4
Helene,4.22e-4
Frieda,4.18e-4
Gracie,4.14e-4
Jo,4.12e-4
Frankie,4.1e-4
Matilda,4.09e-4
Virgie,4.05e-4
Colleen,4.03e-4
Elma,4.03e-4
Rena,4.03e-4
Aileen,4.01e-4
Patsy,4.01e-4
Margery,3.97e-4
Carmella,3.96e-4
Bobbie,3.89e-4
Leah,3.89e-4
Olivia,3.87e-4
Rhoda,3.87e-4
Winnie,3.84e-4
Myra,3.81e-4
Harriett,3.8e-4
Lee,3.79e-4
Maude,3.76e-4
Sybil,3.7e-4
Joanne,3.67e-4
Willa,3.64e-4
Concetta,3.61e-4
Jimmie,3.6e-4
Flossie,3.6e-4
Odessa,3.59e-4
Marcia,3.56e-4
Neva,3.53e-4
Linda,3.5e-4
Judith,3.47e-4
Charlene,3.46e-4
Edythe,3.4e-4
Rosetta,3.4e-4
Bettye,3.38e-4
Rosella,3.36e-4
Lenore,3.35e-4
Mollie,3.32e-4
Avis,3.31e-4
Ramona,3.3e-4
Earline,3.3e-4
Josie,3.29e-4
Cecile,3.25e-4
Deloris,3.25e-4
Zelma,3.23e-4
Paula,3.2e-4
Alyce,3.16e-4
Lily,3.16e-4
Hope,3.15e-4
Cornelia,3.13e-4
Suzanne,3.12e-4
Letha,3.1e-4
Glenna,3.09e-4
Allie,3.05e-4
Millie,3e-4
Dixie,2.99e-4
Guadalupe,2.99e-4
Helena,2.98e-4
Joann,2.98e-4
Christina,2.97e-4
John,2.97e-4
Loraine,2.97e-4
Merle,2.96e-4
Dollie,2.95e-4
Hannah,2.94e-4
Claudia,2.93e-4
Lou,2.93e-4
Madge,2.92e-4
Eddie,2.91e-4
Lupe,2.91e-4
Aline,2.9e-4
Ruthie,2.88e-4
Corine,2.83e-4
Cynthia,2.83e-4
Leila,2.81e-4
Ophelia,2.79e-4
Lora,2.79e-4
Wilda,2.79e-4
Aurora,2.76e-4
Eliza,2.76e-4
Sophia,2.76e-4
Dolly,2.72e-4
Lorena,2.71e-4
Bernadette,2.69e-4
Polly,2.62e-4
Amanda,2.62e-4
Reva,2.62e-4
Antonia,2.59e-4
Maryann,2.58e-4
Iona,2.57e-4
Adelaide,2.55e-4
Berniece,2.55e-4
Mona,2.53e-4
Florine,2.49e-4
Beth,2.46e-4
Mercedes,2.46e-4
Nola,2.46e-4
Hester,2.45e-4
Callie,2.44e-4
Madelyn,2.44e-4
Robbie,2.43e-4
Lessie,2.42e-4
Nelda,2.41e-4
Consuelo,2.4e-4
Pearlie,2.4e-4
Leota,2.38e-4
Tommie,2.38e-4
Dorris,2.34e-4
Lorna,2.34e-4
Kay,2.33e-4
Lelia,2.33e-4
Johanna,2.32e-4
Lilly,2.32e-4
Tillie,2.31e-4
Robert,2.3e-4
Rosemarie,2.3e-4
Maudie,2.28e-4
Philomena,2.25e-4
Georgie,2.25e-4
Molly,2.25e-4
Delia,2.24e-4
Therese,2.24e-4
Winona,2.23e-4
Melva,2.22e-4
Corrine,2.21e-4
Jaunita,2.21e-4
Isabell,2.18e-4
Marjory,2.17e-4
Jackie,2.16e-4
Jacquelyn,2.16e-4
Jannie,2.16e-4
Leatrice,2.15e-4
Roxie,2.14e-4
Dortha,2.13e-4
James,2.13e-4
Judy,2.13e-4
Lorine,2.13e-4
Margarita,2.13e-4
Althea,2.12e-4
Diana,2.11e-4
Ilene,2.11e-4
Iola,2.1e-4
Nona,2.09e-4
Elouise,2.08e-4
Katharine,2.05e-4
Maurine,2.05e-4
Gussie,2.02e-4
Ione,2.02e-4
Pansy,2.01e-4
Bertie,2e-4
Evangeline,1.98e-4
Gene,1.98e-4
Roslyn,1.97e-4
Retha,1.94e-4
Lavonne,1.94e-4
Leora,1.94e-4
Oma,1.94e-4
Zelda,1.93e-4
Queen,1.92e-4
William,1.91e-4
Marietta,1.9e-4
Rosalind,1.88e-4
Verda,1.88e-4
Augusta,1.87e-4
Earnestine,1.87e-4
Marianne,1.84e-4
Dessie,1.84e-4
Louella,1.84e-4
Betsy,1.82e-4
Zella,1.81e-4
Faith,1.8e-4
Alene,1.79e-4
Isabella,1.78e-4
Georgette,1.78e-4
Alfreda,1.76e-4
Rubye,1.76e-4
Birdie,1.75e-4
Emogene,1.74e-4
Madeleine,1.74e-4
Harriette,1.73e-4
Stephanie,1.73e-4
Delphine,1.72e-4
Kate,1.71e-4
Monica,1.71e-4
Alicia,1.69e-4
Beryl,1.69e-4
Jerry,1.68e-4
Clare,1.67e-4
Ester,1.67e-4
Hallie,1.67e-4
Alvina,1.65e-4
Elena,1.64e-4
Angie,1.64e-4
Earlene,1.64e-4
Hortense,1.64e-4
Jenny,1.64e-4
Valeria,1.64e-4
Millicent,1.63e-4
Allene,1.61e-4
Edwina,1.61e-4
Joanna,1.61e-4
Carole,1.59e-4
Freddie,1.58e-4
Erna,1.57e-4
Elda,1.56e-4
Tessie,1.56e-4
Elisabeth,1.55e-4
Gilda,1.55e-4
Juana,1.55e-4
Lettie,1.55e-4
Manuela,1.55e-4
Bennie,1.54e-4
Elise,1.54e-4
Marilynn,1.54e-4
Vada,1.54e-4
Ardis,1.53e-4
Mozelle,1.53e-4
Theda,1.53e-4
Wilhelmina,1.53e-4
Julie,1.52e-4
Phoebe,1.52e-4
George,1.51e-4
Margret,1.51e-4
Claudine,1.51e-4
Enid,1.51e-4
Hellen,1.51e-4
Syble,1.51e-4
Maryjane,1.5e-4
Maureen,1.5e-4
Shirlee,1.5e-4
Vesta,1.49e-4
Dorotha,1.48e-4
Louisa,1.48e-4
Katheryn,1.47e-4
Delma,1.46e-4
Rae,1.46e-4
Rosalyn,1.46e-4
Jayne,1.45e-4
Lauretta,1.45e-4
Aurelia,1.44e-4
Charles,1.44e-4
Freida,1.44e-4
Johnie,1.44e-4
Petra,1.44e-4
Zola,1.43e-4
Doreen,1.42e-4
Filomena,1.42e-4
Leta,1.41e-4
Lucia,1.4e-4
Mayme,1.4e-4
Minerva,1.4e-4
Renee,1.4e-4
Blanch,1.4e-4
Patty,1.4e-4
Agatha,1.39e-4
Dona,1.39e-4
Ima,1.39e-4
Justine,1.39e-4
Margarette,1.38e-4
Vernell,1.38e-4
Arleen,1.37e-4
Laurel,1.37e-4
Myrtis,1.37e-4
Theodora,1.37e-4
Camille,1.36e-4
Vernice,1.36e-4
Adell,1.35e-4
Lura,1.35e-4
Oleta,1.35e-4
Cecil,1.34e-4
Charlie,1.34e-4
Esperanza,1.34e-4
Magdalene,1.33e-4
Valerie,1.33e-4
Una,1.31e-4
Veda,1.3e-4
Bonita,1.29e-4
Elvera,1.29e-4
Fanny,1.29e-4
Reta,1.29e-4
Catharine,1.28e-4
Alva,1.27e-4
Florene,1.27e-4
Gail,1.27e-4
Garnet,1.27e-4
Rowena,1.27e-4
Vida,1.27e-4
Dovie,1.26e-4
Germaine,1.26e-4
Verla,1.26e-4
Belle,1.25e-4
Juliette,1.25e-4
Lucinda,1.25e-4
Sheila,1.25e-4
Emilie,1.24e-4
Georgiana,1.24e-4
Belva,1.23e-4
Twila,1.23e-4
Doretha,1.23e-4
Floy,1.23e-4
Roma,1.22e-4
Ava,1.21e-4
Cassie,1.21e-4
Janette,1.21e-4
Ona,1.21e-4
Pat,1.21e-4
Celestine,1.2e-4
Lona,1.2e-4
Nita,1.2e-4
Pearline,1.2e-4
Rhea,1.2e-4
Yvette,1.2e-4
Eldora,1.19e-4
Velda,1.19e-4
Eleanora,1.18e-4
Francisca,1.18e-4
Lavon,1.18e-4
Lue,1.18e-4
Clementine,1.17e-4
Jeane,1.17e-4
Joe,1.17e-4
Leone,1.17e-4
Marvel,1.17e-4
Rosalee,1.17e-4
Ursula,1.17e-4
Carmel,1.17e-4
Josefina,1.17e-4
Ouida,1.17e-4
Glenda,1.16e-4
Artie,1.15e-4
Mazie,1.15e-4
Myrtice,1.15e-4
Alda,1.14e-4
Beverley,1.13e-4
Gertie,1.13e-4
Marianna,1.13e-4
Alpha,1.13e-4
Novella,1.13e-4
Ferne,1.12e-4
Lavern,1.12e-4
Sandra,1.12e-4
Carolina,1.11e-4
Orpha,1.11e-4
Emilia,1.1e-4
Idella,1.1e-4
Odell,1.1e-4
Dawn,1.09e-4
Leslie,1.09e-4
Tina,1.09e-4
Treva,1.09e-4
Elsa,1.07e-4
Maybelle,1.07e-4
Aletha,1.07e-4
Camilla,1.07e-4
Leonora,1.07e-4
Adrienne,1.06e-4
Evelyne,1.06e-4
Linnie,1.05e-4
Berneice,1.04e-4
Cathryn,1.04e-4
Celeste,1.04e-4
Joseph,1.04e-4
Marcelle,1.04e-4
Bella,1.03e-4
Albina,1.03e-4
Janis,1.03e-4
Maud,1.03e-4
Andrea,1.02e-4
Cordelia,1.02e-4
Adela,1.01e-4
Winnifred,1.01e-4
Albertha,1e-4
Lavina,1e-4
Rosina,1e-4
Myrna,1e-4
Charline,9.8e-5
Kitty,9.8e-5
Ethelyn,9.7e-5
Ardith,9.6e-5
Deborah,9.6e-5
Ivy,9.6e-5
Amalia,9.6e-5
Magnolia,9.6e-5
Socorro,9.6e-5
Vergie,9.6e-5
Annabel,9.5e-5
Diane,9.5e-5
Gretchen,9.5e-5
Kathrine,9.5e-5
Ray,9.4e-5
Ruthe,9.4e-5
Sammie,9.4e-5
Elisa,9.3e-5
Georgianna,9.3e-5
Rubie,9.3e-5
Zora,9.3e-5
Mina,9.2e-5
Adella,9.1e-5
Angelita,9.1e-5
Annabell,9.1e-5
Nan,9.1e-5
Gwen,9e-5
Melvina,9e-5
Annamae,9e-5
Delphia,9e-5
Margarett,9e-5
Terry,9e-5
Bethel,8.9e-5
Vincenza,8.9e-5
Daphne,8.8e-5
Lina,8.8e-5
Easter,8.7e-5
Era,8.7e-5
Evalyn,8.7e-5
Lulu,8.7e-5
Mathilda,8.7e-5
Annetta,8.6e-5
Estell,8.6e-5
Eve,8.6e-5
Magdalena,8.6e-5
Ardella,8.6e-5
Donnie,8.6e-5
Theo,8.6e-5
Berta,8.5e-5
Claudie,8.5e-5
Madonna,8.5e-5
Neoma,8.5e-5
Hettie,8.4e-5
Maryellen,8.4e-5
Mittie,8.4e-5
Dorcas,8.3e-5
Gayle,8.3e-5
Leatha,8.3e-5
Vivien,8.3e-5
Almeda,8.3e-5
Antonette,8.3e-5
Billye,8.3e-5
Noreen,8.2e-5
Elna,8.1e-5
Norine,8.1e-5
Yetta,8.1e-5
Felicia,8e-5
Zona,8e-5
Catalina,7.9e-5
Eris,7.9e-5
Tressie,7.9e-5
Elayne,7.9e-5
Lyla,7.9e-5
Marge,7.9e-5
Velva,7.9e-5
Eloisa,7.8e-5
Georgina,7.8e-5
Mozell,7.8e-5
Crystal,7.7e-5
Ira,7.7e-5
Lovie,7.7e-5
Roselyn,7.7e-5
Santos,7.7e-5
Sibyl,7.7e-5
Billy,7.6e-5
Bobby,7.6e-5
Freeda,7.6e-5
Nelle,7.6e-5
Christene,7.6e-5
Francine,7.6e-5
Grayce,7.6e-5
Larue,7.6e-5
Mickey,7.6e-5
Naoma,7.6e-5
Anastasia,7.5e-5
Dale,7.5e-5
Edward,7.5e-5
Laverna,7.5e-5
Sonia,7.5e-5
Abbie,7.4e-5
Arvilla,7.4e-5
Bulah,7.4e-5
Henry,7.4e-5
Kattie,7.4e-5
Rachael,7.4e-5
Corene,7.3e-5
Hazle,7.3e-5
Zula,7.3e-5
Frank,7.3e-5
Gearldine,7.3e-5
Lyda,7.3e-5
Richard,7.3e-5
Rosanna,7.3e-5
Vina,7.3e-5
Altha,7.2e-5
Lucretia,7.2e-5
Octavia,7.2e-5
Pattie,7.2e-5
Susanna,7.2e-5
Adelina,7.1e-5
Elinore,7.1e-5
Juliet,7.1e-5
Madaline,7.1e-5
Martina,7.1e-5
Marylou,7.1e-5
Ocie,7e-5
Rosamond,7e-5
Verona,7e-5
Lennie,6.9e-5
Nova,6.9e-5
Lonnie,6.9e-5
Ofelia,6.9e-5
Palma,6.9e-5
Cathrine,6.8e-5
Esta,6.8e-5
Maxie,6.8e-5
Santa,6.8e-5
Savannah,6.8e-5
Elizebeth,6.7e-5
Evie,6.7e-5
Trinidad,6.7e-5
Violette,6.7e-5
Waneta,6.7e-5
Dena,6.6e-5
Elenora,6.6e-5
Walter,6.6e-5
Bernita,6.6e-5
Clyde,6.6e-5
Donald,6.6e-5
Ellie,6.6e-5
Idell,6.6e-5
Rosaline,6.6e-5
Sudie,6.6e-5
Thomas,6.6e-5
Cleta,6.5e-5
Marlys,6.5e-5
Vernie,6.5e-5
Alvera,6.4e-5
Alverta,6.4e-5
Concepcion,6.4e-5
Golda,6.4e-5
Nathalie,6.4e-5
Darline,6.3e-5
Elenore,6.3e-5
Harold,6.3e-5
Herminia,6.3e-5
Luisa,6.3e-5
Meredith,6.3e-5
Theola,6.3e-5
Adelle,6.3e-5
Benita,6.3e-5
Bess,6.3e-5
Blossom,6.3e-5
Bridget,6.3e-5
Elease,6.3e-5
Elmira,6.3e-5
Hedwig,6.3e-5
Jeannie,6.3e-5
Louvenia,6.3e-5
Rosalia,6.3e-5
Bettyjane,6.2e-5
Caryl,6.2e-5
Gerry,6.2e-5
Lynn,6.2e-5
Madie,6.2e-5
Pinkie,6.2e-5
Carlene,6.1e-5
Chloe,6.1e-5
Josefa,6.1e-5
Wynona,6.1e-5
Audra,6e-5
Dimple,6e-5
Jettie,6e-5
Myrtie,6e-5
Paul,6e-5
Lavada,5.9e-5
Loyce,5.9e-5
Macie,5.9e-5
Mandy,5.9e-5
Willene,5.9e-5
Eulalia,5.9e-5
Greta,5.9e-5
Libby,5.9e-5
Meta,5.9e-5
Bernardine,5.8e-5
Hilma,5.8e-5
Inell,5.8e-5
Jack,5.8e-5
Beaulah,5.7e-5
Dorathy,5.7e-5
Lavera,5.7e-5
Lilla,5.7e-5
Luvenia,5.7e-5
Norene,5.7e-5
Romaine,5.7e-5
Sabina,5.7e-5
Viva,5.7e-5
Willia,5.7e-5
Zoe,5.7e-5
Bettylou,5.6e-5
Eda,5.6e-5
Florida,5.6e-5
Hildred,5.6e-5
Ines,5.6e-5
Letitia,5.6e-5
Nila,5.6e-5
Phylis,5.6e-5
Marlene,5.6e-5
Myrle,5.6e-5
Tomasa,5.6e-5
Verdie,5.6e-5
Verlie,5.6e-5
Adelia,5.5e-5
Augustine,5.5e-5
Cathleen,5.5e-5
Darleen,5.5e-5
Delilah,5.5e-5
Elois,5.5e-5
Jonnie,5.5e-5
Leonor,5.5e-5
Mafalda,5.5e-5
Rozella,5.5e-5
Vena,5.5e-5
Wanita,5.5e-5
Aida,5.4e-5
Berenice,5.4e-5
Carmelita,5.4e-5
Ceola,5.4e-5
Charity,5.4e-5
Emmie,5.4e-5
Hulda,5.4e-5
Magdalen,5.4e-5
Malinda,5.4e-5
Nella,5.4e-5
Almeta,5.3e-5
Madalyn,5.3e-5
Sofia,5.3e-5
Versie,5.3e-5
Vonda,5.3e-5
Amparo,5.2e-5
Elvie,5.2e-5
Eugene,5.2e-5
Euna,5.2e-5
Luz,5.2e-5
Marceline,5.2e-5
Ossie,5.2e-5
Queenie,5.2e-5
Vernelle,5.2e-5
Vita,5.2e-5
Dana,5.2e-5
Lida,5.2e-5
Myrl,5.2e-5
Adaline,5.1e-5
Clarissa,5.1e-5
Delfina,5.1e-5
Erline,5.1e-5
Jeraldine,5.1e-5
Laurene,5.1e-5
Lavinia,5.1e-5
Mammie,5.1e-5
Marina,5.1e-5
Nedra,5.1e-5
Peggie,5.1e-5
Gaynell,5e-5
Juliana,5e-5
Leonore,5e-5
Letty,5e-5
Lolita,5e-5
Penelope,5e-5
Vivienne,5e-5
Dorthea,4.9e-5
Emmer,4.9e-5
Ernestina,4.9e-5
Exie,4.9e-5
Fairy,4.9e-5
Georgene,4.9e-5
Izetta,4.9e-5
Loma,4.9e-5
Ludie,4.9e-5
Mariam,4.9e-5
Rutha,4.9e-5
Toni,4.9e-5
Yoshiko,4.9e-5
Domenica,4.9e-5
Kathryne,4.9e-5
Lilia,4.9e-5
Ozella,4.9e-5
Pearle,4.9e-5
Prudence,4.9e-5
Ardell,4.8e-5
Birtha,4.8e-5
Coletta,4.8e-5
Doloris,4.8e-5
Eveline,4.8e-5
Georgetta,4.8e-5
Maurice,4.8e-5
Ana,4.7e-5
Cherry,4.7e-5
Fae,4.7e-5
Garnett,4.7e-5
Hortencia,4.7e-5
Lea,4.7e-5
Mardell,4.7e-5
Marybelle,4.7e-5
Albertine,4.6e-5
Edyth,4.6e-5
Eudora,4.6e-5
Georgine,4.6e-5
Katy,4.6e-5
Olene,4.6e-5
Venita,4.6e-5
Vinnie,4.6e-5
Wava,4.6e-5
Audry,4.6e-5
Dottie,4.6e-5
Elida,4.6e-5
Gay,4.6e-5
Karen,4.6e-5
Susanne,4.6e-5
Toby,4.6e-5
Carroll,4.5e-5
