name,percent
Robert,0.053366
John,0.049
James,0.046442
William,0.045323
Charles,0.025782
George,0.022604
Richard,0.021955
Joseph,0.020737
Donald,0.018264
Edward,0.016941
Thomas,0.014489
Frank,0.012639
Paul,0.01192
Harold,0.01161
Raymond,0.011199
Jack,0.010653
Walter,0.010277
Kenneth,0.009033
Henry,0.008717
Arthur,0.008263
Albert,0.007978
David,0.00789
Eugene,0.00787
Ralph,0.007375
Harry,0.00716
Carl,0.006065
Howard,0.005968
Willie,0.005947
Clarence,0.005698
Louis,0.005693
Fred,0.005635
Earl,0.005619
Joe,0.005537
Roy,0.005439
Francis,0.005052
Lawrence,0.004881
Ernest,0.004759
Leonard,0.004715
Norman,0.004625
Billy,0.004529
Gerald,0.00447
Anthony,0.004405
Stanley,0.00433
Herbert,0.004309
Alfred,0.004125
Daniel,0.003934
Melvin,0.003665
Samuel,0.003646
Bernard,0.003641
Marvin,0.003596
Leroy,0.003323
Russell,0.003317
Floyd,0.003159
Leo,0.003103
Edwin,0.003051
Michael,0.003047
Ray,0.002975
Peter,0.002927
Andrew,0.00292
Lloyd,0.00286
Elmer,0.00282
Clifford,0.002783
Theodore,0.002734
Frederick,0.002724
Calvin,0.002628
Vernon,0.002573
Clyde,0.002512
Wayne,0.002453
Herman,0.002436
Warren,0.00236
Philip,0.002359
Alvin,0.002352
Bill,0.00231
Leon,0.002307
Gordon,0.002299
Glenn,0.002298
Vincent,0.002222
Lester,0.002212
Chester,0.002208
Martin,0.002183
Lewis,0.002136
Charlie,0.002132
Milton,0.002111
Dale,0.002093
Lee,0.002026
Cecil,0.002009
Jesse,0.002006
Ronald,0.001996
Roger,0.001972
Harvey,0.001863
Gene,0.00182
Sam,0.001777
Allen,0.001761
Victor,0.001758
Wallace,0.001754
Don,0.001712
Jerry,0.001687
Benjamin,0.001654
Arnold,0.001642
Willard,0.001578
Douglas,0.001557
Gilbert,0.001554
Bob,0.001552
Johnnie,0.00151
Oscar,0.001495
Claude,0.00149
Roland,0.00149
Edgar,0.001462
Eddie,0.00146
Maurice,0.001432
Rudolph,0.001432
Curtis,0.001423
Marion,0.001422
Jerome,0.001409
Jimmie,0.001409
Bobby,0.001395
Junior,0.00139
Virgil,0.001379
Everett,0.001369
Manuel,0.00135
Glen,0.001326
Wilbur,0.001319
Homer,0.001316
Jose,0.001286
Jessie,0.001285
Leslie,0.001278
Bruce,0.001232
Hugh,0.001216
Sidney,0.001181
Stephen,0.001167
Hubert,0.001154
Wesley,0.001154
Nicholas,0.001147
Morris,0.00114
Johnny,0.001126
Luther,0.001125
Tom,0.001094
Max,0.00109
Dean,0.001089
Willis,0.001074
Patrick,0.001067
Franklin,0.001048
Irving,0.001015
Jim,0.001015
Billie,0.001012
Earnest,0.001005
Alexander,0.001004
Keith,9.79e-4
Horace,9.69e-4
Oliver,9.31e-4
Steve,9.23e-4
Lyle,9.17e-4
Julius,9.02e-4
Phillip,8.89e-4
Edmund,8.85e-4
Tony,8.85e-4
Ben,8.79e-4
Guy,8.72e-4
Salvatore,8.63e-4
Duane,8.4e-4
Clayton,8.34e-4
Archie,8e-4
Delbert,7.99e-4
Orville,7.82e-4
Clifton,7.74e-4
Jimmy,7.74e-4
Dan,7.67e-4
Otis,7.64e-4
Bennie,7.52e-4
Mike,7.46e-4
Angelo,7.35e-4
Clinton,7.35e-4
Alan,7.3e-4
Dennis,7.29e-4
Jay,7.23e-4
Nathaniel,7.14e-4
Larry,7.06e-4
Jacob,7.05e-4
Alex,7.03e-4
Merle,6.85e-4
Ira,6.85e-4
Allan,6.82e-4
Wilbert,6.79e-4
Alton,6.76e-4
Leland,6.76e-4
Matthew,6.75e-4
Ervin,6.72e-4
Ted,6.7e-4
Dewey,6.68e-4
Ivan,6.68e-4
Marshall,6.68e-4
Tommy,6.58e-4
Carroll,6.43e-4
Antonio,6.37e-4
Lowell,6.35e-4
Elbert,6.25e-4
Jesus,6.23e-4
Freddie,6.21e-4
Mark,6.16e-4
Julian,6.1e-4
Sylvester,6.03e-4
Nelson,5.99e-4
Emil,5.94e-4
Forrest,5.89e-4
Irvin,5.89e-4
Nathan,5.82e-4
Seymour,5.77e-4
Lonnie,5.73e-4
Dick,5.68e-4
Juan,5.65e-4
Eldon,5.64e-4
Rufus,5.62e-4
Wilfred,5.62e-4
Pete,5.61e-4
Wendell,5.61e-4
Nick,5.6e-4
Malcolm,5.49e-4
Fredrick,5.48e-4
Loyd,5.42e-4
Ramon,5.36e-4
Laurence,5.31e-4
Myron,5.31e-4
Loren,5.3e-4
Ellis,5.27e-4
Neil,5.25e-4
Aaron,5.2e-4
Karl,5.2e-4
Gerard,5.11e-4
Isaac,5.1e-4
Norbert,5.07e-4
Darrell,5.06e-4
Grady,5.06e-4
Johnie,5.04e-4
Murray,4.96e-4
Perry,4.9e-4
Felix,4.89e-4
Burton,4.86e-4
Owen,4.85e-4
Rex,4.79e-4
Elwood,4.76e-4
Emmett,4.72e-4
Byron,4.67e-4
Ross,4.65e-4
Mack,4.64e-4
Grover,4.58e-4
Troy,4.51e-4
Mario,4.49e-4
Bert,4.48e-4
Carlos,4.34e-4
Aubrey,4.33e-4
Doyle,4.33e-4
Percy,4.31e-4
Harley,4.29e-4
Otto,4.24e-4
Carlton,4.21e-4
Rodney,4.21e-4
Roosevelt,4.16e-4
Reginald,4.14e-4
Sherman,4.14e-4
Dominick,4.08e-4
Dwight,4.07e-4
Tommie,4.07e-4
Dominic,4.05e-4
Irwin,4.05e-4
Wilson,4.05e-4
Erwin,4.04e-4
August,3.99e-4
Amos,3.97e-4
Morton,3.86e-4
Ruben,3.85e-4
Bobbie,3.84e-4
Boyd,3.77e-4
Francisco,3.77e-4
Austin,3.75e-4
Abraham,3.73e-4
Dallas,3.72e-4
Adam,3.71e-4
Louie,3.7e-4
Neal,3.63e-4
Garland,3.62e-4
Preston,3.62e-4
Adolph,3.54e-4
Harlan,3.54e-4
Pedro,3.54e-4
Benny,3.5e-4
Roscoe,3.5e-4
Laverne,3.49e-4
Charley,3.48e-4
Conrad,3.46e-4
Jasper,3.41e-4
Joel,3.31e-4
Millard,3.28e-4
Edmond,3.27e-4
Cornelius,3.22e-4
Lynn,3.22e-4
Merlin,3.21e-4
Rudy,3.2e-4
Stuart,3.2e-4
Jackie,3.2e-4
Reuben,3.19e-4
Dave,3.09e-4
Elvin,3.09e-4
Sheldon,3.06e-4
Steven,3.06e-4
Mitchell,3.03e-4
Wade,3e-4
Moses,2.97e-4
Clair,2.95e-4
Maynard,2.93e-4
Grant,2.93e-4
Will,2.92e-4
Russel,2.87e-4
Alfonso,2.86e-4
Cleveland,2.86e-4
Elton,2.84e-4
Carmen,2.81e-4
Monroe,2.81e-4
Wilburn,2.76e-4
Luis,2.75e-4
Ollie,2.75e-4
Delmar,2.74e-4
Teddy,2.72e-4
Wilmer,2.72e-4
Kermit,2.72e-4
Weldon,2.72e-4
Marcus,2.71e-4
Rocco,2.71e-4
Woodrow,2.7e-4
Merrill,2.67e-4
Raul,2.66e-4
Thurman,2.66e-4
Harrison,2.65e-4
Emanuel,2.64e-4
Vito,2.64e-4
Jean,2.61e-4
Alonzo,2.59e-4
Pat,2.59e-4
Lionel,2.58e-4
Gus,2.57e-4
Ned,2.56e-4
Ed,2.51e-4
Simon,2.47e-4
Sammie,2.46e-4
Cleo,2.45e-4
Randolph,2.45e-4
Clement,2.43e-4
Adrian,2.42e-4
Elijah,2.41e-4
Wilford,2.4e-4
Hollis,2.39e-4
Timothy,2.39e-4
Christopher,2.38e-4
Mary,2.37e-4
Sanford,2.35e-4
Stewart,2.35e-4
Cyril,2.32e-4
Eli,2.32e-4
Salvador,2.32e-4
Coy,2.31e-4
Buford,2.31e-4
Jake,2.31e-4
Patsy,2.31e-4
Clark,2.3e-4
Alva,2.25e-4
Wiley,2.23e-4
Levi,2.21e-4
Odell,2.21e-4
Claud,2.19e-4
Armand,2.17e-4
Roberto,2.17e-4
Sterling,2.15e-4
Lavern,2.14e-4
Andy,2.13e-4
Miles,2.13e-4
Elmo,2.12e-4
Gregory,2.12e-4
Royce,2.11e-4
Earle,2.09e-4
Dudley,2.07e-4
Jess,2.07e-4
Marlin,2.06e-4
Forest,2.05e-4
Noah,2.05e-4
Thaddeus,2.05e-4
Orval,2.04e-4
Basil,2.03e-4
Jackson,2.02e-4
Winston,2.01e-4
Norris,2e-4
Randall,2e-4
Lorenzo,1.98e-4
Danny,1.97e-4
Buddy,1.96e-4
Emory,1.96e-4
Mervin,1.96e-4
Rolland,1.96e-4
Emery,1.95e-4
Vern,1.94e-4
Roman,1.93e-4
Alphonse,1.92e-4
Lamar,1.92e-4
Truman,1.92e-4
Van,1.92e-4
Guadalupe,1.91e-4
Travis,1.91e-4
Ward,1.91e-4
Darrel,1.89e-4
Hershel,1.89e-4
Pasquale,1.88e-4
Shirley,1.88e-4
Eric,1.87e-4
Harris,1.87e-4
Silas,1.87e-4
Solomon,1.87e-4
Barney,1.86e-4
Milford,1.85e-4
Alfredo,1.84e-4
Bruno,1.83e-4
Herschel,1.83e-4
Elliott,1.82e-4
Elias,1.81e-4
Freeman,1.8e-4
Armando,1.78e-4
Noel,1.78e-4
Darwin,1.77e-4
Sammy,1.76e-4
Gabriel,1.76e-4
Winfred,1.76e-4
Cletus,1.75e-4
Pablo,1.74e-4
Ellsworth,1.73e-4
Carmine,1.72e-4
Rene,1.72e-4
Miguel,1.7e-4
Hiram,1.69e-4
Anton,1.69e-4
Gale,1.69e-4
Normand,1.68e-4
Saul,1.66e-4
Gail,1.65e-4
Bud,1.64e-4
Everette,1.64e-4
Lenard,1.63e-4
Delmer,1.62e-4
Emerson,1.62e-4
Hal,1.62e-4
Lyman,1.62e-4
Odis,1.62e-4
Scott,1.62e-4
Alden,1.6e-4
Rodolfo,1.59e-4
Riley,1.55e-4
Royal,1.55e-4
Spencer,1.54e-4
Linwood,1.53e-4
Roderick,1.53e-4
Bertram,1.52e-4
Edsel,1.51e-4
Ulysses,1.51e-4
Vance,1.51e-4
Frederic,1.48e-4
Carol,1.47e-4
Nolan,1.47e-4
Mathew,1.46e-4
Omer,1.46e-4
Rafael,1.46e-4
Chris,1.45e-4
Foster,1.45e-4
Sol,1.45e-4
Terry,1.43e-4
Booker,1.42e-4
Luke,1.41e-4
Wilton,1.41e-4
Denver,1.4e-4
Ferdinand,1.4e-4
Hugo,1.4e-4
Jeff,1.39e-4
Enrique,1.38e-4
Alberto,1.37e-4
Frankie,1.36e-4
Houston,1.36e-4
Morgan,1.36e-4
Augustine,1.35e-4
Phil,1.35e-4
Ambrose,1.34e-4
Hoyt,1.34e-4
Olen,1.34e-4
Burl,1.32e-4
Felipe,1.32e-4
Noble,1.32e-4
Fletcher,1.31e-4
Buster,1.3e-4
Columbus,1.3e-4
Jewel,1.3e-4
Tomas,1.3e-4
Al,1.28e-4
Orlando,1.28e-4
Arturo,1.27e-4
Blaine,1.27e-4
Dalton,1.27e-4
Elwin,1.27e-4
Hector,1.27e-4
Major,1.27e-4
Newton,1.27e-4
Raymon,1.27e-4
Reed,1.27e-4
Verne,1.27e-4
Jefferson,1.25e-4
Lincoln,1.25e-4
Anderson,1.23e-4
Lucien,1.23e-4
Wilber,1.22e-4
Bryan,1.21e-4
Ernesto,1.21e-4
Ezra,1.21e-4
Carlo,1.21e-4
Augustus,1.2e-4
Elroy,1.2e-4
Fernando,1.19e-4
Abe,1.17e-4
Harmon,1.17e-4
Ignacio,1.17e-4
Joesph,1.17e-4
Julio,1.17e-4
Arlie,1.15e-4
Nickolas,1.15e-4
Waldo,1.15e-4
Clay,1.14e-4
Cyrus,1.14e-4
Emile,1.14e-4
Emilio,1.14e-4
Gaylord,1.14e-4
Milo,1.14e-4
Sebastian,1.14e-4
Angel,1.13e-4
Coleman,1.13e-4
Junius,1.13e-4
Isiah,1.12e-4
Micheal,1.11e-4
Evan,1.1e-4
Olin,1.1e-4
Daryl,1.09e-4
Isaiah,1.09e-4
Justin,1.09e-4
Talmadge,1.09e-4
Jerald,1.08e-4
Otha,1.08e-4
Carrol,1.07e-4
Kent,1.07e-4
Ora,1.07e-4
Jules,1.07e-4
Kelly,1.07e-4
Lemuel,1.07e-4
Mason,1.07e-4
Mckinley,1.07e-4
Beverly,1.06e-4
Davis,1.06e-4
Dewitt,1.06e-4
Domingo,1.06e-4
Napoleon,1.06e-4
Marcel,1.05e-4
Shelby,1.05e-4
Aloysius,1.04e-4
Hyman,1.04e-4
Palmer,1.04e-4
Dorothy,1.03e-4
Hilton,1.03e-4
Bennett,1.02e-4
Hobert,1.02e-4
Lucius,1.02e-4
Theron,1.02e-4
Vaughn,1.02e-4
Rollin,1.01e-4
Alphonso,1e-4
Benedict,1e-4
Frances,1e-4
Gilberto,1e-4
Jeremiah,1e-4
Merton,1e-4
Casimir,1e-4
Dana,1e-4
Domenic,1e-4
Eldridge,1e-4
Valentine,1e-4
Albin,9.9e-5
Aldo,9.9e-5
Christian,9.9e-5
Elden,9.9e-5
Jennings,9.9e-5
Judson,9.9e-5
King,9.9e-5
Arther,9.8e-5
Carson,9.8e-5
Oren,9.8e-5
Rogers,9.8e-5
Sydney,9.8e-5
Harland,9.7e-5
Rubin,9.7e-5
Zane,9.7e-5
Ernie,9.6e-5
Fay,9.6e-5
Rosario,9.6e-5
Clarance,9.5e-5
Sherwood,9.5e-5
Doris,9.3e-5
Guillermo,9.3e-5
Lacy,9.3e-5
Granville,9.3e-5
Jonathan,9.3e-5
Milan,9.3e-5
Bernie,9.2e-5
Gary,9.2e-5
Quentin,9.2e-5
Theo,9.2e-5
Asa,9.1e-5
Mose,9.1e-5
Walton,9.1e-5
Galen,9e-5
Isadore,9e-5
Joshua,9e-5
Raleigh,8.9e-5
Abel,8.8e-5
Arden,8.8e-5
Graham,8.8e-5
Haywood,8.8e-5
Jason,8.8e-5
Stanford,8.8e-5
Warner,8.8e-5
Dee,8.7e-5
Edd,8.7e-5
Florian,8.7e-5
Ricardo,8.7e-5
Rupert,8.7e-5
Winford,8.7e-5
Avery,8.6e-5
Boyce,8.6e-5
Constantine,8.6e-5
Lupe,8.6e-5
Bradford,8.6e-5
Dock,8.6e-5
Bernice,8.5e-5
Jonas,8.5e-5
Dexter,8.4e-5
Domenick,8.4e-5
Gustave,8.4e-5
Hans,8.4e-5
Merritt,8.4e-5
Santos,8.4e-5
Romeo,8.3e-5
Santo,8.3e-5
Connie,8.2e-5
Felton,8.2e-5
Taylor,8.2e-5
Donn,8.1e-5
Eldred,8.1e-5
Israel,8.1e-5
Loy,8.1e-5
Ottis,8.1e-5
Alvie,8e-5
Gregorio,8e-5
Betty,7.9e-5
Jordan,7.9e-5
Margaret,7.9e-5
Walker,7.9e-5
Adolfo,7.9e-5
Elzie,7.9e-5
Emmitt,7.9e-5
Angus,7.8e-5
Carter,7.8e-5
Elliot,7.8e-5
Elvis,7.8e-5
Enoch,7.8e-5
Hermon,7.8e-5
Hobart,7.8e-5
Murphy,7.8e-5
Rodger,7.8e-5
Bryant,7.7e-5
Jewell,7.7e-5
Maxwell,7.7e-5
Merlyn,7.7e-5
Alvis,7.6e-5
Benton,7.6e-5
Blair,7.6e-5
Evert,7.6e-5
Alford,7.5e-5
Glendon,7.5e-5
Oran,7.5e-5
Santiago,7.5e-5
Kyle,7.4e-5
Meyer,7.4e-5
Verlin,7.4e-5
Cruz,7.3e-5
Haskell,7.3e-5
Winfield,7.3e-5
Antone,7.2e-5
Clare,7.2e-5
Garfield,7.2e-5
Garrett,7.2e-5
Hillard,7.2e-5
Werner,7.2e-5
Aron,7.2e-5
Dwayne,7.2e-5
Elmore,7.2e-5
Franklyn,7.2e-5
Orin,7.2e-5
Seth,7.2e-5
Bradley,7.1e-5
Denis,7.1e-5
Elwyn,7.1e-5
Leeroy,7.1e-5
Raphael,7.1e-5
Rayford,7.1e-5
Craig,7e-5
Mahlon,7e-5
Clem,6.9e-5
Monte,6.9e-5
Tracy,6.9e-5
Vicente,6.9e-5
Andres,6.8e-5
Barry,6.8e-5
Carey,6.8e-5
Kay,6.8e-5
Kirby,6.8e-5
Lawerence,6.8e-5
Lucian,6.8e-5
Willian,6.8e-5
Early,6.7e-5
Gustav,6.7e-5
Lucious,6.7e-5
Theadore,6.7e-5
Verl,6.7e-5
Carleton,6.6e-5
Carlyle,6.6e-5
Claudie,6.6e-5
Hayward,6.6e-5
Matt,6.6e-5
Porter,6.6e-5
Stanton,6.6e-5
Bonnie,6.5e-5
Buck,6.5e-5
Cloyd,6.5e-5
Eduardo,6.5e-5
Garth,6.5e-5
Helen,6.5e-5
Howell,6.5e-5
Newell,6.5e-5
Guido,6.5e-5
Loyal,6.5e-5
Dorsey,6.4e-5
Estel,6.4e-5
Gino,6.4e-5
Hardy,6.4e-5
Leander,6.4e-5
Murry,6.4e-5
Prince,6.4e-5
Ruth,6.4e-5
Sandy,6.4e-5
Burt,6.3e-5
Duncan,6.3e-5
Lon,6.3e-5
Melton,6.3e-5
Otho,6.3e-5
Arvil,6.2e-5
Aurelio,6.2e-5
Benito,6.2e-5
Bryce,6.2e-5
Damon,6.2e-5
Elisha,6.2e-5
Ford,6.2e-5
Garnett,6.2e-5
Lambert,6.2e-5
Omar,6.2e-5
Pearl,6.2e-5
Shelton,6.2e-5
Sylvan,6.2e-5
Allison,6.1e-5
Audrey,6.1e-5
Cameron,6.1e-5
Dewayne,6.1e-5
Emmet,6.1e-5
Evans,6.1e-5
Lawson,6.1e-5
Merl,6.1e-5
Oswald,6.1e-5
Armond,6e-5
Chauncey,6e-5
Dayton,6e-5
Gayle,6e-5
June,6e-5
Laurel,6e-5
Reynaldo,6e-5
Waymon,6e-5
Williams,6e-5
Wm,6e-5
Bertrand,5.9e-5
Dillard,5.9e-5
Fritz,5.9e-5
Ignatius,5.9e-5
Norval,5.9e-5
Orrin,5.9e-5
Reynold,5.9e-5
Rowland,5.9e-5
Alejandro,5.9e-5
Auther,5.9e-5
Brady,5.9e-5
Freddy,5.9e-5
Hamilton,5.9e-5
Kendall,5.9e-5
Myles,5.9e-5
Obie,5.9e-5
Webster,5.9e-5
Donnie,5.8e-5
Donovan,5.8e-5
Fidel,5.8e-5
Ivory,5.8e-5
Kennith,5.8e-5
Meredith,5.8e-5
Norwood,5.8e-5
Regis,5.8e-5
Reid,5.8e-5
Rudolf,5.8e-5
Ike,5.7e-5
Lorin,5.7e-5
Mickey,5.7e-5
Richmond,5.7e-5
Tim,5.7e-5
General,5.6e-5
Huey,5.6e-5
Judge,5.6e-5
Reno,5.6e-5
Robin,5.6e-5
Virgle,5.6e-5
Arvid,5.5e-5
Clovis,5.5e-5
Dwain,5.5e-5
Ewell,5.5e-5
Loran,5.5e-5
Maxie,5.5e-5
Miller,5.5e-5
Americo,5.4e-5
Arlo,5.4e-5
Edison,5.4e-5
Adelbert,5.3e-5
Brooks,5.3e-5
Durward,5.3e-5
Durwood,5.3e-5
Isidore,5.3e-5
Johnson,5.3e-5
Linus,5.3e-5
Lonzo,5.3e-5
Nicolas,5.3e-5
Parker,5.3e-5
Sumner,5.3e-5
Vernie,5.3e-5
Arley,5.2e-5
Artie,5.2e-5
Barton,5.2e-5
Benjiman,5.2e-5
Denzil,5.2e-5
Giles,5.2e-5
Hazel,5.2e-5
Hunter,5.2e-5
Jonnie,5.2e-5
Mac,5.2e-5
Margarito,5.2e-5
Mariano,5.2e-5
Marlyn,5.2e-5
Milburn,5.2e-5
Mitchel,5.2e-5
Rueben,5.2e-5
Addison,5.2e-5
Berry,5.2e-5
Carmelo,5.2e-5
Deane,5.2e-5
Ellwood,5.2e-5
Ezekiel,5.2e-5
Hayden,5.2e-5
Leonardo,5.2e-5
Andre,5.1e-5
Artis,5.1e-5
Fredric,5.1e-5
Glynn,5.1e-5
Hilbert,5.1e-5
Refugio,5.1e-5
Clint,5e-5
Donal,5e-5
Hosea,5e-5
Leopoldo,5e-5
Merwin,5e-5
Oral,5e-5
Silvio,5e-5
Abner,4.9e-5
Arlin,4.9e-5
Darold,4.9e-5
Fernand,4.9e-5
Gaetano,4.9e-5
Lindsey,4.9e-5
Lois,4.9e-5
Madison,4.9e-5
Norton,4.9e-5
Ruby,4.9e-5
Agustin,4.8e-5
Alois,4.8e-5
Burley,4.8e-5
Crawford,4.8e-5
Farris,4.8e-5
Henderson,4.8e-5
Joaquin,4.8e-5
Jon,4.8e-5
Joyce,4.8e-5
Lauren,4.8e-5
Leopold,4.8e-5
Marie,4.8e-5
Orvil,4.8e-5
Turner,4.8e-5
Virginia,4.8e-5
Wardell,4.8e-5
Casper,4.7e-5
Cleve,4.7e-5
Donato,4.7e-5
Dorris,4.7e-5
Elizabeth,4.7e-5
Gorden,4.7e-5
Johny,4.7e-5
Ken,4.7e-5
Kurt,4.7e-5
Nevin,4.7e-5
Rosevelt,4.7e-5
Terrence,4.7e-5
Adolphus,4.6e-5
Dempsey,4.6e-5
Finis,4.6e-5
Gerhard,4.6e-5
Godfrey,4.6e-5
Hurley,4.6e-5
Llewellyn,4.6e-5
Trinidad,4.6e-5
Urban,4.6e-5
Vester,4.6e-5
Vivian,4.6e-5
Wayland,4.6e-5
Abram,4.5e-5
Allie,4.5e-5
Burnell,4.5e-5
Dante,4.5e-5
Jamie,4.5e-5
Logan,4.5e-5
Louise,4.5e-5
Oneal,4.5e-5
Ramiro,4.5e-5
Tillman,4.5e-5
Willam,4.5e-5
Arvin,4.5e-5
Claire,4.5e-5
Dwaine,4.5e-5
Enos,4.5e-5
Farrell,4.5e-5
Foy,4.5e-5
Gearld,4.5e-5
Hampton,4.5e-5
Hiroshi,4.5e-5
Ivy,4.5e-5
Ludwig,4.5e-5
Mildred,4.5e-5
Nunzio,4.5e-5
Thurston,4.5e-5
Art,4.4e-5
Casimer,4.4e-5
Cosmo,4.4e-5
Delton,4.4e-5
Douglass,4.4e-5
Gardner,4.4e-5
Gaston,4.4e-5
Henery,4.4e-5
Murl,4.4e-5
Sigmund,4.4e-5
Alice,4.3e-5
Arvel,4.3e-5
Author,4.3e-5
Brian,4.3e-5
Christ,4.3e-5
Desmond,4.3e-5
Federico,4.3e-5
Joy,4.3e-5
Leamon,4.3e-5
Marco,4.3e-5
Minoru,4.3e-5
Reese,4.3e-5
Rollie,4.3e-5
Valentino,4.3e-5
Worth,4.3e-5
Alvan,4.2e-5
Anna,4.2e-5
Ardell,4.2e-5
Beryl,4.2e-5
Dorman,4.2e-5
Elza,4.2e-5
Emmit,4.2e-5
Faustino,4.2e-5
Issac,4.2e-5
