name,percent
Robert,0.053177
John,0.047109
James,0.046251
William,0.04304
Charles,0.027375
Richard,0.025218
Donald,0.022527
George,0.021357
Joseph,0.01956
Edward,0.016205
Thomas,0.014531
Frank,0.011887
Paul,0.011544
Harold,0.011108
Jack,0.010935
Raymond,0.010473
Kenneth,0.009793
Walter,0.009337
David,0.008746
Eugene,0.008494
Henry,0.008173
Arthur,0.007777
Albert,0.007711
Ralph,0.007108
Herbert,0.007057
Harry,0.006662
Billy,0.00641
Carl,0.006089
Willie,0.005972
Joe,0.005857
Howard,0.0057
Louis,0.005505
Alfred,0.005469
Roy,0.005445
Clarence,0.005322
Fred,0.005276
Earl,0.005221
Norman,0.004903
Lawrence,0.004898
Francis,0.004833
Gerald,0.004812
Leonard,0.004506
Ernest,0.004333
Anthony,0.004131
Stanley,0.003931
Marvin,0.00391
Daniel,0.003888
Melvin,0.003728
Bernard,0.003556
Ronald,0.00349
Leroy,0.003395
Samuel,0.003375
Michael,0.003151
Floyd,0.002925
Russell,0.002914
Peter,0.002893
Ray,0.002852
Lloyd,0.002775
Edwin,0.002773
Andrew,0.002753
Gene,0.002709
Leo,0.002709
Elmer,0.002606
Bill,0.002604
Bobby,0.002603
Theodore,0.002555
Frederick,0.002532
Vernon,0.002507
Clifford,0.002504
Wayne,0.002503
Roger,0.002431
Alvin,0.00241
Philip,0.002392
Clyde,0.002368
Dale,0.002306
Glenn,0.002279
Herman,0.002269
Gordon,0.002269
Jerry,0.002269
Leon,0.002162
Charlie,0.002151
Vincent,0.002139
Martin,0.002124
Don,0.00209
Warren,0.002071
Lewis,0.002042
Lee,0.002
Chester,0.001964
Lester,0.001949
Harvey,0.001914
Jesse,0.001902
Milton,0.001898
Allen,0.001866
Calvin,0.001865
Bob,0.001835
Gilbert,0.001798
Cecil,0.001758
Arnold,0.00173
Victor,0.001703
Jimmie,0.001693
Curtis,0.001676
Douglas,0.001673
Johnnie,0.001637
Wallace,0.001619
Eddie,0.00158
Benjamin,0.0015790000000000001
Roland,0.001554
Jose,0.001549
Sam,0.001539
Jerome,0.001534
Manuel,0.00145
Bruce,0.001429
Willard,0.001429
Edgar,0.001397
Glen,0.001393
Claude,0.001345
Johnny,0.001336
Marion,0.001322
Maurice,0.001307
Junior,0.001306
Hubert,0.0013
Oscar,0.001287
Everett,0.00125
Jessie,0.00124
Virgil,0.001232
Max,0.00123
Wilbur,0.00123
Leslie,0.00121
Hugh,0.001202
Stephen,0.001167
Patrick,0.001162
Homer,0.001158
Billie,0.001156
Rudolph,0.001145
Tom,0.00114
Dean,0.001127
Jim,0.001082
Jimmy,0.001079
Keith,0.001074
Nicholas,0.001069
Duane,0.001065
Sidney,0.001056
Wesley,0.001032
Luther,0.001014
Morris,0.001012
Franklin,9.68e-4
Horace,9.65e-4
Willis,9.47e-4
Phillip,9.4e-4
Larry,9.37e-4
Tommy,9.31e-4
Alexander,9.19e-4
Earnest,9.16e-4
Delbert,8.94e-4
Lyle,8.77e-4
Ben,8.64e-4
Alan,8.45e-4
Salvatore,8.44e-4
Dennis,8.42e-4
Tony,8.37e-4
Oliver,8.18e-4
Steve,8.09e-4
Edmund,7.98e-4
Dan,7.94e-4
Otis,7.79e-4
Irving,7.69e-4
Guy,7.63e-4
Julius,7.61e-4
Archie,7.52e-4
Juan,7.51e-4
Allan,7.45e-4
Bennie,7.3e-4
Dick,7.3e-4
Clayton,7.29e-4
Ted,7.29e-4
Orville,7.12e-4
Angelo,7.11e-4
Alton,7.09e-4
Alex,7.05e-4
Clinton,6.93e-4
Leland,6.92e-4
Matthew,6.87e-4
Clifton,6.84e-4
Jesus,6.79e-4
Jay,6.73e-4
Mike,6.69e-4
Lowell,6.64e-4
Merle,6.63e-4
Ivan,6.62e-4
Antonio,6.58e-4
Freddie,6.52e-4
Wilbert,6.45e-4
Nathaniel,6.38e-4
Marshall,6.36e-4
Ira,6.33e-4
Jacob,6.31e-4
Lonnie,6.19e-4
Neil,6.1e-4
Irvin,6.01e-4
Ramon,6e-4
Nelson,5.95e-4
Dewey,5.92e-4
Ervin,5.89e-4
Myron,5.85e-4
Malcolm,5.83e-4
Elbert,5.76e-4
Wendell,5.76e-4
Carroll,5.74e-4
Mark,5.71e-4
Darrell,5.67e-4
Julian,5.58e-4
Wilfred,5.56e-4
Perry,5.54e-4
Pete,5.41e-4
Loren,5.36e-4
Nick,5.31e-4
Jackie,5.31e-4
Norbert,5.29e-4
Rufus,5.25e-4
Karl,5.24e-4
Sylvester,5.24e-4
Gerard,5.18e-4
Rodney,5.17e-4
Carlos,5.12e-4
Bobbie,5.09e-4
Emil,5.09e-4
Eldon,5.08e-4
Doyle,5.06e-4
Laurence,5.03e-4
Forrest,4.97e-4
Seymour,4.97e-4
Troy,4.92e-4
Aaron,4.88e-4
Carlton,4.84e-4
Fredrick,4.8e-4
Nathan,4.79e-4
Byron,4.78e-4
Ellis,4.76e-4
Loyd,4.74e-4
Isaac,4.74e-4
Johnie,4.74e-4
Mack,4.57e-4
Burton,4.55e-4
Rex,4.54e-4
Bert,4.53e-4
Grady,4.49e-4
Irwin,4.45e-4
Sherman,4.45e-4
Owen,4.45e-4
Roosevelt,4.44e-4
Murray,4.43e-4
Francisco,4.38e-4
Ruben,4.33e-4
Ross,4.24e-4
Percy,4.22e-4
Harley,4.21e-4
Pedro,4.2e-4
Elwood,4.18e-4
Mario,4.17e-4
Dominick,4.16e-4
Grover,4.13e-4
Felix,4.12e-4
Otto,4.1e-4
Lynn,4.09e-4
Benny,4.03e-4
Dwight,3.98e-4
Emmett,3.98e-4
Tommie,3.96e-4
Boyd,3.91e-4
Conrad,3.85e-4
Amos,3.82e-4
Harlan,3.81e-4
Wilson,3.8e-4
Aubrey,3.76e-4
Laverne,3.73e-4
August,3.69e-4
Sheldon,3.69e-4
Joel,3.66e-4
Edmond,3.57e-4
Reginald,3.53e-4
Abraham,3.49e-4
Stuart,3.46e-4
Erwin,3.46e-4
Louie,3.42e-4
Austin,3.39e-4
Teddy,3.39e-4
Cornelius,3.37e-4
Garland,3.37e-4
Dominic,3.33e-4
Preston,3.33e-4
Neal,3.31e-4
Maynard,3.3e-4
Raul,3.3e-4
Dallas,3.29e-4
Morton,3.23e-4
Pat,3.17e-4
Adam,3.13e-4
Wade,3.11e-4
Steven,3.06e-4
Roscoe,3.03e-4
Adolph,3e-4
Alfonso,2.95e-4
Jasper,2.94e-4
Delmar,2.91e-4
Sammie,2.89e-4
Elton,2.89e-4
Jean,2.89e-4
Carmen,2.86e-4
Dave,2.85e-4
Millard,2.85e-4
Will,2.84e-4
Charley,2.83e-4
Elvin,2.83e-4
Rudy,2.83e-4
Luis,2.81e-4
Moses,2.78e-4
Mitchell,2.74e-4
Roberto,2.74e-4
Grant,2.69e-4
Merlin,2.69e-4
Reuben,2.66e-4
Thurman,2.64e-4
Ned,2.63e-4
Lionel,2.62e-4
Wilmer,2.62e-4
Armand,2.61e-4
Timothy,2.6e-4
Mary,2.59e-4
Randolph,2.58e-4
Salvador,2.58e-4
Sanford,2.58e-4
Clair,2.52e-4
Rocco,2.49e-4
Marlin,2.48e-4
Emanuel,2.46e-4
Russel,2.46e-4
Alfredo,2.46e-4
Monroe,2.46e-4
Danny,2.45e-4
Patsy,2.45e-4
Sammy,2.45e-4
Weldon,2.45e-4
Merrill,2.44e-4
Cleveland,2.43e-4
Harrison,2.42e-4
Odell,2.42e-4
Ollie,2.35e-4
Simon,2.35e-4
Christopher,2.34e-4
Alonzo,2.32e-4
Noel,2.32e-4
Lavern,2.31e-4
Gus,2.3e-4
Rolland,2.3e-4
Wiley,2.3e-4
Royce,2.29e-4
Gregory,2.28e-4
Andy,2.27e-4
Earle,2.27e-4
Clement,2.26e-4
Hollis,2.26e-4
Wilburn,2.26e-4
Elijah,2.24e-4
Gabriel,2.24e-4
Hoover,2.23e-4
Buddy,2.22e-4
Darwin,2.22e-4
Marcus,2.21e-4
Ed,2.19e-4
Wilford,2.18e-4
Shirley,2.17e-4
Travis,2.14e-4
Darrel,2.13e-4
Jackson,2.13e-4
Forest,2.12e-4
Kermit,2.12e-4
Cleo,2.11e-4
Jake,2.11e-4
Armando,2.1e-4
Buford,2.1e-4
Clark,2.1e-4
Claud,2.1e-4
Elmo,2.05e-4
Lamar,2.05e-4
Cyril,2.04e-4
Norris,2.04e-4
Stewart,2.04e-4
Vito,2.04e-4
Adrian,2.03e-4
Sterling,2.03e-4
Woodrow,2.02e-4
Alphonse,2.01e-4
Coy,2.01e-4
Gary,2.01e-4
Guadalupe,2.01e-4
Emery,2e-4
Lorenzo,1.99e-4
Van,1.99e-4
Emory,1.98e-4
Miguel,1.98e-4
Rodolfo,1.97e-4
Harris,1.96e-4
Roman,1.95e-4
Eric,1.94e-4
Miles,1.93e-4
Solomon,1.91e-4
Mervin,1.89e-4
Carmine,1.89e-4
Eli,1.89e-4
Terry,1.89e-4
Bud,1.88e-4
Huey,1.88e-4
Rafael,1.88e-4
Herschel,1.86e-4
Alva,1.82e-4
Barney,1.82e-4
Rene,1.81e-4
Winston,1.81e-4
Vern,1.8e-4
Linwood,1.76e-4
Milford,1.76e-4
Winfred,1.74e-4
Jess,1.73e-4
Randall,1.73e-4
Truman,1.73e-4
Carol,1.7e-4
Enrique,1.7e-4
Basil,1.69e-4
Hal,1.69e-4
Arturo,1.68e-4
Lenard,1.68e-4
Al,1.67e-4
Frankie,1.67e-4
Odis,1.67e-4
Emerson,1.65e-4
Levi,1.65e-4
Scott,1.65e-4
Bertram,1.63e-4
Hector,1.63e-4
Delmer,1.62e-4
Ward,1.61e-4
Pasquale,1.6e-4
Roderick,1.6e-4
Hershel,1.6e-4
Royal,1.6e-4
Elias,1.59e-4
Gale,1.59e-4
Dudley,1.58e-4
Saul,1.58e-4
Vance,1.57e-4
Gilberto,1.56e-4
Emilio,1.55e-4
Jeff,1.55e-4
Lyman,1.55e-4
Lindy,1.54e-4
Gail,1.53e-4
Bruno,1.53e-4
Noah,1.53e-4
Pablo,1.53e-4
Ulysses,1.53e-4
Wilton,1.53e-4
Freeman,1.51e-4
Hiram,1.51e-4
Alden,1.5e-4
Thaddeus,1.5e-4
Booker,1.49e-4
Normand,1.49e-4
Burl,1.48e-4
Everette,1.48e-4
Elliott,1.47e-4
Silas,1.47e-4
Alberto,1.46e-4
Ricardo,1.46e-4
Riley,1.46e-4
Spencer,1.46e-4
Chris,1.44e-4
Domingo,1.44e-4
Anton,1.43e-4
Carrol,1.43e-4
Olen,1.43e-4
Denver,1.41e-4
Ellsworth,1.41e-4
Cletus,1.4e-4
Tomas,1.39e-4
Milo,1.39e-4
Edsel,1.38e-4
Ferdinand,1.38e-4
Nolan,1.38e-4
Jules,1.35e-4
Orval,1.34e-4
Phil,1.34e-4
Houston,1.32e-4
Mathew,1.32e-4
Luke,1.32e-4
Buster,1.31e-4
Arlie,1.3e-4
Augustine,1.29e-4
Major,1.29e-4
Columbus,1.28e-4
Fernando,1.28e-4
Augustus,1.27e-4
Carlo,1.27e-4
Newton,1.27e-4
Omer,1.27e-4
Frederic,1.26e-4
Jerald,1.25e-4
Barry,1.25e-4
Ernesto,1.25e-4
Santiago,1.24e-4
Sol,1.24e-4
Vaughn,1.24e-4
Frances,1.22e-4
Hoyt,1.22e-4
Ignacio,1.21e-4
Jewel,1.2e-4
Orlando,1.19e-4
Angel,1.18e-4
Blaine,1.18e-4
Clay,1.18e-4
Davis,1.18e-4
Julio,1.18e-4
Verne,1.18e-4
Elroy,1.17e-4
Hobert,1.17e-4
Marcel,1.17e-4
Gaylord,1.15e-4
Hugo,1.15e-4
Lincoln,1.15e-4
Morgan,1.15e-4
Dalton,1.14e-4
Dana,1.14e-4
Evan,1.14e-4
Raymon,1.14e-4
Eduardo,1.13e-4
Felipe,1.13e-4
Harland,1.13e-4
Kelly,1.12e-4
Kent,1.12e-4
Anderson,1.11e-4
Joesph,1.11e-4
Mckinley,1.11e-4
Noble,1.11e-4
Sebastian,1.11e-4
Bryan,1.1e-4
Fletcher,1.1e-4
Ambrose,1.08e-4
Donnie,1.08e-4
Emile,1.08e-4
Merton,1.08e-4
Nickolas,1.08e-4
Aloysius,1.07e-4
Dorothy,1.07e-4
Wilber,1.07e-4
Andres,1.06e-4
Isiah,1.06e-4
Justin,1.06e-4
Hilton,1.05e-4
Isaiah,1.05e-4
Betty,1.04e-4
Elwin,1.04e-4
Joshua,1.04e-4
Olin,1.04e-4
Reed,1.04e-4
Sherwood,1.04e-4
Valentine,1.04e-4
Graham,1.03e-4
Mose,1.03e-4
Stanford,1.03e-4
Benito,1.03e-4
Lemuel,1.03e-4
Ezra,1.02e-4
Jonathan,1.02e-4
Maxwell,1.02e-4
Micheal,1.02e-4
Oren,1.02e-4
Vicente,1.02e-4
Arden,1.01e-4
Theron,1.01e-4
Winford,1.01e-4
Beverly,1e-4
Christian,1e-4
Harmon,1e-4
Alphonso,9.9e-5
Jeremiah,9.9e-5
Arther,9.8e-5
Santos,9.8e-5
Bernie,9.7e-5
Bradley,9.7e-5
Foster,9.7e-5
Junius,9.7e-5
Rodger,9.7e-5
Ora,9.6e-5
Waldo,9.6e-5
Jefferson,9.6e-5
Porter,9.6e-5
Emmitt,9.5e-5
Daryl,9.4e-5
Dewitt,9.4e-5
Mason,9.4e-5
Brian,9.3e-5
Coleman,9.3e-5
Quentin,9.3e-5
Palmer,9.2e-5
Doris,9.1e-5
Dwayne,9.1e-5
Elden,8.9e-5
Galen,8.9e-5
Rogers,8.9e-5
Carson,8.9e-5
Domenic,8.8e-5
Ernie,8.8e-5
Raphael,8.8e-5
Rubin,8.8e-5
Rupert,8.8e-5
Casimir,8.7e-5
Ottis,8.7e-5
Rollin,8.7e-5
Benedict,8.6e-5
Monte,8.6e-5
Otha,8.6e-5
Rosario,8.6e-5
Sydney,8.6e-5
Adolfo,8.5e-5
Donn,8.5e-5
Glendon,8.5e-5
Ivory,8.5e-5
Lacy,8.5e-5
Lucien,8.5e-5
Avery,8.4e-5
Bennett,8.4e-5
Clarance,8.4e-5
Elvis,8.4e-5
Granville,8.4e-5
Lucius,8.4e-5
Merlyn,8.4e-5
Shelby,8.4e-5
Alford,8.3e-5
Aron,8.3e-5
Bernice,8.3e-5
Eldred,8.3e-5
Gregorio,8.3e-5
Lupe,8.3e-5
Rayford,8.3e-5
Judson,8.2e-5
Romeo,8.2e-5
Domenick,8.2e-5
Donovan,8.2e-5
Gustave,8.2e-5
Mickey,8.2e-5
Raleigh,8.2e-5
Theo,8.2e-5
Asa,8.1e-5
Boyce,8.1e-5
Dexter,8.1e-5
Walker,8.1e-5
Warner,8.1e-5
Alvie,8e-5
Eldridge,8e-5
Hayward,8e-5
Santo,8e-5
Talmadge,8e-5
Abe,7.9e-5
Darold,7.9e-5
Jewell,7.9e-5
Jordan,7.9e-5
Connie,7.8e-5
Elzie,7.8e-5
Kennith,7.8e-5
Leeroy,7.8e-5
Margaret,7.8e-5
Merritt,7.8e-5
Taylor,7.8e-5
Duncan,7.7e-5
Fay,7.7e-5
Helen,7.7e-5
Donal,7.6e-5
Guillermo,7.6e-5
Haywood,7.6e-5
Hyman,7.6e-5
Jason,7.6e-5
Meredith,7.6e-5
Felton,7.5e-5
Guido,7.5e-5
Hermon,7.5e-5
Abel,7.5e-5
Bradford,7.5e-5
Constantine,7.5e-5
Craig,7.5e-5
Loy,7.5e-5
Margarito,7.5e-5
Milan,7.5e-5
Enoch,7.4e-5
Gayle,7.4e-5
Kay,7.4e-5
Albin,7.3e-5
Bryant,7.3e-5
Carleton,7.3e-5
Dee,7.3e-5
Dillard,7.3e-5
Dorsey,7.3e-5
Lawerence,7.3e-5
Aurelio,7.2e-5
Florian,7.2e-5
Alvis,7.1e-5
Edd,7.1e-5
Elliot,7.1e-5
King,7.1e-5
Myles,7.1e-5
Pearl,7.1e-5
Verlin,7.1e-5
Dante,7e-5
Freddy,7e-5
Giles,7e-5
Hobart,7e-5
Werner,7e-5
Zane,7e-5
Aldo,6.9e-5
Alejandro,6.9e-5
Benton,6.9e-5
Cyrus,6.9e-5
June,6.9e-5
Napoleon,6.9e-5
Walton,6.9e-5
Arlo,6.8e-5
Bertrand,6.8e-5
Jennings,6.8e-5
Maxie,6.8e-5
Nicolas,6.8e-5
Omar,6.8e-5
Carter,6.8e-5
Clare,6.8e-5
Cruz,6.8e-5
Dewayne,6.8e-5
Haskell,6.8e-5
Loyal,6.8e-5
Norwood,6.8e-5
Barton,6.7e-5
Fidel,6.7e-5
Lois,6.7e-5
Bryce,6.6e-5
Dwain,6.6e-5
Parker,6.6e-5
Burt,6.5e-5
Denzil,6.5e-5
Garfield,6.5e-5
Israel,6.5e-5
Kendall,6.5e-5
Kyle,6.5e-5
Norton,6.5e-5
Reynold,6.5e-5
Rudolf,6.5e-5
Seth,6.5e-5
Waymon,6.5e-5
Winfield,6.5e-5
Arvid,6.4e-5
Buck,6.4e-5
Dock,6.4e-5
Elwyn,6.4e-5
Lambert,6.4e-5
Meyer,6.4e-5
Reid,6.4e-5
Rosevelt,6.4e-5
Blair,6.3e-5
Glynn,6.3e-5
Hardy,6.3e-5
Lindbergh,6.3e-5
Stanton,6.3e-5
Andre,6.2e-5
Bonnie,6.2e-5
Denny,6.2e-5
Emmet,6.2e-5
Jonas,6.2e-5
Newell,6.2e-5
Ramiro,6.2e-5
Sandy,6.2e-5
Theadore,6.2e-5
Clem,6.1e-5
Leander,6.1e-5
Antone,6.1e-5
Damon,6.1e-5
Jerold,6.1e-5
Murry,6.1e-5
Prince,6.1e-5
Regis,6.1e-5
Webster,6.1e-5
Arlen,6e-5
Berry,6e-5
Christ,6e-5
Cloyd,6e-5
Dempsey,6e-5
Denis,6e-5
Elisha,6e-5
Garth,6e-5
Joaquin,6e-5
Kevin,6e-5
Lonzo,6e-5
Lucian,6e-5
Matt,6e-5
Carlyle,5.9e-5
Hans,5.9e-5
Ignatius,5.9e-5
Jon,5.9e-5
Ruth,5.9e-5
Verl,5.9e-5
Agustin,5.8e-5
Arlin,5.8e-5
Audrey,5.8e-5
Isadore,5.8e-5
Joyce,5.8e-5
Mahlon,5.8e-5
Urban,5.8e-5
Dorman,5.7e-5
Estel,5.7e-5
Fritz,5.7e-5
Gaetano,5.7e-5
Johnson,5.7e-5
Melton,5.7e-5
Ronnie,5.7e-5
Shelton,5.7e-5
Williams,5.7e-5
Angus,5.6e-5
Cleve,5.6e-5
Early,5.6e-5
Lauren,5.6e-5
Merwin,5.6e-5
Rowland,5.6e-5
Claudie,5.5e-5
Hillard,5.5e-5
Lucious,5.5e-5
Mariano,5.5e-5
Otho,5.5e-5
Refugio,5.5e-5
Terrence,5.5e-5
Wyatt,5.5e-5
Claire,5.4e-5
Franklyn,5.4e-5
Garrett,5.4e-5
Henery,5.4e-5
Jonnie,5.4e-5
Kurt,5.4e-5
Lon,5.4e-5
Obie,5.4e-5
Oswald,5.4e-5
Virgle,5.4e-5
Americo,5.3e-5
Auther,5.3e-5
Carey,5.3e-5
Dwaine,5.3e-5
Federico,5.3e-5
Henderson,5.3e-5
Howell,5.3e-5
Ike,5.3e-5
Merl,5.3e-5
Trinidad,5.3e-5
Willian,5.3e-5
Arvil,5.3e-5
Dayton,5.3e-5
Gaston,5.3e-5
Issac,5.3e-5
Lindsey,5.3e-5
Norval,5.3e-5
Oran,5.3e-5
Art,5.2e-5
Artis,5.2e-5
Brooks,5.2e-5
Chauncey,5.2e-5
Elmore,5.2e-5
Sonny,5.2e-5
Wardell,5.2e-5
Willam,5.2e-5
Abner,5.1e-5
Allison,5.1e-5
Brady,5.1e-5
Clovis,5.1e-5
Evans,5.1e-5
Garnett,5.1e-5
Johny,5.1e-5
Kirby,5.1e-5
Louise,5.1e-5
Pierce,5.1e-5
Tracy,5.1e-5
Verle,5.1e-5
Delton,5e-5
Edison,5e-5
Fredric,5e-5
General,5e-5
Hilbert,5e-5
Jorge,5e-5
Marlyn,5e-5
Orvil,5e-5
Val,5e-5
Cleon,4.9e-5
Deane,4.9e-5
Emmit,4.9e-5
Gustav,4.9e-5
Hayden,4.9e-5
Hunter,4.9e-5
Isidore,4.9e-5
Oral,4.9e-5
Orin,4.9e-5
Orrin,4.9e-5
Sumner,4.9e-5
Vester,4.9e-5
Annie,4.8e-5
Carmelo,4.8e-5
Clearence,4.8e-5
Eliseo,4.8e-5
Harrell,4.8e-5
Marcelino,4.8e-5
Rollie,4.8e-5
Verlyn,4.8e-5
Virginia,4.8e-5
Addison,4.7e-5
Adolphus,4.7e-5
Arvin,4.7e-5
Casper,4.7e-5
Durwood,4.7e-5
Hilario,4.7e-5
Mac,4.7e-5
Malvin,4.7e-5
Milburn,4.7e-5
Nunzio,4.7e-5
Pierre,4.7e-5
Reese,4.7e-5
Robin,4.7e-5
Ruby,4.7e-5
Smith,4.7e-5
Ardell,4.6e-5
Berton,4.6e-5
Gearld,4.6e-5
Lawson,4.6e-5
Lindsay,4.6e-5
Lorin,4.6e-5
Malcom,4.6e-5
Murphy,4.6e-5
Quinton,4.6e-5
Raoul,4.6e-5
Alois,4.6e-5
Anna,4.6e-5
Colin,4.6e-5
Curtiss,4.6e-5
Eloy,4.6e-5
Ewell,4.6e-5
Ismael,4.6e-5
Llewellyn,4.6e-5
Loran,4.6e-5
Marcos,4.6e-5
Mildred,4.6e-5
Miller,4.6e-5
Reynaldo,4.6e-5
Thad,4.6e-5
Thurston,4.6e-5
Wilfrid,4.6e-5
Adolf,4.5e-5
Burnell,4.5e-5
Fernand,4.5e-5
Fidencio,4.5e-5
Jerrold,4.5e-5
Quincy,4.5e-5
Sylvan,4.5e-5
Wayland,4.5e-5
Beryl,4.4e-5
Casimer,4.4e-5
Crawford,4.4e-5
Ford,4.4e-5
Foy,4.4e-5
Leonardo,4.4e-5
Lorenza,4.4e-5
Madison,4.4e-5
Richmond,4.4e-5
Rueben,4.4e-5
Thornton,4.4e-5
Tim,4.4e-5
Valentino,4.4e-5
Verner,4.4e-5
Vernie,4.4e-5
Abram,4.3e-5
Arland,4.3e-5
Arvel,4.3e-5
Author,4.3e-5
Burdette,4.3e-5
Evert,4.3e-5
Ezell,4.3e-5
Furman,4.3e-5
Harvie,4.3e-5
Hurley,4.3e-5
Leamon,4.3e-5
Leigh,4.3e-5
Leopoldo,4.3e-5
Lucio,4.3e-5
Benjiman,4.2e-5
Dolores,4.2e-5
Durward,4.2e-5
Ethel,4.2e-5
Gust,4.2e-5
Ivy,4.2e-5
Lynwood,4.2e-5
Reyes,4.2e-5
Adan,4.1e-5
Arch,4.1e-5
