name,percent
Mary,0.054863
Betty,0.031679
Dorothy,0.027191
Helen,0.01814
Margaret,0.016592
Doris,0.014249
Barbara,0.013855
Ruth,0.013839
Shirley,0.012599
Patricia,0.011769
Virginia,0.011438
Jean,0.010252
Joan,0.010076
Dolores,0.009932
Elizabeth,0.00972
Frances,0.009573
Lois,0.008885
Mildred,0.008859
Evelyn,0.008543
Anna,0.008417
Alice,0.008184
Marie,0.007912
Joyce,0.007429
Phyllis,0.006906
Norma,0.006815
Rose,0.006727
Martha,0.0065970000000000004
Gloria,0.006516
Irene,0.006077
Marjorie,0.006025
Louise,0.005961
Nancy,0.00594
Marilyn,0.00581
Catherine,0.005417
Florence,0.005365
Ruby,0.005312
Annie,0.005137
Eleanor,0.005068
Beverly,0.005066
Lillian,0.00493
Thelma,0.004737
Lorraine,0.004622
Geraldine,0.004608
Gladys,0.004606
Josephine,0.004574
Ann,0.004473
Donna,0.004434
June,0.004396
Theresa,0.004375
Pauline,0.004345
Edna,0.004255
Rita,0.004118
Marion,0.004002
Grace,0.003946
Bernice,0.003929
Ethel,0.003906
Lucille,0.003887
Audrey,0.003856
Edith,0.00385
Juanita,0.003814
Wanda,0.003798
Jane,0.003762
Carol,0.003694
Hazel,0.003601
Clara,0.003586
Wilma,0.003463
Elaine,0.00333
Sarah,0.003302
Emma,0.003288
Peggy,0.003259
Esther,0.003096
Beatrice,0.003085
Charlotte,0.00305
Delores,0.003045
Marian,0.002975
Willie,0.002869
Carolyn,0.002827
Elsie,0.002792
Billie,0.002757
Rosemary,0.002681
Vivian,0.002677
Janet,0.002633
Katherine,0.002606
Eva,0.002603
Maxine,0.002589
Jacqueline,0.002572
Bonnie,0.00256
Julia,0.002552
Kathleen,0.00254
Laura,0.002537
Anne,0.00249
Jeanne,0.002438
Bertha,0.00242
Agnes,0.002398
Gertrude,0.002353
Ida,0.002314
Ellen,0.002215
Eileen,0.002211
Vera,0.002197
Maria,0.002187
Joanne,0.002157
Ella,0.002137
Lillie,0.002109
Kathryn,0.002107
Arlene,0.002073
Alma,0.002061
Bessie,0.002052
Margie,0.002023
Viola,0.001978
Jessie,0.00195
Violet,0.001915
Sally,0.001914
Nellie,0.001898
Pearl,0.001882
Lucy,0.001842
Myrtle,0.001836
Georgia,0.001835
Patsy,0.001765
Sylvia,0.001761
Ramona,0.00176
Mattie,0.001758
Leona,0.001748
Christine,0.001746
Minnie,0.001723
Anita,0.00171
Roberta,0.001701
Loretta,0.001678
Velma,0.001663
Rosa,0.001633
Geneva,0.001593
Jeanette,0.00159
Mae,0.001523
Sara,0.001512
Claire,0.00147
Harriet,0.001467
Stella,0.001464
Janice,0.00146
Lena,0.001402
Naomi,0.001383
Jo,0.001375
Dora,0.001371
Genevieve,0.001368
Alberta,0.001358
Joann,0.001337
Eunice,0.001333
Bobbie,0.001319
Carrie,0.001307
Mabel,0.001306
Muriel,0.001263
Opal,0.001254
Emily,0.001251
Jennie,0.001223
Cora,0.001198
Rosie,0.001179
Marguerite,0.001176
Verna,0.001158
Hilda,0.001153
Lula,0.00115
Constance,0.001146
Darlene,0.001125
Blanche,0.001103
Beulah,0.001102
Lola,0.001095
Hattie,0.001093
Inez,0.001083
Erma,0.001079
Yvonne,0.001048
Rachel,0.001045
Fannie,0.001034
Laverne,0.001032
Caroline,0.00103
Jeannine,0.001021
Madeline,0.00102
Imogene,0.001018
Rosalie,0.001004
Mamie,9.94e-4
Joy,9.8e-4
Ada,9.76e-4
Flora,9.68e-4
Lila,9.54e-4
Rebecca,9.4e-4
Daisy,9.35e-4
Faye,9.34e-4
Miriam,9.26e-4
Irma,9.24e-4
Colleen,9.21e-4
Mable,9.2e-4
Carmen,9.19e-4
Marcella,8.97e-4
Eula,8.88e-4
Bettie,8.86e-4
Teresa,8.81e-4
Nora,8.81e-4
Eloise,8.76e-4
Johnnie,8.56e-4
Iris,8.45e-4
Nina,8.38e-4
Sue,8.17e-4
Susie,8.07e-4
Charlene,8.06e-4
Antoinette,8.05e-4
Jeannette,8.05e-4
Rosemarie,7.98e-4
Ernestine,7.89e-4
Estelle,7.85e-4
Olga,7.75e-4
Gwendolyn,7.69e-4
Regina,7.67e-4
Bette,7.62e-4
Susan,7.58e-4
Della,7.48e-4
Maggie,7.47e-4
Lorene,7.38e-4
Priscilla,7.27e-4
Sadie,7.15e-4
Victoria,7.11e-4
Melba,7.08e-4
Winifred,7.05e-4
Diane,6.88e-4
Angelina,6.72e-4
Katie,6.59e-4
Henrietta,6.58e-4
Lydia,6.46e-4
Annette,6.33e-4
Janie,6.07e-4
Bettye,6.05e-4
Freda,6.01e-4
Amelia,5.95e-4
Jewel,5.94e-4
Fern,5.88e-4
Ollie,5.86e-4
Ina,5.84e-4
Angela,5.82e-4
Deloris,5.82e-4
Essie,5.82e-4
Isabel,5.81e-4
Lottie,5.81e-4
Nettie,5.8e-4
Connie,5.74e-4
Therese,5.74e-4
Judith,5.71e-4
Nadine,5.69e-4
Luella,5.69e-4
Fay,5.64e-4
Olive,5.63e-4
Iva,5.61e-4
Reba,5.54e-4
Natalie,5.49e-4
Patty,5.46e-4
Sophie,5.46e-4
Lela,5.44e-4
Ora,5.44e-4
Sallie,5.38e-4
Paula,5.36e-4
Etta,5.31e-4
Angeline,5.3e-4
Adeline,5.29e-4
Dorthy,5.27e-4
Marianne,5.22e-4
Suzanne,5.21e-4
Veronica,5.2e-4
Pat,5.16e-4
Marcia,5.06e-4
Addie,5.05e-4
Leola,5.03e-4
Cleo,5.02e-4
May,5e-4
Dorothea,4.93e-4
Selma,4.87e-4
Jewell,4.86e-4
Cecelia,4.83e-4
Adele,4.79e-4
Clarice,4.74e-4
Lucile,4.71e-4
Jacquelyn,4.7e-4
Elva,4.68e-4
Goldie,4.67e-4
Mavis,4.66e-4
Diana,4.64e-4
Corinne,4.59e-4
Elinor,4.55e-4
Ola,4.51e-4
Effie,4.45e-4
Estella,4.45e-4
Elvira,4.44e-4
Jackie,4.42e-4
Jimmie,4.42e-4
Linda,4.41e-4
Celia,4.4e-4
Cecilia,4.34e-4
Mona,4.3e-4
Carmela,4.29e-4
Isabelle,4.28e-4
Willa,4.28e-4
Myra,4.24e-4
Nell,4.24e-4
Cynthia,4.22e-4
Lizzie,4.22e-4
Rhoda,4.17e-4
Bernadine,4.15e-4
Ila,4.15e-4
Lenora,4.15e-4
Annabelle,4.14e-4
Helene,4.13e-4
Lee,4.13e-4
Glenna,4.12e-4
Alta,4.11e-4
Frankie,4.1e-4
Lou,4.1e-4
Francis,4.1e-4
Gracie,3.98e-4
Olivia,3.95e-4
Arline,3.93e-4
Robert,3.8e-4
Lenore,3.74e-4
Earline,3.71e-4
Lupe,3.71e-4
Myrna,3.69e-4
Rosetta,3.65e-4
Elnora,3.59e-4
John,3.56e-4
Rena,3.53e-4
Carmella,3.52e-4
Eugenia,3.45e-4
James,3.42e-4
Guadalupe,3.41e-4
Polly,3.4e-4
Renee,3.36e-4
Eleanore,3.34e-4
Dolly,3.33e-4
Ruthie,3.33e-4
Nelda,3.25e-4
Flossie,3.24e-4
Nannie,3.24e-4
Maryann,3.22e-4
Neva,3.2e-4
Pearlie,3.16e-4
Josie,3.15e-4
Margery,3.15e-4
Dona,3.13e-4
Elma,3.12e-4
Sharon,3.11e-4
Dixie,3.08e-4
Aileen,3.08e-4
Loraine,3.07e-4
Mollie,3.07e-4
Virgie,3.07e-4
Yolanda,3.02e-4
Aurora,3.01e-4
Wilda,3e-4
Zelma,3e-4
Margarita,2.97e-4
Amy,2.96e-4
Earnestine,2.96e-4
Eddie,2.96e-4
Betsy,2.95e-4
Matilda,2.95e-4
Cornelia,2.92e-4
Frieda,2.92e-4
Lavonne,2.91e-4
William,2.91e-4
Dollie,2.9e-4
Sybil,2.9e-4
Rosella,2.89e-4
Tommie,2.89e-4
Christina,2.87e-4
Consuelo,2.87e-4
Sheila,2.87e-4
Robbie,2.86e-4
Avis,2.85e-4
Nola,2.84e-4
Bernadette,2.83e-4
Carole,2.82e-4
Harriett,2.77e-4
Winnie,2.77e-4
Molly,2.76e-4
Corrine,2.75e-4
Beverley,2.72e-4
Concetta,2.71e-4
Claudia,2.7e-4
Leah,2.67e-4
Maureen,2.66e-4
Cecile,2.64e-4
Lora,2.64e-4
Alicia,2.62e-4
Judy,2.62e-4
Delia,2.61e-4
Lily,2.6e-4
Melva,2.59e-4
Odessa,2.58e-4
Florine,2.57e-4
Letha,2.56e-4
Lorna,2.56e-4
Earlene,2.54e-4
Antonia,2.5e-4
Leila,2.46e-4
Greta,2.44e-4
Iona,2.42e-4
Leatrice,2.39e-4
Jerry,2.38e-4
Joanna,2.37e-4
Aline,2.35e-4
Millie,2.35e-4
Maude,2.34e-4
Bertie,2.32e-4
Mercedes,2.3e-4
Reva,2.29e-4
Beth,2.26e-4
Charles,2.24e-4
Corine,2.24e-4
Georgie,2.24e-4
Gilda,2.24e-4
Queen,2.24e-4
Eliza,2.23e-4
Bennie,2.22e-4
Hannah,2.21e-4
Ophelia,2.2e-4
Helena,2.19e-4
Hope,2.19e-4
Lilly,2.19e-4
Sandra,2.19e-4
Ilene,2.16e-4
Lorena,2.15e-4
Nona,2.13e-4
Louella,2.11e-4
Alyce,2.1e-4
Evangeline,2.08e-4
Lessie,2.08e-4
Doreen,2.07e-4
Allie,2.04e-4
Callie,2.04e-4
Jannie,2.01e-4
Dorris,2e-4
Johanna,1.99e-4
Freddie,1.98e-4
Berniece,1.97e-4
Delphine,1.95e-4
Janis,1.95e-4
Philomena,1.95e-4
Merle,1.94e-4
Dawn,1.93e-4
Jaunita,1.93e-4
Roslyn,1.92e-4
Adelaide,1.9e-4
Hester,1.89e-4
Esperanza,1.88e-4
Kay,1.88e-4
Joe,1.88e-4
Julie,1.87e-4
Elouise,1.86e-4
Dortha,1.83e-4
Elena,1.83e-4
Marjory,1.83e-4
Alene,1.81e-4
Amanda,1.81e-4
Bobby,1.81e-4
Ester,1.81e-4
Madelyn,1.81e-4
Clare,1.8e-4
Zelda,1.8e-4
Gwen,1.79e-4
Leota,1.77e-4
Pansy,1.77e-4
Jenny,1.76e-4
Emogene,1.75e-4
Ione,1.75e-4
Lorine,1.75e-4
Madge,1.75e-4
George,1.75e-4
Iola,1.75e-4
Josefina,1.75e-4
Allene,1.74e-4
Ima,1.74e-4
Marceline,1.74e-4
Richard,1.74e-4
Angie,1.73e-4
Marietta,1.73e-4
Faith,1.72e-4
Althea,1.71e-4
Bonita,1.71e-4
Maudie,1.71e-4
Jeanine,1.7e-4
Vilma,1.7e-4
Katharine,1.69e-4
Birdie,1.68e-4
Edythe,1.65e-4
Lelia,1.65e-4
Leta,1.65e-4
Francisca,1.64e-4
Winona,1.64e-4
Dessie,1.62e-4
Juana,1.62e-4
Petra,1.62e-4
Retha,1.61e-4
Charlie,1.6e-4
Tillie,1.6e-4
Glenda,1.59e-4
Marylou,1.59e-4
Germaine,1.57e-4
Monica,1.57e-4
Beryl,1.56e-4
Isabell,1.56e-4
Oma,1.56e-4
Valerie,1.56e-4
Rae,1.54e-4
Rosalee,1.54e-4
Zella,1.54e-4
Noreen,1.53e-4
Wilhelmina,1.53e-4
Claudine,1.52e-4
Millicent,1.52e-4
Rowena,1.52e-4
Verla,1.52e-4
Enid,1.5e-4
Madeleine,1.49e-4
Manuela,1.49e-4
Leora,1.49e-4
Lucia,1.49e-4
Gail,1.48e-4
Marvel,1.48e-4
Maurine,1.48e-4
Donald,1.47e-4
Marlys,1.47e-4
Rosalyn,1.47e-4
Ardis,1.46e-4
Sonia,1.46e-4
Sophia,1.45e-4
Verda,1.43e-4
Elise,1.43e-4
Erna,1.41e-4
Janette,1.41e-4
Delma,1.4e-4
Gene,1.4e-4
Roma,1.4e-4
Rubye,1.4e-4
Velda,1.4e-4
Deborah,1.39e-4
Roxie,1.38e-4
Socorro,1.38e-4
Edwina,1.37e-4
Lucinda,1.37e-4
Vida,1.37e-4
Joseph,1.37e-4
Louisa,1.37e-4
Minerva,1.36e-4
Rosalind,1.36e-4
Elda,1.35e-4
Isabella,1.34e-4
Ofelia,1.34e-4
Billy,1.33e-4
Gussie,1.33e-4
Charline,1.32e-4
Elisabeth,1.32e-4
Margret,1.32e-4
Carolina,1.31e-4
Gretchen,1.31e-4
Madonna,1.3e-4
Reta,1.3e-4
Billye,1.3e-4
Hellen,1.29e-4
Pearline,1.28e-4
Shirlee,1.28e-4
Alfreda,1.27e-4
Belva,1.27e-4
Phoebe,1.27e-4
Twila,1.27e-4
Vernell,1.27e-4
Camille,1.26e-4
Laurel,1.26e-4
Harriette,1.25e-4
Alvina,1.24e-4
Arleen,1.24e-4
Vada,1.24e-4
Veda,1.23e-4
Garnet,1.22e-4
Syble,1.22e-4
Theda,1.22e-4
Theodora,1.22e-4
Carlene,1.21e-4
Caryl,1.21e-4
Fanny,1.2e-4
Freida,1.2e-4
Georgette,1.2e-4
Rhea,1.2e-4
Lue,1.19e-4
Nita,1.19e-4
Ava,1.17e-4
Lauretta,1.17e-4
Valeria,1.17e-4
Hallie,1.16e-4
Peggie,1.16e-4
Celestine,1.15e-4
Myrtis,1.15e-4
Edward,1.14e-4
Justine,1.14e-4
Augusta,1.13e-4
Ona,1.13e-4
Romona,1.13e-4
Tessie,1.13e-4
Yvette,1.13e-4
Tina,1.12e-4
Dorotha,1.11e-4
Marlene,1.11e-4
Elsa,1.11e-4
Floy,1.11e-4
Frank,1.11e-4
Katheryn,1.1e-4
Marianna,1.1e-4
Ursula,1.1e-4
Adell,1.09e-4
Alva,1.09e-4
Bobbye,1.09e-4
Marilynn,1.09e-4
Camilla,1.08e-4
Treva,1.08e-4
Carla,1.07e-4
Elvera,1.07e-4
Margarette,1.07e-4
Aurelia,1.06e-4
Adrienne,1.05e-4
Agatha,1.05e-4
Gertie,1.05e-4
Kate,1.05e-4
Hortense,1.05e-4
Johnie,1.05e-4
Lona,1.05e-4
Thomas,1.05e-4
Vernice,1.05e-4
Ardith,1.04e-4
Lettie,1.04e-4
Nan,1.04e-4
Angelita,1.03e-4
Kitty,1.03e-4
Lavern,1.03e-4
Lavon,1.03e-4
Terry,1.03e-4
Una,1.03e-4
Idella,1.02e-4
Ladonna,1.02e-4
Roselyn,1.02e-4
Zola,1.02e-4
Clementine,1.01e-4
Elisa,1.01e-4
Lura,1.01e-4
Oleta,1.01e-4
Celeste,1e-4
Leonora,1e-4
Vesta,1e-4
Dorcas,9.9e-5
Doretha,9.9e-5
Gay,9.9e-5
Ray,9.9e-5
Charmaine,9.9e-5
Francine,9.9e-5
Albertha,9.8e-5
Georgianna,9.8e-5
Berta,9.7e-5
Darleen,9.7e-5
Florene,9.7e-5
Lynn,9.7e-5
Annabell,9.6e-5
Magdalene,9.6e-5
Novella,9.6e-5
Catharine,9.5e-5
Dottie,9.5e-5
Dovie,9.5e-5
Gearldine,9.5e-5
Georgiana,9.5e-5
Ouida,9.5e-5
Pamela,9.5e-5
Carmel,9.4e-5
Mozelle,9.4e-5
Gayle,9.3e-5
Juliette,9.3e-5
Norine,9.3e-5
Pattie,9.3e-5
Andrea,9.2e-5
Dorla,9.2e-5
Emilia,9.2e-5
Gerry,9.2e-5
Denise,9.2e-5
Filomena,9.2e-5
Adela,9.1e-5
Cecil,9.1e-5
Elida,9.1e-5
Elna,9.1e-5
Mina,9.1e-5
Myrtice,9.1e-5
Raquel,9.1e-5
Felicia,8.9e-5
Nova,8.9e-5
Donnie,8.8e-5
Leslie,8.8e-5
Artie,8.7e-5
Eleanora,8.7e-5
Henry,8.7e-5
Lina,8.7e-5
Maybelle,8.7e-5
Odell,8.7e-5
Alpha,8.6e-5
Easter,8.6e-5
Mazie,8.6e-5
Walter,8.6e-5
Crystal,8.6e-5
Meredith,8.6e-5
Stephanie,8.6e-5
Alda,8.5e-5
Cassie,8.5e-5
Harold,8.5e-5
Belle,8.4e-5
Cathryn,8.4e-5
Jeane,8.4e-5
Lavina,8.4e-5
Mayme,8.4e-5
Sammie,8.4e-5
Willene,8.4e-5
Ethelyn,8.3e-5
Evangelina,8.3e-5
Vergie,8.3e-5
Antonette,8.2e-5
Blanch,8.2e-5
Bulah,8.2e-5
Concepcion,8.2e-5
Cordelia,8.2e-5
Ernestina,8.1e-5
Herminia,8e-5
Laverna,8e-5
Maryjane,8e-5
Magdalena,7.9e-5
Darline,7.9e-5
Elizebeth,7.9e-5
Nathalie,7.9e-5
Paul,7.9e-5
Daphne,7.8e-5
Kathrine,7.8e-5
Leonor,7.8e-5
Lovie,7.8e-5
Mickey,7.8e-5
Norene,7.8e-5
Albina,7.7e-5
Arthur,7.7e-5
Hettie,7.7e-5
Jacquelin,7.7e-5
Kenneth,7.7e-5
Lonnie,7.7e-5
Rubie,7.7e-5
Beatriz,7.6e-5
Benita,7.6e-5
Catalina,7.6e-5
Christene,7.6e-5
Nila,7.6e-5
Patti,7.6e-5
Linnie,7.5e-5
Margarett,7.5e-5
Romaine,7.5e-5
Dana,7.4e-5
Orpha,7.4e-5
Winnifred,7.4e-5
Jayne,7.3e-5
Amalia,7.3e-5
Larue,7.3e-5
Maxie,7.3e-5
Verona,7.3e-5
Ana,7.2e-5
Audry,7.2e-5
Bella,7.2e-5
Berneice,7.2e-5
Cleta,7.2e-5
Era,7.2e-5
Eloisa,7.1e-5
Emilie,7.1e-5
Rosanna,7.1e-5
Rutha,7.1e-5
Susanne,7.1e-5
Bridget,7e-5
Charleen,7e-5
Jack,7e-5
Leone,7e-5
Maud,7e-5
Delois,6.9e-5
Doloris,6.9e-5
Eldora,6.9e-5
Estell,6.9e-5
Jocelyn,6.9e-5
Lyla,6.9e-5
Rosina,6.9e-5
Vonda,6.9e-5
Zona,6.9e-5
Elmira,6.8e-5
Freeda,6.8e-5
Ivy,6.8e-5
Karen,6.8e-5
Leatha,6.8e-5
Melvina,6.8e-5
Neoma,6.8e-5
Vita,6.8e-5
Abbie,6.7e-5
Jeanie,6.7e-5
Lulu,6.7e-5
Mittie,6.7e-5
Tomasa,6.7e-5
Almeda,6.7e-5
Corene,6.7e-5
Estela,6.7e-5
Eve,6.7e-5
Libby,6.7e-5
Luetta,6.7e-5
Magnolia,6.7e-5
Marlyn,6.7e-5
Susanna,6.7e-5
Aletha,6.6e-5
Lavada,6.6e-5
Raymond,6.6e-5
Cherry,6.5e-5
Chloe,6.5e-5
Delphia,6.5e-5
Jeannie,6.5e-5
Luz,6.5e-5
Merna,6.5e-5
Altha,6.4e-5
Annetta,6.4e-5
Dianne,6.4e-5
Ira,6.4e-5
Margy,6.4e-5
Sherry,6.4e-5
Toni,6.4e-5
Annabel,6.3e-5
Ardella,6.3e-5
Claudie,6.3e-5
David,6.3e-5
Georgina,6.3e-5
Jonnie,6.3e-5
Martina,6.3e-5
Zoe,6.3e-5
Carroll,6.2e-5
Cathrine,6.2e-5
Lucretia,6.2e-5
Tressie,6.2e-5
Velia,6.2e-5
Willia,6.2e-5
Zora,6.2e-5
Bernardine,6.1e-5
Dena,6.1e-5
Dominga,6.1e-5
Evelyne,6.1e-5
Lida,6.1e-5
Margot,6.1e-5
Theo,6.1e-5
Annamae,6e-5
Dean,6e-5
Delfina,6e-5
Esta,6e-5
Idell,6e-5
Nedra,6e-5
Alvera,6e-5
Bethel,6e-5
Carmelita,6e-5
Dale,6e-5
Natalia,6e-5
Palma,6e-5
Roseann,6e-5
Eugene,5.9e-5
Ferne,5.9e-5
Jeraldine,5.9e-5
Josefa,5.9e-5
Marcelle,5.9e-5
Mozell,5.9e-5
Bernita,5.8e-5
Cherie,5.8e-5
Eulalia,5.8e-5
Ines,5.8e-5
Luvenia,5.8e-5
Naoma,5.8e-5
Rosaline,5.8e-5
Roy,5.8e-5
Willodean,5.8e-5
Adella,5.7e-5
Ardell,5.7e-5
Dorene,5.7e-5
Earl,5.7e-5
Elois,5.7e-5
Erlene,5.7e-5
Juliet,5.7e-5
Anastasia,5.6e-5
Clyde,5.6e-5
Garnett,5.6e-5
Hazle,5.6e-5
Loyce,5.6e-5
Nanette,5.6e-5
Rozella,5.6e-5
Vina,5.6e-5
Amparo,5.5e-5
Audra,5.5e-5
Carrol,5.5e-5
Colette,5.5e-5
Concha,5.5e-5
Coralie,5.5e-5
Cruz,5.5e-5
Hortencia,5.5e-5
Kattie,5.5e-5
Myrle,5.5e-5
Albert,5.4e-5
Arden,5.4e-5
Hildred,5.4e-5
Lolita,5.4e-5
Marilou,5.4e-5
Rosamond,5.4e-5
Sibyl,5.4e-5
Adelina,5.4e-5
Erlinda,5.4e-5
Evalyn,5.4e-5
Evie,5.4e-5
Sondra,5.4e-5
Augustine,5.3e-5
Christeen,5.3e-5
Dimple,5.3e-5
Elayne,5.3e-5
Lilia,5.3e-5
Lyda,5.3e-5
Twyla,5.3e-5
Vincenza,5.3e-5
Aida,5.2e-5
Brenda,5.2e-5
Clarabelle,5.2e-5
Harry,5.2e-5
Lavinia,5.2e-5
Lea,5.2e-5
Marge,5.2e-5
Margene,5.2e-5
Maryellen,5.2e-5
Sofia,5.2e-5
Trinidad,5.2e-5
Adelle,5.1e-5
Beverlee,5.1e-5
Georgene,5.1e-5
Jolene,5.1e-5
Lennie,5.1e-5
Lita,5.1e-5
Louvenia,5.1e-5
Maryanne,5.1e-5
Ralph,5.1e-5
Wynona,5.1e-5
Almeta,5e-5
Birtha,5e-5
Dorine,5e-5
Eda,5e-5
Ingrid,5e-5
Jettie,5e-5
Rachael,5e-5
Vivien,5e-5
Elinore,4.9e-5
Florida,4.9e-5
Jovita,4.9e-5
Juliana,4.9e-5
Katy,4.9e-5
Lidia,4.9e-5
Ocie,4.9e-5
Pinkie,4.9e-5
Cathleen,4.8e-5
Clarissa,4.8e-5
Delora,4.8e-5
Elenora,4.8e-5
Joycelyn,4.8e-5
Lawanda,4.8e-5
Marva,4.8e-5
Merlene,4.8e-5
Ozella,4.8e-5
Rosalia,4.8e-5
Carma,4.8e-5
Fairy,4.8e-5
Golda,4.8e-5
Inell,4.8e-5
Leonore,4.8e-5
Neta,4.8e-5
Norman,4.8e-5
Oralia,4.8e-5
Ossie,4.8e-5
Sidney,4.8e-5
Sydell,4.8e-5
Velva,4.8e-5
Earlean,4.7e-5
Elease,4.7e-5
Elenor,4.7e-5
Ellie,4.7e-5
Fred,4.7e-5
Hildegarde,4.7e-5
Jill,4.7e-5
Lavera,4.7e-5
Mammie,4.7e-5
Rosia,4.7e-5
Santa,4.7e-5
Santos,4.7e-5
Soledad,4.7e-5
Vivienne,4.7e-5
Blossom,4.6e-5
Delilah,4.6e-5
Imelda,4.6e-5
Malinda,4.6e-5
Marina,4.6e-5
Nada,4.6e-5
