name,percent
Robert,0.055166
James,0.048361
John,0.045235
William,0.039205
Richard,0.029602
Charles,0.028942
Donald,0.027699
George,0.019025
Joseph,0.017262
Thomas,0.01566
Edward,0.014129
David,0.011305
Paul,0.011238
Kenneth,0.010928
Frank,0.010706
Ronald,0.010367
Jack,0.009973
Harold,0.00971
Raymond,0.00964
Billy,0.008775
Walter,0.008068
Eugene,0.007483
Henry,0.006953
Gerald,0.006835
Arthur,0.006434
Albert,0.006388
Ralph,0.006263
Carl,0.006245
Joe,0.006235
Bobby,0.006123
Willie,0.006096
Harry,0.005311
Fred,0.005139
Jerry,0.004934
Lawrence,0.004929
Howard,0.004923
Norman,0.004898
Roy,0.004874
Louis,0.004777
Clarence,0.00456
Earl,0.004492
Daniel,0.004139
Francis,0.004082
Herbert,0.004065
Anthony,0.003934
Marvin,0.003897
Ernest,0.003875
Leonard,0.003817
Alfred,0.003634
Roger,0.003523
Melvin,0.003515
Stanley,0.003495
Leroy,0.003426
Michael,0.003361
Don,0.003218
Samuel,0.003175
Wayne,0.003154
Bill,0.003125
Ray,0.003036
Bernard,0.003022
Dale,0.002924
Peter,0.00292
Russell,0.002814
Gene,0.002746
Larry,0.002625
Franklin,0.002569
Theodore,0.002487
Floyd,0.002482
Andrew,0.002466
Philip,0.002442
Lloyd,0.002411
Edwin,0.002389
Leo,0.002327
Frederick,0.002326
Jimmie,0.002302
Jimmy,0.002294
Glenn,0.002272
Vernon,0.002263
Bob,0.002258
Allen,0.002245
Gordon,0.002237
Clyde,0.002162
Leon,0.002142
Douglas,0.002128
Lee,0.002128
Clifford,0.002126
Alvin,0.00212
Martin,0.002099
Herman,0.002042
Charlie,0.00198
Lewis,0.001963
Eddie,0.00196
Vincent,0.001929
Elmer,0.001913
Harvey,0.001891
Johnny,0.001876
Gilbert,0.001836
Bruce,0.001807
Jesse,0.001731
Arnold,0.001695
Lester,0.001688
Warren,0.001669
Curtis,0.001646
Jim,0.00164
Milton,0.001592
Duane,0.001587
Jerome,0.001553
Cecil,0.00154
Tommy,0.001503
Victor,0.001502
Chester,0.001495
Roland,0.001494
Johnnie,0.00149
Patrick,0.001472
Tom,0.001435
Benjamin,0.001433
Wallace,0.001419
Glen,0.001364
Calvin,0.001354
Sam,0.001347
Dennis,0.001324
Maurice,0.001319
Dean,0.001313
Stephen,0.001296
Willard,0.00126
Claude,0.001255
Alan,0.001248
Manuel,0.001229
Hugh,0.001228
Jackie,0.001227
Keith,0.001227
Phillip,0.001226
Jose,0.001224
Marion,0.001221
Edgar,0.001216
Gary,0.001204
Jessie,0.001191
Oscar,0.001167
Virgil,0.001142
Everett,0.001122
Billie,0.001113
Leslie,0.001098
Max,0.001077
Wesley,0.001058
Junior,0.001041
Hubert,0.001009
Ted,9.96e-4
Homer,9.86e-4
Dick,9.83e-4
Lowell,9.71e-4
Delbert,9.65e-4
Wilbur,9.45e-4
Allan,9.37e-4
Darrell,9.2e-4
Lyle,9.02e-4
Luther,8.99e-4
Ben,8.94e-4
Sidney,8.92e-4
Rudolph,8.91e-4
Morris,8.8e-4
Jay,8.7e-4
Neil,8.68e-4
Nicholas,8.59e-4
Dan,8.57e-4
Willis,8.46e-4
Freddie,8.45e-4
Horace,8.24e-4
Bennie,8.21e-4
Earnest,8.14e-4
Tony,7.96e-4
Roosevelt,7.73e-4
Rodney,7.7e-4
Carroll,7.61e-4
Otis,7.53e-4
Clayton,7.3e-4
Nathaniel,7.28e-4
Steve,7.26e-4
Alexander,7.23e-4
Lonnie,7.08e-4
Guy,7.06e-4
Salvatore,6.95e-4
Clifton,6.88e-4
Oliver,6.87e-4
Alton,6.66e-4
Archie,6.65e-4
Mark,6.65e-4
Julius,6.61e-4
Matthew,6.54e-4
Clinton,6.52e-4
Bobbie,6.45e-4
Edmund,6.44e-4
Alex,6.37e-4
Karl,6.24e-4
Ira,6.15e-4
Juan,6.08e-4
Wilbert,6.08e-4
Orville,6.05e-4
Wendell,6.05e-4
Ramon,5.94e-4
Dwight,5.93e-4
Marshall,5.92e-4
Leland,5.92e-4
Jesus,5.91e-4
Ivan,5.84e-4
Nelson,5.83e-4
Mike,5.82e-4
Joel,5.8e-4
Myron,5.78e-4
Angelo,5.65e-4
Benny,5.55e-4
Merle,5.52e-4
Dewey,5.43e-4
Rex,5.36e-4
Doyle,5.34e-4
Malcolm,5.32e-4
Julian,5.24e-4
Sylvester,5.2e-4
Jacob,5.19e-4
Ervin,5.12e-4
Eldon,5.07e-4
Antonio,5.06e-4
Loren,5.04e-4
Gerard,5.03e-4
Troy,5.03e-4
Elbert,4.96e-4
Perry,4.93e-4
Pete,4.92e-4
Carlton,4.88e-4
Conrad,4.88e-4
Irvin,4.83e-4
Wilfred,4.83e-4
Carlos,4.82e-4
Aaron,4.78e-4
Mack,4.78e-4
Barry,4.77e-4
Rufus,4.76e-4
Irving,4.75e-4
Forrest,4.65e-4
Lynn,4.61e-4
Isaac,4.57e-4
Nick,4.56e-4
Fredrick,4.55e-4
Nathan,4.52e-4
Laurence,4.46e-4
Byron,4.39e-4
Norbert,4.36e-4
Buddy,4.35e-4
Ruben,4.34e-4
Grady,4.33e-4
Stuart,4.33e-4
Bert,4.29e-4
Teddy,4.29e-4
Tommie,4.29e-4
Pat,4.18e-4
Loyd,4.17e-4
Owen,4.17e-4
Burton,4.08e-4
Harlan,4.06e-4
Felix,4.05e-4
Ellis,4.04e-4
Terry,4.04e-4
Ronnie,4.01e-4
Sherman,4.01e-4
Percy,4.01e-4
Ross,3.95e-4
Sheldon,3.93e-4
Danny,3.92e-4
Rudy,3.91e-4
Johnie,3.88e-4
Dallas,3.87e-4
Aubrey,3.79e-4
Morton,3.75e-4
Irwin,3.73e-4
Harley,3.69e-4
Boyd,3.67e-4
Emil,3.65e-4
Dave,3.62e-4
Garland,3.57e-4
Grover,3.53e-4
Amos,3.51e-4
Elwood,3.48e-4
Neal,3.48e-4
Reginald,3.47e-4
Laverne,3.42e-4
Dominick,3.41e-4
August,3.4e-4
Louie,3.34e-4
Otto,3.32e-4
Sammy,3.3e-4
Cornelius,3.28e-4
Emmett,3.28e-4
Wilson,3.28e-4
Preston,3.27e-4
Marlin,3.26e-4
Pedro,3.24e-4
Sammie,3.22e-4
Maynard,3.2e-4
Timothy,3.2e-4
Mario,3.2e-4
Murray,3.2e-4
Raul,3.19e-4
Francisco,3.18e-4
Clark,3.15e-4
Darrel,3.14e-4
Mary,3.08e-4
Steven,3.03e-4
Alfonso,3.01e-4
Dominic,2.98e-4
Lionel,2.91e-4
Merlin,2.91e-4
Erwin,2.87e-4
Delmar,2.86e-4
Royce,2.85e-4
Donnie,2.82e-4
Wade,2.81e-4
Luis,2.8e-4
Odell,2.8e-4
Noel,2.79e-4
Frankie,2.79e-4
Millard,2.77e-4
Elton,2.76e-4
Edmond,2.73e-4
Woodrow,2.72e-4
Weldon,2.71e-4
Thurman,2.65e-4
Gregory,2.64e-4
Moses,2.63e-4
Charley,2.62e-4
Darwin,2.62e-4
Travis,2.6e-4
Abraham,2.57e-4
Austin,2.56e-4
Alonzo,2.53e-4
Grant,2.52e-4
Kermit,2.51e-4
Roberto,2.51e-4
Roscoe,2.5e-4
Seymour,2.48e-4
Jasper,2.44e-4
Ned,2.43e-4
Cleveland,2.42e-4
Sanford,2.41e-4
Ed,2.39e-4
Jerald,2.38e-4
Randolph,2.38e-4
Elvin,2.38e-4
Norris,2.38e-4
Adam,2.37e-4
Harrison,2.37e-4
Christopher,2.31e-4
Mitchell,2.31e-4
Reuben,2.31e-4
Wilmer,2.3e-4
Lavern,2.28e-4
Merrill,2.26e-4
Will,2.26e-4
Shirley,2.25e-4
Stewart,2.25e-4
Adolph,2.24e-4
Guadalupe,2.23e-4
Jean,2.23e-4
Clair,2.21e-4
Carmen,2.2e-4
Elijah,2.19e-4
Wiley,2.17e-4
Ollie,2.13e-4
Emory,2.12e-4
Lamar,2.12e-4
Buford,2.11e-4
Sterling,2.11e-4
Salvador,2.11e-4
Gale,2.09e-4
Hollis,2.08e-4
Marcus,2.08e-4
Emanuel,2.07e-4
Gus,2.07e-4
Alfredo,2.05e-4
Randall,2.05e-4
Wilburn,2.05e-4
Carol,2.04e-4
Phil,2.02e-4
Andy,2.01e-4
Simon,2e-4
Russel,1.99e-4
Adrian,1.96e-4
Armand,1.94e-4
Armando,1.94e-4
Chris,1.94e-4
Kent,1.94e-4
Winston,1.94e-4
Hershel,1.92e-4
Jake,1.92e-4
Dudley,1.9e-4
Normand,1.89e-4
Mervin,1.87e-4
Cleo,1.86e-4
Earle,1.86e-4
Al,1.85e-4
Basil,1.85e-4
Eric,1.85e-4
Jess,1.84e-4
Miles,1.84e-4
Monroe,1.84e-4
Lorenzo,1.82e-4
Hal,1.81e-4
Levi,1.8e-4
Van,1.8e-4
Rolland,1.76e-4
Nolan,1.75e-4
Lenard,1.74e-4
Rocco,1.72e-4
Eli,1.71e-4
Gabriel,1.71e-4
Truman,1.71e-4
Clement,1.7e-4
Noah,1.7e-4
Rene,1.69e-4
Arlen,1.68e-4
Coy,1.66e-4
Pablo,1.65e-4
Delmer,1.64e-4
Patsy,1.64e-4
Linwood,1.63e-4
Alva,1.62e-4
Scott,1.62e-4
Hector,1.61e-4
Miguel,1.58e-4
Betty,1.57e-4
Mickey,1.57e-4
Ward,1.57e-4
Winfred,1.57e-4
Rafael,1.56e-4
Wilford,1.56e-4
Carmine,1.56e-4
Jackson,1.56e-4
Vito,1.56e-4
Jon,1.54e-4
Roman,1.54e-4
Barney,1.53e-4
Luke,1.53e-4
Solomon,1.53e-4
Dwayne,1.51e-4
Emery,1.51e-4
Carrol,1.5e-4
Ricardo,1.49e-4
Ulysses,1.49e-4
Dalton,1.48e-4
Alden,1.47e-4
Claud,1.47e-4
Elmo,1.47e-4
Cyril,1.46e-4
Jeff,1.46e-4
Arturo,1.45e-4
Cletus,1.45e-4
Gail,1.45e-4
Alphonso,1.44e-4
Bud,1.44e-4
Forest,1.44e-4
Harris,1.44e-4
Rodger,1.44e-4
Silas,1.44e-4
Daryl,1.43e-4
Herschel,1.43e-4
Vern,1.43e-4
Booker,1.43e-4
Freeman,1.43e-4
Denver,1.42e-4
Spencer,1.42e-4
Milford,1.41e-4
Odis,1.39e-4
Royal,1.39e-4
Alphonse,1.38e-4
Augustus,1.38e-4
Elliott,1.38e-4
Elias,1.35e-4
Rodolfo,1.35e-4
Burl,1.34e-4
Enrique,1.33e-4
Huey,1.33e-4
Bradley,1.32e-4
Hoyt,1.32e-4
Frederic,1.31e-4
Buster,1.3e-4
Emerson,1.3e-4
Gilberto,1.3e-4
Hiram,1.3e-4
Roderick,1.3e-4
Monte,1.29e-4
Morgan,1.29e-4
Anton,1.28e-4
Gaylord,1.28e-4
Orval,1.27e-4
Emilio,1.26e-4
Lyman,1.26e-4
Blaine,1.25e-4
Houston,1.25e-4
Vance,1.25e-4
Alberto,1.24e-4
Everette,1.24e-4
Bernie,1.23e-4
Fernando,1.23e-4
Talmadge,1.23e-4
Augustine,1.22e-4
Pasquale,1.22e-4
Riley,1.22e-4
Tomas,1.2e-4
Arlie,1.19e-4
Dana,1.19e-4
Vaughn,1.19e-4
Wilton,1.19e-4
Olen,1.18e-4
Ernesto,1.17e-4
Ken,1.17e-4
Raymon,1.17e-4
Bryan,1.16e-4
Freddy,1.16e-4
Major,1.16e-4
Angel,1.16e-4
Bertram,1.16e-4
Clay,1.16e-4
Elroy,1.16e-4
Doris,1.15e-4
Hobert,1.15e-4
Kay,1.15e-4
Warner,1.15e-4
Ernie,1.14e-4
Galen,1.14e-4
Julio,1.14e-4
Milo,1.14e-4
Jeremiah,1.13e-4
Jules,1.13e-4
Kevin,1.13e-4
Omer,1.13e-4
Saul,1.13e-4
Thaddeus,1.13e-4
Lupe,1.12e-4
Brian,1.11e-4
Dewitt,1.11e-4
Jefferson,1.11e-4
Micheal,1.11e-4
Arther,1.1e-4
Beverly,1.1e-4
Jonathan,1.1e-4
Verne,1.09e-4
Evan,1.08e-4
Harmon,1.08e-4
Newton,1.08e-4
Rosevelt,1.07e-4
Arden,1.06e-4
Dewayne,1.06e-4
Ellsworth,1.06e-4
Graham,1.06e-4
Marcel,1.06e-4
Olin,1.06e-4
Davis,1.05e-4
Gayle,1.05e-4
Carson,1.04e-4
Emile,1.04e-4
Fletcher,1.04e-4
Wilber,1.04e-4
Dorothy,1.03e-4
Frances,1.03e-4
Mose,1.03e-4
Boyce,1.02e-4
Joshua,1.02e-4
Ferdinand,1.02e-4
Ignacio,1.02e-4
Isaiah,1.02e-4
Merlyn,1.02e-4
Domingo,1.01e-4
Harland,1.01e-4
Columbus,1e-4
Donovan,1e-4
Kennith,1e-4
Craig,9.9e-5
Lucius,9.9e-5
Isiah,9.8e-5
Mckinley,9.8e-5
Theron,9.8e-5
Ambrose,9.7e-5
Lacy,9.7e-5
Shelby,9.7e-5
Barbara,9.6e-5
Elwin,9.6e-5
Kelly,9.6e-5
Otha,9.5e-5
Connie,9.4e-5
Denis,9.4e-5
Mathew,9.4e-5
Dee,9.3e-5
Fredric,9.3e-5
Darold,9.2e-5
Foster,9.2e-5
Napoleon,9.2e-5
Bruno,9.1e-5
Felipe,9.1e-5
Santos,9.1e-5
Hugo,9e-5
Maxie,9e-5
Rayford,9e-5
Bennett,8.9e-5
Garry,8.9e-5
Joesph,8.9e-5
Lincoln,8.9e-5
Winford,8.9e-5
Elden,8.8e-5
Jason,8.8e-5
Ramiro,8.8e-5
Sydney,8.8e-5
Terrence,8.8e-5
Waldo,8.8e-5
Abel,8.8e-5
Jerrold,8.8e-5
Jewel,8.8e-5
Judson,8.8e-5
Anderson,8.7e-5
Bryce,8.7e-5
Donn,8.7e-5
Rogers,8.7e-5
Verlin,8.7e-5
Coleman,8.6e-5
Melvyn,8.6e-5
Dorsey,8.5e-5
Felton,8.5e-5
Joyce,8.5e-5
Alvis,8.4e-5
Dexter,8.4e-5
Helen,8.4e-5
Maxwell,8.4e-5
Merton,8.4e-5
Santiago,8.4e-5
Avery,8.3e-5
Bonnie,8.3e-5
Bryant,8.3e-5
Dwain,8.3e-5
Farrell,8.3e-5
Haywood,8.3e-5
Lemuel,8.3e-5
Lois,8.3e-5
Palmer,8.3e-5
Donal,8.2e-5
Granville,8.2e-5
Joan,8.2e-5
Margaret,8.2e-5
Noble,8.2e-5
Orlando,8.2e-5
Reed,8.2e-5
Reynaldo,8.2e-5
Valentine,8.2e-5
Bernice,8.1e-5
Hermon,8.1e-5
Jerold,8.1e-5
Sherwood,8.1e-5
Tim,8.1e-5
Andres,8e-5
Bradford,8e-5
Christian,8e-5
Denny,8e-5
Jere,8e-5
Mason,8e-5
Sebastian,8e-5
Stanford,8e-5
Rollin,7.9e-5
Sonny,7.9e-5
Carlo,7.8e-5
Dino,7.8e-5
Justin,7.8e-5
Abe,7.7e-5
Alejandro,7.7e-5
Gregorio,7.7e-5
Hans,7.7e-5
Loy,7.7e-5
Santo,7.7e-5
Delano,7.6e-5
Ezra,7.6e-5
Garner,7.6e-5
Rubin,7.6e-5
Rupert,7.6e-5
Aldo,7.5e-5
Eduardo,7.5e-5
Elliot,7.5e-5
Gearld,7.5e-5
Murphy,7.5e-5
Ottis,7.5e-5
Sandy,7.5e-5
Zane,7.5e-5
Benito,7.5e-5
Hilton,7.5e-5
Leeroy,7.5e-5
Raleigh,7.5e-5
Taylor,7.5e-5
Tracy,7.5e-5
Walton,7.5e-5
Alvie,7.4e-5
Domenic,7.4e-5
Glendon,7.4e-5
Ivory,7.4e-5
Franklyn,7.3e-5
Kyle,7.3e-5
Marlyn,7.3e-5
Melton,7.3e-5
Waymon,7.3e-5
Arlo,7.2e-5
Burt,7.2e-5
Edd,7.2e-5
Giles,7.2e-5
Ruth,7.2e-5
Alford,7.1e-5
Cyrus,7.1e-5
Emmitt,7.1e-5
Jordan,7.1e-5
Loyal,7.1e-5
Nickolas,7.1e-5
Quentin,7.1e-5
Stanton,7.1e-5
Theo,7.1e-5
Vicente,7.1e-5
Winfield,7.1e-5
Aloysius,7e-5
Dwaine,7e-5
Porter,7e-5
Carey,6.9e-5
Eldridge,6.9e-5
Jewell,6.9e-5
Lucien,6.9e-5
Shelton,6.9e-5
Terence,6.9e-5
Werner,6.9e-5
Benedict,6.8e-5
Buck,6.8e-5
Garrett,6.8e-5
Gerry,6.8e-5
Haskell,6.8e-5
Lindsey,6.8e-5
Dayton,6.7e-5
Denzil,6.7e-5
Hayward,6.7e-5
Elwyn,6.6e-5
Guillermo,6.6e-5
Ora,6.6e-5
Raphael,6.6e-5
Arlin,6.5e-5
Clarance,6.5e-5
Dickie,6.5e-5
Dillard,6.5e-5
Edsel,6.5e-5
Eldred,6.5e-5
Enoch,6.5e-5
Garfield,6.5e-5
Junius,6.5e-5
Leander,6.5e-5
Mahlon,6.5e-5
Regis,6.5e-5
Theadore,6.5e-5
Andre,6.4e-5
Carleton,6.4e-5
Carter,6.4e-5
Fay,6.4e-5
Garth,6.4e-5
Mac,6.4e-5
Nicolas,6.4e-5
Val,6.4e-5
Walker,6.4e-5
Adolfo,6.3e-5
Agustin,6.3e-5
Barton,6.3e-5
Constantine,6.3e-5
King,6.3e-5
Robin,6.3e-5
Adolphus,6.2e-5
Albin,6.2e-5
Bertrand,6.2e-5
Clare,6.2e-5
Cruz,6.2e-5
Hardy,6.2e-5
Israel,6.2e-5
Kendall,6.2e-5
Omar,6.2e-5
Parker,6.2e-5
Rosario,6.2e-5
Aron,6.1e-5
Duncan,6.1e-5
Lon,6.1e-5
Oren,6.1e-5
Seth,6.1e-5
Chauncey,6.1e-5
Damon,6.1e-5
Garnett,6.1e-5
Hobart,6.1e-5
Logan,6.1e-5
Orin,6.1e-5
Sol,6.1e-5
Alois,6e-5
Hoover,6e-5
Issac,6e-5
June,6e-5
Kenny,6e-5
Kirby,6e-5
Kurt,6e-5
Obie,6e-5
Virgle,6e-5
Wardell,6e-5
Beryl,5.9e-5
Eddy,5.9e-5
Kaye,5.9e-5
Lawerence,5.9e-5
Loran,5.9e-5
Milan,5.9e-5
Oneal,5.9e-5
Prince,5.9e-5
Curtiss,5.8e-5
Elisha,5.8e-5
Jonas,5.8e-5
Romeo,5.8e-5
Claudie,5.7e-5
Florian,5.7e-5
Glynn,5.7e-5
Gustave,5.7e-5
Howell,5.7e-5
Lucious,5.7e-5
Rowland,5.7e-5
Art,5.6e-5
Clem,5.6e-5
Dannie,5.6e-5
Elmore,5.6e-5
Gerold,5.6e-5
Harlen,5.6e-5
Pierre,5.6e-5
Alfonzo,5.5e-5
Brady,5.5e-5
Durwood,5.5e-5
Hosea,5.5e-5
Jennings,5.5e-5
Matt,5.5e-5
Myles,5.5e-5
Wylie,5.5e-5
Auther,5.4e-5
Blair,5.4e-5
Carlyle,5.4e-5
Fritz,5.4e-5
Merritt,5.4e-5
Terrance,5.4e-5
Willam,5.4e-5
Arvid,5.3e-5
Arvil,5.3e-5
Berry,5.3e-5
Edison,5.3e-5
Ismael,5.3e-5
Lucian,5.3e-5
Margarito,5.3e-5
Oran,5.3e-5
Reid,5.3e-5
Artis,5.2e-5
Bart,5.2e-5
Benton,5.2e-5
Casimir,5.2e-5
Elvis,5.2e-5
Lauren,5.2e-5
Meredith,5.2e-5
Murry,5.2e-5
Norton,5.2e-5
Vernie,5.2e-5
Williams,5.2e-5
Derald,5.1e-5
Duwayne,5.1e-5
Lane,5.1e-5
Vivian,5.1e-5
Cleve,5e-5
Elizabeth,5e-5
Farris,5e-5
Johnson,5e-5
Mariano,5e-5
Norval,5e-5
Reynold,5e-5
Webster,5e-5
Aurelio,4.9e-5
Deane,4.9e-5
Dolores,4.9e-5
Early,4.9e-5
Hillard,4.9e-5
Oswald,4.9e-5
Otho,4.9e-5
Ruby,4.9e-5
Sherrill,4.9e-5
Annie,4.8e-5
Armond,4.8e-5
Asa,4.8e-5
Cleon,4.8e-5
Cloyd,4.8e-5
Cornell,4.8e-5
Domenick,4.8e-5
Douglass,4.8e-5
Elzie,4.8e-5
Hazel,4.8e-5
Henery,4.8e-5
Hunter,4.8e-5
Lavon,4.8e-5
Lawson,4.8e-5
Virginia,4.8e-5
Arvin,4.8e-5
Casper,4.8e-5
Ezell,4.8e-5
Garold,4.8e-5
Henderson,4.8e-5
Humberto,4.8e-5
Leopoldo,4.8e-5
Lorenza,4.8e-5
Louise,4.8e-5
Rollie,4.8e-5
Ronny,4.8e-5
Smith,4.8e-5
Verl,4.8e-5
Adelbert,4.7e-5
Alice,4.7e-5
Estel,4.7e-5
Evert,4.7e-5
Furman,4.7e-5
General,4.7e-5
Lynwood,4.7e-5
Porfirio,4.7e-5
Refugio,4.7e-5
Sylvan,4.7e-5
Abner,4.6e-5
Burnell,4.6e-5
Delton,4.6e-5
Eloy,4.6e-5
Genaro,4.6e-5
Joaquin,4.6e-5
Laurel,4.6e-5
Newell,4.6e-5
Norwood,4.6e-5
Verle,4.6e-5
Vester,4.6e-5
Willian,4.6e-5
Abram,4.5e-5
Arland,4.5e-5
Brooks,4.5e-5
Chuck,4.5e-5
Crawford,4.5e-5
Fidel,4.5e-5
Finis,4.5e-5
Glenwood,4.5e-5
Ivy,4.5e-5
Jan,4.5e-5
Merl,4.5e-5
Orlin,4.5e-5
Quinton,4.5e-5
Rosendo,4.5e-5
Terrell,4.5e-5
Trinidad,4.5e-5
Allie,4.4e-5
Arley,4.4e-5
Dock,4.4e-5
Durward,4.4e-5
Emmit,4.4e-5
Evans,4.4e-5
Harrell,4.4e-5
Harvie,4.4e-5
Lafayette,4.4e-5
Lorin,4.4e-5
Orrin,4.4e-5
Wayman,4.4e-5
Wyatt,4.4e-5
Wyman,4.4e-5
Alonza,4.3e-5
Ardell,4.3e-5
Arvel,4.3e-5
Burdette,4.3e-5
Clearence,4.3e-5
Cliff,4.3e-5
Dorman,4.3e-5
Federico,4.3e-5
Fernand,4.3e-5
Gloria,4.3e-5
Johny,4.3e-5
Robbie,4.3e-5
Verlyn,4.3e-5
Adan,4.2e-5
Conley,4.2e-5
Darryl,4.2e-5
Davie,4.2e-5
Judge,4.2e-5
Lou,4.2e-5
Marc,4.2e-5
Monty,4.2e-5
Patricia,4.2e-5
Pearl,4.2e-5
Rudolf,4.2e-5
Sal,4.2e-5
Thornton,4.2e-5
Von,4.2e-5
Amado,4.1e-5
Benjiman,4.1e-5
Carmelo,4.1e-5
Cary,4.1e-5
Colin,4.1e-5
Eliseo,4.1e-5
Emmet,4.1e-5
Ike,4.1e-5
Isadore,4.1e-5
