name,percent
Mary,0.054114
Betty,0.031107
Barbara,0.023791
Dorothy,0.022577
Joan,0.019019
Patricia,0.016267
Margaret,0.014947
Helen,0.014794
Shirley,0.013087
Doris,0.011672
Ruth,0.011076
Joyce,0.010276
Nancy,0.009903
Virginia,0.009726
Jean,0.009645
Marilyn,0.009553
Elizabeth,0.009033
Dolores,0.00871
Frances,0.008636
Lois,0.008608
Alice,0.007718
Norma,0.007603
Evelyn,0.007196
Anna,0.007164
Gloria,0.007059
Mildred,0.006916
Martha,0.006849
Beverly,0.006798
Donna,0.00666
Phyllis,0.006599
Marie,0.006247
Carol,0.005941
Rose,0.005854
Ann,0.005604
Janet,0.005229
Louise,0.005101
Marjorie,0.005068
Ruby,0.004936
Peggy,0.004925
Catherine,0.004924
Annie,0.004868
Geraldine,0.004824
Irene,0.004702
June,0.004378
Eleanor,0.004371
Carolyn,0.004145
Florence,0.0041
Lillian,0.003936
Jane,0.003931
Edna,0.003871
Thelma,0.003867
Wanda,0.003855
Rita,0.003847
Gladys,0.00378
Lorraine,0.003764
Delores,0.00375
Josephine,0.003703
Juanita,0.003621
Pauline,0.003522
Theresa,0.003449
Audrey,0.003372
Joanne,0.003369
Lucille,0.003296
Bonnie,0.003271
Ethel,0.003264
Wilma,0.003263
Sarah,0.003255
Elaine,0.003233
Edith,0.003229
Clara,0.003213
Bernice,0.003202
Grace,0.003195
Marion,0.003155
Charlotte,0.003033
Hazel,0.00302
Emma,0.003007
Patsy,0.002944
Marlene,0.00291
Joann,0.002817
Arlene,0.002811
Anne,0.002682
Esther,0.002676
Kathleen,0.002665
Sally,0.002631
Jacqueline,0.002598
Marian,0.002565
Beatrice,0.002516
Laura,0.002485
Loretta,0.002485
Willie,0.00241
Vivian,0.002408
Julia,0.002402
Billie,0.002381
Janice,0.002375
Katherine,0.00234
Sylvia,0.002314
Elsie,0.002312
Eva,0.002283
Constance,0.002251
Rosemary,0.002246
Bertha,0.002241
Margie,0.002193
Jo,0.002158
Ellen,0.002142
Ida,0.002096
Jeanette,0.00207
Kathryn,0.002047
Ella,0.002038
Roberta,0.002028
Maxine,0.002008
Lillie,0.002005
Jeanne,0.001926
Bobbie,0.001923
Agnes,0.001912
Eileen,0.001912
Anita,0.001894
Bessie,0.001892
Georgia,0.001864
Alma,0.001846
Maria,0.001846
Vera,0.001832
Darlene,0.001828
Nellie,0.001788
Gertrude,0.001777
Mattie,0.001731
Jessie,0.001713
Christine,0.001683
Lucy,0.001655
Minnie,0.001633
Sara,0.001589
Rosa,0.001584
Violet,0.001533
Velma,0.001527
Viola,0.001509
Myrtle,0.001508
Leona,0.001506
Geneva,0.001477
Pearl,0.001465
Claire,0.001363
Sue,0.001363
Mae,0.001316
Diane,0.001302
Dora,0.001295
Judith,0.001295
Carrie,0.001261
Eunice,0.001244
Joy,0.001231
Naomi,0.001228
Harriet,0.001221
Stella,0.001215
Carole,0.001189
Rosie,0.001187
Connie,0.001178
Alberta,0.001158
Rachel,0.001135
Lena,0.001133
Lula,0.001112
Susan,0.00111
Faye,0.001102
Yvonne,0.001097
Jennie,0.001078
Lola,0.001077
Rebecca,0.001076
Verna,0.001063
Fannie,0.001061
Erma,0.001054
Emily,0.001036
Genevieve,0.001036
Cora,0.001023
Charlene,0.001013
Mabel,0.001003
Hilda,9.99e-4
Rosalie,9.96e-4
Caroline,9.94e-4
Jeannette,9.77e-4
Daisy,9.75e-4
Pat,9.6e-4
Hattie,9.58e-4
Ramona,9.48e-4
Opal,9.47e-4
Muriel,9.43e-4
Marguerite,9.06e-4
Bettie,9.04e-4
Beulah,9.02e-4
Inez,8.91e-4
Ada,8.9e-4
Nina,8.81e-4
Mamie,8.78e-4
Nora,8.76e-4
Johnnie,8.7e-4
Blanche,8.59e-4
Marcia,8.59e-4
Lila,8.57e-4
Imogene,8.55e-4
Irma,8.55e-4
Marcella,8.53e-4
Deloris,8.44e-4
Gwendolyn,8.39e-4
Laverne,8.36e-4
Mable,8.2e-4
Miriam,8.18e-4
Madeline,8.15e-4
Flora,8.06e-4
Carmen,8.04e-4
Maureen,8.01e-4
Ernestine,7.91e-4
Melba,7.88e-4
Eloise,7.85e-4
Rosemarie,7.83e-4
Eula,7.74e-4
Teresa,7.72e-4
Iris,7.68e-4
Della,7.61e-4
Patty,7.56e-4
Suzanne,7.47e-4
Sandra,7.42e-4
Susie,7.29e-4
Antoinette,7.1e-4
Linda,7.03e-4
Bette,6.98e-4
Lorene,6.88e-4
Katie,6.82e-4
Estelle,6.74e-4
Maggie,6.65e-4
Priscilla,6.57e-4
Regina,6.46e-4
Colleen,6.4e-4
Sharon,6.4e-4
Janie,6.38e-4
Bettye,6.27e-4
Nadine,6.24e-4
Sadie,6.18e-4
Annette,6.17e-4
Essie,6.13e-4
Jackie,6.05e-4
Diana,5.97e-4
Jacquelyn,5.97e-4
Paula,5.96e-4
Kay,5.95e-4
Fay,5.94e-4
Ina,5.91e-4
Reba,5.91e-4
Amelia,5.75e-4
Maryann,5.75e-4
Cynthia,5.74e-4
Dixie,5.69e-4
Lydia,5.69e-4
Henrietta,5.68e-4
Mona,5.53e-4
Olga,5.53e-4
Sheila,5.51e-4
Angela,5.5e-4
Angelina,5.48e-4
Ollie,5.48e-4
Freda,5.45e-4
Marianne,5.44e-4
Nettie,5.42e-4
Victoria,5.37e-4
Judy,5.31e-4
Natalie,5.24e-4
Dorthy,5.19e-4
Winifred,5.16e-4
Veronica,5.09e-4
Jewel,5.08e-4
Frankie,5.06e-4
Ora,5.06e-4
Myra,5.05e-4
Sallie,5.05e-4
Lou,4.91e-4
Iva,4.9e-4
Jimmie,4.71e-4
Glenna,4.66e-4
Willa,4.66e-4
Isabel,4.64e-4
Lela,4.56e-4
Fern,4.54e-4
Etta,4.53e-4
Ola,4.5e-4
Luella,4.48e-4
Mavis,4.47e-4
Leola,4.43e-4
Adele,4.4e-4
Olive,4.38e-4
Lenora,4.37e-4
Nell,4.36e-4
Angeline,4.24e-4
Cecilia,4.24e-4
Nelda,4.23e-4
Jewell,4.21e-4
Adeline,4.18e-4
Lottie,4.18e-4
Clarice,4.15e-4
Earline,4.12e-4
Gracie,4.12e-4
Lee,4.11e-4
Cleo,4.1e-4
Helene,4.1e-4
Addie,4.05e-4
Estella,4.02e-4
Dorothea,4.01e-4
May,3.99e-4
Bernadine,3.95e-4
Jeannine,3.94e-4
Cecelia,3.92e-4
Ila,3.86e-4
Dona,3.84e-4
Myrna,3.81e-4
Goldie,3.79e-4
Lavonne,3.79e-4
Rhoda,3.79e-4
Effie,3.77e-4
Polly,3.77e-4
Alta,3.75e-4
Lizzie,3.75e-4
Elva,3.73e-4
Elvira,3.7e-4
Francis,3.61e-4
Greta,3.61e-4
Rosetta,3.6e-4
Therese,3.6e-4
Olivia,3.59e-4
Elnora,3.57e-4
Celia,3.51e-4
Lorna,3.49e-4
Carmela,3.48e-4
Elinor,3.41e-4
Sophie,3.41e-4
Jerry,3.38e-4
Lupe,3.38e-4
Lenore,3.37e-4
Robbie,3.35e-4
Lucile,3.33e-4
Dolly,3.29e-4
Isabelle,3.29e-4
Ruthie,3.28e-4
Annabelle,3.22e-4
Gail,3.2e-4
Arline,3.16e-4
Betsy,3.16e-4
Virgie,3.13e-4
Rena,3.12e-4
Amy,3.1e-4
Eugenia,3.08e-4
Faith,3.07e-4
Beverley,3.05e-4
Joanna,3.04e-4
Claudia,2.98e-4
Tommie,2.98e-4
Pearlie,2.97e-4
Winnie,2.97e-4
Corinne,2.96e-4
Robert,2.95e-4
Eleanore,2.94e-4
Selma,2.94e-4
James,2.9e-4
Dawn,2.89e-4
Guadalupe,2.87e-4
Neva,2.87e-4
Margery,2.86e-4
Renee,2.85e-4
Bernadette,2.84e-4
Molly,2.84e-4
Nannie,2.78e-4
Wilda,2.78e-4
Janis,2.77e-4
Karen,2.75e-4
Leila,2.74e-4
Zelma,2.74e-4
Eddie,2.72e-4
Harriett,2.71e-4
Nola,2.71e-4
Elma,2.7e-4
Earnestine,2.69e-4
John,2.69e-4
Sondra,2.69e-4
Delia,2.68e-4
Doreen,2.67e-4
Leah,2.67e-4
Melva,2.67e-4
Rosella,2.67e-4
Millie,2.65e-4
Dollie,2.64e-4
Aileen,2.63e-4
Josie,2.62e-4
Glenda,2.61e-4
Lora,2.61e-4
Flossie,2.6e-4
Earlene,2.58e-4
Mollie,2.57e-4
Loraine,2.55e-4
Reva,2.53e-4
Odessa,2.52e-4
Beth,2.5e-4
Valerie,2.49e-4
Carmella,2.48e-4
Avis,2.44e-4
Frieda,2.44e-4
Concetta,2.42e-4
Corrine,2.42e-4
Sybil,2.42e-4
Cornelia,2.4e-4
Louella,2.4e-4
Julie,2.4e-4
Yolanda,2.38e-4
Nona,2.37e-4
Edwina,2.34e-4
Aurora,2.31e-4
Janette,2.31e-4
Margarita,2.3e-4
Christina,2.29e-4
Alicia,2.27e-4
Matilda,2.27e-4
Letha,2.26e-4
Bobby,2.25e-4
Queen,2.25e-4
Adrienne,2.24e-4
Corine,2.24e-4
Consuelo,2.22e-4
Lily,2.22e-4
Joe,2.22e-4
Johanna,2.21e-4
Lynn,2.21e-4
Marlys,2.19e-4
Eliza,2.15e-4
Gwen,2.15e-4
Bennie,2.14e-4
Cecile,2.12e-4
Ophelia,2.12e-4
William,2.12e-4
Jannie,2.12e-4
Gretchen,2.11e-4
Angie,2.09e-4
Georgie,2.09e-4
Hannah,2.09e-4
Alyce,2.06e-4
Bertie,2.06e-4
Florine,2.06e-4
Bonita,2.05e-4
Clare,2.05e-4
Antonia,2.03e-4
Elouise,2.03e-4
Gayle,2.03e-4
Lilly,2.02e-4
Helena,2.01e-4
Ilene,2.01e-4
Ima,2.01e-4
Aline,1.98e-4
Evangeline,1.96e-4
Gay,1.96e-4
Allie,1.95e-4
Monica,1.94e-4
Amanda,1.93e-4
Pansy,1.89e-4
Deborah,1.88e-4
Noreen,1.88e-4
Lessie,1.87e-4
Freddie,1.85e-4
Rae,1.85e-4
Marylou,1.81e-4
Merle,1.81e-4
Jenny,1.8e-4
Lorena,1.8e-4
Lorine,1.8e-4
Beryl,1.79e-4
Marietta,1.79e-4
Sonia,1.79e-4
Carla,1.78e-4
Winona,1.78e-4
Charles,1.77e-4
Emogene,1.77e-4
Hope,1.77e-4
Zelda,1.77e-4
Callie,1.75e-4
Iona,1.75e-4
Elena,1.74e-4
Lelia,1.74e-4
Maude,1.74e-4
Leota,1.72e-4
Madge,1.72e-4
Nita,1.72e-4
Roxie,1.72e-4
Gilda,1.7e-4
Delphine,1.69e-4
Rosalyn,1.69e-4
Mercedes,1.68e-4
Roslyn,1.68e-4
Ardis,1.66e-4
Dessie,1.66e-4
Lucia,1.66e-4
Dorris,1.65e-4
Francine,1.65e-4
Retha,1.65e-4
Allene,1.63e-4
Claudette,1.63e-4
Rowena,1.63e-4
Vernell,1.61e-4
Katharine,1.6e-4
Marilynn,1.6e-4
Carlene,1.58e-4
Berniece,1.57e-4
George,1.57e-4
Doretha,1.55e-4
Alene,1.54e-4
Iola,1.54e-4
Rosalee,1.53e-4
Camille,1.51e-4
Althea,1.49e-4
Dortha,1.49e-4
Leatrice,1.49e-4
Twila,1.49e-4
Oma,1.48e-4
Ardith,1.47e-4
Madelyn,1.47e-4
Ester,1.46e-4
Charlie,1.46e-4
Belva,1.45e-4
Reta,1.45e-4
Verla,1.45e-4
Birdie,1.44e-4
Claudine,1.44e-4
Leta,1.44e-4
Zella,1.44e-4
Jaunita,1.43e-4
Delma,1.42e-4
Gussie,1.4e-4
Ione,1.4e-4
Maudie,1.4e-4
Edythe,1.39e-4
Hester,1.39e-4
Marjory,1.39e-4
Velda,1.39e-4
Germaine,1.37e-4
Gerry,1.37e-4
Vada,1.37e-4
Millicent,1.37e-4
Terry,1.35e-4
Pearline,1.33e-4
Ava,1.32e-4
Dianne,1.32e-4
Leora,1.32e-4
Minerva,1.32e-4
Phoebe,1.32e-4
Margret,1.3e-4
Maurine,1.3e-4
Esperanza,1.29e-4
Ladonna,1.29e-4
Syble,1.29e-4
Billy,1.28e-4
Louisa,1.28e-4
Petra,1.28e-4
Roma,1.27e-4
Hellen,1.26e-4
Wilhelmina,1.26e-4
Isabell,1.25e-4
Lavon,1.25e-4
Richard,1.25e-4
Tillie,1.25e-4
Alva,1.24e-4
Delois,1.24e-4
Madonna,1.24e-4
Peggie,1.23e-4
Marlyn,1.21e-4
Sammie,1.21e-4
Vernice,1.21e-4
Celestine,1.2e-4
Philomena,1.2e-4
Dottie,1.19e-4
Freida,1.19e-4
Hallie,1.19e-4
Josefina,1.19e-4
Nan,1.19e-4
Sophia,1.19e-4
Susanne,1.19e-4
Valeria,1.19e-4
Elsa,1.18e-4
Stephanie,1.18e-4
Adelaide,1.18e-4
Dovie,1.17e-4
Isabella,1.17e-4
Lucinda,1.17e-4
Elise,1.16e-4
Angelita,1.15e-4
Berta,1.15e-4
Pattie,1.15e-4
Kitty,1.14e-4
Verda,1.14e-4
Donald,1.13e-4
Sherry,1.13e-4
Elda,1.12e-4
Enid,1.12e-4
Harriette,1.12e-4
Justine,1.12e-4
Rosalind,1.12e-4
Tina,1.12e-4
Andrea,1.11e-4
Celeste,1.11e-4
Erna,1.11e-4
Shirlee,1.09e-4
Lavern,1.08e-4
Treva,1.08e-4
Jan,1.08e-4
Laurel,1.08e-4
Augusta,1.07e-4
Elisa,1.07e-4
Gertie,1.07e-4
Manuela,1.07e-4
Sonya,1.07e-4
Denise,1.06e-4
Gene,1.06e-4
Jayne,1.06e-4
Rhea,1.06e-4
Aurelia,1.05e-4
Jeanine,1.05e-4
Lona,1.05e-4
Lue,1.05e-4
Lura,1.05e-4
Dorene,1.04e-4
Juana,1.04e-4
Theodora,1.04e-4
Una,1.04e-4
Elisabeth,1.03e-4
Gearldine,1.03e-4
Juliette,1.03e-4
Lauretta,1.03e-4
Lettie,1.03e-4
Madeleine,1.03e-4
Magdalene,1.03e-4
Ouida,1.03e-4
Bobbye,1.02e-4
Camilla,1.02e-4
Dorcas,1.02e-4
Oleta,1.02e-4
Carolina,1.01e-4
Florene,1.01e-4
Francisca,1.01e-4
Marianna,1e-4
Jeannie,9.9e-5
Myrtis,9.9e-5
Caryl,9.9e-5
Darleen,9.9e-5
Eldora,9.9e-5
Larue,9.9e-5
Marylin,9.8e-5
Novella,9.8e-5
Carmel,9.7e-5
Doloris,9.7e-5
Donnie,9.7e-5
Elvera,9.7e-5
Jeraldine,9.7e-5
Socorro,9.7e-5
Charline,9.6e-5
Charmaine,9.6e-5
Vesta,9.6e-5
Catharine,9.5e-5
Joseph,9.5e-5
Ofelia,9.5e-5
Roselyn,9.5e-5
Alvina,9.4e-5
Arleen,9.4e-5
Linnie,9.4e-5
Lucretia,9.4e-5
Alfreda,9.3e-5
Johnie,9.3e-5
Marvel,9.3e-5
Mina,9.3e-5
Norene,9.3e-5
Theda,9.3e-5
Cherry,9.2e-5
Nedra,9.2e-5
Yvette,9.2e-5
Adela,9.1e-5
Albertha,9.1e-5
Garnet,9.1e-5
Margarett,9.1e-5
Margarette,9.1e-5
Ursula,9.1e-5
Georgiana,9e-5
Ona,9e-5
Vida,9e-5
Georgianna,9e-5
Mickey,9e-5
Mitzi,9e-5
Myrtice,9e-5
Toni,9e-5
Clementine,8.9e-5
Loyce,8.9e-5
Marylyn,8.9e-5
Adell,8.8e-5
Jeane,8.8e-5
Kate,8.8e-5
Pamela,8.8e-5
Veda,8.8e-5
Dorotha,8.7e-5
Mazie,8.7e-5
Blanch,8.6e-5
Brenda,8.6e-5
Agatha,8.5e-5
Christene,8.5e-5
Cleta,8.5e-5
Leslie,8.5e-5
Dana,8.4e-5
Easter,8.4e-5
Fanny,8.4e-5
Georgette,8.4e-5
Jeanie,8.4e-5
Tessie,8.4e-5
Alpha,8.3e-5
Maryanne,8.3e-5
Thomas,8.3e-5
Darline,8.2e-5
Elida,8.2e-5
Hortense,8.2e-5
Mozelle,8.2e-5
Rubye,8.2e-5
Carroll,8.1e-5
Jacquelin,8.1e-5
Libby,8e-5
Martina,8e-5
Meredith,8e-5
Margot,8e-5
Lavina,7.9e-5
Maxie,7.9e-5
Vergie,7.9e-5
Edward,7.8e-5
Emilia,7.8e-5
Felicia,7.8e-5
Georgene,7.8e-5
Patti,7.8e-5
Vonda,7.8e-5
Zoe,7.8e-5
Daphne,7.7e-5
Earlean,7.7e-5
Elna,7.7e-5
Odell,7.7e-5
Dale,7.6e-5
Jill,7.6e-5
Norine,7.6e-5
Vilma,7.6e-5
Berneice,7.5e-5
Carmelita,7.5e-5
Cordelia,7.5e-5
Roseann,7.5e-5
Velva,7.5e-5
Corene,7.4e-5
Estela,7.4e-5
Idella,7.4e-5
Joretta,7.4e-5
Lavada,7.4e-5
Maybelle,7.4e-5
Chloe,7.3e-5
Magdalena,7.3e-5
Rutha,7.3e-5
Artie,7.2e-5
Charleen,7.2e-5
Dean,7.2e-5
Floy,7.2e-5
Ivy,7.2e-5
Melvina,7.2e-5
Romona,7.2e-5
Annetta,7.1e-5
Benita,7.1e-5
Dorine,7.1e-5
Magnolia,7.1e-5
Billye,7.1e-5
Cassie,7.1e-5
Cathryn,7.1e-5
Joye,7.1e-5
Octavia,7.1e-5
Orpha,7.1e-5
Paul,7.1e-5
Antonette,7e-5
Beatriz,7e-5
Elease,7e-5
Marceline,7e-5
Zona,7e-5
Aletha,6.9e-5
Eleanora,6.9e-5
Katheryn,6.9e-5
Leone,6.9e-5
Maryellen,6.9e-5
Coleen,6.8e-5
Crystal,6.8e-5
Ethelyn,6.8e-5
Eulalia,6.8e-5
Leatha,6.8e-5
Lolita,6.8e-5
Mittie,6.8e-5
Walter,6.8e-5
Wynona,6.8e-5
Annabell,6.7e-5
Bethel,6.7e-5
Lita,6.7e-5
Lovie,6.7e-5
Nila,6.7e-5
Zola,6.7e-5
Ardella,6.6e-5
Cecil,6.6e-5
Dena,6.6e-5
Nova,6.6e-5
Almeda,6.5e-5
Bernardine,6.5e-5
Evangelina,6.5e-5
Leonora,6.5e-5
Lilia,6.5e-5
Ray,6.5e-5
Rosina,6.5e-5
Sydney,6.5e-5
Ernestina,6.4e-5
Kathrine,6.4e-5
Letitia,6.4e-5
Maryjane,6.4e-5
Nada,6.4e-5
Raquel,6.4e-5
Romaine,6.4e-5
Alda,6.3e-5
Cathleen,6.3e-5
Estell,6.3e-5
Lina,6.3e-5
Rosanna,6.3e-5
Rosia,6.3e-5
Sonja,6.3e-5
Willene,6.3e-5
Zora,6.3e-5
Dorla,6.2e-5
Ira,6.2e-5
Jolene,6.2e-5
Laverna,6.2e-5
Louvenia,6.2e-5
Luvenia,6.2e-5
Rubie,6.2e-5
Carrol,6.1e-5
Cherie,6.1e-5
Colette,6.1e-5
Elois,6.1e-5
Filomena,6.1e-5
Frank,6.1e-5
Henry,6.1e-5
Hettie,6.1e-5
Jamie,6.1e-5
Laquita,6.1e-5
Lynette,6.1e-5
Merilyn,6.1e-5
Palma,6.1e-5
Vita,6.1e-5
Winnifred,6.1e-5
Amalia,6.1e-5
Ana,6.1e-5
Belle,6.1e-5
Georgina,6.1e-5
Lawanda,6.1e-5
Lynne,6.1e-5
Mardell,6.1e-5
Oralia,6.1e-5
Willia,6.1e-5
Willodean,6.1e-5
Adella,6e-5
Lulu,6e-5
Marilou,6e-5
Mozell,6e-5
Nanette,6e-5
Nella,6e-5
Venita,6e-5
Catalina,5.9e-5
Delphia,5.9e-5
Marilee,5.9e-5
Waneta,5.9e-5
Annabel,5.8e-5
Jettie,5.8e-5
Lonnie,5.8e-5
Lyla,5.8e-5
Rozella,5.8e-5
Vernie,5.8e-5
Ardell,5.7e-5
Arvilla,5.7e-5
Audry,5.7e-5
Bridget,5.7e-5
Elayne,5.7e-5
Eugene,5.7e-5
Evalyn,5.7e-5
Eve,5.7e-5
Gaynell,5.7e-5
Janelle,5.7e-5
Jocelyn,5.7e-5
Juliet,5.7e-5
Marge,5.7e-5
Maud,5.7e-5
Mayme,5.7e-5
Phylis,5.7e-5
Verona,5.7e-5
Augustine,5.6e-5
Beverlee,5.6e-5
Carleen,5.6e-5
Esta,5.6e-5
Herminia,5.6e-5
Jonnie,5.6e-5
Lennie,5.6e-5
Melissa,5.6e-5
Merlene,5.6e-5
Tressie,5.6e-5
Bebe,5.5e-5
Era,5.5e-5
Ferne,5.5e-5
Harold,5.5e-5
Twyla,5.5e-5
Adelina,5.4e-5
Amparo,5.4e-5
Carolee,5.4e-5
Dee,5.4e-5
Dominga,5.4e-5
Kattie,5.4e-5
Nathalie,5.4e-5
Carma,5.3e-5
Concepcion,5.3e-5
Dian,5.3e-5
Dorthey,5.3e-5
Eloisa,5.3e-5
Joycelyn,5.3e-5
Kenneth,5.3e-5
Mandy,5.3e-5
Neoma,5.3e-5
Annis,5.2e-5
Armida,5.2e-5
Claudie,5.2e-5
Erlene,5.2e-5
Idell,5.2e-5
Josefa,5.2e-5
Julianne,5.2e-5
Kathy,5.2e-5
Lida,5.2e-5
Lynda,5.2e-5
Robin,5.2e-5
Rosanne,5.2e-5
Verdell,5.2e-5
Abbie,5.2e-5
Bernita,5.2e-5
Bulah,5.2e-5
Inell,5.2e-5
Juliana,5.2e-5
Marva,5.2e-5
Sidney,5.2e-5
Aida,5.1e-5
Arla,5.1e-5
Becky,5.1e-5
David,5.1e-5
Georgine,5.1e-5
Hortencia,5.1e-5
Letty,5.1e-5
Louis,5.1e-5
Myrtie,5.1e-5
Rosamond,5.1e-5
Altha,5e-5
Ardeth,5e-5
Arletta,5e-5
Arthur,5e-5
Audra,5e-5
Emmie,5e-5
Fairy,5e-5
Florida,5e-5
Freeda,5e-5
Kaye,5e-5
Lavera,5e-5
Mariann,5e-5
Patrica,5e-5
Susanna,5e-5
Annamae,4.9e-5
Barbra,4.9e-5
Emmer,4.9e-5
Marita,4.9e-5
Thomasina,4.9e-5
Anastasia,4.8e-5
Ardyce,4.8e-5
Cathrine,4.8e-5
Ceola,4.8e-5
Delfina,4.8e-5
Golda,4.8e-5
Jimmy,4.8e-5
Lea,4.8e-5
Raymond,4.8e-5
Trula,4.8e-5
Delilah,4.7e-5
Elmira,4.7e-5
Laurie,4.7e-5
Lidia,4.7e-5
Lyda,4.7e-5
Marcelle,4.7e-5
Merry,4.7e-5
Neta,4.7e-5
Rachael,4.7e-5
Bettylou,4.6e-5
Clarissa,4.6e-5
Ethelene,4.6e-5
Jack,4.6e-5
Marta,4.6e-5
Noel,4.6e-5
Rosalia,4.6e-5
Thalia,4.6e-5
Clyde,4.5e-5
Herlinda,4.5e-5
Imelda,4.5e-5
Mariam,4.5e-5
