name,percent
Mary,0.053052
Betty,0.030138
Barbara,0.025774
Dorothy,0.02107
Joan,0.018448
Patricia,0.017807
Margaret,0.014581
Helen,0.014002
Shirley,0.01369
Doris,0.011499
Nancy,0.011351
Joyce,0.010702
Ruth,0.010642
Jean,0.009527
Virginia,0.009297
Marilyn,0.008728
Elizabeth,0.008625
Frances,0.008489
Lois,0.008274
Carol,0.007862
Dolores,0.007665
Alice,0.007357
Norma,0.007151
Donna,0.007032
Janet,0.00702
Beverly,0.00687
Martha,0.006844
Phyllis,0.006796
Anna,0.00676
Evelyn,0.006634
Gloria,0.006453
Mildred,0.00628
Marie,0.005963
Ann,0.005934
Rose,0.005514
Peggy,0.005291
Annie,0.004902
Eleanor,0.004875
Louise,0.00486
Carolyn,0.004822
Marjorie,0.00482
Geraldine,0.004742
Ruby,0.00473
Catherine,0.004695
June,0.004472
Irene,0.004308
Jane,0.004186
Wanda,0.004078
Florence,0.003895
Marlene,0.003868
Lillian,0.00382
Delores,0.003723
Rita,0.003671
Lorraine,0.003629
Edna,0.003559
Joanne,0.003556
Thelma,0.003479
Sarah,0.00346
Audrey,0.003452
Gladys,0.003426
Elaine,0.003414
Josephine,0.003413
Juanita,0.003396
Pauline,0.003386
Patsy,0.003296
Wilma,0.003266
Clara,0.003262
Bonnie,0.003225
Grace,0.003179
Theresa,0.003122
Ethel,0.003077
Joann,0.003068
Marion,0.00306
Arlene,0.003046
Emma,0.003014
Sally,0.003011
Kathleen,0.002983
Charlotte,0.002978
Lucille,0.002977
Edith,0.002974
Janice,0.002929
Hazel,0.002892
Bernice,0.00288
Sylvia,0.002807
Anne,0.002646
Jacqueline,0.002634
Loretta,0.002583
Esther,0.002557
Marian,0.002519
Jo,0.00243
Laura,0.002425
Billie,0.002372
Willie,0.002339
Beatrice,0.002303
Darlene,0.002302
Margie,0.002299
Julia,0.002295
Elsie,0.002275
Vivian,0.002275
Katherine,0.002226
Eva,0.002184
Rosemary,0.00213
Jeanette,0.002121
Ellen,0.002104
Constance,0.002093
Bertha,0.002063
Carole,0.002056
Kathryn,0.002026
Ida,0.001971
Maxine,0.00197
Lillie,0.001964
Roberta,0.001949
Ella,0.001938
Bobbie,0.00192
Eileen,0.001918
Anita,0.001821
Agnes,0.001796
Bessie,0.001795
Judith,0.001788
Vera,0.001782
Nellie,0.00178
Sara,0.001779
Maria,0.001778
Alma,0.001756
Jeanne,0.001746
Georgia,0.001736
Jessie,0.001727
Christine,0.001715
Lucy,0.001672
Mattie,0.001603
Sue,0.001595
Rosa,0.001574
Gertrude,0.00155
Minnie,0.001535
Diane,0.001533
Violet,0.001447
Velma,0.001417
Viola,0.001413
Leona,0.001394
Naomi,0.001366
Geneva,0.001358
Myrtle,0.001339
Pearl,0.001325
Claire,0.001311
Sandra,0.001305
Connie,0.001262
Joy,0.001236
Mae,0.001233
Carrie,0.00121
Susan,0.001208
Dora,0.001186
Harriet,0.001184
Faye,0.001148
Eunice,0.001138
Rosie,0.00113
Charlene,0.001123
Alberta,0.001108
Cora,0.001106
Yvonne,0.001102
Pat,0.001098
Marcia,0.00109
Rachel,0.00109
Lola,0.001074
Stella,0.001072
Lula,0.00104
Lena,0.001039
Hattie,0.001037
Verna,0.001031
Rebecca,0.001025
Maureen,0.001017
Emily,0.001016
Genevieve,0.001005
Caroline,0.001003
Fannie,9.81e-4
Jennie,9.57e-4
Erma,9.42e-4
Nina,9.35e-4
Sharon,9.2e-4
Hilda,9.16e-4
Ramona,9.11e-4
Suzanne,9.11e-4
Opal,8.91e-4
Gwendolyn,8.86e-4
Rosalie,8.84e-4
Bettie,8.8e-4
Miriam,8.72e-4
Deloris,8.68e-4
Flora,8.64e-4
Beulah,8.59e-4
Marguerite,8.56e-4
Rosemarie,8.56e-4
Nora,8.54e-4
Patty,8.54e-4
Inez,8.52e-4
Johnnie,8.4e-4
Mabel,8.34e-4
Muriel,8.34e-4
Daisy,8.32e-4
Ada,8.3e-4
Kay,8.25e-4
Laverne,8.24e-4
Jeannette,8.23e-4
Lila,8.21e-4
Mamie,8.21e-4
Bette,8.18e-4
Della,8.12e-4
Ernestine,8.06e-4
Carmen,7.95e-4
Madeline,7.85e-4
Irma,7.84e-4
Eloise,7.8e-4
Marcella,7.79e-4
Mable,7.67e-4
Blanche,7.59e-4
Imogene,7.54e-4
Linda,7.53e-4
Melba,7.41e-4
Cynthia,7.39e-4
Iris,7.32e-4
Bettye,7.31e-4
Eula,7.29e-4
Teresa,7.2e-4
Annette,7.19e-4
Katie,7.12e-4
Susie,7.12e-4
Sheila,7.05e-4
Diana,6.97e-4
Judy,6.96e-4
Janie,6.8e-4
Jackie,6.7e-4
Glenda,6.51e-4
Sadie,6.51e-4
Maggie,6.5e-4
Nadine,6.48e-4
Priscilla,6.46e-4
Colleen,6.45e-4
Lydia,6.37e-4
Antoinette,6.18e-4
Regina,6.18e-4
Dixie,6.17e-4
Jacquelyn,5.99e-4
Reba,5.98e-4
Lorene,5.88e-4
Mona,5.88e-4
Paula,5.85e-4
Amelia,5.81e-4
Fay,5.81e-4
Maryann,5.81e-4
Marianne,5.74e-4
Victoria,5.74e-4
Freda,5.62e-4
Angela,5.53e-4
Ollie,5.49e-4
Myrna,5.47e-4
Frankie,5.44e-4
Essie,5.42e-4
Sallie,5.41e-4
Jimmie,5.4e-4
Dorthy,5.31e-4
Winifred,5.31e-4
Ora,5.26e-4
Nettie,5.21e-4
Gail,5.17e-4
Ina,5.17e-4
Iva,5.1e-4
Lou,5.1e-4
Estelle,4.99e-4
Henrietta,4.96e-4
Natalie,4.95e-4
Etta,4.91e-4
Myra,4.9e-4
Olga,4.89e-4
Jewel,4.86e-4
Lela,4.85e-4
Glenna,4.83e-4
Fern,4.82e-4
Nelda,4.54e-4
Jewell,4.5e-4
Lottie,4.46e-4
Willa,4.42e-4
Lenora,4.4e-4
Mavis,4.38e-4
Karen,4.33e-4
Isabel,4.29e-4
Veronica,4.29e-4
Nell,4.25e-4
Angelina,4.23e-4
Elinor,4.22e-4
Clarice,4.18e-4
Bernadine,4.16e-4
Cecilia,4.12e-4
Celia,4.1e-4
Luella,4.09e-4
Alta,4.05e-4
Dorothea,4.04e-4
Elva,4.02e-4
Cleo,4.01e-4
Addie,3.97e-4
Earline,3.96e-4
Ola,3.96e-4
Dona,3.93e-4
Claudia,3.92e-4
Gracie,3.91e-4
Estella,3.89e-4
Leola,3.89e-4
Lizzie,3.89e-4
Effie,3.88e-4
Helene,3.87e-4
May,3.86e-4
Cecelia,3.85e-4
Lee,3.85e-4
Bernadette,3.77e-4
Jeannine,3.77e-4
Lavonne,3.76e-4
Angeline,3.73e-4
Jerry,3.73e-4
Olive,3.7e-4
Rosetta,3.65e-4
Goldie,3.63e-4
Rhoda,3.62e-4
Ila,3.61e-4
Lenore,3.6e-4
Lupe,3.6e-4
Adeline,3.55e-4
Olivia,3.55e-4
Polly,3.54e-4
Francis,3.53e-4
Joanna,3.51e-4
Ruthie,3.5e-4
Adele,3.46e-4
Janis,3.42e-4
Arline,3.41e-4
Winnie,3.4e-4
Corinne,3.24e-4
Greta,3.23e-4
Leah,3.23e-4
Virgie,3.23e-4
Sondra,3.21e-4
Earnestine,3.2e-4
Josie,3.19e-4
Dolly,3.16e-4
Elnora,3.16e-4
Isabelle,3.16e-4
Faith,3.15e-4
Earlene,3.14e-4
Delia,3.13e-4
Adrienne,3.11e-4
Lorna,3.1e-4
Betsy,3.09e-4
Rena,3.06e-4
Robbie,3.05e-4
Renee,3.01e-4
Marlys,2.98e-4
Neva,2.98e-4
Guadalupe,2.97e-4
Beverley,2.97e-4
Tommie,2.97e-4
Doreen,2.96e-4
Dawn,2.93e-4
Elvira,2.93e-4
Therese,2.93e-4
Lucile,2.92e-4
Amy,2.9e-4
Carmela,2.9e-4
Millie,2.88e-4
Pearlie,2.88e-4
Sophie,2.88e-4
James,2.86e-4
Elma,2.84e-4
Margery,2.84e-4
Selma,2.83e-4
Lora,2.82e-4
Leila,2.81e-4
Flossie,2.8e-4
Valerie,2.8e-4
Eugenia,2.78e-4
Julie,2.76e-4
Lynn,2.76e-4
Nannie,2.76e-4
Janette,2.75e-4
Wilda,2.75e-4
Sybil,2.74e-4
Harriett,2.72e-4
Nola,2.69e-4
Nona,2.67e-4
Corrine,2.66e-4
Eleanore,2.66e-4
Dollie,2.65e-4
Rosella,2.62e-4
Eddie,2.61e-4
Robert,2.61e-4
Christina,2.59e-4
Mollie,2.59e-4
Molly,2.59e-4
Rae,2.58e-4
Annabelle,2.52e-4
Claudette,2.51e-4
Avis,2.5e-4
Carmella,2.5e-4
Gwen,2.5e-4
Bobby,2.47e-4
Odessa,2.47e-4
Beth,2.45e-4
Cornelia,2.45e-4
Edwina,2.44e-4
Joe,2.36e-4
Melva,2.34e-4
Marylou,2.33e-4
Deborah,2.32e-4
Ilene,2.32e-4
Consuelo,2.31e-4
Lily,2.31e-4
Loraine,2.3e-4
Gayle,2.29e-4
Gretchen,2.29e-4
Reva,2.29e-4
Antonia,2.26e-4
Letha,2.25e-4
Frieda,2.23e-4
Zelma,2.21e-4
Alicia,2.2e-4
Elouise,2.2e-4
Aileen,2.19e-4
Allie,2.19e-4
Bonita,2.19e-4
Marilynn,2.19e-4
Queen,2.19e-4
Gay,2.17e-4
Jannie,2.17e-4
John,2.17e-4
Corine,2.13e-4
Concetta,2.11e-4
Louella,2.11e-4
Bennie,2.09e-4
Jenny,2.09e-4
Yolanda,2.09e-4
Florine,2.07e-4
Freddie,2.07e-4
Margarita,2.05e-4
Ophelia,2.05e-4
Monica,2.04e-4
Retha,2.04e-4
Alyce,2.02e-4
Aurora,2.02e-4
Charles,2.02e-4
Sonia,2.02e-4
Angie,2e-4
Lilly,2e-4
Noreen,2e-4
Winona,2e-4
Carlene,1.99e-4
Francine,1.99e-4
Aline,1.98e-4
Callie,1.98e-4
Cecile,1.98e-4
Evangeline,1.98e-4
Helena,1.97e-4
Hope,1.97e-4
Johanna,1.97e-4
Ima,1.95e-4
Hannah,1.93e-4
Georgie,1.92e-4
Nira,1.92e-4
Matilda,1.9e-4
Amanda,1.89e-4
Clare,1.89e-4
Dianne,1.88e-4
Eliza,1.87e-4
Bertie,1.87e-4
William,1.87e-4
Pansy,1.85e-4
Twila,1.81e-4
Allene,1.78e-4
Iona,1.78e-4
Marietta,1.77e-4
Maude,1.74e-4
Merle,1.74e-4
Delphine,1.72e-4
Elena,1.69e-4
Lorena,1.69e-4
Mercedes,1.68e-4
Carla,1.67e-4
Lessie,1.67e-4
Madge,1.66e-4
Pearline,1.64e-4
Lelia,1.63e-4
Ladonna,1.62e-4
Maudie,1.62e-4
Velda,1.62e-4
Alene,1.6e-4
Ardis,1.6e-4
Leta,1.6e-4
Reta,1.6e-4
Roxie,1.6e-4
Lucia,1.59e-4
Peggie,1.59e-4
Delma,1.58e-4
Verla,1.58e-4
Leota,1.57e-4
Nita,1.57e-4
Althea,1.56e-4
Belva,1.54e-4
Beryl,1.54e-4
Charlie,1.54e-4
Germaine,1.54e-4
Zelda,1.53e-4
Andrea,1.51e-4
Hester,1.51e-4
Rosalyn,1.51e-4
Emogene,1.49e-4
Lorine,1.49e-4
Marlyn,1.49e-4
Gussie,1.46e-4
Katharine,1.45e-4
Claudine,1.44e-4
Dortha,1.44e-4
Rosalee,1.44e-4
Vernell,1.44e-4
Zella,1.44e-4
Camille,1.43e-4
Ardith,1.43e-4
Ester,1.42e-4
Freida,1.41e-4
Gearldine,1.41e-4
Iola,1.41e-4
Oma,1.41e-4
George,1.4e-4
Roslyn,1.4e-4
Terry,1.39e-4
Bobbye,1.38e-4
Ione,1.38e-4
Phoebe,1.37e-4
Enid,1.36e-4
Ouida,1.36e-4
Berniece,1.34e-4
Jaunita,1.34e-4
Madelyn,1.34e-4
Madonna,1.34e-4
Millicent,1.33e-4
Rowena,1.33e-4
Sonya,1.33e-4
Esperanza,1.32e-4
Nan,1.32e-4
Pattie,1.32e-4
Dorris,1.31e-4
Edythe,1.31e-4
Jeanine,1.31e-4
Celestine,1.3e-4
Birdie,1.29e-4
Sammie,1.28e-4
Donald,1.27e-4
Benita,1.26e-4
Justine,1.26e-4
Leora,1.26e-4
Manuela,1.26e-4
Ursula,1.26e-4
Augusta,1.25e-4
Delois,1.25e-4
Jeanie,1.25e-4
Lona,1.25e-4
Marjory,1.25e-4
Lavon,1.24e-4
Doretha,1.23e-4
Jayne,1.23e-4
Shirlee,1.23e-4
Wilhelmina,1.23e-4
Josefina,1.22e-4
Maurine,1.21e-4
Louisa,1.21e-4
Richard,1.21e-4
Roma,1.21e-4
Sherry,1.21e-4
Dovie,1.2e-4
Minerva,1.2e-4
Tillie,1.19e-4
Una,1.19e-4
Billy,1.18e-4
Elisabeth,1.18e-4
Elsa,1.18e-4
Gilda,1.18e-4
Leslie,1.18e-4
Elise,1.17e-4
Madeleine,1.17e-4
Valeria,1.17e-4
Kitty,1.16e-4
Margret,1.16e-4
Susanne,1.16e-4
Berta,1.15e-4
Petra,1.15e-4
Verda,1.15e-4
Dessie,1.14e-4
Lucinda,1.14e-4
Adelaide,1.13e-4
Ava,1.13e-4
Gerry,1.13e-4
Hellen,1.13e-4
Alva,1.12e-4
Carolina,1.12e-4
Charline,1.12e-4
Elda,1.12e-4
Isabell,1.12e-4
Magdalene,1.12e-4
Vada,1.12e-4
Isabella,1.11e-4
Jeannie,1.11e-4
Oleta,1.11e-4
Hallie,1.1e-4
Jan,1.1e-4
Patti,1.1e-4
Philomena,1.09e-4
Libby,1.08e-4
Alfreda,1.07e-4
Denise,1.07e-4
Jill,1.07e-4
Vernice,1.07e-4
Garnet,1.06e-4
Lauretta,1.06e-4
Lettie,1.06e-4
Ofelia,1.06e-4
Camilla,1.05e-4
Darleen,1.05e-4
Darline,1.05e-4
Rosalind,1.05e-4
Syble,1.05e-4
Francisca,1.04e-4
Roseann,1.04e-4
Treva,1.04e-4
Dana,1.03e-4
Georgene,1.03e-4
Juana,1.03e-4
Myrtis,1.03e-4
Pamela,1.03e-4
Loyce,1.02e-4
Margot,1.02e-4
Sydney,1.02e-4
Tina,1.02e-4
Veda,1.02e-4
Gertie,1.01e-4
Rhea,1.01e-4
Stephanie,1.01e-4
Vida,1.01e-4
Celeste,1e-4
Lavern,1e-4
Yvette,1e-4
Dottie,9.9e-5
Carroll,9.9e-5
Norene,9.9e-5
Sophia,9.9e-5
Billye,9.8e-5
Donnie,9.8e-5
Juliette,9.8e-5
Laurel,9.8e-5
Vesta,9.8e-5
Caryl,9.7e-5
Erna,9.7e-5
Harriette,9.6e-5
Lue,9.6e-5
Agatha,9.5e-5
Elisa,9.5e-5
Florene,9.5e-5
Joseph,9.5e-5
Rubye,9.5e-5
Marylin,9.4e-5
Adell,9.3e-5
Angelita,9.3e-5
Dorene,9.3e-5
Leatrice,9.3e-5
Georgianna,9.2e-5
Linnie,9.2e-5
Marylyn,9.2e-5
Thomas,9.2e-5
Aurelia,9e-5
Dorcas,9e-5
Floy,9e-5
Novella,9e-5
Zola,9e-5
Felicia,8.9e-5
Nila,8.9e-5
Sharlene,8.8e-5
Clementine,8.7e-5
Ernestina,8.7e-5
Mitzi,8.7e-5
Brenda,8.6e-5
Idella,8.6e-5
Lavina,8.6e-5
Lynne,8.6e-5
Marvel,8.6e-5
Theodora,8.6e-5
Bernita,8.5e-5
Dorotha,8.5e-5
Margarette,8.5e-5
Socorro,8.5e-5
Toni,8.5e-5
Alpha,8.4e-5
Arleen,8.4e-5
Elida,8.4e-5
Maryjane,8.4e-5
Gene,8.3e-5
Mazie,8.3e-5
Aletha,8.2e-5
Charleen,8.2e-5
Alvina,8.1e-5
Cathryn,8.1e-5
Daphne,8.1e-5
Georgiana,8.1e-5
Ivy,8.1e-5
Magdalena,8.1e-5
Magnolia,8.1e-5
Meredith,8.1e-5
Georgette,8e-5
Jolene,8e-5
Laverna,8e-5
Mozelle,8e-5
Willene,8e-5
Ira,7.9e-5
Kate,7.9e-5
Lovie,7.9e-5
Maryanne,7.9e-5
Mickey,7.9e-5
Romona,7.9e-5
Annetta,7.8e-5
Cassie,7.8e-5
Colette,7.8e-5
Corene,7.8e-5
Hortense,7.8e-5
Jacquelin,7.8e-5
Leatha,7.8e-5
Lura,7.8e-5
Orpha,7.8e-5
Roselyn,7.8e-5
Charmaine,7.7e-5
Doloris,7.7e-5
Elvera,7.7e-5
Rheta,7.7e-5
Carolee,7.7e-5
Cherie,7.7e-5
Emilia,7.7e-5
Fanny,7.7e-5
Marianna,7.7e-5
Mina,7.7e-5
Albertha,7.6e-5
Catharine,7.6e-5
Katheryn,7.6e-5
Margarett,7.6e-5
Zoe,7.6e-5
Adela,7.5e-5
Carmelita,7.5e-5
Cherry,7.5e-5
Ona,7.5e-5
Myrtice,7.4e-5
Nedra,7.4e-5
Sidney,7.4e-5
Tessie,7.4e-5
Theda,7.4e-5
Velva,7.4e-5
Cordelia,7.3e-5
Jeane,7.3e-5
Joycelyn,7.3e-5
Nanette,7.3e-5
Norine,7.3e-5
Ardella,7.2e-5
Elna,7.2e-5
Tressie,7.2e-5
Almeda,7.1e-5
Easter,7.1e-5
Leonora,7.1e-5
Maxie,7.1e-5
Zona,7.1e-5
Chloe,7e-5
Cleta,7e-5
Evangelina,7e-5
Frank,7e-5
Kattie,7e-5
Lina,7e-5
Lynette,7e-5
Mariann,7e-5
Marilou,7e-5
Marsha,7e-5
Gaynell,6.9e-5
Julianne,6.9e-5
Barbra,6.8e-5
Carmel,6.8e-5
Eleanora,6.8e-5
Jeraldine,6.8e-5
Lawanda,6.8e-5
Lucretia,6.8e-5
Mittie,6.8e-5
Romaine,6.8e-5
Vina,6.8e-5
Christene,6.7e-5
Coleen,6.7e-5
Eldora,6.7e-5
Erlene,6.7e-5
Johnie,6.7e-5
Leone,6.7e-5
Lonnie,6.7e-5
Maybelle,6.7e-5
Raquel,6.7e-5
Rochelle,6.7e-5
Rosanne,6.7e-5
Janelle,6.6e-5
Mayme,6.6e-5
Merlene,6.6e-5
Patrica,6.6e-5
Vergie,6.6e-5
Vonda,6.6e-5
Artie,6.5e-5
Cecil,6.5e-5
Larue,6.5e-5
Lynda,6.5e-5
Ray,6.5e-5
Twyla,6.5e-5
Carleen,6.4e-5
Carrol,6.4e-5
Crystal,6.4e-5
Kathrine,6.4e-5
Marita,6.4e-5
Vilma,6.4e-5
Bernardine,6.3e-5
Dena,6.3e-5
Elois,6.3e-5
Ethelyn,6.3e-5
Kaye,6.3e-5
Lea,6.3e-5
Melvina,6.3e-5
Odell,6.3e-5
Bethel,6.2e-5
Blanch,6.2e-5
Dale,6.2e-5
Eve,6.2e-5
Joye,6.2e-5
Lavada,6.2e-5
Wynona,6.2e-5
Annamae,6.1e-5
Era,6.1e-5
Evie,6.1e-5
Lyla,6.1e-5
Maryellen,6.1e-5
Myrtie,6.1e-5
Abbie,6e-5
Amalia,6e-5
Catalina,6e-5
Claudie,6e-5
David,6e-5
Jerrie,6e-5
Jocelyn,6e-5
Lita,6e-5
Lolita,6e-5
Vernie,6e-5
Audra,5.9e-5
Augustine,5.9e-5
Becky,5.9e-5
Delphia,5.9e-5
Jonnie,5.9e-5
Lida,5.9e-5
Oralia,5.9e-5
Annabell,5.8e-5
Cheryl,5.8e-5
Dee,5.8e-5
Ginger,5.8e-5
Lyda,5.8e-5
Rosia,5.8e-5
Rosina,5.8e-5
Rubie,5.8e-5
Adelina,5.7e-5
Bridget,5.7e-5
Dean,5.7e-5
Edward,5.7e-5
Eloisa,5.7e-5
Inell,5.7e-5
Lennie,5.7e-5
Marceline,5.7e-5
Marva,5.7e-5
Nada,5.7e-5
Nathalie,5.7e-5
Ardell,5.6e-5
Concepcion,5.6e-5
Eartha,5.6e-5
Estela,5.6e-5
Freeda,5.6e-5
Martina,5.6e-5
Merna,5.6e-5
Neoma,5.6e-5
Robin,5.6e-5
Willia,5.6e-5
Winnifred,5.6e-5
Ana,5.5e-5
Cathrine,5.5e-5
Juliana,5.5e-5
Marta,5.5e-5
Nella,5.5e-5
Nova,5.5e-5
Toby,5.5e-5
Zula,5.5e-5
Altha,5.5e-5
Arvilla,5.5e-5
Delfina,5.5e-5
Dominga,5.5e-5
Eulalia,5.5e-5
Neta,5.5e-5
Octavia,5.5e-5
Waneta,5.5e-5
Zora,5.5e-5
Berneice,5.4e-5
Carma,5.4e-5
Elease,5.4e-5
Esta,5.4e-5
Jacklyn,5.4e-5
Joretta,5.4e-5
Letitia,5.4e-5
Mardell,5.4e-5
Phylis,5.4e-5
Tomasa,5.4e-5
Walter,5.4e-5
Arletta,5.3e-5
Belle,5.3e-5
Dorine,5.3e-5
Joetta,5.3e-5
Nannette,5.3e-5
Susanna,5.3e-5
Venita,5.3e-5
Vonnie,5.3e-5
Arla,5.2e-5
Delilah,5.2e-5
Dorla,5.2e-5
Earlean,5.2e-5
Elissa,5.2e-5
Elizebeth,5.2e-5
Ines,5.2e-5
Luvenia,5.2e-5
Paulette,5.2e-5
Rosaline,5.2e-5
Rosanna,5.2e-5
Sonja,5.2e-5
Verona,5.2e-5
Alda,5.1e-5
Almeta,5.1e-5
Audry,5.1e-5
Emilie,5.1e-5
Georgina,5.1e-5
Jack,5.1e-5
Laquita,5.1e-5
Marge,5.1e-5
Merry,5.1e-5
Monna,5.1e-5
Mozell,5.1e-5
Raymond,5.1e-5
Adella,5e-5
Aida,5e-5
Ardeth,5e-5
Concha,5e-5
Elayne,5e-5
Filomena,5e-5
Henry,5e-5
Joellen,5e-5
Zita,5e-5
Armida,4.9e-5
Beatriz,4.9e-5
Dian,4.9e-5
Herminia,4.9e-5
Jeanetta,4.9e-5
Kathern,4.9e-5
Lavona,4.9e-5
Macie,4.9e-5
Malinda,4.9e-5
Mandy,4.9e-5
Marcelle,4.9e-5
Melissa,4.9e-5
Merilyn,4.9e-5
Ossie,4.9e-5
Paul,4.9e-5
Pinkie,4.9e-5
Alverta,4.8e-5
Cathleen,4.8e-5
Christeen,4.8e-5
Estell,4.8e-5
Ferne,4.8e-5
Hettie,4.8e-5
Louetta,4.8e-5
Marilee,4.8e-5
Maud,4.8e-5
Noma,4.8e-5
Palma,4.8e-5
Rachael,4.8e-5
Trudy,4.8e-5
Bonny,4.7e-5
Clarissa,4.7e-5
Evalyn,4.7e-5
Florida,4.7e-5
Georgine,4.7e-5
Hortencia,4.7e-5
Jamie,4.7e-5
Kenneth,4.7e-5
Louvenia,4.7e-5
Prudence,4.7e-5
Roy,4.7e-5
Theola,4.7e-5
Veola,4.7e-5
Antonette,4.6e-5
Ceola,4.6e-5
