name,percent
Robert,0.05314
James,0.050101
John,0.04532
William,0.038272
Richard,0.030726
Charles,0.028411
Donald,0.02788
George,0.018009
Joseph,0.016823
Thomas,0.016175
Edward,0.013524
Ronald,0.011834
David,0.011777
Paul,0.011616
Kenneth,0.011193
Frank,0.010734
Jack,0.009635
Harold,0.009359
Raymond,0.009329
Billy,0.008766
Walter,0.007616
Gerald,0.007278
Eugene,0.007202
Henry,0.00659
Arthur,0.006397
Bobby,0.006373
Joe,0.006289
Carl,0.006071
Ralph,0.006057
Albert,0.005959
Jerry,0.005953
Willie,0.005859
Franklin,0.005252
Fred,0.005179
Harry,0.005039
Howard,0.004895
Norman,0.004857
Lawrence,0.004819
Roy,0.004811
Louis,0.004605
Earl,0.004294
Daniel,0.004229
Clarence,0.004191
Marvin,0.004044
Francis,0.004013
Anthony,0.003897
Leonard,0.003881
Roger,0.003843
Herbert,0.003611
Ernest,0.003604
Melvin,0.003512
Wayne,0.003497
Michael,0.003481
Don,0.003386
Stanley,0.003365
Leroy,0.003286
Alfred,0.0032
Larry,0.003189
Bill,0.003156
Peter,0.003069
Samuel,0.003049
Ray,0.002978
Bernard,0.002948
Jimmy,0.002873
Dale,0.002866
Gene,0.002724
Russell,0.00264
Theodore,0.00256
Floyd,0.00249
Philip,0.002481
Gordon,0.002471
Jimmie,0.002439
Lloyd,0.002369
Glenn,0.002317
Andrew,0.002301
Leo,0.0023
Edwin,0.002283
Frederick,0.002277
Lee,0.002257
Gary,0.002213
Douglas,0.002208
Bob,0.002177
Vernon,0.002163
Allen,0.002162
Leon,0.002141
Clifford,0.002117
Clyde,0.002097
Alvin,0.002081
Martin,0.002026
Johnny,0.00201
Lewis,0.002
Bruce,0.001996
Eddie,0.001977
Vincent,0.001947
Charlie,0.00194
Herman,0.001912
Harvey,0.001858
Jim,0.001842
Warren,0.001772
Jesse,0.001769
Elmer,0.001749
Duane,0.00173
Arnold,0.001713
Gilbert,0.001671
Jerome,0.00166
Dennis,0.001655
Curtis,0.00165
Lester,0.001613
Tommy,0.001596
Patrick,0.001542
Cecil,0.001473
Calvin,0.001462
Milton,0.001459
Roland,0.001448
Johnnie,0.001432
Victor,0.001399
Tom,0.001397
Benjamin,0.001382
Chester,0.001371
Wallace,0.001341
Sam,0.001322
Alan,0.001316
Glen,0.00131
Jackie,0.00131
Phillip,0.0012979999999999999
Stephen,0.001294
Dean,0.001287
Keith,0.001287
Maurice,0.001285
Willard,0.001254
Claude,0.001223
Roosevelt,0.001184
Marion,0.001169
Manuel,0.001162
Edgar,0.00116
Jose,0.001149
Leslie,0.001144
Virgil,0.001116
Everett,0.001102
Max,0.001102
Hugh,0.001096
Oscar,0.001091
Jessie,0.001062
Dick,0.001026
Ted,0.001023
Billie,0.001017
Darrell,0.001012
Wesley,0.001011
Neil,9.77e-4
Homer,9.45e-4
Sidney,9.31e-4
Jay,9.27e-4
Dan,9.2e-4
Allan,9.17e-4
Hubert,9.1e-4
Freddie,9.08e-4
Delbert,9.03e-4
Lyle,8.97e-4
Wilbur,8.81e-4
Nicholas,8.7e-4
Lowell,8.66e-4
Luther,8.58e-4
Ben,8.5e-4
Horace,8.47e-4
Morris,8.47e-4
Earnest,8.44e-4
Rudolph,8.33e-4
Junior,8.01e-4
Bennie,7.98e-4
Tony,7.96e-4
Willis,7.95e-4
Guy,7.72e-4
Rodney,7.67e-4
Carroll,7.61e-4
Otis,7.42e-4
Lonnie,7.22e-4
Clifton,7.15e-4
Steve,7.14e-4
Nathaniel,7.13e-4
Mark,6.81e-4
Karl,6.68e-4
Marshall,6.61e-4
Salvatore,6.59e-4
Alton,6.54e-4
Joel,6.54e-4
Alexander,6.5e-4
Clayton,6.46e-4
Archie,6.45e-4
Leland,6.32e-4
Clinton,6.29e-4
Juan,6.17e-4
Orville,6.15e-4
Wilbert,6.13e-4
Rex,6.12e-4
Bobbie,6.06e-4
Doyle,5.98e-4
Alex,5.88e-4
Oliver,5.82e-4
Wendell,5.8e-4
Benny,5.79e-4
Ira,5.7e-4
Matthew,5.69e-4
Mike,5.62e-4
Nelson,5.6e-4
Merle,5.59e-4
Terry,5.58e-4
Edmund,5.56e-4
Carlos,5.53e-4
Myron,5.5e-4
Ramon,5.48e-4
Julius,5.39e-4
Loren,5.38e-4
Jacob,5.29e-4
Gerard,5.27e-4
Elbert,5.26e-4
Eldon,5.25e-4
Ivan,5.22e-4
Lynn,5.18e-4
Malcolm,5.14e-4
Buddy,5.12e-4
Angelo,5.08e-4
Dewey,5.08e-4
Troy,5.06e-4
Dwight,5.05e-4
Fredrick,5.04e-4
Jesus,5.04e-4
Pete,5.01e-4
Ronnie,5.01e-4
Tommie,4.97e-4
Danny,4.94e-4
Nick,4.88e-4
Sylvester,4.87e-4
Conrad,4.83e-4
Carlton,4.81e-4
Barry,4.8e-4
Perry,4.75e-4
Isaac,4.7e-4
Antonio,4.66e-4
Rufus,4.65e-4
Teddy,4.63e-4
Ervin,4.56e-4
Grady,4.53e-4
Aaron,4.51e-4
Forrest,4.45e-4
Julian,4.44e-4
Irvin,4.36e-4
Byron,4.33e-4
Sherman,4.33e-4
Owen,4.3e-4
Stuart,4.29e-4
Wilfred,4.24e-4
Sheldon,4.21e-4
Ellis,4.19e-4
Laurence,4.18e-4
Norbert,4.18e-4
Burton,4.17e-4
Mack,4.11e-4
Ross,4.06e-4
Nathan,4.05e-4
Boyd,4e-4
Bert,3.99e-4
Irving,3.99e-4
Felix,3.98e-4
Loyd,3.98e-4
Ruben,3.91e-4
Rudy,3.89e-4
Percy,3.88e-4
Elwood,3.8e-4
Dallas,3.76e-4
Pat,3.7e-4
Garland,3.69e-4
Dave,3.65e-4
Emil,3.63e-4
Clark,3.61e-4
Irwin,3.59e-4
Harlan,3.58e-4
Neal,3.56e-4
Emmett,3.55e-4
Aubrey,3.49e-4
Harley,3.45e-4
Wilson,3.43e-4
Sammy,3.42e-4
Amos,3.39e-4
Louie,3.38e-4
Timothy,3.37e-4
Reginald,3.35e-4
Johnie,3.33e-4
Marlin,3.33e-4
August,3.3e-4
Grover,3.27e-4
Morton,3.24e-4
Darrel,3.23e-4
Donnie,3.19e-4
Lionel,3.15e-4
Otto,3.15e-4
Raul,3.13e-4
Mario,3.12e-4
Mary,3.11e-4
Noel,3.11e-4
Jon,3.1e-4
Cornelius,3.09e-4
Preston,3.09e-4
Delano,3.08e-4
Pedro,3.04e-4
Dominick,3.01e-4
Delmar,3e-4
Merlin,2.96e-4
Darwin,2.94e-4
Frankie,2.94e-4
Laverne,2.93e-4
Sammie,2.93e-4
Travis,2.9e-4
Wade,2.9e-4
Steven,2.89e-4
Austin,2.88e-4
Elton,2.86e-4
Royce,2.85e-4
Edmond,2.83e-4
Maynard,2.83e-4
Moses,2.75e-4
Murray,2.74e-4
Alfonso,2.72e-4
Dominic,2.72e-4
Millard,2.72e-4
Francisco,2.68e-4
Roscoe,2.66e-4
Ed,2.65e-4
Carol,2.63e-4
Kermit,2.62e-4
Carmen,2.6e-4
Jerald,2.58e-4
Erwin,2.56e-4
Gregory,2.49e-4
Grant,2.48e-4
Alonzo,2.45e-4
Norris,2.44e-4
Clair,2.43e-4
Luis,2.43e-4
Charley,2.42e-4
Thurman,2.42e-4
Cleveland,2.41e-4
Elvin,2.41e-4
Abraham,2.39e-4
Lamar,2.39e-4
Seymour,2.39e-4
Roberto,2.38e-4
Odell,2.37e-4
Ned,2.37e-4
Adam,2.33e-4
Hollis,2.32e-4
Eric,2.3e-4
Marcus,2.3e-4
Harrison,2.29e-4
Randall,2.29e-4
Andy,2.28e-4
Jasper,2.27e-4
Sanford,2.25e-4
Weldon,2.24e-4
Randolph,2.23e-4
Lavern,2.22e-4
Reuben,2.22e-4
Will,2.18e-4
Adolph,2.17e-4
Woodrow,2.17e-4
Lorenzo,2.16e-4
Monroe,2.16e-4
Van,2.14e-4
Ollie,2.13e-4
Wiley,2.11e-4
Cleo,2.1e-4
Stewart,2.1e-4
Gale,2.08e-4
Shirley,2.08e-4
Phil,2.06e-4
Rocco,2.05e-4
Christopher,2.04e-4
Gus,2.03e-4
Merrill,2.03e-4
Mitchell,2.03e-4
Wilmer,2.03e-4
Wilburn,2.01e-4
Jean,2e-4
Rolland,1.96e-4
Jake,1.95e-4
Russel,1.95e-4
Hector,1.93e-4
Kent,1.93e-4
Elliott,1.92e-4
Adrian,1.91e-4
Simon,1.91e-4
Truman,1.91e-4
Salvador,1.9e-4
Elijah,1.88e-4
Emory,1.85e-4
Hal,1.85e-4
Gabriel,1.85e-4
Emanuel,1.83e-4
Sterling,1.83e-4
Winston,1.8e-4
Barney,1.77e-4
Arlen,1.76e-4
Clement,1.76e-4
Miguel,1.76e-4
Armand,1.75e-4
Coy,1.75e-4
Alfredo,1.72e-4
Armando,1.72e-4
Frederic,1.72e-4
Jess,1.72e-4
Basil,1.71e-4
Harris,1.7e-4
Daryl,1.69e-4
Talmadge,1.69e-4
Gail,1.68e-4
Noah,1.68e-4
Al,1.67e-4
Forest,1.67e-4
Levi,1.66e-4
Mervin,1.66e-4
Buford,1.65e-4
Earle,1.65e-4
Scott,1.65e-4
Dudley,1.64e-4
Bud,1.63e-4
Carrol,1.63e-4
Nolan,1.63e-4
Ricardo,1.63e-4
Roderick,1.63e-4
Rodger,1.62e-4
Dwayne,1.61e-4
Patsy,1.61e-4
Ward,1.61e-4
Delmer,1.59e-4
Hershel,1.59e-4
Vern,1.58e-4
Emery,1.57e-4
Guadalupe,1.56e-4
Rene,1.56e-4
Bradley,1.55e-4
Eli,1.55e-4
Alva,1.53e-4
Miles,1.53e-4
Milford,1.53e-4
Betty,1.52e-4
Jackson,1.52e-4
Spencer,1.52e-4
Riley,1.51e-4
Huey,1.5e-4
Brian,1.49e-4
Cyril,1.48e-4
Elmo,1.47e-4
Blaine,1.45e-4
Linwood,1.45e-4
Booker,1.44e-4
Freeman,1.44e-4
Mickey,1.44e-4
Denis,1.43e-4
Pablo,1.43e-4
Vance,1.43e-4
Vito,1.43e-4
Claud,1.42e-4
Monte,1.42e-4
Royal,1.42e-4
Solomon,1.42e-4
Dalton,1.4e-4
Everette,1.4e-4
Jeff,1.4e-4
Silas,1.4e-4
Wilton,1.4e-4
Normand,1.39e-4
Chris,1.38e-4
Connie,1.38e-4
Elias,1.38e-4
Herschel,1.38e-4
Ulysses,1.38e-4
Denver,1.37e-4
Anton,1.36e-4
Wilford,1.36e-4
Lenard,1.34e-4
Carmine,1.33e-4
Rodolfo,1.33e-4
Kay,1.32e-4
Winfred,1.32e-4
Kevin,1.32e-4
Odis,1.32e-4
Dana,1.31e-4
Franklyn,1.31e-4
Kennith,1.31e-4
Fernando,1.3e-4
Saul,1.29e-4
Roman,1.28e-4
Warner,1.28e-4
Rafael,1.27e-4
Arturo,1.26e-4
Fletcher,1.26e-4
Galen,1.26e-4
Bernie,1.25e-4
Bertram,1.25e-4
Fredric,1.25e-4
Jonathan,1.25e-4
Cletus,1.23e-4
Elroy,1.23e-4
Gayle,1.23e-4
Hoyt,1.22e-4
Milo,1.22e-4
Alphonso,1.21e-4
Ernie,1.21e-4
Morgan,1.21e-4
Emerson,1.2e-4
Enrique,1.2e-4
Rosevelt,1.2e-4
Thaddeus,1.2e-4
Arlie,1.19e-4
Rogers,1.19e-4
Dewayne,1.18e-4
Kelly,1.18e-4
Orval,1.18e-4
Barbara,1.17e-4
Emilio,1.17e-4
Pasquale,1.17e-4
Carlo,1.16e-4
Olen,1.16e-4
Tomas,1.16e-4
Domingo,1.15e-4
Dorothy,1.15e-4
Freddy,1.15e-4
Augustine,1.14e-4
Garry,1.14e-4
Shelby,1.14e-4
Buster,1.13e-4
Clay,1.13e-4
Ernesto,1.13e-4
Lyman,1.13e-4
Alden,1.12e-4
Arden,1.12e-4
Terrence,1.12e-4
Felipe,1.11e-4
Burl,1.1e-4
Lupe,1.1e-4
Bruno,1.09e-4
Craig,1.09e-4
Jeremiah,1.09e-4
Newton,1.09e-4
Alberto,1.08e-4
Luke,1.08e-4
Alphonse,1.07e-4
Bennett,1.07e-4
Bryan,1.07e-4
Ellsworth,1.07e-4
Evan,1.06e-4
Hobert,1.06e-4
Major,1.06e-4
Olin,1.06e-4
Hiram,1.05e-4
Ken,1.05e-4
Gilberto,1.04e-4
Houston,1.03e-4
Isaiah,1.03e-4
Merlyn,1.03e-4
Anderson,1.02e-4
Andres,1.02e-4
Columbus,1.02e-4
Denny,1.02e-4
Harmon,1.02e-4
Sonny,1.02e-4
Boyce,1.01e-4
Jules,1.01e-4
Ignacio,1e-4
Jerold,1e-4
Vaughn,1e-4
Joshua,9.9e-5
Julio,9.9e-5
Micheal,9.9e-5
Orlando,9.9e-5
Tim,9.9e-5
Angel,9.8e-5
Dee,9.8e-5
Dwain,9.8e-5
Foster,9.8e-5
Hilton,9.8e-5
Sherwood,9.8e-5
Arther,9.7e-5
Graham,9.7e-5
Justin,9.7e-5
Omer,9.7e-5
Raleigh,9.7e-5
Elliot,9.6e-5
Augustus,9.5e-5
Emile,9.5e-5
Jerrold,9.5e-5
Abel,9.4e-5
Gaylord,9.4e-5
Isiah,9.4e-5
Rollin,9.4e-5
Davis,9.3e-5
Doris,9.3e-5
Harland,9.3e-5
Haywood,9.3e-5
Jewel,9.3e-5
Theron,9.3e-5
Verne,9.3e-5
Mckinley,9.2e-5
Ferdinand,9.1e-5
Noble,9.1e-5
Walton,9.1e-5
Mose,9e-5
Palmer,9e-5
Stanford,9e-5
Beverly,8.9e-5
Lincoln,8.9e-5
Otha,8.8e-5
Santiago,8.8e-5
Avery,8.7e-5
Benito,8.7e-5
Mathew,8.7e-5
Raymon,8.7e-5
Santos,8.7e-5
Ezra,8.6e-5
Donn,8.5e-5
Emmitt,8.5e-5
Kendall,8.5e-5
Oren,8.5e-5
Sydney,8.5e-5
Glendon,8.4e-5
Jefferson,8.4e-5
Napoleon,8.4e-5
Reed,8.4e-5
Waldo,8.4e-5
Jan,8.3e-5
Marlyn,8.3e-5
Ramiro,8.3e-5
Ambrose,8.2e-5
Frances,8.2e-5
Gearld,8.1e-5
Lemuel,8.1e-5
Mason,8.1e-5
Merton,8.1e-5
Zane,8.1e-5
Bradford,8e-5
Helen,8e-5
Alejandro,7.9e-5
Arlin,7.9e-5
Bonnie,7.9e-5
Dewitt,7.9e-5
Elden,7.9e-5
Farrell,7.9e-5
Gerry,7.9e-5
Jason,7.9e-5
Loy,7.9e-5
Winford,7.9e-5
Donovan,7.9e-5
Granville,7.9e-5
Hans,7.9e-5
Hermon,7.9e-5
Leeroy,7.9e-5
Verlin,7.9e-5
Art,7.8e-5
Fay,7.8e-5
Joesph,7.8e-5
Jordan,7.8e-5
Marcel,7.8e-5
Cyrus,7.7e-5
Donal,7.7e-5
King,7.7e-5
Rayford,7.7e-5
Reynold,7.7e-5
Coleman,7.6e-5
Delton,7.6e-5
Dickie,7.6e-5
Ivory,7.6e-5
Waymon,7.6e-5
Alvie,7.5e-5
Andre,7.5e-5
Blair,7.5e-5
Carter,7.5e-5
Christian,7.5e-5
Darold,7.5e-5
Elwyn,7.5e-5
Lois,7.5e-5
Lucius,7.5e-5
Mac,7.5e-5
Patricia,7.5e-5
Barton,7.4e-5
Felton,7.4e-5
Hugo,7.4e-5
Israel,7.4e-5
Jere,7.4e-5
Lawerence,7.4e-5
Lucien,7.4e-5
Reynaldo,7.4e-5
Sandy,7.4e-5
Sebastian,7.4e-5
Alvis,7.3e-5
Casimir,7.3e-5
Eldridge,7.3e-5
Elwin,7.3e-5
Guillermo,7.3e-5
Jewell,7.3e-5
Junius,7.3e-5
Kyle,7.3e-5
Maxie,7.3e-5
Arlo,7.2e-5
Bryant,7.2e-5
Clarance,7.2e-5
Damon,7.2e-5
Dannie,7.2e-5
Dexter,7.2e-5
Edd,7.2e-5
Kenny,7.2e-5
Lacy,7.2e-5
Melvyn,7.2e-5
Shelton,7.2e-5
Vicente,7.2e-5
Asa,7.1e-5
Bernice,7.1e-5
Nickolas,7.1e-5
Raphael,7.1e-5
Rupert,7.1e-5
Stanton,7.1e-5
Theadore,7.1e-5
Carson,7e-5
Darryl,7e-5
Edsel,7e-5
Garth,7e-5
Taylor,7e-5
Buck,6.9e-5
Ottis,6.9e-5
Rosario,6.9e-5
Rubin,6.9e-5
Seth,6.9e-5
Valentine,6.9e-5
Claudie,6.8e-5
Denzil,6.8e-5
Enoch,6.8e-5
Giles,6.8e-5
Hayward,6.8e-5
Robin,6.8e-5
Abe,6.7e-5
Dorsey,6.7e-5
Ismael,6.7e-5
Mahlon,6.7e-5
Melton,6.7e-5
Porter,6.7e-5
Quentin,6.7e-5
Burt,6.6e-5
Dwaine,6.6e-5
Maxwell,6.6e-5
Ronny,6.6e-5
Val,6.6e-5
Aloysius,6.5e-5
Beryl,6.5e-5
Elmore,6.5e-5
Walker,6.5e-5
Wilber,6.5e-5
Adolfo,6.4e-5
Alford,6.4e-5
Benedict,6.4e-5
Clem,6.4e-5
Myles,6.4e-5
Regis,6.4e-5
Carlyle,6.3e-5
Cruz,6.3e-5
Dillard,6.3e-5
Joan,6.3e-5
Kurt,6.3e-5
Milan,6.3e-5
Tracy,6.3e-5
Werner,6.3e-5
Eduardo,6.2e-5
Fritz,6.2e-5
June,6.2e-5
Merritt,6.2e-5
Terence,6.2e-5
Arlan,6.1e-5
Arvin,6.1e-5
Carey,6.1e-5
Garner,6.1e-5
Howell,6.1e-5
Omar,6.1e-5
Theo,6.1e-5
Artis,6e-5
Bertrand,6e-5
Cornell,6e-5
Dayton,6e-5
Domenic,6e-5
Duncan,6e-5
General,6e-5
Haskell,6e-5
Loyal,6e-5
Santo,6e-5
Eloy,5.9e-5
Elzie,5.9e-5
Glynn,5.9e-5
Jennings,5.9e-5
Lafayette,5.9e-5
Wardell,5.9e-5
Author,5.8e-5
Bryce,5.8e-5
Constantine,5.8e-5
Early,5.8e-5
Garnett,5.8e-5
Garrett,5.8e-5
Gregorio,5.8e-5
Joyce,5.8e-5
Judson,5.8e-5
Kirby,5.8e-5
Logan,5.8e-5
Margaret,5.8e-5
Miller,5.8e-5
Parker,5.8e-5
Romeo,5.8e-5
Stan,5.8e-5
Winfield,5.8e-5
Clovis,5.7e-5
Cloyd,5.7e-5
Eldred,5.7e-5
Fidel,5.7e-5
Harlen,5.7e-5
Lavon,5.7e-5
Newell,5.7e-5
Pierre,5.7e-5
Deane,5.6e-5
Furman,5.6e-5
Agustin,5.5e-5
Benton,5.5e-5
Brooks,5.5e-5
Burnell,5.5e-5
Carleton,5.5e-5
Cleve,5.5e-5
Elvis,5.5e-5
Ezell,5.5e-5
Florian,5.5e-5
Lon,5.5e-5
Brady,5.4e-5
Crawford,5.4e-5
Dock,5.4e-5
Lucian,5.4e-5
Norval,5.4e-5
Terrance,5.4e-5
Willam,5.4e-5
Arvid,5.3e-5
Berry,5.3e-5
Cary,5.3e-5
Garfield,5.3e-5
Hardy,5.3e-5
Lindsey,5.3e-5
Lynwood,5.3e-5
Margarito,5.3e-5
Ruby,5.3e-5
Vernie,5.3e-5
Von,5.3e-5
Webster,5.3e-5
Gerold,5.2e-5
Ike,5.2e-5
Loran,5.2e-5
Matt,5.2e-5
Murphy,5.2e-5
Ora,5.2e-5
Oran,5.2e-5
Verl,5.2e-5
Curtiss,5.1e-5
Eddy,5.1e-5
Lauren,5.1e-5
Leamon,5.1e-5
Norwood,5.1e-5
Otho,5.1e-5
Rollie,5.1e-5
Ruth,5.1e-5
Chuck,5e-5
Clint,5e-5
Finis,5e-5
Obie,5e-5
Rowland,5e-5
Verle,5e-5
Aldo,4.9e-5
Colin,4.9e-5
Domenick,4.9e-5
Hosea,4.9e-5
Issac,4.9e-5
Jonas,4.9e-5
Leander,4.9e-5
Meredith,4.9e-5
Oneal,4.9e-5
Pearl,4.9e-5
Prince,4.9e-5
Antone,4.8e-5
Ardell,4.8e-5
Chauncey,4.8e-5
Gonzalo,4.8e-5
Hobart,4.8e-5
Lawson,4.8e-5
Nicolas,4.8e-5
Norton,4.8e-5
Armond,4.7e-5
Aurelio,4.7e-5
Carmelo,4.7e-5
Cordell,4.7e-5
Darvin,4.7e-5
Dell,4.7e-5
Delmas,4.7e-5
Durwood,4.7e-5
Monty,4.7e-5
Quinton,4.7e-5
Rayburn,4.7e-5
Thad,4.7e-5
Adolphus,4.6e-5
Allie,4.6e-5
Arvil,4.6e-5
Evert,4.6e-5
Federico,4.6e-5
Genaro,4.6e-5
Hamilton,4.6e-5
Henery,4.6e-5
Jarvis,4.6e-5
Johny,4.6e-5
Lane,4.6e-5
Lonzo,4.6e-5
Lucious,4.6e-5
Marcelino,4.6e-5
Mervyn,4.6e-5
Rogelio,4.6e-5
Sol,4.6e-5
Terrell,4.6e-5
Vivian,4.6e-5
Wally,4.6e-5
Willian,4.6e-5
Brent,4.5e-5
Derrell,4.5e-5
Dino,4.5e-5
Hazel,4.5e-5
Ocie,4.5e-5
Oswald,4.5e-5
Sherwin,4.5e-5
Watson,4.5e-5
Wayland,4.5e-5
Abner,4.4e-5
Auther,4.4e-5
Clare,4.4e-5
Elisha,4.4e-5
Enrico,4.4e-5
Evans,4.4e-5
Humberto,4.4e-5
Nancy,4.4e-5
Orrin,4.4e-5
Alonza,4.3e-5
Burley,4.3e-5
Cleon,4.3e-5
Cliff,4.3e-5
Duwayne,4.3e-5
Emmet,4.3e-5
Jame,4.3e-5
Jamie,4.3e-5
Jonnie,4.3e-5
Leonardo,4.3e-5
Lovell,4.3e-5
Ludwig,4.3e-5
Orin,4.3e-5
Refugio,4.3e-5
Aron,4.2e-5
Conley,4.2e-5
Davie,4.2e-5
Dempsey,4.2e-5
Edison,4.2e-5
Ewell,4.2e-5
Ezekiel,4.2e-5
Faustino,4.2e-5
Garold,4.2e-5
Harrell,4.2e-5
Henderson,4.2e-5
Hershell,4.2e-5
Llewellyn,4.2e-5
Lorin,4.2e-5
Malcom,4.2e-5
Mildred,4.2e-5
Reid,4.2e-5
Rolf,4.2e-5
Virgle,4.2e-5
Arland,4.1e-5
Casper,4.1e-5
Dolores,4.1e-5
Douglass,4.1e-5
Durward,4.1e-5
Emmit,4.1e-5
Farris,4.1e-5
Gino,4.1e-5
Gustav,4.1e-5
Hayden,4.1e-5
Jacky,4.1e-5
Rose,4.1e-5
Turner,4.1e-5
Virginia,4.1e-5
Whitney,4.1e-5
Williams,4.1e-5
Addison,4e-5
Allyn,4e-5
Arley,4e-5
Bart,4e-5
Baxter,4e-5
Blake,4e-5
Danial,4e-5
