name,percent
Robert,0.052852
James,0.051408
John,0.044421
William,0.037583
Richard,0.031742
Charles,0.028011
Donald,0.027737
George,0.017338
Thomas,0.016529
Joseph,0.016071
David,0.014643
Ronald,0.014479
Edward,0.012938
Paul,0.011742
Kenneth,0.01128
Frank,0.009745
Raymond,0.008943
Jack,0.008815
Billy,0.008637
Harold,0.008573
Jerry,0.00791
Gerald,0.007909
Walter,0.007306
Bobby,0.007219
Joe,0.007073
Henry,0.006412
Eugene,0.006406
Carl,0.006267
Arthur,0.006114
Willie,0.00592
Albert,0.005697
Ralph,0.005697
Larry,0.005594
Fred,0.005137
Lawrence,0.005006
Roger,0.004818
Harry,0.004729
Norman,0.004713
Howard,0.004645
Roy,0.004623
Michael,0.004587
Louis,0.004316
Daniel,0.004295
Gary,0.004201
Marvin,0.00399
Earl,0.003939
Jimmy,0.003903
Clarence,0.003814
Wayne,0.003794
Leroy,0.003671
Don,0.003662
Anthony,0.003656
Francis,0.003643
Leonard,0.003557
Ernest,0.003457
Stanley,0.003457
Melvin,0.003371
Herbert,0.003219
Peter,0.003197
Bill,0.00307
Dale,0.003062
Samuel,0.002949
Alfred,0.002918
Ray,0.002869
Philip,0.002863
Gene,0.00275
Bernard,0.002742
Russell,0.002647
Jimmie,0.002645
Gordon,0.002446
Franklin,0.002442
Dennis,0.002423
Frederick,0.002418
Johnny,0.002363
Douglas,0.00236
Floyd,0.002345
Bruce,0.00229
Glenn,0.002279
Theodore,0.002279
Lee,0.002272
Bob,0.002235
Clyde,0.002196
Allen,0.002157
Lloyd,0.002145
Andrew,0.002142
Eddie,0.002134
Leon,0.002133
Edwin,0.002113
Clifford,0.002111
Jim,0.002101
Alvin,0.002025
Leo,0.002005
Martin,0.00198
Vernon,0.001976
Tommy,0.001897
Jerome,0.001877
Warren,0.001863
Lewis,0.001842
Harvey,0.001828
Charlie,0.001798
Herman,0.001797
Jackie,0.00178
Arnold,0.001755
Jesse,0.001745
Duane,0.001709
Vincent,0.001681
Phillip,0.001667
Curtis,0.001638
Cecil,0.001616
Tom,0.001614
Gilbert,0.001577
Patrick,0.00156
Stephen,0.001544
Lester,0.001519
Elmer,0.001492
Victor,0.001447
Milton,0.001432
Johnnie,0.001414
Roland,0.001392
Dean,0.001343
Chester,0.001339
Alan,0.001333
Benjamin,0.001318
Glen,0.001304
Keith,0.001278
Sam,0.001273
Calvin,0.001233
Max,0.001201
Claude,0.001179
Maurice,0.001152
Leslie,0.001143
Willard,0.001134
Wallace,0.001123
Marion,0.001107
Jose,0.001089
Manuel,0.001073
Edgar,0.001072
Darrell,0.001071
Hugh,0.00107
Virgil,0.00103
Jessie,0.001027
Dick,0.001023
Oscar,0.001018
Ted,0.001015
Freddie,0.001009
Everett,9.98e-4
Jay,9.98e-4
Wesley,9.71e-4
Rodney,9.59e-4
Allan,9.5e-4
Dan,9.48e-4
Lowell,9.29e-4
Sidney,9.12e-4
Terry,8.98e-4
Bennie,8.75e-4
Lyle,8.75e-4
Joel,8.61e-4
Nicholas,8.53e-4
Morris,8.5e-4
Hubert,8.49e-4
Ben,8.34e-4
Earnest,8.24e-4
Tony,8.23e-4
Ronnie,8.08e-4
Delbert,8.05e-4
Neil,8.03e-4
Wilbur,8.02e-4
Billie,7.91e-4
Luther,7.76e-4
Homer,7.69e-4
Karl,7.56e-4
Carroll,7.55e-4
Horace,7.37e-4
Mark,7.37e-4
Willis,7.36e-4
Steve,7.25e-4
Guy,7.19e-4
Roosevelt,7.1e-4
Lonnie,7.07e-4
Nathaniel,7.01e-4
Rudolph,6.96e-4
Mike,6.82e-4
Otis,6.81e-4
Barry,6.8e-4
Clinton,6.7e-4
Clayton,6.58e-4
Alton,6.55e-4
Alexander,6.54e-4
Archie,6.36e-4
Junior,6.35e-4
Benny,6.32e-4
Danny,6.28e-4
Marshall,6.19e-4
Matthew,6.13e-4
Wendell,6.13e-4
Clifton,6.09e-4
Oliver,6.07e-4
Rex,6.04e-4
Doyle,5.9e-4
Juan,5.86e-4
Leland,5.82e-4
Buddy,5.64e-4
Salvatore,5.56e-4
Pete,5.53e-4
Ivan,5.49e-4
Orville,5.46e-4
Myron,5.45e-4
Alex,5.42e-4
Nelson,5.42e-4
Loren,5.34e-4
Bobbie,5.33e-4
Edmund,5.3e-4
Carlos,5.24e-4
Julius,5.23e-4
Lynn,5.18e-4
Ira,5.15e-4
Troy,5.14e-4
Fredrick,5.11e-4
Malcolm,5.11e-4
Elbert,5.1e-4
Ramon,5.06e-4
Wilbert,5.06e-4
Jon,5.02e-4
Sylvester,4.97e-4
Gerard,4.9e-4
Merle,4.88e-4
Eldon,4.82e-4
Perry,4.82e-4
Sherman,4.76e-4
Dewey,4.72e-4
Jesus,4.69e-4
Antonio,4.68e-4
Tommie,4.67e-4
Ervin,4.66e-4
Huey,4.63e-4
Julian,4.63e-4
Stuart,4.63e-4
Angelo,4.6e-4
Carlton,4.56e-4
Ruben,4.56e-4
Isaac,4.45e-4
Dwight,4.44e-4
Irvin,4.44e-4
Jacob,4.44e-4
Grady,4.43e-4
Bert,4.4e-4
Dave,4.39e-4
Nathan,4.37e-4
Sheldon,4.35e-4
Aaron,4.3e-4
Conrad,4.3e-4
Rufus,4.29e-4
Byron,4.28e-4
Pat,4.28e-4
Nick,4.26e-4
Mack,4.2e-4
Ellis,4.08e-4
Sammy,4.06e-4
Shirley,4.06e-4
Rudy,4.04e-4
Ross,4e-4
Donnie,3.99e-4
Laurence,3.98e-4
Forrest,3.95e-4
Neal,3.89e-4
Darrel,3.87e-4
Teddy,3.87e-4
Dallas,3.86e-4
Owen,3.85e-4
Steven,3.82e-4
Wilfred,3.81e-4
Burton,3.74e-4
Norbert,3.73e-4
Harlan,3.63e-4
Felix,3.62e-4
Percy,3.62e-4
Marlin,3.59e-4
Irwin,3.57e-4
Loyd,3.57e-4
Clark,3.52e-4
Timothy,3.47e-4
Gregory,3.44e-4
Harley,3.42e-4
Royce,3.41e-4
Emmett,3.36e-4
Garland,3.36e-4
Pedro,3.33e-4
Irving,3.3e-4
Boyd,3.29e-4
Kent,3.28e-4
Reginald,3.27e-4
Aubrey,3.25e-4
Travis,3.24e-4
Louie,3.22e-4
Johnie,3.19e-4
Wilson,3.18e-4
Noel,3.16e-4
Sammie,3.11e-4
Darwin,3.09e-4
Wade,3.09e-4
Grover,3.05e-4
Preston,3.03e-4
Raul,3.03e-4
Emil,2.99e-4
Elwood,2.94e-4
Maynard,2.93e-4
Francisco,2.91e-4
Randolph,2.91e-4
Morton,2.9e-4
Merlin,2.89e-4
Will,2.84e-4
Mario,2.84e-4
Amos,2.81e-4
Laverne,2.81e-4
Jerald,2.76e-4
Cornelius,2.72e-4
Frankie,2.71e-4
Delmar,2.7e-4
Wiley,2.7e-4
Dominic,2.69e-4
Grant,2.69e-4
Otto,2.69e-4
Randall,2.69e-4
Eric,2.69e-4
Lionel,2.65e-4
Mitchell,2.61e-4
Edmond,2.6e-4
Kermit,2.59e-4
Mary,2.59e-4
Christopher,2.57e-4
Woodrow,2.55e-4
Dominick,2.53e-4
August,2.52e-4
Luis,2.52e-4
Alfonso,2.49e-4
Norris,2.49e-4
Roberto,2.49e-4
Phil,2.47e-4
Thurman,2.45e-4
Abraham,2.43e-4
Cleveland,2.42e-4
Elton,2.42e-4
Garry,2.42e-4
Moses,2.4e-4
Murray,2.39e-4
Brian,2.38e-4
Ned,2.38e-4
Millard,2.35e-4
Odell,2.34e-4
Erwin,2.33e-4
Gale,2.28e-4
Ed,2.27e-4
Elvin,2.26e-4
Alonzo,2.26e-4
Charley,2.25e-4
Adam,2.24e-4
Bradley,2.21e-4
Roscoe,2.21e-4
Reuben,2.13e-4
Stewart,2.12e-4
Weldon,2.12e-4
Marcus,2.1e-4
Sanford,2.09e-4
Austin,2.07e-4
Andy,2.06e-4
Lamar,2.04e-4
Clair,2.03e-4
Coy,2.02e-4
Lorenzo,1.99e-4
Adrian,1.98e-4
Elijah,1.98e-4
Carmen,1.97e-4
Jasper,1.97e-4
Scott,1.97e-4
Emanuel,1.97e-4
Lavern,1.97e-4
Monroe,1.97e-4
Al,1.95e-4
Carol,1.92e-4
Guadalupe,1.92e-4
Mervin,1.91e-4
Harrison,1.89e-4
Hal,1.87e-4
Ollie,1.87e-4
Simon,1.87e-4
Alfredo,1.85e-4
Truman,1.85e-4
Adolph,1.84e-4
Gus,1.84e-4
Jan,1.83e-4
Wilburn,1.82e-4
Gail,1.82e-4
Jean,1.82e-4
Elliott,1.81e-4
Wilmer,1.81e-4
Dwayne,1.78e-4
Dewayne,1.77e-4
Merrill,1.76e-4
Nolan,1.76e-4
Freddy,1.75e-4
Hollis,1.74e-4
Barney,1.71e-4
Delmer,1.71e-4
Levi,1.71e-4
Van,1.71e-4
Harris,1.7e-4
Arlen,1.69e-4
Chris,1.69e-4
Emery,1.69e-4
Jake,1.68e-4
Hershel,1.67e-4
Rocco,1.67e-4
Sterling,1.67e-4
Mickey,1.67e-4
Gabriel,1.66e-4
Hector,1.65e-4
Kevin,1.65e-4
Olin,1.65e-4
Basil,1.64e-4
Winston,1.64e-4
Buford,1.63e-4
Clement,1.63e-4
Eli,1.63e-4
Noah,1.63e-4
Denver,1.61e-4
Dudley,1.61e-4
Terrence,1.61e-4
Craig,1.6e-4
Emory,1.6e-4
Ulysses,1.6e-4
Denis,1.59e-4
Carrol,1.58e-4
Jackson,1.58e-4
Fredric,1.57e-4
Ken,1.57e-4
Rodger,1.57e-4
Armand,1.56e-4
Cleo,1.56e-4
Jess,1.56e-4
Russel,1.56e-4
Salvador,1.56e-4
Earle,1.55e-4
Rene,1.55e-4
Jonathan,1.54e-4
Warner,1.54e-4
Monte,1.53e-4
Spencer,1.53e-4
Ricardo,1.52e-4
Ernie,1.51e-4
Miles,1.51e-4
Seymour,1.49e-4
Normand,1.47e-4
Armando,1.46e-4
Dalton,1.46e-4
Ward,1.46e-4
Riley,1.45e-4
Bud,1.44e-4
Linwood,1.44e-4
Vern,1.43e-4
Wilford,1.43e-4
Gayle,1.42e-4
Rolland,1.41e-4
Betty,1.4e-4
Kay,1.4e-4
Roderick,1.4e-4
Elmo,1.39e-4
Alva,1.38e-4
Herschel,1.38e-4
Milford,1.38e-4
Miguel,1.36e-4
Rodolfo,1.36e-4
Sonny,1.36e-4
Winfred,1.36e-4
Silas,1.34e-4
Frederic,1.33e-4
Vance,1.33e-4
Vito,1.33e-4
Blaine,1.31e-4
Everette,1.31e-4
Galen,1.31e-4
Vaughn,1.31e-4
Jeff,1.29e-4
Burl,1.28e-4
Alphonso,1.27e-4
Carmine,1.27e-4
Cletus,1.27e-4
Connie,1.27e-4
Jerold,1.27e-4
Lenard,1.27e-4
Tomas,1.27e-4
Bernie,1.26e-4
Darryl,1.26e-4
Pablo,1.26e-4
Arturo,1.25e-4
Daryl,1.25e-4
Kennith,1.25e-4
Solomon,1.24e-4
Domingo,1.23e-4
Ernesto,1.23e-4
Morgan,1.23e-4
Tim,1.23e-4
Micheal,1.22e-4
Booker,1.21e-4
Cyril,1.21e-4
Elias,1.21e-4
Forest,1.21e-4
Alberto,1.2e-4
Denny,1.2e-4
Fernando,1.2e-4
Odis,1.19e-4
Orval,1.19e-4
Claud,1.17e-4
Kelly,1.17e-4
Maxie,1.17e-4
Barbara,1.16e-4
Hoyt,1.16e-4
Lanny,1.16e-4
Lyman,1.16e-4
Patsy,1.16e-4
Rafael,1.16e-4
Royal,1.15e-4
Jerrold,1.14e-4
Kenny,1.14e-4
Elroy,1.13e-4
Luke,1.13e-4
Shelby,1.13e-4
Dana,1.12e-4
Dorothy,1.12e-4
Wilton,1.11e-4
Arden,1.1e-4
Delano,1.1e-4
Elden,1.09e-4
Foster,1.09e-4
Harmon,1.09e-4
Rogers,1.09e-4
Dickie,1.09e-4
Gerry,1.09e-4
Graham,1.09e-4
Raymon,1.08e-4
Alphonse,1.07e-4
Kyle,1.07e-4
Lynwood,1.07e-4
Emilio,1.06e-4
Arther,1.05e-4
Freeman,1.04e-4
Jeremiah,1.04e-4
Emerson,1.03e-4
Gilberto,1.03e-4
Kerry,1.03e-4
Clay,1.02e-4
Dwain,1.02e-4
Saul,1.02e-4
Bryan,1.01e-4
Gaylord,1.01e-4
Augustine,1e-4
Hobert,1e-4
Alden,9.9e-5
Evan,9.9e-5
Olen,9.9e-5
Roman,9.9e-5
Talmadge,9.9e-5
Buster,9.8e-5
Enrique,9.8e-5
Hiram,9.8e-5
Merlyn,9.8e-5
Anton,9.7e-5
Dee,9.7e-5
Ellsworth,9.7e-5
Jere,9.7e-5
Wilber,9.7e-5
Davis,9.6e-5
Fletcher,9.6e-5
Jefferson,9.5e-5
Terrance,9.5e-5
Carter,9.5e-5
Ferdinand,9.5e-5
Hilton,9.5e-5
Julio,9.5e-5
Pasquale,9.5e-5
Augustus,9.4e-5
Lacy,9.4e-5
Mckinley,9.3e-5
Orlando,9.3e-5
Benito,9.1e-5
Beverly,9.1e-5
Felipe,9.1e-5
Isaiah,9.1e-5
Shelton,9.1e-5
Terence,9.1e-5
Bertram,9e-5
Darold,9e-5
Farrell,9e-5
Franklyn,8.9e-5
Houston,8.9e-5
Milo,8.9e-5
Raleigh,8.9e-5
Verne,8.9e-5
Angel,8.8e-5
Columbus,8.8e-5
Doris,8.8e-5
Marlyn,8.8e-5
Carlo,8.7e-5
Napoleon,8.7e-5
Sherwood,8.7e-5
Abel,8.6e-5
Bradford,8.6e-5
Frances,8.6e-5
Kurt,8.6e-5
Lupe,8.6e-5
Palmer,8.6e-5
Thaddeus,8.6e-5
Emmitt,8.5e-5
Ignacio,8.5e-5
Omer,8.5e-5
Rayford,8.5e-5
Robin,8.5e-5
Winford,8.5e-5
Felton,8.4e-5
Joan,8.4e-5
Mathew,8.4e-5
Melvyn,8.4e-5
Joesph,8.3e-5
Newton,8.3e-5
Otha,8.3e-5
Boyce,8.2e-5
Bruno,8.2e-5
Ronny,8.2e-5
Andres,8.1e-5
Haywood,8.1e-5
Isiah,8.1e-5
Major,8.1e-5
Joyce,8e-5
Ottis,8e-5
Patricia,8e-5
Santiago,8e-5
Stanford,8e-5
Taylor,8e-5
Theron,8e-5
Anderson,8e-5
Arlin,8e-5
Bryant,8e-5
Emile,8e-5
Lawerence,8e-5
Lemuel,8e-5
Noble,8e-5
Reynaldo,8e-5
Rollin,8e-5
Carson,7.9e-5
Donal,7.9e-5
Edd,7.9e-5
Gearld,7.9e-5
Hermon,7.9e-5
Jason,7.9e-5
Ron,7.9e-5
Tracy,7.9e-5
Art,7.8e-5
Alford,7.7e-5
Alvis,7.7e-5
Cyrus,7.7e-5
Kendall,7.7e-5
Mason,7.7e-5
Alejandro,7.5e-5
Ambrose,7.5e-5
Carey,7.5e-5
Ezra,7.5e-5
Joshua,7.5e-5
Reed,7.5e-5
Waymon,7.5e-5
Zane,7.5e-5
Andre,7.4e-5
Elwin,7.4e-5
Fritz,7.4e-5
Garrett,7.4e-5
Harland,7.4e-5
Israel,7.4e-5
Loy,7.4e-5
Merton,7.4e-5
Rosevelt,7.4e-5
Sydney,7.4e-5
Arlie,7.3e-5
Arvin,7.3e-5
Burt,7.3e-5
Jordan,7.3e-5
Mose,7.3e-5
Oren,7.3e-5
Sebastian,7.3e-5
Verlin,7.3e-5
Bonnie,7.2e-5
Dewitt,7.2e-5
Lincoln,7.2e-5
Val,7.2e-5
Donn,7.1e-5
Eduardo,7.1e-5
Gregorio,7.1e-5
Rupert,7.1e-5
Santos,7.1e-5
Adolfo,7e-5
Bernice,7e-5
Hugo,7e-5
Maxwell,7e-5
Walker,7e-5
Walton,7e-5
Arlo,6.9e-5
Curtiss,6.9e-5
Dexter,6.9e-5
Glynn,6.9e-5
Ivory,6.9e-5
Jewel,6.9e-5
Jules,6.9e-5
Vicente,6.9e-5
Coleman,6.8e-5
Dorsey,6.8e-5
Hans,6.8e-5
Buck,6.7e-5
Claudie,6.7e-5
Dillard,6.7e-5
Eldridge,6.7e-5
Garnett,6.7e-5
Guillermo,6.7e-5
Lucius,6.7e-5
Margaret,6.7e-5
Santo,6.7e-5
Christian,6.6e-5
Cruz,6.6e-5
Fay,6.6e-5
Garth,6.6e-5
Granville,6.6e-5
Quentin,6.6e-5
Wardell,6.6e-5
Barton,6.6e-5
Dock,6.6e-5
Hayward,6.6e-5
Justin,6.6e-5
Marcel,6.6e-5
Romeo,6.6e-5
Theo,6.6e-5
Waldo,6.6e-5
Domenic,6.5e-5
Dwaine,6.5e-5
Edsel,6.5e-5
Lane,6.5e-5
Bryce,6.4e-5
Chuck,6.4e-5
Duwayne,6.4e-5
Kirby,6.4e-5
Melton,6.4e-5
Wally,6.4e-5
Brooks,6.3e-5
Darwyn,6.3e-5
Duncan,6.3e-5
Helen,6.3e-5
King,6.3e-5
Mac,6.3e-5
Ramiro,6.3e-5
Sandy,6.3e-5
Bennett,6.2e-5
Carleton,6.2e-5
Donovan,6.2e-5
Evert,6.2e-5
Ora,6.2e-5
Pierre,6.2e-5
Regis,6.2e-5
Sherwin,6.2e-5
Werner,6.2e-5
Asa,6.1e-5
Bertrand,6.1e-5
Clarance,6.1e-5
Dennie,6.1e-5
Elzie,6.1e-5
Judson,6.1e-5
Leeroy,6.1e-5
Dannie,6e-5
Marc,6e-5
Terrell,6e-5
Williams,6e-5
Agustin,5.9e-5
Avery,5.9e-5
Blair,5.9e-5
Clovis,5.9e-5
Eddy,5.9e-5
Elliot,5.9e-5
Enoch,5.9e-5
Hardy,5.9e-5
Meredith,5.9e-5
Oneal,5.9e-5
Mahlon,5.8e-5
Rubin,5.8e-5
Artis,5.7e-5
Carlyle,5.7e-5
Cary,5.7e-5
Glendon,5.7e-5
Kirk,5.7e-5
Obie,5.7e-5
Stanton,5.7e-5
Wylie,5.7e-5
Delton,5.6e-5
Fidel,5.6e-5
Jewell,5.6e-5
Lauren,5.6e-5
Leander,5.6e-5
Murphy,5.6e-5
Omar,5.6e-5
Rayburn,5.6e-5
Abe,5.5e-5
Benton,5.5e-5
Cliff,5.5e-5
Leonardo,5.5e-5
Lindsey,5.5e-5
Matt,5.5e-5
Prince,5.5e-5
Sherrill,5.5e-5
Stan,5.5e-5
Arlan,5.4e-5
Arvil,5.4e-5
Benedict,5.4e-5
Cloyd,5.4e-5
Dayton,5.4e-5
Giles,5.4e-5
Harlen,5.4e-5
Haskell,5.4e-5
Nicolas,5.4e-5
Valentine,5.4e-5
Elwyn,5.3e-5
Isadore,5.3e-5
Nickolas,5.3e-5
Rollie,5.3e-5
Ruby,5.3e-5
Theadore,5.3e-5
Toby,5.3e-5
Alvie,5.2e-5
Aurelio,5.2e-5
Denzil,5.2e-5
Dolores,5.2e-5
Durwood,5.2e-5
Eldred,5.2e-5
Gorden,5.2e-5
Hazel,5.2e-5
Jacky,5.2e-5
Lois,5.2e-5
Lon,5.2e-5
Lonzo,5.2e-5
Myles,5.2e-5
Seth,5.2e-5
Winfield,5.2e-5
Howell,5.1e-5
Jamie,5.1e-5
Orvil,5.1e-5
Reynold,5.1e-5
Adolphus,5.1e-5
Ardell,5.1e-5
Colin,5.1e-5
Derald,5.1e-5
Jennings,5.1e-5
Junius,5.1e-5
Lucien,5.1e-5
Mervyn,5.1e-5
Oran,5.1e-5
Raphael,5.1e-5
Aron,5e-5
Dorman,5e-5
Garfield,5e-5
Monty,5e-5
Rowland,5e-5
Chauncey,4.9e-5
Domenick,4.9e-5
Edison,4.9e-5
Elisha,4.9e-5
Eloy,4.9e-5
Gaylon,4.9e-5
General,4.9e-5
Gerold,4.9e-5
Hayden,4.9e-5
Ismael,4.9e-5
Lawson,4.9e-5
Norton,4.9e-5
Parker,4.9e-5
Ruth,4.9e-5
Von,4.9e-5
Willian,4.9e-5
Arvid,4.8e-5
Audrey,4.8e-5
Berry,4.8e-5
Brent,4.8e-5
Cleve,4.8e-5
Dwane,4.8e-5
Garold,4.8e-5
Jonas,4.8e-5
Lucious,4.8e-5
Merritt,4.8e-5
Pearl,4.8e-5
Porter,4.8e-5
Aloysius,4.7e-5
Constantine,4.7e-5
Damon,4.7e-5
Elmore,4.7e-5
Hobart,4.7e-5
Issac,4.7e-5
Norwood,4.7e-5
Orin,4.7e-5
Reid,4.7e-5
Vester,4.7e-5
Annie,4.6e-5
Arland,4.6e-5
Burnell,4.6e-5
Clem,4.6e-5
Elvis,4.6e-5
Ferrell,4.6e-5
Gustave,4.6e-5
Margarito,4.6e-5
Murry,4.6e-5
Sal,4.6e-5
Virginia,4.6e-5
Webster,4.6e-5
Antone,4.5e-5
Clint,4.5e-5
Darvin,4.5e-5
Gonzalo,4.5e-5
Johny,4.5e-5
Lafayette,4.5e-5
Lorin,4.5e-5
Malvin,4.5e-5
Randy,4.5e-5
Wayland,4.5e-5
Dell,4.4e-5
Denton,4.4e-5
Derrell,4.4e-5
Gino,4.4e-5
Norval,4.4e-5
Auther,4.3e-5
Casimir,4.3e-5
Cornell,4.3e-5
Evans,4.3e-5
Gaston,4.3e-5
Ike,4.3e-5
Landon,4.3e-5
Leamon,4.3e-5
Madison,4.3e-5
Otho,4.3e-5
Quincy,4.3e-5
Robbie,4.3e-5
Verl,4.3e-5
Wyman,4.3e-5
Abram,4.2e-5
Allison,4.2e-5
Allyn,4.2e-5
Artie,4.2e-5
Deane,4.2e-5
Ian,4.2e-5
Jonnie,4.2e-5
Jorge,4.2e-5
June,4.2e-5
Leigh,4.2e-5
Loyal,4.2e-5
Nancy,4.2e-5
Newell,4.2e-5
Smith,4.2e-5
Stacy,4.2e-5
Thad,4.2e-5
Willam,4.2e-5
Carmelo,4.1e-5
Eliseo,4.1e-5
Hunter,4.1e-5
Louise,4.1e-5
Rexford,4.1e-5
Sylvan,4.1e-5
Verle,4.1e-5
Verlyn,4.1e-5
Courtney,4e-5
Delwin,4e-5
Early,4e-5
Gustavo,4e-5
Ivy,4e-5
Jeffrey,4e-5
Jerrell,4e-5
Lavon,4e-5
Logan,4e-5
Miller,4e-5
Rogelio,4e-5
Rosendo,4e-5
Sol,4e-5
Beryl,3.9e-5
Brady,3.9e-5
Herb,3.9e-5
Hurley,3.9e-5
Joy,3.9e-5
Maria,3.9e-5
Rosario,3.9e-5
Stafford,3.9e-5
Verlon,3.9e-5
Vernell,3.9e-5
Buddie,3.8e-5
Cedric,3.8e-5
Christ,3.8e-5
Clive,3.8e-5
Crawford,3.8e-5
Delma,3.8e-5
Elizabeth,3.8e-5
Elza,3.8e-5
Kenton,3.8e-5
Lance,3.8e-5
