name,percent
Robert,0.054806
James,0.051999
John,0.044449
William,0.037336
Richard,0.030256
Charles,0.027407
Donald,0.023458
David,0.020239
Thomas,0.018812
Ronald,0.017862
George,0.016219
Joseph,0.015614
Edward,0.012799
Kenneth,0.012673
Paul,0.011758
Larry,0.010905
Jerry,0.010709
Frank,0.009022
Gerald,0.008777
Raymond,0.008558
Michael,0.007989
Gary,0.007795
Harold,0.007526
Billy,0.007255
Jack,0.007165
Walter,0.006646
Bobby,0.006591
Joe,0.006547
Carl,0.006026
Henry,0.005771
Roger,0.005769
Arthur,0.005739
Eugene,0.005384
Willie,0.005355
Ralph,0.005298
Lawrence,0.005164
Albert,0.005102
Fred,0.005073
Daniel,0.004911
Wayne,0.004599
Roy,0.004428
Howard,0.004417
Norman,0.004357
Harry,0.004244
Jimmy,0.004164
Anthony,0.004122
Louis,0.003862
Peter,0.003782
Dennis,0.003729
Earl,0.003532
Francis,0.003478
Don,0.003433
Marvin,0.003433
Melvin,0.003363
Ernest,0.003261
Dale,0.003247
Leonard,0.003225
Clarence,0.0032
Stanley,0.003116
Douglas,0.003091
Leroy,0.003073
Samuel,0.00285
Johnny,0.002816
Philip,0.002792
Gene,0.002772
Bruce,0.002754
Bill,0.002737
Herbert,0.002651
Alfred,0.002647
Russell,0.002595
Frederick,0.002583
Ray,0.002533
Allen,0.002493
Stephen,0.002403
Bernard,0.002388
Jimmie,0.002373
Tommy,0.002346
Gordon,0.002341
Eddie,0.002299
Lee,0.002265
Jim,0.002197
Andrew,0.002116
Glenn,0.0020830000000000002
Theodore,0.002078
Leon,0.002067
Terry,0.002058
Martin,0.002031
Patrick,0.002018
Clifford,0.002
Edwin,0.001979
Alan,0.001973
Lloyd,0.00195
Jerome,0.001943
Bob,0.001942
Phillip,0.001895
Floyd,0.001891
Clyde,0.001878
Alvin,0.001814
Harvey,0.001804
Franklin,0.001776
Curtis,0.001763
Warren,0.001761
Vernon,0.001724
Leo,0.001716
Jackie,0.00171
Tom,0.0017
Jesse,0.001676
Herman,0.001672
Lewis,0.001655
Vincent,0.001612
Arnold,0.001602
Charlie,0.001583
Ronnie,0.001444
Duane,0.001422
Lester,0.00141
Gilbert,0.001408
Victor,0.001376
Cecil,0.001371
Allan,0.001357
Keith,0.001353
Glen,0.001286
Johnnie,0.001283
Calvin,0.001279
Roland,0.001257
Benjamin,0.001247
Jon,0.00124
Milton,0.001228
Darrell,0.001192
Dean,0.001176
Elmer,0.001167
Freddie,0.001153
Claude,0.001152
Rodney,0.001148
Joel,0.001108
Leslie,0.001096
Chester,0.001088
Danny,0.001065
Jay,0.001039
Wallace,0.001036
Max,0.001025
Jose,0.001021
Sam,0.001018
Maurice,0.001013
Marion,0.001004
Manuel,0.001003
Hugh,9.86e-4
Ted,9.77e-4
Willard,9.62e-4
Steve,9.46e-4
Wesley,9.43e-4
Virgil,9.38e-4
Neil,9.37e-4
Tony,0.00093000000000000005
Mike,9.25e-4
Barry,9.19e-4
Dan,9.14e-4
Edgar,9.04e-4
Oscar,9.01e-4
Everett,8.81e-4
Lonnie,8.76e-4
Nicholas,8.7e-4
Karl,8.67e-4
Jessie,8.56e-4
Lowell,8.49e-4
Dick,8.22e-4
Mark,7.94e-4
Timothy,7.78e-4
Sidney,7.71e-4
Delbert,7.7e-4
Bennie,7.65e-4
Homer,7.51e-4
Ben,7.44e-4
Wilbur,7.41e-4
Morris,7.38e-4
Luther,7.28e-4
Earnest,7.27e-4
Carroll,7.26e-4
Hubert,7.26e-4
Benny,7.25e-4
Marshall,7.2e-4
Lynn,7.14e-4
Nelson,7e-4
Lyle,6.91e-4
Steven,6.82e-4
Alton,6.74e-4
Nathaniel,6.61e-4
Willis,6.44e-4
Horace,6.37e-4
Guy,6.3e-4
Otis,6.3e-4
Billie,6.03e-4
Rudolph,6.01e-4
Alexander,5.86e-4
Fredrick,5.84e-4
Roosevelt,5.82e-4
Clinton,5.78e-4
Clifton,5.71e-4
Wilbert,5.68e-4
Stuart,5.65e-4
Clayton,5.64e-4
Juan,5.64e-4
Dave,5.51e-4
Rex,5.51e-4
Brian,5.34e-4
Matthew,5.33e-4
Alex,5.29e-4
Donnie,5.27e-4
Doyle,5.15e-4
Leland,5.15e-4
Carlos,5.13e-4
Myron,5.11e-4
Archie,5.1e-4
Perry,5.1e-4
Wendell,5.09e-4
Loren,5.05e-4
Oliver,5e-4
Dallas,4.87e-4
Julius,4.87e-4
Ira,4.83e-4
Bobbie,4.81e-4
Troy,4.78e-4
Malcolm,4.76e-4
Carlton,4.72e-4
Gerard,4.7e-4
Gregory,4.7e-4
Salvatore,4.68e-4
Ivan,4.64e-4
Merle,4.61e-4
Buddy,4.59e-4
Sherman,4.58e-4
Byron,4.53e-4
Nathan,4.53e-4
Edmund,4.52e-4
Junior,4.52e-4
Pete,4.52e-4
Tommie,4.49e-4
Sylvester,4.42e-4
Dewey,4.41e-4
Sammy,4.38e-4
Clark,4.29e-4
Jacob,4.29e-4
Ervin,4.28e-4
Antonio,4.26e-4
Ross,4.24e-4
Laurence,4.23e-4
Rudy,4.23e-4
Aaron,4.21e-4
Ellis,4.21e-4
Jesus,4.16e-4
Elbert,4.15e-4
Grady,4.13e-4
Darrel,4.11e-4
Isaac,4.08e-4
Mack,4.04e-4
Eldon,4.02e-4
Teddy,3.94e-4
Orville,3.93e-4
Neal,3.92e-4
Ramon,3.92e-4
Rufus,3.92e-4
Ruben,3.91e-4
Conrad,3.86e-4
Sheldon,3.86e-4
Dwight,3.84e-4
Kent,3.83e-4
Noel,3.74e-4
Julian,3.73e-4
Pat,3.7e-4
Jerald,3.68e-4
Irvin,3.64e-4
Boyd,3.63e-4
Randall,3.62e-4
Reginald,3.6e-4
Owen,3.57e-4
Woodrow,3.57e-4
Wilfred,3.55e-4
Forrest,3.53e-4
Nick,3.53e-4
Felix,3.46e-4
Wilson,3.43e-4
Aubrey,3.42e-4
Burton,3.38e-4
Harlan,3.33e-4
Angelo,3.32e-4
Frankie,3.28e-4
Garland,3.28e-4
Eric,3.26e-4
Garry,3.24e-4
Bert,3.15e-4
Loyd,3.13e-4
Travis,3.12e-4
Percy,3.09e-4
Harley,3.07e-4
Sammie,3.06e-4
Marlin,3.01e-4
Darryl,3e-4
Darwin,2.98e-4
Grover,2.96e-4
Norbert,2.95e-4
Royce,2.92e-4
Preston,2.91e-4
Randolph,2.9e-4
Craig,2.84e-4
Emil,2.84e-4
Irving,2.84e-4
Emmett,2.83e-4
Louie,2.83e-4
Jan,2.8e-4
Elwood,2.76e-4
Christopher,2.76e-4
Luis,2.75e-4
Phil,2.74e-4
Terrence,2.74e-4
Wade,2.69e-4
Raul,2.67e-4
Amos,2.65e-4
Kermit,2.64e-4
Ned,2.63e-4
Francisco,2.62e-4
Mario,2.62e-4
Pedro,2.62e-4
Rodger,2.59e-4
Melvyn,2.58e-4
Alfonso,2.56e-4
Gale,2.56e-4
Roberto,2.55e-4
Stewart,2.54e-4
Mitchell,2.53e-4
Grant,2.51e-4
Laverne,2.51e-4
Merlin,2.51e-4
Mary,2.5e-4
Cornelius,2.47e-4
Lionel,2.46e-4
Maynard,2.42e-4
Otto,2.4e-4
Carol,2.38e-4
Tim,2.38e-4
Lance,2.35e-4
Ed,2.33e-4
Murray,2.33e-4
Shirley,2.33e-4
Delmar,2.32e-4
Monte,2.32e-4
Moses,2.32e-4
Edmond,2.29e-4
Scott,2.29e-4
Sanford,2.25e-4
Ken,2.22e-4
Norris,2.21e-4
Elton,2.19e-4
Johnie,2.19e-4
August,2.18e-4
Adrian,2.17e-4
Kevin,2.17e-4
Andy,2.15e-4
Denis,2.15e-4
Cleveland,2.13e-4
Daryl,2.13e-4
Freddy,2.11e-4
Charley,2.07e-4
Dominick,2.07e-4
Wiley,2.07e-4
Irwin,2.06e-4
Jonathan,2.06e-4
Lorenzo,2.06e-4
Odell,2.06e-4
Thurman,2.06e-4
Dominic,2.05e-4
Alonzo,2.04e-4
Millard,2.03e-4
Will,2.03e-4
Chris,2.01e-4
Weldon,1.99e-4
Marcus,1.97e-4
Roscoe,1.96e-4
Simon,1.96e-4
Kenny,1.95e-4
Frederic,1.94e-4
Mickey,1.94e-4
Van,1.93e-4
Harrison,1.9e-4
Reuben,1.9e-4
Merrill,1.88e-4
Adam,1.88e-4
Wilburn,1.88e-4
Erwin,1.87e-4
Shelby,1.87e-4
Abraham,1.86e-4
Austin,1.86e-4
Guadalupe,1.86e-4
Lamar,1.85e-4
Tyrone,1.85e-4
Bradley,1.83e-4
Coy,1.82e-4
Elvin,1.82e-4
Spencer,1.81e-4
Monroe,1.81e-4
Carmen,1.8e-4
Levi,1.77e-4
Armando,1.76e-4
Jasper,1.76e-4
Morton,1.74e-4
Nolan,1.73e-4
Elijah,1.73e-4
Buford,1.71e-4
Ollie,1.71e-4
Al,1.7e-4
Gail,1.7e-4
Rene,1.68e-4
Roderick,1.68e-4
Adolph,1.66e-4
Lavern,1.66e-4
Micheal,1.66e-4
Sterling,1.66e-4
Dwayne,1.65e-4
Terrance,1.65e-4
Jeff,1.63e-4
Ricardo,1.63e-4
Barney,1.61e-4
Hector,1.61e-4
Jake,1.61e-4
Salvador,1.61e-4
Lanny,1.6e-4
Cleo,1.59e-4
Delmer,1.58e-4
Linwood,1.58e-4
Clair,1.57e-4
Errol,1.57e-4
Wilmer,1.57e-4
Emanuel,1.55e-4
Rolland,1.55e-4
Winston,1.55e-4
Ernie,1.54e-4
Elliott,1.53e-4
Hollis,1.53e-4
Ward,1.53e-4
Mervin,1.51e-4
Alfredo,1.51e-4
Carrol,1.5e-4
Emory,1.5e-4
Gerry,1.5e-4
Russel,1.5e-4
Gabriel,1.49e-4
Truman,1.48e-4
Gus,1.47e-4
Hershel,1.47e-4
Booker,1.46e-4
Huey,1.45e-4
Jean,1.45e-4
Armand,1.44e-4
Fredric,1.44e-4
Miles,1.44e-4
Barbara,1.42e-4
Bryan,1.42e-4
Denny,1.42e-4
Hal,1.42e-4
Vern,1.41e-4
Clement,1.39e-4
Emery,1.39e-4
Alva,1.38e-4
Galen,1.38e-4
Jeffrey,1.38e-4
Basil,1.37e-4
Herschel,1.36e-4
Jackson,1.36e-4
Tomas,1.36e-4
Winfred,1.36e-4
Ulysses,1.35e-4
Arlen,1.34e-4
Kennith,1.34e-4
Vance,1.34e-4
Jess,1.33e-4
Dudley,1.32e-4
Wilford,1.32e-4
Gayle,1.31e-4
Noah,1.29e-4
Silas,1.29e-4
Arturo,1.28e-4
Bernie,1.28e-4
Connie,1.28e-4
Normand,1.28e-4
Rocco,1.26e-4
Solomon,1.26e-4
Harris,1.25e-4
Arden,1.24e-4
Dewayne,1.24e-4
Fernando,1.24e-4
Ron,1.24e-4
Milford,1.23e-4
Lenard,1.22e-4
Miguel,1.22e-4
Riley,1.22e-4
Ronny,1.22e-4
Carmine,1.21e-4
Elmo,1.21e-4
Kelly,1.21e-4
Alphonso,1.2e-4
Denver,1.2e-4
Olin,1.2e-4
Vaughn,1.2e-4
Warner,1.19e-4
Anton,1.18e-4
Gaylord,1.18e-4
Kurt,1.18e-4
Royal,1.18e-4
Dana,1.16e-4
Odis,1.16e-4
Jerold,1.15e-4
Everette,1.14e-4
Domingo,1.13e-4
Evan,1.13e-4
Dickie,1.12e-4
Freeman,1.12e-4
Lyman,1.12e-4
Enrique,1.11e-4
Terence,1.11e-4
Blaine,1.1e-4
Jerrold,1.1e-4
Robin,1.1e-4
Elias,1.09e-4
Gearld,1.08e-4
Hoyt,1.08e-4
Luke,1.08e-4
Lupe,1.08e-4
Saul,1.08e-4
Jere,1.07e-4
Boyce,1.07e-4
Davis,1.07e-4
Houston,1.07e-4
Emerson,1.06e-4
Kay,1.06e-4
Sherwood,1.06e-4
Alden,1.05e-4
Eli,1.05e-4
Rodolfo,1.05e-4
Dalton,1.04e-4
Dee,1.04e-4
Earle,1.03e-4
Ernesto,1.03e-4
Morgan,1.02e-4
Sonny,1.02e-4
Pasquale,1.01e-4
Brent,1e-4
Seymour,1e-4
Clay,1e-4
Graham,9.9e-5
Vito,9.9e-5
Betty,9.8e-5
Claud,9.8e-5
Rafael,9.8e-5
Andre,9.7e-5
Bud,9.7e-5
Forest,9.7e-5
Jeremiah,9.7e-5
Merlyn,9.7e-5
Foster,9.6e-5
Gilberto,9.6e-5
Burl,9.5e-5
Dwain,9.5e-5
Elroy,9.5e-5
Isaiah,9.5e-5
Thaddeus,9.5e-5
Pablo,9.4e-5
Patricia,9.4e-5
Alphonse,9.3e-5
Bradford,9.3e-5
Carter,9.3e-5
Maxie,9.3e-5
Wilton,9.3e-5
Augustus,9.2e-5
Fletcher,9.2e-5
Roman,9.2e-5
Stanford,9.2e-5
Alberto,9.2e-5
Reynaldo,9.2e-5
Carey,9.1e-5
Chuck,9.1e-5
Lemuel,9.1e-5
Dannie,9e-5
Emilio,9e-5
Randy,9e-5
Rogers,9e-5
Dexter,8.9e-5
Monty,8.9e-5
Rayford,8.9e-5
Arther,8.8e-5
Ferdinand,8.8e-5
Tracy,8.8e-5
Cary,8.7e-5
Christian,8.7e-5
Columbus,8.7e-5
Dorothy,8.7e-5
Hiram,8.7e-5
Ignacio,8.7e-5
Augustine,8.6e-5
Eddy,8.6e-5
Harland,8.6e-5
Major,8.6e-5
Reed,8.6e-5
Barton,8.5e-5
Cletus,8.5e-5
Julio,8.5e-5
Kendall,8.5e-5
Orlando,8.5e-5
Hobert,8.5e-5
Olen,8.5e-5
Isiah,8.4e-5
Milo,8.4e-5
Theron,8.4e-5
Anderson,8.3e-5
Bennett,8.3e-5
Beverly,8.3e-5
Lucius,8.3e-5
Orval,8.3e-5
Santiago,8.3e-5
Emile,8.2e-5
Haywood,8.2e-5
Otha,8.2e-5
Jason,8.1e-5
Patsy,8.1e-5
Angel,8e-5
Cyril,8e-5
Donovan,8e-5
King,8e-5
Nancy,8e-5
Rayburn,8e-5
Shelton,8e-5
Talmadge,8e-5
Mose,7.9e-5
Raleigh,7.9e-5
Rollin,7.9e-5
Arlie,7.8e-5
Coleman,7.8e-5
Ellsworth,7.8e-5
Raymon,7.8e-5
Santos,7.8e-5
Hayward,7.7e-5
Wilber,7.7e-5
Abel,7.7e-5
Bryant,7.7e-5
Carson,7.7e-5
Hermon,7.7e-5
Art,7.6e-5
Darold,7.6e-5
Donn,7.6e-5
Elden,7.5e-5
Harmon,7.5e-5
Ivory,7.5e-5
Verne,7.5e-5
Waymon,7.5e-5
Elwin,7.4e-5
Israel,7.4e-5
Justin,7.4e-5
Arlin,7.3e-5
Doris,7.3e-5
Elliot,7.3e-5
Hilton,7.3e-5
Lynwood,7.3e-5
Newton,7.3e-5
Alvis,7.2e-5
Carlo,7.2e-5
Judson,7.2e-5
Loy,7.2e-5
Marlyn,7.2e-5
Mckinley,7.2e-5
Bertram,7.1e-5
Garth,7.1e-5
Joesph,7.1e-5
Jules,7.1e-5
Stan,7.1e-5
Andres,7e-5
Avery,7e-5
Dorsey,7e-5
Kirk,7e-5
Lauren,7e-5
Mason,7e-5
Noble,7e-5
Felipe,7e-5
Felton,7e-5
Omer,7e-5
Ottis,7e-5
Bruno,6.9e-5
Emmitt,6.9e-5
Kyle,6.9e-5
Lane,6.9e-5
Marc,6.9e-5
Val,6.9e-5
Cruz,6.8e-5
Denzil,6.8e-5
Mac,6.8e-5
Mathew,6.8e-5
Meredith,6.8e-5
Clarance,6.7e-5
Dewitt,6.7e-5
Hans,6.7e-5
Lawerence,6.7e-5
Lincoln,6.7e-5
Theadore,6.7e-5
Verlin,6.7e-5
Benito,6.6e-5
Buster,6.6e-5
Cyrus,6.6e-5
Douglass,6.6e-5
Gerold,6.6e-5
Maxwell,6.6e-5
Myles,6.6e-5
Sydney,6.6e-5
Bonnie,6.5e-5
Eduardo,6.5e-5
Garrett,6.5e-5
Taylor,6.5e-5
Winford,6.5e-5
Delano,6.4e-5
Franklyn,6.4e-5
Kirby,6.4e-5
Napoleon,6.4e-5
Regis,6.4e-5
Benedict,6.3e-5
Burt,6.3e-5
Jennings,6.3e-5
Joshua,6.3e-5
Joyce,6.3e-5
Terrell,6.3e-5
Jewel,6.3e-5
Joan,6.3e-5
Reynold,6.3e-5
Alvie,6.2e-5
Arlo,6.2e-5
Guillermo,6.2e-5
Kerry,6.2e-5
Marcel,6.2e-5
Oren,6.2e-5
Porter,6.2e-5
Vicente,6.2e-5
Arlan,6.1e-5
Blair,6.1e-5
Duncan,6.1e-5
Frances,6.1e-5
Geoffrey,6.1e-5
Murphy,6.1e-5
Alford,6e-5
Bryce,6e-5
Dwaine,6e-5
Pierre,6e-5
Sandy,6e-5
Todd,6e-5
Ambrose,5.9e-5
Glendon,5.9e-5
Prince,5.9e-5
Valentine,5.9e-5
Jacky,5.8e-5
Lacy,5.8e-5
Ramiro,5.8e-5
Stanton,5.8e-5
Wally,5.8e-5
Garold,5.7e-5
Granville,5.7e-5
Jordan,5.7e-5
Margaret,5.7e-5
Romeo,5.7e-5
Seth,5.7e-5
Damon,5.6e-5
Fidel,5.6e-5
Helen,5.6e-5
Rosevelt,5.6e-5
Sebastian,5.6e-5
Tex,5.6e-5
Theo,5.6e-5
Donny,5.5e-5
Duwayne,5.5e-5
Garfield,5.5e-5
Humberto,5.5e-5
Mahlon,5.5e-5
Waldo,5.5e-5
Dennie,5.5e-5
Donal,5.5e-5
Doug,5.5e-5
Gaylon,5.5e-5
Glynn,5.5e-5
Gonzalo,5.5e-5
Merritt,5.5e-5
Zane,5.5e-5
Adolfo,5.4e-5
Curtiss,5.4e-5
Giles,5.4e-5
Jefferson,5.4e-5
Leeroy,5.4e-5
Mel,5.4e-5
Merton,5.4e-5
Milan,5.4e-5
Miller,5.4e-5
Nickolas,5.4e-5
Quentin,5.4e-5
Rupert,5.4e-5
Walton,5.4e-5
Alejandro,5.3e-5
Asa,5.3e-5
Brady,5.3e-5
Durwood,5.3e-5
Eldridge,5.3e-5
Farrell,5.3e-5
Lon,5.3e-5
Lucien,5.3e-5
Palmer,5.3e-5
Rowland,5.3e-5
Santo,5.3e-5
Walker,5.3e-5
Edsel,5.2e-5
Fritz,5.2e-5
Lonny,5.2e-5
Rubin,5.2e-5
Edd,5.1e-5
Hugo,5.1e-5
Ismael,5.1e-5
Melton,5.1e-5
Adolphus,5e-5
Arvin,5e-5
Autry,5e-5
Cloyd,5e-5
Cornell,5e-5
Delton,5e-5
Matt,5e-5
Arvil,4.9e-5
Brooks,4.9e-5
Cliff,4.9e-5
Dillard,4.9e-5
Howell,4.9e-5
Lindsey,4.9e-5
Parker,4.9e-5
Rondal,4.9e-5
Sherrill,4.9e-5
Abe,4.8e-5
Benton,4.8e-5
Carleton,4.8e-5
Colin,4.8e-5
Derald,4.8e-5
Domenic,4.8e-5
Early,4.8e-5
Garnett,4.8e-5
Gregorio,4.8e-5
Issac,4.8e-5
Jarvis,4.8e-5
Lawson,4.8e-5
Aron,4.8e-5
Bart,4.8e-5
Claudie,4.8e-5
Elvis,4.8e-5
Jorge,4.8e-5
Leigh,4.8e-5
Nicolas,4.8e-5
Wylie,4.8e-5
Auther,4.7e-5
Enoch,4.7e-5
Fay,4.7e-5
Hobart,4.7e-5
Jewell,4.7e-5
Toby,4.7e-5
Artis,4.6e-5
Buck,4.6e-5
Darvin,4.6e-5
Derrell,4.6e-5
Elwyn,4.6e-5
Ezra,4.6e-5
Haskell,4.6e-5
Lois,4.6e-5
Loyal,4.6e-5
Lucious,4.6e-5
Virginia,4.6e-5
Wayland,4.6e-5
Arvid,4.5e-5
Berry,4.5e-5
Cleve,4.5e-5
Hardy,4.5e-5
Lucian,4.5e-5
Margarito,4.5e-5
Newell,4.5e-5
Norwood,4.5e-5
Randal,4.5e-5
Werner,4.5e-5
Agustin,4.4e-5
Aloysius,4.4e-5
Clare,4.4e-5
Cordell,4.4e-5
Dion,4.4e-5
Dock,4.4e-5
Ezell,4.4e-5
General,4.4e-5
Jerrell,4.4e-5
Junius,4.4e-5
Raphael,4.4e-5
Refugio,4.4e-5
Rollie,4.4e-5
Rosario,4.4e-5
Williams,4.4e-5
Willian,4.4e-5
Winfield,4.4e-5
Clem,4.3e-5
Courtney,4.3e-5
Greg,4.3e-5
Ian,4.3e-5
Jonas,4.3e-5
Obie,4.3e-5
Ora,4.3e-5
Orin,4.3e-5
Reid,4.3e-5
Sherwin,4.3e-5
Webster,4.3e-5
Antone,4.2e-5
Audrey,4.2e-5
Bertrand,4.2e-5
Eldred,4.2e-5
Hazel,4.2e-5
Jame,4.2e-5
Joaquin,4.2e-5
Leamon,4.2e-5
Ruby,4.2e-5
Verl,4.2e-5
Abner,4.1e-5
Dayton,4.1e-5
Elzie,4.1e-5
Herb,4.1e-5
Marty,4.1e-5
Rolf,4.1e-5
Verlon,4.1e-5
Albin,4.1e-5
Dell,4.1e-5
Dorman,4.1e-5
Duke,4.1e-5
Eloy,4.1e-5
Ennis,4.1e-5
Evert,4.1e-5
Jared,4.1e-5
Lindsay,4.1e-5
Mariano,4.1e-5
Mitchel,4.1e-5
Robbie,4.1e-5
Sharon,4.1e-5
Chauncey,4e-5
Dempsey,4e-5
Elmore,4e-5
Emmanuel,4e-5
Harlen,4e-5
Harrell,4e-5
Lafayette,4e-5
Otho,4e-5
Sandra,4e-5
Thad,4e-5
Windell,4e-5
Ardell,3.9e-5
Burdette,3.9e-5
Elizabeth,3.9e-5
Ezekiel,3.9e-5
Hershell,3.9e-5
Johnson,3.9e-5
Lamont,3.9e-5
Llewellyn,3.9e-5
Lorenza,3.9e-5
Pearl,3.9e-5
Rogelio,3.9e-5
Sheridan,3.9e-5
Stephan,3.9e-5
Vester,3.9e-5
Aurelio,3.8e-5
Bernice,3.8e-5
Berton,3.8e-5
Del,3.8e-5
Dorris,3.8e-5
Gorden,3.8e-5
Lorin,3.8e-5
Marcelino,3.8e-5
Marco,3.8e-5
Melville,3.8e-5
Murry,3.8e-5
Reggie,3.8e-5
Ruth,3.8e-5
Arlyn,3.7e-5
Burnell,3.7e-5
Carlyle,3.7e-5
Casimir,3.7e-5
Cleon,3.7e-5
Danial,3.7e-5
Emmit,3.7e-5
Judith,3.7e-5
June,3.7e-5
Lavon,3.7e-5
Marcos,3.7e-5
Merl,3.7e-5
Scotty,3.7e-5
Shannon,3.7e-5
Sol,3.7e-5
Artie,3.6e-5
Constantine,3.6e-5
Elisha,3.6e-5
Florian,3.6e-5
Gregg,3.6e-5
Jamie,3.6e-5
Jonnie,3.6e-5
Judge,3.6e-5
Leander,3.6e-5
