name,percent
Mary,0.049244
Barbara,0.034398
Patricia,0.024137
Betty,0.022342
Shirley,0.020829
Carol,0.017019
Nancy,0.016601
Dorothy,0.014315
Margaret,0.013437
Joan,0.01253
Joyce,0.011119
Judith,0.009527
Helen,0.009492
Sandra,0.009462
Carolyn,0.009274
Janet,0.008647
Elizabeth,0.008587
Beverly,0.008562
Marilyn,0.008541
Donna,0.008496
Ruth,0.00815
Virginia,0.008119
Frances,0.007813
Janice,0.007632
Doris,0.00754
Martha,0.007518
Jean,0.0068
Phyllis,0.006697
Alice,0.006562
Sharon,0.006347
Linda,0.006175
Ann,0.006125
Lois,0.005698
Norma,0.005582
Peggy,0.005554
Gloria,0.005518
Marie,0.005222
Evelyn,0.004984
Rose,0.004634
Anna,0.004504
Judy,0.004375
Elaine,0.004237
Dolores,0.004216
Jane,0.004196
Geraldine,0.004078
Carole,0.004043
Annie,0.004
Catherine,0.003963
Wanda,0.003954
Karen,0.00395
Marlene,0.00392
Mildred,0.003891
Marjorie,0.003785
Sally,0.003746
Sylvia,0.003731
Patsy,0.00373
Joanne,0.003723
Kathleen,0.003705
Louise,0.003562
Eleanor,0.00355
Ruby,0.003449
Loretta,0.003425
Arlene,0.003411
Diane,0.003355
Bonnie,0.003307
Rosalie,0.003291
Sarah,0.003282
Joann,0.003249
Jacqueline,0.003185
Charlotte,0.003177
Irene,0.003114
Susan,0.003113
Roberta,0.003107
Rita,0.002944
Delores,0.002909
Darlene,0.002908
Gail,0.002818
Jo,0.002776
June,0.002753
Juanita,0.002742
Kay,0.002731
Edna,0.002703
Josephine,0.00261
Anne,0.002527
Wilma,0.002516
Thelma,0.002512
Audrey,0.002492
Lillian,0.002475
Ellen,0.002456
Florence,0.002455
Jeanette,0.002454
Theresa,0.002422
Lorraine,0.002401
Ethel,0.002388
Rosemary,0.002349
Emma,0.002339
Pauline,0.002336
Clara,0.002335
Anita,0.002311
Grace,0.002285
Yvonne,0.002282
Edith,0.002278
Gladys,0.002271
Sue,0.002269
Katherine,0.002256
Julia,0.002171
Lucille,0.002171
Laura,0.002143
Margie,0.002128
Connie,0.002109
Hazel,0.002046
Bernice,0.002004
Eileen,0.002001
Kathryn,0.002
Deanna,0.001974
Marcia,0.001898
Constance,0.001893
Annette,0.001884
Marion,0.001882
Esther,0.001869
Willie,0.001768
Maria,0.001757
Glenda,0.001716
Sara,0.001704
Beatrice,0.001674
Eva,0.001667
Bobbie,0.001636
Marian,0.001636
Christine,0.001609
Maxine,0.001595
Bertha,0.001591
Lillie,0.00159
Suzanne,0.001582
Myrna,0.001578
Vivian,0.001575
Sheila,0.001562
Elsie,0.001554
Georgia,0.001541
Billie,0.001529
Ella,0.001513
Ida,0.001509
Shelby,0.001501
Charlene,0.001466
Maureen,0.001412
Rebecca,0.001379
Rosa,0.001373
Alma,0.001364
Jeanne,0.001358
Pat,0.001343
Jessie,0.00129
Diana,0.001286
Nellie,0.001273
Mattie,0.001265
Lucy,0.001251
Bessie,0.001243
Vera,0.001237
Agnes,0.001223
Harriet,0.001204
Joy,0.001203
Cynthia,0.001197
Minnie,0.001194
Faye,0.001158
Paula,0.001154
Emily,0.001148
Rachel,0.001121
Naomi,0.001089
Dixie,0.001077
Maryann,0.001062
Gwendolyn,0.001056
Rosie,0.00105
Geneva,0.001031
Gertrude,0.001024
Leona,0.001021
Velma,0.001017
Patty,0.001014
Rosemarie,0.001009
Cora,9.91e-4
Dora,9.91e-4
Carrie,9.82e-4
Sonja,9.78e-4
Caroline,9.77e-4
Myrtle,9.77e-4
Mae,9.53e-4
Claire,9.4e-4
Jackie,9.31e-4
Jeannette,9.15e-4
Viola,9.1e-4
Priscilla,8.99e-4
Pearl,8.81e-4
Ramona,8.75e-4
Nina,8.5e-4
Lula,8.47e-4
Violet,8.4e-4
Alberta,8.39e-4
Eunice,8.26e-4
Deloris,8.19e-4
Verna,8.15e-4
Hattie,8.05e-4
Lola,7.84e-4
Stella,7.68e-4
Bettie,7.62e-4
Lena,7.54e-4
Nora,7.5e-4
Johnnie,7.47e-4
Melba,7.46e-4
Hilda,7.44e-4
Madeline,7.41e-4
Claudia,7.33e-4
Marguerite,7.24e-4
Dianne,7.15e-4
Gayle,7.04e-4
Fannie,7.03e-4
Carmen,6.95e-4
Susie,6.94e-4
Ernestine,6.93e-4
Daisy,6.91e-4
Erma,6.9e-4
Janie,6.81e-4
Flora,6.77e-4
Miriam,6.73e-4
Irma,6.7e-4
Sondra,6.64e-4
Della,6.56e-4
Ada,6.53e-4
Bette,0.00064899999999999995
Jacquelyn,0.00064899999999999995
Antoinette,6.48e-4
Marianne,6.41e-4
Bettye,6.39e-4
Iris,6.39e-4
Lynn,6.34e-4
Myra,6.34e-4
Angela,6.28e-4
Muriel,6.2e-4
Colleen,6.12e-4
Teresa,6.1e-4
Beulah,6.05e-4
Claudette,6.02e-4
Genevieve,6.01e-4
Regina,6e-4
Jennie,5.96e-4
Brenda,5.94e-4
Mamie,5.94e-4
Lydia,5.92e-4
Sherry,5.91e-4
Mabel,5.9e-4
Marcella,5.72e-4
Katie,5.66e-4
Mable,5.63e-4
Janis,5.61e-4
Mona,5.61e-4
Laverne,5.57e-4
Inez,5.47e-4
Marsha,5.43e-4
Eloise,5.34e-4
Eula,5.34e-4
Julie,5.26e-4
Lynne,5.24e-4
Nadine,5.21e-4
Victoria,5.14e-4
Sallie,5.13e-4
Maggie,5.08e-4
Opal,5.07e-4
Reba,5.02e-4
Amelia,4.99e-4
Nelda,4.97e-4
Valerie,4.82e-4
Cecilia,4.81e-4
Henrietta,4.78e-4
Freda,4.76e-4
Veronica,4.76e-4
Lynda,4.74e-4
Blanche,4.72e-4
Lila,4.66e-4
Lou,4.66e-4
Sadie,4.64e-4
Frankie,4.62e-4
Cecelia,4.5e-4
Lorene,4.5e-4
Rosetta,4.47e-4
Jimmie,4.46e-4
Fay,4.36e-4
Nettie,4.31e-4
Ina,4.27e-4
Gretchen,4.24e-4
Betsy,4.21e-4
Rochelle,4.18e-4
Dawn,4.13e-4
Winifred,4.12e-4
Jerry,4.11e-4
Glenna,4.06e-4
Etta,4.04e-4
Estelle,3.98e-4
Essie,3.96e-4
Ollie,3.96e-4
Lee,3.93e-4
Imogene,3.92e-4
Olivia,3.91e-4
Gracie,3.9e-4
Helene,3.89e-4
Lavonne,3.85e-4
Andrea,3.76e-4
Sonia,3.76e-4
Joanna,3.74e-4
Dorthy,3.71e-4
Ora,3.63e-4
Celia,3.62e-4
Deborah,3.6e-4
Beverley,3.57e-4
Beth,3.56e-4
Natalie,3.52e-4
Cheryl,3.48e-4
Lenora,3.41e-4
Addie,3.4e-4
Mavis,3.4e-4
Cleo,3.39e-4
Earlene,3.39e-4
Olga,3.39e-4
Ruthie,3.37e-4
Lela,3.36e-4
Leola,3.32e-4
Gwen,3.3e-4
Fern,3.29e-4
Leah,3.29e-4
Bernadine,3.29e-4
Iva,3.27e-4
Josie,3.26e-4
Adele,3.24e-4
Bernadette,3.22e-4
Jewel,3.22e-4
Willa,3.22e-4
Vicki,3.22e-4
Bonita,3.15e-4
Marlys,3.15e-4
Rhoda,3.15e-4
Sybil,3.14e-4
Amy,3.1e-4
Earnestine,3.1e-4
Clarice,3.09e-4
Earline,3.09e-4
Isabel,3.07e-4
Pearlie,3.07e-4
Polly,3.06e-4
Harriett,3.02e-4
Lupe,3.02e-4
Arline,3.01e-4
Ilene,3.01e-4
Jewell,3e-4
Saundra,2.99e-4
Nola,2.95e-4
Jeannine,2.94e-4
Estella,2.93e-4
Lenore,2.92e-4
Nell,2.92e-4
Marva,2.9e-4
Yolanda,2.9e-4
Doreen,2.89e-4
Lorna,2.89e-4
Molly,2.87e-4
Faith,2.87e-4
Elva,2.84e-4
Adrienne,2.83e-4
Gay,2.83e-4
Ola,2.83e-4
Lora,2.8e-4
Margo,2.77e-4
Dorothea,2.76e-4
Alicia,2.74e-4
Pamela,2.74e-4
Elnora,2.73e-4
Lottie,2.73e-4
Angelina,2.73e-4
Arleen,2.73e-4
Cecile,2.73e-4
Carla,2.72e-4
Janette,2.7e-4
Marilynn,2.7e-4
Melva,2.7e-4
Camille,2.69e-4
Francis,2.68e-4
Effie,2.66e-4
Rena,2.65e-4
Elinor,2.64e-4
Marylou,2.64e-4
Robbie,2.64e-4
Tommie,2.64e-4
Alta,2.62e-4
Ila,2.62e-4
Sharron,2.6e-4
Goldie,2.59e-4
Lizzie,2.58e-4
Luella,2.57e-4
Christina,2.55e-4
Renee,2.53e-4
Dona,2.52e-4
Francine,2.52e-4
Laurel,2.47e-4
Cornelia,2.46e-4
Marietta,2.44e-4
Carlene,2.43e-4
Eddie,2.43e-4
May,2.41e-4
Elvira,2.4e-4
Rosalee,2.4e-4
Terry,2.39e-4
James,2.38e-4
Guadalupe,2.37e-4
Monica,2.37e-4
Jan,2.36e-4
Nona,2.36e-4
Kaye,2.34e-4
Neva,2.34e-4
Delia,2.32e-4
Jill,2.32e-4
Rosalind,2.32e-4
Merle,2.31e-4
Johanna,2.29e-4
Virgie,2.29e-4
Corinne,2.24e-4
Noreen,2.23e-4
Alyce,2.23e-4
Shelba,2.23e-4
Margarita,2.21e-4
Mollie,2.21e-4
Hope,2.2e-4
Kathy,2.16e-4
Sonya,2.15e-4
Darla,2.14e-4
Elma,2.14e-4
Toni,2.14e-4
Louella,2.12e-4
Adeline,2.09e-4
Dollie,2.09e-4
Joe,2.09e-4
Therese,2.08e-4
Corrine,2.07e-4
Denise,2.07e-4
Eugenia,2.07e-4
Penny,2.06e-4
Angeline,2.05e-4
Olive,2.05e-4
Stephanie,2.04e-4
Dolly,2.03e-4
Deanne,2.02e-4
Patti,2.02e-4
Queen,1.97e-4
Angie,1.96e-4
Winnie,1.96e-4
Edwina,1.95e-4
Freddie,1.95e-4
Lilly,1.95e-4
Reva,1.95e-4
Rosella,1.95e-4
Margery,1.93e-4
Annabelle,1.91e-4
Robert,1.91e-4
John,1.89e-4
Millie,1.89e-4
Susanne,1.88e-4
Avis,1.87e-4
Frieda,1.87e-4
Greta,1.86e-4
Letha,1.86e-4
Bennie,1.85e-4
Dale,1.84e-4
Wilda,1.84e-4
Carmela,1.83e-4
Nannie,1.83e-4
Jannie,1.76e-4
Rosalyn,1.74e-4
Hannah,1.73e-4
Antonia,1.72e-4
Jenny,1.72e-4
Odessa,1.72e-4
Lily,1.71e-4
Carmella,1.7e-4
Meredith,1.69e-4
Zelma,1.69e-4
Amanda,1.68e-4
Eleanore,1.68e-4
Bobby,1.67e-4
Lucile,1.67e-4
Aurora,1.67e-4
Leila,1.67e-4
Roseann,1.66e-4
Selma,1.65e-4
Penelope,1.64e-4
Madelyn,1.63e-4
Delois,1.61e-4
Flossie,1.61e-4
Rae,1.61e-4
Callie,1.6e-4
Jayne,1.6e-4
Dianna,1.59e-4
Lorena,1.59e-4
Peggie,1.59e-4
Sandy,1.59e-4
Claudine,1.57e-4
Becky,1.56e-4
Ladonna,1.56e-4
Sophie,1.56e-4
Florine,1.55e-4
Mercedes,1.55e-4
Leslie,1.54e-4
Gerry,1.53e-4
Nita,1.52e-4
Elouise,1.52e-4
Freida,1.52e-4
Retha,1.52e-4
Twila,1.52e-4
Justine,1.5e-4
Maryanne,1.49e-4
Vernell,1.49e-4
Winona,1.49e-4
Ardith,1.48e-4
Ruthann,1.48e-4
Consuelo,1.47e-4
Corine,1.47e-4
Helena,1.47e-4
Marla,1.47e-4
Sharlene,1.47e-4
Eliza,1.46e-4
Lessie,1.46e-4
Ophelia,1.46e-4
Annetta,1.45e-4
Madeleine,1.45e-4
Evangeline,1.44e-4
Jeanine,1.44e-4
Katharine,1.44e-4
Roxie,1.44e-4
Reta,1.43e-4
Roma,1.43e-4
Shelva,1.43e-4
Belva,1.42e-4
Isabelle,1.42e-4
Lucia,1.41e-4
Emilie,1.4e-4
Jolene,1.4e-4
Lelia,1.4e-4
Roslyn,1.39e-4
Loraine,1.38e-4
Marlyn,1.38e-4
Bertie,1.38e-4
Lucinda,1.38e-4
Rowena,1.38e-4
Toby,1.38e-4
Carroll,1.37e-4
Darleen,1.36e-4
Elena,1.35e-4
Sheryl,1.35e-4
Dee,1.34e-4
Gale,1.33e-4
Jeannie,1.33e-4
Matilda,1.33e-4
Allie,1.32e-4
Dana,1.32e-4
Pansy,1.32e-4
Phoebe,1.32e-4
Georgie,1.31e-4
Madonna,1.31e-4
Caryl,1.3e-4
Lorine,1.3e-4
Treva,1.3e-4
Concetta,1.29e-4
Leta,1.28e-4
Carolee,1.27e-4
Celestine,1.27e-4
Gearldine,1.27e-4
Zelda,1.27e-4
Aileen,1.26e-4
Charles,1.26e-4
Theodora,1.26e-4
Ardis,1.25e-4
Clare,1.25e-4
Maryjane,1.25e-4
Maude,1.24e-4
George,1.24e-4
Nan,1.24e-4
Carrol,1.23e-4
Charlie,1.23e-4
Judie,1.23e-4
Pearline,1.23e-4
Dottie,1.22e-4
Ester,1.22e-4
Leota,1.22e-4
Delphine,1.21e-4
Ginger,1.21e-4
Margot,1.21e-4
Sherrill,1.21e-4
William,1.21e-4
Dorene,1.2e-4
Jeanie,1.2e-4
Hester,1.19e-4
Kitty,1.19e-4
Marjory,1.18e-4
Alene,1.17e-4
Aline,1.17e-4
Doretha,1.17e-4
Sammie,1.17e-4
Verla,1.17e-4
Vonda,1.16e-4
Elisabeth,1.14e-4
Wendy,1.14e-4
Donnie,1.13e-4
Iona,1.12e-4
Marilee,1.12e-4
Syble,1.12e-4
Ione,1.11e-4
Delma,1.1e-4
Velda,1.1e-4
Elsa,1.1e-4
Ima,1.1e-4
Esperanza,1.09e-4
Beryl,1.08e-4
Dorris,1.07e-4
Janelle,1.07e-4
Trudy,1.07e-4
Gussie,1.06e-4
Lorelei,1.06e-4
Richard,1.06e-4
Rosanne,1.06e-4
Shirlee,1.06e-4
Celeste,1.05e-4
Harriette,1.05e-4
Lauretta,1.05e-4
Leora,1.05e-4
Minerva,1.05e-4
Pattie,1.05e-4
Althea,1.04e-4
Germaine,1.04e-4
Oma,1.04e-4
Zella,1.04e-4
Lynette,1.03e-4
Shirlene,1.03e-4
Adelaide,1.03e-4
Birdie,1.03e-4
Nedra,1.03e-4
Petra,1.03e-4
Edythe,1.02e-4
Felicia,1.01e-4
Iola,1.01e-4
Louisa,1.01e-4
Madge,1.01e-4
Jerrie,9.9e-5
Julianne,9.9e-5
Lavon,9.9e-5
Millicent,9.9e-5
Libby,9.8e-5
Lona,9.8e-5
Dian,9.7e-5
Hellen,9.7e-5
Jaunita,9.7e-5
Margret,9.6e-5
Maurine,9.6e-5
Una,9.6e-5
Valeria,9.6e-5
Alfreda,9.6e-5
Georgiana,9.6e-5
Marianna,9.6e-5
Allene,9.5e-5
Aurelia,9.5e-5
Berniece,9.5e-5
Georgianna,9.5e-5
Maudie,9.5e-5
Melinda,9.5e-5
Camilla,9.4e-5
Tina,9.4e-5
Wilhelmina,9.4e-5
Elise,9.3e-5
Lue,9.3e-5
Maryellen,9.3e-5
Rubye,9.3e-5
Nanette,9.2e-5
Elida,9.1e-5
Karol,9.1e-5
Robin,9.1e-5
Ursula,9.1e-5
Dortha,9e-5
Jacquelin,9e-5
Tillie,8.9e-5
Carolina,8.9e-5
Dorcas,8.9e-5
Karin,8.9e-5
Leilani,8.9e-5
Marge,8.9e-5
Myrtis,8.9e-5
Alva,8.8e-5
Isabella,8.8e-5
Marylin,8.8e-5
Oralia,8.8e-5
Verda,8.8e-5
Charleen,8.7e-5
Cleta,8.7e-5
Colette,8.7e-5
Laurie,8.7e-5
Deann,8.6e-5
Lavern,8.6e-5
Patrica,8.6e-5
Angelita,8.5e-5
Vada,8.5e-5
Francisca,8.4e-5
Josefina,8.4e-5
Juliette,8.4e-5
Lavada,8.4e-5
Gertie,8.3e-5
Kate,8.3e-5
Merry,8.3e-5
Hallie,8.2e-5
Jeraldine,8.2e-5
Benita,8.1e-5
Elisa,8.1e-5
Garnet,8.1e-5
Katheryn,8.1e-5
Marylyn,8.1e-5
Manuela,8.1e-5
Charline,8e-5
Enid,8e-5
Loyce,8e-5
Norene,8e-5
Roselyn,8e-5
Cherry,7.9e-5
Dessie,7.9e-5
Vickie,7.9e-5
Barbra,7.8e-5
Cathy,7.8e-5
Diann,7.8e-5
Lettie,7.8e-5
Mickey,7.8e-5
Sidney,7.8e-5
Veda,7.8e-5
Linnie,7.7e-5
Lucretia,7.7e-5
Oleta,7.7e-5
Sophia,7.7e-5
Vernice,7.7e-5
Vesta,7.7e-5
Berta,7.6e-5
Carolann,7.6e-5
Danielle,7.6e-5
Gaynell,7.6e-5
Isabell,7.6e-5
Juliana,7.6e-5
Karla,7.6e-5
Mina,7.6e-5
Sydney,7.6e-5
Bobbye,7.5e-5
Cherie,7.5e-5
Melissa,7.5e-5
Nila,7.5e-5
Yvette,7.5e-5
Florene,7.4e-5
Georgette,7.4e-5
Lonnie,7.4e-5
Lura,7.4e-5
Ofelia,7.4e-5
Ava,7.4e-5
Catharine,7.4e-5
Floy,7.4e-5
Juliet,7.4e-5
Rhea,7.4e-5
Sherrie,7.4e-5
Theda,7.4e-5
Crystal,7.3e-5
Dominga,7.3e-5
Dovie,7.3e-5
Emogene,7.3e-5
Marina,7.3e-5
Marita,7.3e-5
Marvel,7.3e-5
Merlene,7.3e-5
Christene,7.2e-5
Mariann,7.2e-5
Ouida,7.2e-5
Chloe,7.1e-5
Easter,7.1e-5
Elda,7.1e-5
Janyce,7.1e-5
Larue,7.1e-5
Margarett,7.1e-5
Paulette,7.1e-5
Philomena,7.1e-5
Socorro,7.1e-5
Willene,7.1e-5
Agatha,7e-5
Alvina,7e-5
Billy,7e-5
Charmaine,7e-5
Ernestina,7e-5
Gaye,7e-5
Lisa,7e-5
Magdalene,7e-5
Ana,6.9e-5
Donald,6.9e-5
Elna,6.9e-5
Harlene,6.9e-5
Janell,6.9e-5
Juana,6.9e-5
Karolyn,6.8e-5
Vicky,6.8e-5
Vida,6.8e-5
Bridget,6.7e-5
Cecil,6.7e-5
Clementine,6.7e-5
Jacklyn,6.7e-5
Kathrine,6.7e-5
Novella,6.7e-5
Artie,6.7e-5
Heather,6.7e-5
Joseph,6.7e-5
Thomas,6.7e-5
Wynona,6.7e-5
Adela,6.6e-5
Darline,6.6e-5
Erlinda,6.6e-5
Gene,6.6e-5
Jonnie,6.6e-5
Joycelyn,6.6e-5
Marta,6.6e-5
Maxie,6.6e-5
Zona,6.6e-5
Adell,6.5e-5
Ivy,6.5e-5
Jeri,6.5e-5
Lavina,6.5e-5
Simone,6.5e-5
Georgene,6.4e-5
Rosita,6.4e-5
Vergie,6.4e-5
Zola,6.4e-5
Alpha,6.3e-5
Ardella,6.3e-5
Cathryn,6.3e-5
Coleen,6.3e-5
Gilda,6.3e-5
Idella,6.3e-5
Jamie,6.3e-5
Lea,6.3e-5
Margarette,6.3e-5
Mazie,6.3e-5
Vonnie,6.3e-5
Annmarie,6.2e-5
Emilia,6.2e-5
Louann,6.2e-5
Ona,6.2e-5
Rhonda,6.2e-5
Augusta,6.1e-5
Carleen,6.1e-5
Carolynn,6.1e-5
Leatha,6.1e-5
Leatrice,6.1e-5
Albertha,6e-5
Lina,6e-5
Malinda,6e-5
Venita,6e-5
Willia,6e-5
Cordelia,6e-5
Dena,6e-5
Erna,6e-5
Mittie,6e-5
Nova,6e-5
Cassie,5.9e-5
Gayla,5.9e-5
Joetta,5.9e-5
Romaine,5.9e-5
Twyla,5.9e-5
Alexandra,5.8e-5
Holly,5.8e-5
Jeanetta,5.8e-5
Prudence,5.8e-5
Romona,5.8e-5
Earlean,5.7e-5
Helaine,5.7e-5
Maryjo,5.7e-5
Zoe,5.7e-5
Cathleen,5.6e-5
Eldora,5.6e-5
Evangelina,5.6e-5
Johnie,5.6e-5
Letitia,5.6e-5
Lulu,5.6e-5
Maralyn,5.6e-5
Mitzi,5.6e-5
Myrtice,5.6e-5
Norine,5.6e-5
Pearlene,5.6e-5
Phylis,5.6e-5
Vina,5.6e-5
Aletha,5.5e-5
David,5.5e-5
Imelda,5.5e-5
Leonora,5.5e-5
Lolita,5.5e-5
Lovie,5.5e-5
Magdalena,5.5e-5
Ronald,5.5e-5
Roxanne,5.5e-5
Shelia,5.5e-5
Carmelita,5.4e-5
Deana,5.4e-5
Elois,5.4e-5
Fanny,5.4e-5
Lawanda,5.4e-5
Melvina,5.4e-5
Shari,5.4e-5
Blanch,5.3e-5
Era,5.3e-5
Lyla,5.3e-5
Marolyn,5.3e-5
Noel,5.3e-5
Rachael,5.3e-5
Roseanne,5.3e-5
Verlene,5.3e-5
Zora,5.3e-5
Billye,5.3e-5
Debra,5.3e-5
Estela,5.3e-5
Eve,5.3e-5
Evon,5.3e-5
Hortense,5.3e-5
Leanna,5.3e-5
Susanna,5.3e-5
Bernita,5.2e-5
Carma,5.2e-5
Hortencia,5.2e-5
Karlene,5.2e-5
Lidia,5.2e-5
Neoma,5.2e-5
Raquel,5.2e-5
Rosario,5.2e-5
Rubie,5.2e-5
Serena,5.2e-5
Corene,5.1e-5
Eleanora,5.1e-5
Ethelyn,5.1e-5
Evonne,5.1e-5
Georgina,5.1e-5
Janine,5.1e-5
Joye,5.1e-5
Michael,5.1e-5
Nancie,5.1e-5
Ronda,5.1e-5
Abbie,5e-5
Audry,5e-5
Edward,5e-5
Ira,5e-5
Katy,5e-5
Laverna,5e-5
Ronnie,5e-5
Annamae,4.9e-5
Arletta,4.9e-5
Eloisa,4.9e-5
Magnolia,4.9e-5
Rosanna,4.9e-5
Annis,4.8e-5
Bethel,4.8e-5
Elvera,4.8e-5
Kathern,4.8e-5
Kattie,4.8e-5
Leanne,4.8e-5
Luann,4.8e-5
Marilou,4.8e-5
Michelle,4.8e-5
Shannon,4.8e-5
Shelvia,4.8e-5
Velva,4.8e-5
Cruz,4.7e-5
Jeane,4.7e-5
Leone,4.7e-5
Marylee,4.7e-5
Merilyn,4.7e-5
Mozelle,4.7e-5
Tressie,4.7e-5
Augustine,4.6e-5
Bettylou,4.6e-5
Cindy,4.6e-5
Claudie,4.6e-5
Delphia,4.6e-5
Eartha,4.6e-5
Eulalia,4.6e-5
Henry,4.6e-5
Mardell,4.6e-5
Melanie,4.6e-5
Michele,4.6e-5
Armida,4.6e-5
Audra,4.6e-5
Carmel,4.6e-5
Debbie,4.6e-5
Jennifer,4.6e-5
Merna,4.6e-5
Nella,4.6e-5
Ocie,4.6e-5
Vernie,4.6e-5
Alda,4.5e-5
Annamarie,4.5e-5
Carolyne,4.5e-5
Judi,4.5e-5
Kenneth,4.5e-5
Luanne,4.5e-5
Marleen,4.5e-5
Mozell,4.5e-5
