name,percent
Robert,0.052645
James,0.052613
John,0.045037
William,0.037126
Richard,0.031227
Charles,0.027172
David,0.022378
Donald,0.021231
Thomas,0.019529
Ronald,0.017503
George,0.015792
Joseph,0.01564
Kenneth,0.012978
Larry,0.012824
Edward,0.012735
Jerry,0.012111
Paul,0.011767
Michael,0.009559
Gerald,0.00887
Frank,0.008816
Gary,0.008544
Raymond,0.008156
Harold,0.007326
Billy,0.006594
Walter,0.006462
Jack,0.006443
Joe,0.006344
Roger,0.006311
Bobby,0.006222
Carl,0.00582
Henry,0.005786
Arthur,0.00563
Willie,0.005559
Dennis,0.005484
Ralph,0.005255
Lawrence,0.005186
Eugene,0.005183
Daniel,0.005122
Wayne,0.004984
Fred,0.004886
Albert,0.004834
Roy,0.004547
Jimmy,0.004194
Norman,0.00418
Harry,0.004112
Peter,0.004101
Anthony,0.004074
Howard,0.004065
Louis,0.003732
Earl,0.003431
Melvin,0.003396
Marvin,0.003317
Francis,0.00328
Leonard,0.003279
Ernest,0.003251
Don,0.003162
Stanley,0.003152
Douglas,0.003145
Dale,0.003117
Clarence,0.00307
Leroy,0.002989
Johnny,0.002973
Samuel,0.00287
Bruce,0.002853
Stephen,0.002802
Philip,0.002799
Bill,0.002793
Herbert,0.00273
Gene,0.002657
Alfred,0.002638
Frederick,0.002626
Allen,0.002585
Russell,0.002496
Ray,0.002388
Jim,0.002327
Bernard,0.00232
Tommy,0.002314
Lee,0.002288
Patrick,0.002231
Jimmie,0.002226
Eddie,0.002214
Gordon,0.002213
Terry,0.00216
Andrew,0.002153
Alan,0.002058
Leon,0.002054
Glenn,0.002032
Clifford,0.002022
Bob,0.001977
Martin,0.001935
Theodore,0.001934
Phillip,0.001919
Jerome,0.001897
Floyd,0.001843
Lloyd,0.00184
Edwin,0.00182
Tom,0.00179
Curtis,0.001774
Jesse,0.001772
Vernon,0.00176
Clyde,0.001727
Harvey,0.001717
Alvin,0.001713
Jackie,0.001667
Warren,0.001667
Franklin,0.001638
Lewis,0.001638
Leo,0.001625
Ronnie,0.001613
Vincent,0.0016
Herman,0.001587
Charlie,0.001544
Arnold,0.001427
Cecil,0.001396
Gilbert,0.001371
Lester,0.001365
Keith,0.001327
Duane,0.001316
Victor,0.001299
Johnnie,0.001285
Jon,0.001281
Rodney,0.001278
Glen,0.001259
Benjamin,0.001255
Allan,0.001248
Calvin,0.001231
Barry,0.001213
Milton,0.001211
Mike,0.00119
Darrell,0.001182
Elmer,0.001174
Roland,0.001172
Leslie,0.001145
Chester,0.001144
Joel,0.001143
Dean,0.001142
Danny,0.001123
Freddie,0.001092
Steve,0.001068
Tony,0.001037
Claude,0.001017
Jay,0.001014
Manuel,0.001006
Steven,9.98e-4
Sam,9.92e-4
Wesley,9.86e-4
Willard,9.76e-4
Jose,9.65e-4
Ted,9.53e-4
Timothy,9.44e-4
Lonnie,9.42e-4
Wallace,9.42e-4
Neil,9.4e-4
Jessie,9.36e-4
Marion,9.1e-4
Nicholas,9.09e-4
Maurice,9e-4
Edgar,8.9e-4
Oscar,8.83e-4
Hugh,8.8e-4
Dan,8.76e-4
Max,8.65e-4
Everett,8.61e-4
Virgil,8.28e-4
Morris,8.19e-4
Lowell,8.17e-4
Lynn,7.81e-4
Dick,7.73e-4
Bennie,7.71e-4
Mark,7.67e-4
Karl,7.65e-4
Benny,7.61e-4
Sidney,7.61e-4
Delbert,7.43e-4
Lyle,7.35e-4
Brian,7.13e-4
Earnest,7.13e-4
Nelson,7.07e-4
Carroll,6.95e-4
Homer,6.92e-4
Hubert,6.91e-4
Marshall,6.89e-4
Nathaniel,6.78e-4
Luther,6.73e-4
Otis,6.44e-4
Alexander,6.37e-4
Guy,6.28e-4
Ben,6.25e-4
Horace,6.25e-4
Wilbur,6.21e-4
Willis,6.09e-4
Alton,6e-4
Dave,5.86e-4
Clifton,5.84e-4
Clinton,5.8e-4
Donnie,5.62e-4
Clayton,5.58e-4
Fredrick,5.55e-4
Loren,5.53e-4
Juan,5.49e-4
Matthew,5.48e-4
Archie,5.47e-4
Gregory,5.3e-4
Alex,5.28e-4
Oliver,5.26e-4
Wendell,5.26e-4
Stuart,5.21e-4
Roosevelt,5.18e-4
Rudolph,5.18e-4
Troy,5.17e-4
Perry,5.16e-4
Carlos,5.11e-4
Leland,5.02e-4
Doyle,5.01e-4
Rex,5e-4
Wilbert,5e-4
Myron,4.94e-4
Byron,4.89e-4
Billie,4.86e-4
Laurence,4.83e-4
Sherman,4.81e-4
Pete,4.79e-4
Salvatore,4.72e-4
Julius,4.7e-4
Merle,4.69e-4
Ira,4.64e-4
Malcolm,4.63e-4
Gerard,4.6e-4
Ivan,4.57e-4
Dallas,4.49e-4
Randall,4.48e-4
Sammy,4.43e-4
Buddy,4.41e-4
Kent,4.37e-4
Carlton,4.36e-4
Orville,4.36e-4
Eldon,4.35e-4
Tommie,4.35e-4
Grady,4.31e-4
Dewey,4.23e-4
Ross,4.23e-4
Darrel,4.19e-4
Bobbie,4.17e-4
Sylvester,4.17e-4
Aaron,4.16e-4
Nathan,4.13e-4
Edmund,4.12e-4
Junior,4.12e-4
Isaac,4.08e-4
Elbert,4.05e-4
Jesus,4.05e-4
Jerald,4.03e-4
Julian,4.03e-4
Ruben,3.97e-4
Pat,3.94e-4
Neal,3.91e-4
Antonio,3.84e-4
Ervin,3.81e-4
Eric,3.8e-4
Rufus,3.78e-4
Darryl,3.77e-4
Jacob,3.77e-4
Rudy,3.75e-4
Woodrow,3.72e-4
Teddy,3.71e-4
Mack,3.67e-4
Forrest,3.66e-4
Ramon,3.66e-4
Ellis,3.65e-4
Garry,3.59e-4
Nick,3.58e-4
Tyrone,3.58e-4
Reginald,3.56e-4
Wilson,3.54e-4
Felix,3.51e-4
Clark,3.5e-4
Noel,3.49e-4
Angelo,3.48e-4
Dwight,3.47e-4
Irvin,3.47e-4
Randolph,3.46e-4
Aubrey,3.43e-4
Owen,3.37e-4
Jeffrey,3.35e-4
Sheldon,3.29e-4
Bert,3.27e-4
Marlin,3.26e-4
Wilfred,3.25e-4
Loyd,3.22e-4
Boyd,3.17e-4
Christopher,3.17e-4
Percy,3.17e-4
Garland,3.13e-4
Preston,3.13e-4
Terrence,3.13e-4
Travis,3.12e-4
Conrad,3.08e-4
Emmett,3.08e-4
Harlan,3.08e-4
Craig,3.07e-4
Louie,3.07e-4
Sammie,3.07e-4
Wade,3.05e-4
Harley,2.94e-4
Darwin,2.93e-4
Frankie,2.93e-4
Norbert,2.91e-4
Phil,2.91e-4
Pedro,2.87e-4
Irving,2.84e-4
Raul,2.84e-4
Ned,2.8e-4
Grover,2.79e-4
Burton,2.75e-4
Jan,2.7e-4
Royce,2.63e-4
Mitchell,2.62e-4
Denis,2.61e-4
Jonathan,2.61e-4
Rodger,2.59e-4
Gale,2.57e-4
Lance,2.57e-4
Grant,2.55e-4
Daryl,2.54e-4
Stewart,2.53e-4
Kenny,2.52e-4
Roberto,2.52e-4
Kermit,2.51e-4
Alfonso,2.5e-4
Edmond,2.47e-4
Elwood,2.47e-4
Freddy,2.45e-4
Lionel,2.45e-4
Scott,2.44e-4
Amos,2.43e-4
Delmar,2.43e-4
Ken,2.43e-4
Emil,2.41e-4
Kevin,2.41e-4
Melvyn,2.41e-4
Mary,2.39e-4
Cornelius,2.37e-4
Francisco,2.36e-4
Ed,2.35e-4
Spencer,2.3e-4
Carol,2.28e-4
Cleveland,2.26e-4
Terrance,2.24e-4
Andy,2.22e-4
Maynard,2.22e-4
Moses,2.22e-4
Alonzo,2.21e-4
Adrian,2.19e-4
August,2.19e-4
Dominic,2.18e-4
Chris,2.17e-4
Micheal,2.17e-4
Thurman,2.17e-4
Irwin,2.16e-4
Merlin,2.16e-4
Mickey,2.16e-4
Tim,2.16e-4
Murray,2.15e-4
Errol,2.14e-4
Luis,2.13e-4
Johnie,2.11e-4
Weldon,2.11e-4
Lorenzo,2.1e-4
Mario,2.1e-4
Shirley,2.09e-4
Elijah,2.08e-4
Merrill,2.07e-4
Elton,2.06e-4
Roscoe,2.05e-4
Elvin,2.04e-4
Dominick,2.03e-4
Will,2e-4
Marcus,2e-4
Otto,1.99e-4
Monte,1.98e-4
Denny,1.96e-4
Jasper,1.95e-4
Sanford,1.94e-4
Gail,1.92e-4
Adam,1.91e-4
Odell,1.88e-4
Dwayne,1.87e-4
Lanny,1.87e-4
Austin,1.86e-4
Lamar,1.85e-4
Wiley,1.84e-4
Clair,1.83e-4
Frederic,1.83e-4
Millard,1.82e-4
Bradley,1.81e-4
Rene,1.81e-4
Shelby,1.81e-4
Nolan,1.8e-4
Simon,1.79e-4
Hal,1.78e-4
Norris,1.77e-4
Al,1.76e-4
Carmen,1.76e-4
Harrison,1.76e-4
Laverne,1.76e-4
Ron,1.75e-4
Elliott,1.73e-4
Hollis,1.73e-4
Abraham,1.72e-4
Armando,1.71e-4
Charley,1.7e-4
Emanuel,1.7e-4
Monroe,1.69e-4
Roderick,1.67e-4
Salvador,1.67e-4
Wilburn,1.67e-4
Barney,1.65e-4
Brent,1.62e-4
Jake,1.62e-4
Guadalupe,1.62e-4
Hershel,1.62e-4
Van,1.6e-4
Coy,1.59e-4
Fredric,1.58e-4
Reuben,1.58e-4
Ricardo,1.58e-4
Emory,1.57e-4
Bryan,1.56e-4
Sterling,1.56e-4
Winston,1.55e-4
Carrol,1.55e-4
Hector,1.52e-4
Truman,1.52e-4
Ernie,1.51e-4
Ollie,1.51e-4
Alfredo,1.49e-4
Armand,1.49e-4
Galen,1.49e-4
Gerry,1.49e-4
Gus,1.49e-4
Lavern,1.49e-4
Levi,1.47e-4
Miles,1.47e-4
Robin,1.47e-4
Jeff,1.46e-4
Jess,1.46e-4
Buford,1.45e-4
Dudley,1.45e-4
Linwood,1.44e-4
Mervin,1.44e-4
Emery,1.43e-4
Jerrold,1.43e-4
Miguel,1.43e-4
Adolph,1.42e-4
Jackson,1.42e-4
Clement,1.4e-4
Jean,1.39e-4
Jerold,1.39e-4
Erwin,1.39e-4
Ronny,1.39e-4
Rolland,1.38e-4
Delmer,1.37e-4
Kennith,1.37e-4
Wilmer,1.37e-4
Ward,1.36e-4
Kelly,1.35e-4
Gabriel,1.34e-4
Barbara,1.32e-4
Vance,1.32e-4
Vern,1.32e-4
Booker,1.3e-4
Blaine,1.28e-4
Wilford,1.28e-4
Dana,1.27e-4
Harris,1.26e-4
Kurt,1.26e-4
Arturo,1.25e-4
Ulysses,1.25e-4
Cleo,1.24e-4
Domingo,1.24e-4
Morton,1.24e-4
Rocco,1.24e-4
Dewayne,1.24e-4
Ernesto,1.24e-4
Riley,1.24e-4
Russel,1.24e-4
Monty,1.23e-4
Silas,1.23e-4
Alva,1.22e-4
Elias,1.22e-4
Herschel,1.22e-4
Randy,1.22e-4
Arlen,1.2e-4
Denver,1.2e-4
Vito,1.2e-4
Basil,1.18e-4
Fernando,1.16e-4
Betty,1.15e-4
Everette,1.14e-4
Bradford,1.13e-4
Arden,1.12e-4
Normand,1.12e-4
Burl,1.11e-4
Evan,1.11e-4
Rodolfo,1.11e-4
Connie,1.1e-4
Dickie,1.1e-4
Forest,1.1e-4
Gayle,1.09e-4
Gaylord,1.09e-4
Alphonso,1.09e-4
Kay,1.09e-4
Clay,1.08e-4
Huey,1.08e-4
Noah,1.08e-4
Alberto,1.07e-4
Dalton,1.07e-4
Earle,1.07e-4
Olin,1.07e-4
Barton,1.06e-4
Bernie,1.06e-4
Freeman,1.06e-4
Orlando,1.06e-4
Terence,1.06e-4
Gearld,1.05e-4
Lyman,1.05e-4
Milford,1.05e-4
Dannie,1.04e-4
Warner,1.04e-4
Alden,1.03e-4
Carson,1.03e-4
Luke,1.03e-4
Solomon,1.03e-4
Vaughn,1.03e-4
Odis,1.02e-4
Davis,1.02e-4
Winfred,1e-4
Elmo,9.9e-5
Enrique,9.9e-5
Kendall,9.9e-5
Rogers,9.9e-5
Royal,9.9e-5
Seymour,9.9e-5
Lenard,9.8e-5
Rafael,9.8e-5
Theron,9.8e-5
Patricia,9.7e-5
Tomas,9.7e-5
Tracy,9.7e-5
Carmine,9.6e-5
Eli,9.6e-5
Cyril,9.5e-5
Eddy,9.4e-5
Pasquale,9.4e-5
Anton,9.4e-5
Gilberto,9.4e-5
Thaddeus,9.4e-5
Bennett,9.3e-5
Haywood,9.2e-5
Kirk,9.2e-5
Morgan,9.2e-5
Jeremiah,9.1e-5
Major,9.1e-5
Anderson,9e-5
Fletcher,9e-5
Hoyt,9e-5
Maxie,9e-5
Alphonse,8.9e-5
Dwain,8.9e-5
Isiah,8.9e-5
Joshua,8.9e-5
Kyle,8.9e-5
Arlie,8.8e-5
Wilton,8.8e-5
Cletus,8.7e-5
Dee,8.7e-5
Garrett,8.7e-5
Saul,8.7e-5
Felipe,8.7e-5
Cary,8.6e-5
Dexter,8.6e-5
Emerson,8.6e-5
Hilton,8.6e-5
Jacky,8.6e-5
Joesph,8.6e-5
Sonny,8.6e-5
Bud,8.5e-5
Ignacio,8.5e-5
Ivory,8.5e-5
Kirby,8.5e-5
Lupe,8.5e-5
Pablo,8.5e-5
Raleigh,8.5e-5
Talmadge,8.5e-5
Abel,8.4e-5
Arther,8.4e-5
Boyce,8.4e-5
Jere,8.4e-5
Olen,8.4e-5
Otha,8.4e-5
Christian,8.3e-5
Jules,8.3e-5
Shelton,8.3e-5
Roman,8.2e-5
Claud,8.1e-5
Columbus,8.1e-5
Emile,8.1e-5
Andre,8e-5
Justin,8e-5
Reynaldo,8e-5
Art,7.9e-5
Darold,7.9e-5
Doris,7.9e-5
Elroy,7.9e-5
Gerold,7.9e-5
Hiram,7.9e-5
Lawerence,7.9e-5
Newton,7.9e-5
Elliot,7.9e-5
Chuck,7.8e-5
Ellsworth,7.8e-5
Geoffrey,7.8e-5
Jefferson,7.8e-5
Julio,7.8e-5
Mac,7.8e-5
Ramiro,7.8e-5
Rayford,7.8e-5
Terrell,7.8e-5
Emilio,7.7e-5
Houston,7.7e-5
Judson,7.7e-5
King,7.7e-5
Orval,7.7e-5
Sherwood,7.7e-5
Angel,7.6e-5
Augustus,7.6e-5
Bertram,7.6e-5
Foster,7.6e-5
Graham,7.6e-5
Kerry,7.6e-5
Lucius,7.6e-5
Santos,7.6e-5
Elden,7.5e-5
Emmitt,7.5e-5
Lacy,7.5e-5
Milo,7.5e-5
Carey,7.4e-5
Isaiah,7.4e-5
Jewel,7.4e-5
Santiago,7.4e-5
Beverly,7.3e-5
Dewitt,7.3e-5
Felton,7.3e-5
Patsy,7.3e-5
Waymon,7.3e-5
Benito,7.2e-5
Verne,7.2e-5
Arvin,7.2e-5
Coleman,7.2e-5
Merlyn,7.2e-5
Raymon,7.2e-5
Stanford,7.2e-5
Donn,7.1e-5
Ferdinand,7.1e-5
Mason,7.1e-5
Val,7.1e-5
Donovan,7e-5
Lemuel,7e-5
Mckinley,7e-5
Sydney,7e-5
Bryant,6.9e-5
Buster,6.9e-5
Lincoln,6.9e-5
Rayburn,6.9e-5
Clarance,6.8e-5
Doug,6.8e-5
Franklyn,6.8e-5
Lauren,6.8e-5
Marc,6.8e-5
Rollin,6.8e-5
Augustine,6.7e-5
Carter,6.7e-5
Marcel,6.7e-5
Oren,6.7e-5
Winford,6.7e-5
Andres,6.6e-5
Arlin,6.6e-5
Israel,6.6e-5
Judith,6.6e-5
Napoleon,6.6e-5
Hayward,6.5e-5
Nancy,6.5e-5
Omer,6.5e-5
Wilber,6.5e-5
Dorothy,6.4e-5
Lane,6.4e-5
Lon,6.4e-5
Quentin,6.4e-5
Reed,6.4e-5
Carlo,6.4e-5
Fritz,6.4e-5
Garold,6.4e-5
Glynn,6.4e-5
Harmon,6.4e-5
Jason,6.4e-5
Toby,6.4e-5
Adolfo,6.3e-5
Bart,6.3e-5
Cliff,6.3e-5
Dayton,6.3e-5
Granville,6.3e-5
Lynwood,6.3e-5
Noble,6.3e-5
Stan,6.3e-5
Cruz,6.2e-5
Damon,6.2e-5
Eduardo,6.2e-5
Reynold,6.2e-5
Elvis,6.1e-5
Hermon,6.1e-5
Lonny,6.1e-5
Raphael,6.1e-5
Sandy,6.1e-5
Alvis,6e-5
Benedict,6e-5
Donny,6e-5
Howell,6e-5
Jordan,6e-5
Marlyn,6e-5
Regis,6e-5
Todd,6e-5
Delton,5.9e-5
Duncan,5.9e-5
Mathew,5.9e-5
Maxwell,5.9e-5
Merritt,5.9e-5
Rosevelt,5.9e-5
Arlyn,5.8e-5
Garfield,5.8e-5
Harland,5.8e-5
Leeroy,5.8e-5
Margaret,5.8e-5
Walton,5.8e-5
Arlan,5.7e-5
Brady,5.7e-5
Edd,5.7e-5
Frances,5.7e-5
Jewell,5.7e-5
Joan,5.7e-5
Murphy,5.7e-5
Taylor,5.7e-5
Vicente,5.7e-5
Waldo,5.7e-5
Alejandro,5.7e-5
Artis,5.7e-5
Dillard,5.7e-5
Duwayne,5.7e-5
Farrell,5.7e-5
Hobert,5.7e-5
Melton,5.7e-5
Mose,5.7e-5
Theo,5.7e-5
Arvid,5.6e-5
Dennie,5.6e-5
Guillermo,5.6e-5
Lucien,5.6e-5
Pierre,5.6e-5
Robbie,5.6e-5
Rogelio,5.6e-5
Dell,5.5e-5
Dorsey,5.5e-5
Fidel,5.5e-5
Joyce,5.5e-5
Parker,5.5e-5
Wally,5.5e-5
Arlo,5.4e-5
Eldridge,5.4e-5
Ian,5.4e-5
Myles,5.4e-5
Ronal,5.4e-5
Seth,5.4e-5
Willian,5.4e-5
Zane,5.4e-5
Alford,5.3e-5
Benton,5.3e-5
Curtiss,5.3e-5
Donal,5.3e-5
Eldred,5.3e-5
Elwin,5.3e-5
Garth,5.3e-5
Lindsey,5.3e-5
Palmer,5.3e-5
Prentice,5.3e-5
Alvie,5.2e-5
Hardy,5.2e-5
Jennings,5.2e-5
Loy,5.2e-5
Verlin,5.2e-5
Burt,5.1e-5
Carleton,5.1e-5
Claudie,5.1e-5
Lawson,5.1e-5
Stanton,5.1e-5
Stephan,5.1e-5
Bryce,5e-5
Cordell,5e-5
Lamont,5e-5
Ora,5e-5
Porter,5e-5
Walker,5e-5
Abe,4.9e-5
Avery,4.9e-5
Cyrus,4.9e-5
Douglass,4.9e-5
Hans,4.9e-5
Herb,4.9e-5
Mahlon,4.9e-5
Ambrose,4.9e-5
Bruno,4.9e-5
Colin,4.9e-5
Greg,4.9e-5
Humberto,4.9e-5
Joaquin,4.9e-5
Nickolas,4.9e-5
Prince,4.9e-5
Rubin,4.9e-5
Theadore,4.9e-5
Winfield,4.9e-5
Aloysius,4.8e-5
Berry,4.8e-5
Bonnie,4.8e-5
Delano,4.8e-5
Ismael,4.8e-5
Sherrill,4.8e-5
Willam,4.8e-5
Domenic,4.7e-5
Dwaine,4.7e-5
Jeffery,4.7e-5
Matt,4.7e-5
Meredith,4.7e-5
Randell,4.7e-5
Rupert,4.7e-5
Santo,4.7e-5
Sebastian,4.7e-5
Windell,4.7e-5
Cornell,4.6e-5
Durwood,4.6e-5
Hugo,4.6e-5
Jonas,4.6e-5
Jonnie,4.6e-5
Kim,4.6e-5
Lois,4.6e-5
Lonzo,4.6e-5
Milan,4.6e-5
Randal,4.6e-5
Wardell,4.6e-5
Bernice,4.5e-5
Blair,4.5e-5
Conley,4.5e-5
Denzil,4.5e-5
Derrell,4.5e-5
Gaylon,4.5e-5
Glendon,4.5e-5
Haskell,4.5e-5
Mel,4.5e-5
Rollie,4.5e-5
Wylie,4.5e-5
Arvil,4.4e-5
Asa,4.4e-5
Autry,4.4e-5
Brooks,4.4e-5
Elizabeth,4.4e-5
Garnett,4.4e-5
Issac,4.4e-5
Joey,4.4e-5
Jorge,4.4e-5
Loyal,4.4e-5
Lucious,4.4e-5
Margarito,4.4e-5
Marty,4.4e-5
Orrin,4.4e-5
Pearl,4.4e-5
Rowland,4.4e-5
Ruth,4.4e-5
Sharon,4.4e-5
Williams,4.4e-5
Adolphus,4.3e-5
Audrey,4.3e-5
Constantine,4.3e-5
Denton,4.3e-5
Elmore,4.3e-5
Eloy,4.3e-5
Elwyn,4.3e-5
Elzie,4.3e-5
Enoch,4.3e-5
Ezra,4.3e-5
Hosea,4.3e-5
Madison,4.3e-5
Verlon,4.3e-5
Woody,4.3e-5
Carlyle,4.2e-5
Elisha,4.2e-5
Giles,4.2e-5
Jerrell,4.2e-5
Norwood,4.2e-5
Oran,4.2e-5
Aron,4.1e-5
Cedric,4.1e-5
Foy,4.1e-5
Henderson,4.1e-5
Lavon,4.1e-5
Loran,4.1e-5
Lou,4.1e-5
Lucian,4.1e-5
Martha,4.1e-5
Nicky,4.1e-5
Reggie,4.1e-5
Allyn,4.1e-5
Burley,4.1e-5
Junius,4.1e-5
Kenton,4.1e-5
Lambert,4.1e-5
Leamon,4.1e-5
Leonel,4.1e-5
Montie,4.1e-5
Orin,4.1e-5
Ottis,4.1e-5
Reid,4.1e-5
Turner,4.1e-5
Wayland,4.1e-5
Artie,4e-5
Arvel,4e-5
Clem,4e-5
Dock,4e-5
Edsel,4e-5
Ennis,4e-5
General,4e-5
Harlen,4e-5
Helen,4e-5
Scotty,4e-5
Author,3.9e-5
Cameron,3.9e-5
Curt,3.9e-5
Drew,3.9e-5
Emmit,3.9e-5
Harlon,3.9e-5
Harrell,3.9e-5
Lawrance,3.9e-5
Linda,3.9e-5
Logan,3.9e-5
Otho,3.9e-5
Richmond,3.9e-5
Valentine,3.9e-5
Von,3.9e-5
Cleve,3.8e-5
Darvin,3.8e-5
Dorris,3.8e-5
Edison,3.8e-5
Eliseo,3.8e-5
Ford,3.8e-5
Gustave,3.8e-5
Ike,3.8e-5
Jared,3.8e-5
June,3.8e-5
Len,3.8e-5
Lesley,3.8e-5
Lorin,3.8e-5
Merton,3.8e-5
Obie,3.8e-5
Sal,3.8e-5
Smith,3.8e-5
Stacy,3.8e-5
Tex,3.8e-5
Wyatt,3.8e-5
Albin,3.7e-5
Alfonzo,3.7e-5
Alonza,3.7e-5
Auther,3.7e-5
Barrie,3.7e-5
Clint,3.7e-5
Darnell,3.7e-5
Del,3.7e-5
Estel,3.7e-5
Fay,3.7e-5
Jamie,3.7e-5
Leander,3.7e-5
Leigh,3.7e-5
Lorenza,3.7e-5
Marcelino,3.7e-5
Pierce,3.7e-5
Quinton,3.7e-5
Sandra,3.7e-5
Virginia,3.7e-5
Webster,3.7e-5
Arland,3.6e-5
Buck,3.6e-5
Duke,3.6e-5
Isidro,3.6e-5
Lyndon,3.6e-5
Mervyn,3.6e-5
