name,percent
James,0.053182
Robert,0.051205
John,0.045853
William,0.038096
Richard,0.031185
Charles,0.026092
David,0.024348
Thomas,0.021235
Ronald,0.019446
Donald,0.018033
Larry,0.016048
Joseph,0.015773
George,0.015348
Jerry,0.013394
Kenneth,0.012864
Michael,0.012713
Edward,0.012423
Paul,0.012089
Gary,0.011608
Gerald,0.008719
Frank,0.008598
Raymond,0.007933
Dennis,0.007626
Harold,0.006457
Roger,0.006445
Walter,0.006176
Billy,0.006094
Henry,0.005705
Carl,0.005703
Joe,0.005696
Daniel,0.005618
Jack,0.005541
Arthur,0.005369
Lawrence,0.005297
Bobby,0.005244
Willie,0.005207
Wayne,0.004871
Ralph,0.004813
Roy,0.004737
Albert,0.004725
Stephen,0.004628
Eugene,0.004582
Fred,0.004481
Peter,0.004477
Jimmy,0.004247
Anthony,0.004177
Howard,0.004042
Harry,0.004029
Norman,0.003548
Louis,0.003541
Bruce,0.003426
Philip,0.00332
Douglas,0.003311
Johnny,0.003178
Leonard,0.003174
Melvin,0.003151
Stanley,0.003128
Earl,0.003029
Dale,0.003017
Francis,0.002978
Ernest,0.002969
Clarence,0.00293
Marvin,0.002885
Terry,0.002878
Samuel,0.002816
Don,0.002814
Leroy,0.002805
Bill,0.002751
Frederick,0.002622
Patrick,0.002513
Tommy,0.002461
Gene,0.002449
Allen,0.002438
Alfred,0.00243
Russell,0.002417
Herbert,0.002365
Phillip,0.002289
Ronnie,0.002273
Eddie,0.00227
Jim,0.002269
Lee,0.002185
Andrew,0.002163
Ray,0.002148
Alan,0.002093
Martin,0.002076
Glenn,0.00201
Bernard,0.001996
Tom,0.001991
Jimmie,0.001968
Steven,0.001966
Barry,0.001966
Gordon,0.001917
Leon,0.001893
Clifford,0.001886
Theodore,0.0018600000000000001
Lloyd,0.001792
Edwin,0.001764
Franklin,0.001757
Jesse,0.001742
Curtis,0.001728
Jerome,0.00172
Floyd,0.001678
Bob,0.001655
Vincent,0.001634
Warren,0.001625
Harvey,0.001606
Alvin,0.001601
Lewis,0.001572
Vernon,0.001571
Jackie,0.001566
Mike,0.001537
Steve,0.0015
Clyde,0.001495
Herman,0.001414
Charlie,0.001402
Leo,0.001375
Gilbert,0.001356
Victor,0.001327
Keith,0.001315
Danny,0.001311
Timothy,0.0013
Mark,0.001297
Arnold,0.001275
Benjamin,0.001258
Lester,0.001242
Leslie,0.001241
Rodney,0.00124
Jon,0.001231
Duane,0.001224
Darrell,0.001222
Johnnie,0.001209
Cecil,0.001203
Calvin,0.001201
Jeffrey,0.001198
Allan,0.00119
Chester,0.001151
Jay,0.001129
Freddie,0.001127
Glen,0.001125
Milton,0.001106
Lynn,0.001072
Joel,0.001065
Dean,0.001027
Roland,0.001025
Tony,9.75e-4
Nicholas,9.66e-4
Lonnie,9.58e-4
Elmer,9.56e-4
Jose,9.52e-4
Sam,9.51e-4
Claude,9.47e-4
Dan,9.18e-4
Brian,8.95e-4
Manuel,8.91e-4
Wallace,8.88e-4
Ted,8.72e-4
Wendell,8.71e-4
Wesley,8.69e-4
Willard,8.66e-4
Hugh,8.64e-4
Neil,8.57e-4
Jessie,8.28e-4
Maurice,8.18e-4
Marion,8.16e-4
Oscar,8.15e-4
Everett,7.89e-4
Edgar,7.88e-4
Lyle,7.49e-4
Max,7.42e-4
Virgil,7.35e-4
Dick,7.13e-4
Sidney,7.1e-4
Stuart,7.06e-4
Morris,6.97e-4
Marshall,6.95e-4
Karl,6.89e-4
Lowell,6.89e-4
Dave,6.88e-4
Luther,6.71e-4
Bennie,6.69e-4
Benny,6.63e-4
Gregory,6.63e-4
Nathaniel,6.59e-4
Alexander,6.51e-4
Earnest,6.45e-4
Nelson,6.32e-4
Donnie,6.27e-4
Carroll,6.24e-4
Homer,6.19e-4
Ben,6.12e-4
Guy,6.06e-4
Delbert,6.02e-4
Horace,5.88e-4
Clinton,5.86e-4
Otis,5.85e-4
Hubert,5.81e-4
Matthew,5.81e-4
Fredrick,5.8e-4
Eric,5.61e-4
Gerard,5.49e-4
Willis,5.45e-4
Kent,5.4e-4
Clifton,5.39e-4
Wilbur,5.31e-4
Juan,5.29e-4
Clayton,5.28e-4
Archie,5.21e-4
Sammy,5.18e-4
Roosevelt,5.14e-4
Alex,5.11e-4
Leland,5.07e-4
Alton,5.06e-4
Randall,5.06e-4
Myron,4.96e-4
Christopher,4.94e-4
Carlos,4.9e-4
Garry,4.89e-4
Ira,4.81e-4
Oliver,4.79e-4
Rudolph,4.78e-4
Perry,4.74e-4
Edmund,4.59e-4
Tommie,4.59e-4
Doyle,4.58e-4
Wilbert,4.57e-4
Troy,4.55e-4
Loren,4.49e-4
Aaron,4.46e-4
Jerald,4.46e-4
Rex,4.45e-4
Sherman,4.43e-4
Julius,4.39e-4
Neal,4.32e-4
Winston,4.32e-4
Craig,4.3e-4
Byron,4.29e-4
Sylvester,4.29e-4
Dwight,4.27e-4
Salvatore,4.27e-4
Pete,4.25e-4
Pat,4.23e-4
Reginald,4.23e-4
Nathan,4.21e-4
Laurence,4.19e-4
Ross,4.09e-4
Carlton,4.07e-4
Elbert,4.02e-4
Julian,4.01e-4
Malcolm,3.96e-4
Ivan,3.96e-4
Darrel,3.92e-4
Dallas,3.87e-4
Teddy,3.85e-4
Merle,3.84e-4
Woodrow,3.83e-4
Dewey,3.8e-4
Jacob,3.7e-4
Ruben,3.68e-4
Rudy,3.67e-4
Jan,3.65e-4
Rufus,3.65e-4
Buddy,3.61e-4
Clark,3.61e-4
Grady,3.6e-4
Isaac,3.59e-4
Wilson,3.59e-4
Ervin,3.58e-4
Jesus,3.57e-4
Antonio,3.55e-4
Billie,3.55e-4
Terrence,3.54e-4
Ellis,3.52e-4
Nick,3.52e-4
Mack,3.47e-4
Ramon,3.47e-4
Eldon,3.45e-4
Orville,3.44e-4
Forrest,3.4e-4
Bobbie,3.37e-4
Kevin,3.33e-4
Randolph,3.33e-4
Darryl,3.32e-4
Sheldon,3.3e-4
Micheal,3.29e-4
Owen,3.29e-4
Frankie,3.28e-4
Boyd,3.27e-4
Conrad,3.25e-4
Scott,3.21e-4
Angelo,3.16e-4
Junior,3.16e-4
Preston,3.16e-4
Wade,3.14e-4
Irvin,3.13e-4
Phil,3.13e-4
Tim,3.09e-4
Felix,3.05e-4
Garland,3.05e-4
Aubrey,2.97e-4
Grant,2.97e-4
Lanny,2.97e-4
Jeff,2.87e-4
Jonathan,2.86e-4
Royce,2.85e-4
Mitchell,2.83e-4
Sammie,2.83e-4
Mickey,2.82e-4
Bert,2.81e-4
Harlan,2.81e-4
Travis,2.78e-4
Marlin,2.75e-4
Tyrone,2.75e-4
Kenny,2.74e-4
Ken,2.74e-4
Roberto,2.73e-4
Rodger,2.7e-4
Pedro,2.7e-4
Percy,2.69e-4
Louie,2.68e-4
Noel,2.68e-4
Stewart,2.68e-4
Burton,2.66e-4
Loyd,2.65e-4
Daryl,2.64e-4
Emmett,2.61e-4
Harley,2.58e-4
Chris,2.55e-4
Irving,2.53e-4
Mary,2.5e-4
Wilfred,2.46e-4
Elwood,2.42e-4
Denis,2.41e-4
Terrance,2.38e-4
Emil,2.37e-4
Grover,2.35e-4
Ron,2.34e-4
Melvyn,2.31e-4
Raul,2.31e-4
Brent,2.3e-4
Spencer,2.3e-4
Gale,2.29e-4
Bradley,2.28e-4
Lionel,2.28e-4
Freddy,2.27e-4
Darwin,2.26e-4
Andy,2.23e-4
Edmond,2.22e-4
Ned,2.22e-4
Amos,2.21e-4
Roscoe,2.21e-4
Francisco,2.19e-4
Dominick,2.18e-4
Mario,2.18e-4
Ed,2.16e-4
Errol,2.16e-4
Kermit,2.16e-4
Moses,2.16e-4
Murray,2.12e-4
Norbert,2.11e-4
Marcus,2.11e-4
Alfonso,2.08e-4
Adrian,2.07e-4
Lorenzo,2.07e-4
Merlin,2.06e-4
Luis,2.04e-4
Dominic,2.03e-4
Sanford,2.02e-4
Cornelius,2.01e-4
Thurman,2e-4
Cleveland,1.97e-4
Lance,1.97e-4
Carol,1.94e-4
Laverne,1.92e-4
Delmar,1.91e-4
August,1.89e-4
Elijah,1.89e-4
Austin,1.88e-4
Gerry,1.87e-4
Johnie,1.86e-4
Carmen,1.84e-4
Adam,1.83e-4
Will,1.8e-4
Denny,1.79e-4
Geoffrey,1.79e-4
Alonzo,1.78e-4
Maynard,1.77e-4
Wiley,1.75e-4
Lamar,1.75e-4
Norris,1.75e-4
Van,1.75e-4
Ricardo,1.73e-4
Bryan,1.72e-4
Elton,1.72e-4
Otto,1.71e-4
Weldon,1.71e-4
Reuben,1.7e-4
Frederic,1.69e-4
Alfredo,1.68e-4
Salvador,1.68e-4
Armando,1.67e-4
Merrill,1.67e-4
Randy,1.67e-4
Jasper,1.66e-4
Millard,1.66e-4
Robin,1.66e-4
Charley,1.65e-4
Irwin,1.65e-4
Marc,1.65e-4
Monte,1.65e-4
Gabriel,1.63e-4
Dwayne,1.63e-4
Jeffery,1.63e-4
Sterling,1.59e-4
Gail,1.58e-4
Odell,1.58e-4
Elvin,1.56e-4
Ronny,1.55e-4
Hal,1.55e-4
Jerold,1.55e-4
Elliott,1.54e-4
Kurt,1.54e-4
Abraham,1.53e-4
Al,1.53e-4
Rene,1.53e-4
Simon,1.53e-4
Jake,1.52e-4
Clement,1.5e-4
Guadalupe,1.5e-4
Coy,1.49e-4
Dewayne,1.48e-4
Hollis,1.47e-4
Monroe,1.47e-4
Buford,1.46e-4
Linwood,1.45e-4
Barney,1.42e-4
Harrison,1.42e-4
Hector,1.42e-4
Dudley,1.4e-4
Emory,1.4e-4
Hershel,1.4e-4
Jackson,1.4e-4
Vance,1.4e-4
Cary,1.4e-4
Nolan,1.4e-4
Emanuel,1.39e-4
Adolph,1.38e-4
Mervin,1.38e-4
Riley,1.38e-4
Shirley,1.38e-4
Galen,1.36e-4
Jerrold,1.36e-4
Terence,1.36e-4
Wilmer,1.35e-4
Armand,1.34e-4
Fredric,1.34e-4
Shelby,1.34e-4
Wilburn,1.34e-4
Levi,1.32e-4
Miguel,1.32e-4
Clair,1.32e-4
Carrol,1.31e-4
Jess,1.31e-4
Truman,1.31e-4
Kirk,1.3e-4
Ollie,1.3e-4
Dexter,1.28e-4
Ernie,1.28e-4
Miles,1.28e-4
Roderick,1.28e-4
Arturo,1.28e-4
Kelly,1.27e-4
Noah,1.25e-4
Barbara,1.24e-4
Lavern,1.24e-4
Patricia,1.23e-4
Connie,1.21e-4
Emery,1.2e-4
Jean,1.2e-4
Harris,1.2e-4
Russel,1.2e-4
Gus,1.18e-4
Rolland,1.17e-4
Tomas,1.17e-4
Vern,1.17e-4
Bernie,1.16e-4
Booker,1.16e-4
Domingo,1.16e-4
Alphonso,1.16e-4
Dana,1.16e-4
Gearld,1.16e-4
Forest,1.12e-4
Kennith,1.12e-4
Ward,1.12e-4
Dalton,1.11e-4
Ulysses,1.1e-4
Elias,1.09e-4
Jere,1.09e-4
Andre,1.08e-4
Bradford,1.08e-4
Cleo,1.08e-4
Tracy,1.08e-4
Winfred,1.08e-4
Chuck,1.08e-4
Erwin,1.08e-4
Gaylord,1.08e-4
Herschel,1.08e-4
Rocco,1.08e-4
Vito,1.08e-4
Blaine,1.07e-4
Fernando,1.07e-4
Monty,1.07e-4
Pasquale,1.06e-4
Barton,1.05e-4
Basil,1.05e-4
Dickie,1.05e-4
Gayle,1.05e-4
Rodolfo,1.05e-4
Carmine,1.04e-4
Eli,1.04e-4
Delmer,1.04e-4
Earle,1.04e-4
Terrell,1.04e-4
Vaughn,1.04e-4
Alphonse,1.03e-4
Evan,1.03e-4
Lenard,1.02e-4
Alberto,1.01e-4
Freeman,1e-4
Ernesto,1e-4
Christian,9.8e-5
Lyman,9.8e-5
Odis,9.8e-5
Betty,9.7e-5
Enrique,9.7e-5
Wilford,9.7e-5
Abel,9.6e-5
Arlen,9.6e-5
Denver,9.6e-5
Jeremiah,9.6e-5
Kendall,9.6e-5
Kerry,9.6e-5
Kirby,9.6e-5
Luke,9.6e-5
Stan,9.6e-5
Everette,9.5e-5
Kyle,9.5e-5
Shelton,9.5e-5
Morton,9.4e-5
Pablo,9.4e-5
Rafael,9.4e-5
Silas,9.4e-5
Solomon,9.4e-5
Windell,9.4e-5
Anton,9.3e-5
Elliot,9.3e-5
Orlando,9.2e-5
Thaddeus,9.2e-5
Theron,9.2e-5
Arden,9.2e-5
Rogers,9.2e-5
Sherwood,9.2e-5
Wilton,9.2e-5
Eddy,9.1e-5
Elmo,9.1e-5
Emerson,9.1e-5
Isaiah,9.1e-5
Joesph,9.1e-5
Houston,8.9e-5
Milford,8.7e-5
Angel,8.6e-5
Carter,8.6e-5
Cyril,8.6e-5
Davis,8.6e-5
Olin,8.6e-5
Royal,8.6e-5
Clay,8.5e-5
Dannie,8.5e-5
Cletus,8.4e-5
Carey,8.3e-5
Elroy,8.3e-5
Felton,8.3e-5
Jefferson,8.3e-5
Meredith,8.3e-5
Alden,8.2e-5
Alva,8.1e-5
Claud,8.1e-5
Graham,8.1e-5
Olen,8.1e-5
Ramiro,8.1e-5
Reggie,8.1e-5
Duncan,8.1e-5
Lupe,8.1e-5
Burl,8e-5
Ignacio,8e-5
Morgan,8e-5
Raymon,8e-5
Reynaldo,8e-5
Bennett,7.9e-5
Beverly,7.9e-5
Huey,7.9e-5
Isiah,7.9e-5
Roman,7.9e-5
Sonny,7.9e-5
Todd,7.9e-5
Garrett,7.8e-5
Gilberto,7.8e-5
Sandy,7.8e-5
Columbus,7.7e-5
Harmon,7.7e-5
Normand,7.7e-5
Saul,7.7e-5
Carson,7.7e-5
Felipe,7.7e-5
Hoyt,7.7e-5
Kay,7.7e-5
Reed,7.7e-5
Anderson,7.6e-5
Fletcher,7.6e-5
Hilton,7.6e-5
Hiram,7.6e-5
Lynwood,7.6e-5
Benito,7.5e-5
Julio,7.5e-5
Lamont,7.5e-5
Winford,7.5e-5
Andres,7.4e-5
Arlie,7.4e-5
Boyce,7.4e-5
Dee,7.4e-5
Dwain,7.4e-5
Joshua,7.4e-5
Justin,7.4e-5
Milo,7.4e-5
Raleigh,7.4e-5
Lacy,7.3e-5
Major,7.3e-5
Stanford,7.3e-5
Toby,7.3e-5
Art,7.3e-5
Emilio,7.3e-5
Foster,7.3e-5
Judith,7.3e-5
Lyndon,7.3e-5
Santiago,7.3e-5
Bruno,7.2e-5
Jacky,7.1e-5
Lincoln,7.1e-5
Guillermo,7e-5
Otha,7e-5
Stephan,7e-5
Warner,7e-5
Augustine,6.9e-5
Jules,6.9e-5
Maxie,6.9e-5
Orval,6.9e-5
Rayburn,6.9e-5
Regis,6.9e-5
Ricky,6.9e-5
Verne,6.9e-5
Coleman,6.9e-5
Waymon,6.9e-5
Donn,6.8e-5
Emmitt,6.8e-5
Emile,6.7e-5
Glynn,6.7e-5
Israel,6.7e-5
Omer,6.7e-5
Rayford,6.7e-5
Sydney,6.7e-5
Woody,6.7e-5
Augustus,6.6e-5
Bertram,6.6e-5
Bonnie,6.6e-5
Bud,6.6e-5
Jason,6.5e-5
Mathew,6.5e-5
Santos,6.5e-5
Carlo,6.5e-5
Delano,6.5e-5
Haywood,6.5e-5
Mac,6.5e-5
Mason,6.5e-5
Newton,6.5e-5
Seymour,6.5e-5
Dewitt,6.4e-5
Hobert,6.4e-5
Linda,6.4e-5
Patsy,6.4e-5
Scotty,6.4e-5
Donny,6.3e-5
Doug,6.3e-5
Merlyn,6.3e-5
Oren,6.3e-5
Cyrus,6.2e-5
Doris,6.2e-5
Judson,6.2e-5
Lemuel,6.2e-5
Rollin,6.2e-5
Wally,6.2e-5
Curtiss,6.1e-5
Dorsey,6.1e-5
Hardy,6.1e-5
Hayward,6.1e-5
Lauren,6.1e-5
Lon,6.1e-5
Lucius,6.1e-5
Bart,6.1e-5
Colin,6.1e-5
Eduardo,6.1e-5
Gerold,6.1e-5
Greg,6.1e-5
Gregg,6.1e-5
Lindsey,6.1e-5
Ellsworth,6e-5
Joan,6e-5
Nickolas,6e-5
Palmer,6e-5
Randell,6e-5
Adolfo,5.9e-5
Alvis,5.9e-5
Darold,5.9e-5
Mckinley,5.9e-5
Sharon,5.9e-5
Arther,5.8e-5
Garth,5.8e-5
Lucien,5.8e-5
Val,5.8e-5
Walton,5.8e-5
Wilber,5.8e-5
Alejandro,5.7e-5
Alford,5.7e-5
Dorothy,5.7e-5
Avery,5.7e-5
Benedict,5.7e-5
Lawerence,5.7e-5
Randal,5.7e-5
Robbie,5.7e-5
Sandra,5.7e-5
Cliff,5.6e-5
Elden,5.6e-5
King,5.6e-5
Lane,5.6e-5
Pierre,5.6e-5
Seth,5.6e-5
Taylor,5.6e-5
Arlan,5.5e-5
Garfield,5.5e-5
Lonny,5.5e-5
Rogelio,5.5e-5
Arlo,5.4e-5
Cordell,5.4e-5
Delton,5.4e-5
Elwin,5.4e-5
Granville,5.4e-5
Hermon,5.4e-5
Ivory,5.4e-5
Stanton,5.4e-5
Fidel,5.3e-5
Gaylon,5.3e-5
Glendon,5.3e-5
Mose,5.3e-5
Willian,5.3e-5
Abe,5.3e-5
Buster,5.3e-5
Eldridge,5.3e-5
Garold,5.3e-5
Jewell,5.3e-5
Joyce,5.3e-5
Judy,5.3e-5
Alvie,5.2e-5
Donovan,5.2e-5
Franklyn,5.2e-5
Jewel,5.2e-5
Mahlon,5.2e-5
Ottis,5.2e-5
Walker,5.2e-5
Arlin,5.1e-5
Brooks,5.1e-5
Cedric,5.1e-5
Damon,5.1e-5
Lorin,5.1e-5
Maxwell,5.1e-5
Melton,5.1e-5
Nicky,5.1e-5
Wardell,5.1e-5
Adolphus,5e-5
Bryant,5e-5
Bryce,5e-5
Clarance,5e-5
Ferdinand,5e-5
Herb,5e-5
Nancy,5e-5
Noble,5e-5
Raphael,5e-5
Reid,5e-5
Benton,4.9e-5
Carleton,4.9e-5
Frances,4.9e-5
Fritz,4.9e-5
Giles,4.9e-5
Jordan,4.9e-5
Loy,4.9e-5
Mel,4.9e-5
Theadore,4.9e-5
Valentine,4.9e-5
Donal,4.9e-5
Harland,4.9e-5
Ian,4.9e-5
Merritt,4.9e-5
Merton,4.9e-5
Myles,4.9e-5
Orrin,4.9e-5
Reynold,4.9e-5
Rick,4.9e-5
Sebastian,4.9e-5
Sherrill,4.9e-5
Verlin,4.9e-5
Artie,4.8e-5
Arvid,4.8e-5
Asa,4.8e-5
Enoch,4.8e-5
Hans,4.8e-5
Jorge,4.8e-5
Leigh,4.8e-5
Murphy,4.8e-5
Napoleon,4.8e-5
Talmadge,4.8e-5
Carolyn,4.7e-5
Ismael,4.7e-5
Lindell,4.7e-5
Marcel,4.7e-5
Quentin,4.7e-5
Arvin,4.6e-5
Cruz,4.6e-5
Marty,4.6e-5
Milan,4.6e-5
Rupert,4.6e-5
Willam,4.6e-5
Artis,4.5e-5
Brady,4.5e-5
Curt,4.5e-5
Farrell,4.5e-5
Howell,4.5e-5
Lawson,4.5e-5
Porter,4.5e-5
Vicente,4.5e-5
Wylie,4.5e-5
Donnell,4.5e-5
Nicolas,4.5e-5
Burt,4.4e-5
Gregorio,4.4e-5
Jonas,4.4e-5
Newell,4.4e-5
Parker,4.4e-5
Rosario,4.4e-5
Thad,4.4e-5
Ashley,4.3e-5
Blair,4.3e-5
Edison,4.3e-5
Elvis,4.3e-5
Jennings,4.3e-5
Jerrell,4.3e-5
Kim,4.3e-5
Loyal,4.3e-5
Matt,4.3e-5
Mitchel,4.3e-5
Rubin,4.3e-5
Winfield,4.3e-5
Dell,4.2e-5
Dennie,4.2e-5
Douglass,4.2e-5
Erik,4.2e-5
Joey,4.2e-5
Leander,4.2e-5
Leeroy,4.2e-5
Adan,4.1e-5
Dillard,4.1e-5
Hosea,4.1e-5
Joaquin,4.1e-5
Lawrance,4.1e-5
Loran,4.1e-5
Sheridan,4.1e-5
Stacy,4.1e-5
Zane,4.1e-5
Antone,4.1e-5
Arvil,4.1e-5
Domenic,4.1e-5
Eldred,4.1e-5
Issac,4.1e-5
Jared,4.1e-5
Oran,4.1e-5
Orin,4.1e-5
Prince,4.1e-5
Romeo,4.1e-5
Sal,4.1e-5
Waldo,4.1e-5
Webster,4.1e-5
Buck,4e-5
Clint,4e-5
Margaret,4e-5
Toney,4e-5
Wayland,4e-5
Alfonzo,3.9e-5
Arlyn,3.9e-5
Berry,3.9e-5
Cloyd,3.9e-5
Constantine,3.9e-5
Dayton,3.9e-5
Edd,3.9e-5
Eloy,3.9e-5
Helen,3.9e-5
Lafayette,3.9e-5
Len,3.9e-5
Tex,3.9e-5
Verl,3.9e-5
Allyn,3.8e-5
Drew,3.8e-5
Elizabeth,3.8e-5
Ezra,3.8e-5
Florian,3.8e-5
Hugo,3.8e-5
Ike,3.8e-5
Lucious,3.8e-5
Margarito,3.8e-5
Omar,3.8e-5
Wyman,3.8e-5
Ambrose,3.7e-5
Clem,3.7e-5
Donna,3.7e-5
Duke,3.7e-5
Dwaine,3.7e-5
Elisha,3.7e-5
Garnett,3.7e-5
Gloria,3.7e-5
Lesley,3.7e-5
Lucian,3.7e-5
Rosevelt,3.7e-5
Trinidad,3.7e-5
Williams,3.7e-5
Crawford,3.7e-5
Darnell,3.7e-5
Derrell,3.7e-5
Duwayne,3.7e-5
Ford,3.7e-5
Javier,3.7e-5
Jonnie,3.7e-5
Santo,3.7e-5
Vernell,3.7e-5
Woodie,3.7e-5
Beryl,3.6e-5
Burnell,3.6e-5
Cornell,3.6e-5
Denzil,3.6e-5
Edsel,3.6e-5
Eliseo,3.6e-5
Jeffry,3.6e-5
Lambert,3.6e-5
Logan,3.6e-5
Watson,3.6e-5
Autry,3.5e-5
Cameron,3.5e-5
Elwyn,3.5e-5
Henderson,3.5e-5
Jarvis,3.5e-5
Karen,3.5e-5
Kenton,3.5e-5
Lavon,3.5e-5
Leamon,3.5e-5
Martha,3.5e-5
Michel,3.5e-5
Obie,3.5e-5
Virginia,3.5e-5
Brendan,3.4e-5
Clare,3.4e-5
Clarke,3.4e-5
Claudie,3.4e-5
Durwood,3.4e-5
Elzie,3.4e-5
Ezekiel,3.4e-5
Fay,3.4e-5
Jamie,3.4e-5
Nevin,3.4e-5
Otho,3.4e-5
Rudolf,3.4e-5
Agustin,3.3e-5
Angus,3.3e-5
Barrie,3.3e-5
Bernice,3.3e-5
Bertrand,3.3e-5
Clovis,3.3e-5
Darell,3.3e-5
Earlie,3.3e-5
Early,3.3e-5
Elmore,3.3e-5
Gay,3.3e-5
Gaylen,3.3e-5
Harrell,3.3e-5
Hayden,3.3e-5
Leonardo,3.3e-5
Norwood,3.3e-5
