name,percent
James,0.055183
Robert,0.051464
John,0.047398
William,0.038445
Richard,0.031859
David,0.025599
Charles,0.025191
Thomas,0.022603
Ronald,0.020102
Michael,0.017023
Donald,0.01679
Larry,0.015801
Joseph,0.015693
George,0.014904
Kenneth,0.013147
Gary,0.012283
Jerry,0.012191
Edward,0.012181
Paul,0.011858
Dennis,0.009705
Frank,0.008427
Raymond,0.007838
Gerald,0.007809
Roger,0.007405
Daniel,0.006301
Walter,0.006215
Harold,0.005956
Douglas,0.005661
Stephen,0.005451
Arthur,0.005353
Henry,0.005244
Lawrence,0.005211
Carl,0.005129
Jack,0.00509
Joe,0.005025
Willie,0.004933
Billy,0.004823
Roy,0.004761
Peter,0.004726
Wayne,0.004656
Ralph,0.00465
Jimmy,0.004431
Albert,0.004338
Anthony,0.004264
Fred,0.00424
Bobby,0.004208
Eugene,0.004052
Terry,0.003945
Howard,0.00394
Harry,0.003934
Bruce,0.003733
Johnny,0.003697
Louis,0.003459
Stanley,0.003228
Leonard,0.00317
Norman,0.003108
Philip,0.003076
Steven,0.002937
Dale,0.002911
Earl,0.0028769999999999998
Ernest,0.00287
Samuel,0.002846
Francis,0.002798
Melvin,0.002794
Bill,0.00274
Marvin,0.002706
Alan,0.002652
Clarence,0.002649
Patrick,0.002645
Frederick,0.002641
Ronnie,0.00263
Don,0.002623
Russell,0.002578
Leroy,0.002573
Jim,0.002525
Allen,0.002496
Tommy,0.002484
Alfred,0.002366
Andrew,0.0023
Eddie,0.002258
Phillip,0.002233
Barry,0.002194
Martin,0.002115
Ray,0.002106
Glenn,0.002099
Herbert,0.002092
Tom,0.002003
Danny,0.001998
Gene,0.001972
Mike,0.00193
Lee,0.001918
Bernard,0.001884
Steve,0.001846
Clifford,0.001827
Jimmie,0.001807
Victor,0.001799
Theodore,0.001798
Gordon,0.001793
Timothy,0.001773
Curtis,0.001741
Mark,0.001732
Warren,0.001706
Leon,0.001683
Lloyd,0.001681
Jesse,0.001668
Vincent,0.001663
Edwin,0.001643
Keith,0.001639
Jerome,0.001584
Bob,0.001562
Harvey,0.00154
Floyd,0.00153
Alvin,0.001508
Lewis,0.001503
Clyde,0.001503
Jeffrey,0.001493
Vernon,0.001439
Rodney,0.001366
Franklin,0.001351
Brian,0.001337
Leslie,0.001318
Charlie,0.001256
Gilbert,0.001242
Jackie,0.001224
Lester,0.001211
Jon,0.001205
Calvin,0.001204
Joel,0.001199
Herman,0.001187
Benjamin,0.001183
Arnold,0.00117
Cecil,0.001167
Leo,0.001167
Jay,0.001153
Johnnie,0.001136
Allan,0.001128
Chester,0.00112
Duane,0.001114
Dan,0.00106
Darrell,0.001049
Milton,0.001036
Dean,0.001035
Freddie,0.001032
Lonnie,0.001008
Tony,0.001
Glen,9.92e-4
Lynn,9.9e-4
Nicholas,9.87e-4
Manuel,9.82e-4
Roland,9.52e-4
Jose,9.48e-4
Claude,9.36e-4
Sam,9.08e-4
Elmer,8.99e-4
Wesley,8.69e-4
Wallace,8.62e-4
Ted,8.5e-4
Dwight,8.48e-4
Willard,8.45e-4
Hugh,8.29e-4
Eric,8.07e-4
Neil,7.95e-4
Gregory,7.79e-4
Craig,7.78e-4
Maurice,7.6e-4
Jessie,7.52e-4
Dave,7.51e-4
Edgar,7.43e-4
Oscar,7.39e-4
Marion,7.34e-4
Randall,7.06e-4
Marshall,7.03e-4
Sidney,6.99e-4
Everett,6.88e-4
Virgil,6.83e-4
Benny,6.59e-4
Earnest,6.47e-4
Stuart,6.37e-4
Alexander,6.33e-4
Donnie,6.31e-4
Morris,6.28e-4
Karl,6.24e-4
Sammy,6.2e-4
Christopher,6.14e-4
Lyle,6.07e-4
Max,6.03e-4
Clifton,5.91e-4
Dick,5.88e-4
Bennie,5.86e-4
Nathaniel,5.82e-4
Luther,5.8e-4
Ben,5.76e-4
Juan,5.74e-4
Garry,5.71e-4
Carroll,5.68e-4
Guy,5.67e-4
Matthew,5.64e-4
Kent,5.58e-4
Wendell,5.58e-4
Lowell,5.54e-4
Homer,5.52e-4
Fredrick,5.49e-4
Nelson,5.45e-4
Delbert,5.39e-4
Gerard,5.3e-4
Clayton,5.27e-4
Willis,5.17e-4
Hubert,5.16e-4
Otis,5.1e-4
Clinton,4.89e-4
Carlos,4.8e-4
Horace,4.71e-4
Perry,4.7e-4
Leland,4.63e-4
Loren,4.63e-4
Malcolm,4.63e-4
Oliver,4.59e-4
Wilbur,4.59e-4
Edmund,4.59e-4
Randolph,4.58e-4
Rudolph,4.57e-4
Alex,4.55e-4
Micheal,4.55e-4
Alton,4.53e-4
Laurence,4.46e-4
Kevin,4.43e-4
Pete,4.41e-4
Troy,4.34e-4
Terrence,4.3e-4
Mack,4.29e-4
Ira,4.28e-4
Jerald,4.28e-4
Archie,4.24e-4
Tim,4.24e-4
Rex,4.22e-4
Julius,4.22e-4
Reginald,4.21e-4
Salvatore,4.21e-4
Roosevelt,4.19e-4
Wilbert,4.15e-4
Byron,4.03e-4
Ross,4.03e-4
Randy,4.02e-4
Nathan,3.98e-4
Myron,3.95e-4
Jonathan,3.95e-4
Antonio,3.91e-4
Dewey,3.88e-4
Nick,3.86e-4
Jesus,3.85e-4
Tommie,3.84e-4
Woodrow,3.84e-4
Rudy,3.82e-4
Julian,3.8e-4
Jan,3.8e-4
Aaron,3.77e-4
Ivan,3.77e-4
Carlton,3.76e-4
Winston,3.75e-4
Ruben,3.73e-4
Scott,3.71e-4
Sherman,3.71e-4
Neal,3.67e-4
Rodger,3.67e-4
Ron,3.6e-4
Doyle,3.58e-4
Pat,3.57e-4
Mitchell,3.53e-4
Clark,3.47e-4
Teddy,3.47e-4
Darrel,3.47e-4
Sylvester,3.46e-4
Elbert,3.42e-4
Ellis,3.41e-4
Frankie,3.39e-4
Dallas,3.38e-4
Rufus,3.35e-4
Ervin,3.33e-4
Jeff,3.31e-4
Isaac,3.3e-4
Orville,3.27e-4
Grady,3.26e-4
Jacob,3.26e-4
Terrance,3.18e-4
Wilson,3.18e-4
Sheldon,3.14e-4
Forrest,3.12e-4
Conrad,3.1e-4
Eldon,3.09e-4
Merle,3.09e-4
Preston,3.07e-4
Chris,3.05e-4
Ken,3.05e-4
Garland,3.05e-4
Kenny,2.98e-4
Billie,2.96e-4
Buddy,2.95e-4
Stewart,2.93e-4
Ramon,2.92e-4
Felix,2.87e-4
Grant,2.87e-4
Phil,2.87e-4
Bert,2.86e-4
Irvin,2.86e-4
Owen,2.86e-4
Junior,2.85e-4
Boyd,2.78e-4
Sammie,2.77e-4
Darryl,2.76e-4
Noel,2.74e-4
Wade,2.74e-4
Wilfred,2.72e-4
Mickey,2.71e-4
Percy,2.7e-4
Roberto,2.68e-4
Aubrey,2.56e-4
Raul,2.55e-4
Royce,2.55e-4
Angelo,2.54e-4
Daryl,2.48e-4
Grover,2.48e-4
Ronny,2.47e-4
Pedro,2.45e-4
Francisco,2.44e-4
Harley,2.44e-4
Spencer,2.42e-4
Harlan,2.41e-4
Brent,2.4e-4
Andy,2.37e-4
Denis,2.36e-4
Bobbie,2.32e-4
Tyrone,2.32e-4
Freddy,2.31e-4
Darwin,2.29e-4
Marlin,2.28e-4
Emmett,2.28e-4
Mario,2.28e-4
Bradley,2.27e-4
Louie,2.27e-4
Irving,2.24e-4
Edmond,2.21e-4
Kermit,2.21e-4
Colin,2.2e-4
Ed,2.2e-4
Luis,2.19e-4
Bryan,2.19e-4
Loyd,2.17e-4
Travis,2.16e-4
Jeffery,2.15e-4
Burton,2.09e-4
Gale,2.08e-4
Moses,2.07e-4
Geoffrey,2.06e-4
Denny,2.06e-4
Thurman,2.05e-4
Kurt,2.04e-4
Lance,2.01e-4
Cleveland,2.01e-4
Lanny,2.01e-4
Murray,2e-4
Austin,1.98e-4
Elwood,1.97e-4
Sanford,1.96e-4
Lionel,1.95e-4
Marcus,1.94e-4
Ned,1.93e-4
Amos,1.93e-4
Dominick,1.93e-4
Kelly,1.9e-4
Gerry,1.88e-4
Guadalupe,1.88e-4
Norbert,1.86e-4
Dominic,1.84e-4
Alfonso,1.84e-4
Cornelius,1.83e-4
Merlin,1.82e-4
Terence,1.82e-4
Alonzo,1.79e-4
Emil,1.79e-4
Cary,1.79e-4
Lorenzo,1.78e-4
Elton,1.76e-4
Van,1.76e-4
Mary,1.75e-4
Jasper,1.73e-4
Adam,1.72e-4
Simon,1.72e-4
August,1.71e-4
Frederic,1.68e-4
Doug,1.67e-4
Armando,1.66e-4
Merrill,1.66e-4
Roscoe,1.66e-4
Lamar,1.66e-4
Hector,1.65e-4
Mac,1.65e-4
Norris,1.65e-4
Rene,1.64e-4
Robin,1.63e-4
Maynard,1.62e-4
Rick,1.62e-4
Elliott,1.62e-4
Millard,1.62e-4
Harrison,1.6e-4
Carol,1.6e-4
Arturo,1.59e-4
Linwood,1.59e-4
Carmen,1.57e-4
Alfredo,1.56e-4
Marc,1.55e-4
Wiley,1.55e-4
Ernie,1.54e-4
Weldon,1.53e-4
Adrian,1.53e-4
Roderick,1.53e-4
Elijah,1.52e-4
Barney,1.51e-4
Elvin,1.51e-4
Odell,1.51e-4
Johnie,1.51e-4
Fredric,1.5e-4
Sterling,1.5e-4
Delmar,1.47e-4
Miguel,1.46e-4
Truman,1.46e-4
Erwin,1.46e-4
Gail,1.46e-4
Kerry,1.46e-4
Laverne,1.46e-4
Kirk,1.44e-4
Ricardo,1.44e-4
Charley,1.44e-4
Hal,1.44e-4
Jerold,1.43e-4
Hollis,1.42e-4
Will,1.42e-4
Jackson,1.42e-4
Monroe,1.42e-4
Nolan,1.42e-4
Galen,1.4e-4
Salvador,1.4e-4
Vaughn,1.4e-4
Al,1.39e-4
Reuben,1.39e-4
Coy,1.38e-4
Errol,1.38e-4
Ollie,1.38e-4
Shelby,1.38e-4
Gabriel,1.37e-4
Abraham,1.36e-4
Buford,1.36e-4
Dwayne,1.35e-4
Otto,1.33e-4
Emanuel,1.32e-4
Jess,1.31e-4
Dannie,1.3e-4
Monty,1.3e-4
Dudley,1.29e-4
Emory,1.29e-4
Irwin,1.29e-4
Shirley,1.29e-4
Wilmer,1.29e-4
Chuck,1.28e-4
Dana,1.28e-4
Ricky,1.25e-4
Levi,1.22e-4
Melvyn,1.22e-4
Ward,1.22e-4
Bradford,1.2e-4
Mcarthur,1.2e-4
Armand,1.19e-4
Monte,1.19e-4
Riley,1.18e-4
Russel,1.18e-4
Clement,1.17e-4
Rodolfo,1.17e-4
Booker,1.16e-4
Jerrold,1.16e-4
Vance,1.14e-4
Clair,1.13e-4
Blaine,1.12e-4
Dewayne,1.12e-4
Fernando,1.12e-4
Jean,1.12e-4
Gus,1.11e-4
Todd,1.11e-4
Dexter,1.1e-4
Harris,1.1e-4
Jake,1.1e-4
Enrique,1.09e-4
Mervin,1.09e-4
Freeman,1.09e-4
Earle,1.08e-4
Tomas,1.08e-4
Dickie,1.07e-4
Reynaldo,1.07e-4
Connie,1.07e-4
Domingo,1.06e-4
Miles,1.06e-4
Noah,1.06e-4
Solomon,1.06e-4
Ulysses,1.06e-4
Carrol,1.05e-4
Rocco,1.05e-4
Vern,1.05e-4
Alva,1.02e-4
Barbara,1.02e-4
Wilburn,1.02e-4
Winfred,1.02e-4
Evan,1.02e-4
Lavern,1.02e-4
Tracy,1.02e-4
Alberto,1.01e-4
Elliot,1.01e-4
Greg,1e-4
Patricia,1e-4
Barton,1e-4
Ernesto,1e-4
Felipe,1e-4
Gaylord,1e-4
Lupe,1e-4
Alphonso,9.9e-5
Bernie,9.9e-5
Denver,9.9e-5
Kennith,9.8e-5
Sandy,9.8e-5
Stan,9.8e-5
Stephan,9.8e-5
Wilford,9.8e-5
Eddy,9.8e-5
Garrett,9.8e-5
Gilberto,9.8e-5
Rafael,9.7e-5
Kirby,9.5e-5
Hershel,9.4e-5
Jason,9.4e-5
Linda,9.4e-5
Silas,9.4e-5
Christian,9.4e-5
Dalton,9.4e-5
Lenard,9.4e-5
Pablo,9.4e-5
Basil,9.1e-5
Joey,9.1e-5
Cleo,9e-5
Emery,9e-5
Gayle,9e-5
Milford,9e-5
Rolland,9e-5
Andre,8.9e-5
Carter,8.9e-5
Davis,8.9e-5
Wilton,8.9e-5
Adolph,8.9e-5
Anton,8.9e-5
Carey,8.9e-5
Carmine,8.9e-5
Thaddeus,8.9e-5
Everette,8.8e-5
Lyman,8.8e-5
Alden,8.7e-5
Forest,8.7e-5
Joesph,8.7e-5
Kendall,8.7e-5
Sonny,8.7e-5
Luke,8.7e-5
Julio,8.6e-5
Clay,8.5e-5
Major,8.5e-5
Morgan,8.5e-5
Kyle,8.5e-5
Pasquale,8.5e-5
Royal,8.5e-5
Carson,8.4e-5
Delmer,8.4e-5
Elmo,8.4e-5
Jeremiah,8.3e-5
Roman,8.3e-5
Arden,8.3e-5
Foster,8.3e-5
Morton,8.3e-5
Terrell,8.3e-5
Art,8.2e-5
Toby,8.2e-5
Vito,8.2e-5
Eli,8.1e-5
Ignacio,8.1e-5
Olen,8.1e-5
Angel,8e-5
Blair,8e-5
Gregg,7.9e-5
Cyril,7.8e-5
Emerson,7.8e-5
Arlie,7.8e-5
Jere,7.8e-5
Olin,7.8e-5
Theron,7.8e-5
Gearld,7.7e-5
Donny,7.6e-5
Reed,7.6e-5
Andres,7.6e-5
Isaiah,7.6e-5
Ramiro,7.6e-5
Rogers,7.6e-5
Hiram,7.5e-5
Burl,7.4e-5
Elias,7.4e-5
Glynn,7.4e-5
Houston,7.4e-5
Raleigh,7.4e-5
Milo,7.4e-5
Duncan,7.3e-5
Jacky,7.3e-5
Bart,7.2e-5
Justin,7.2e-5
Kim,7.2e-5
Lucius,7.2e-5
Rickey,7.2e-5
Sandra,7.2e-5
Sherwood,7.2e-5
Isiah,7.2e-5
Herschel,7.1e-5
Ivory,7.1e-5
Lyndon,7.1e-5
Nicky,7.1e-5
Normand,7.1e-5
Orlando,7.1e-5
Rayford,7.1e-5
Claud,7e-5
Elroy,7e-5
Fletcher,7e-5
Harmon,7e-5
Shelton,7e-5
Anderson,6.9e-5
Augustus,6.9e-5
Bennett,6.9e-5
Cletus,6.9e-5
Emilio,6.9e-5
Odis,6.9e-5
Otha,6.9e-5
Hilton,6.9e-5
Santiago,6.8e-5
Woody,6.8e-5
Augustine,6.7e-5
Jefferson,6.7e-5
Judson,6.7e-5
Kay,6.7e-5
Orval,6.7e-5
Saul,6.7e-5
Jules,6.6e-5
Reggie,6.6e-5
Sharon,6.6e-5
Boyce,6.5e-5
Coleman,6.5e-5
Columbus,6.5e-5
Dee,6.5e-5
Emmitt,6.5e-5
Joshua,6.5e-5
Wally,6.5e-5
Hoyt,6.5e-5
Lacy,6.5e-5
Lamont,6.5e-5
Lemuel,6.5e-5
Dewitt,6.4e-5
Graham,6.4e-5
Newton,6.4e-5
Curtiss,6.3e-5
Haywood,6.3e-5
Maxie,6.3e-5
Abel,6.3e-5
Alphonse,6.3e-5
Benito,6.3e-5
Bonnie,6.3e-5
Eduardo,6.3e-5
Lincoln,6.3e-5
Betty,6.2e-5
Felton,6.2e-5
Israel,6.1e-5
Judith,6.1e-5
Beverly,6.1e-5
Bryant,6.1e-5
Bryce,6.1e-5
Bud,6.1e-5
Hayward,6.1e-5
Lynwood,6.1e-5
Marty,6.1e-5
Mason,6.1e-5
Quentin,6.1e-5
Santos,6.1e-5
Warner,6.1e-5
King,6e-5
Randal,6e-5
Burt,5.9e-5
Garth,5.9e-5
Lauren,5.9e-5
Buster,5.8e-5
Emile,5.8e-5
Nickolas,5.8e-5
Regis,5.8e-5
Rollin,5.8e-5
Seth,5.8e-5
Taylor,5.8e-5
Ambrose,5.7e-5
Donn,5.7e-5
Lawerence,5.7e-5
Marcel,5.7e-5
Mathew,5.7e-5
Mckinley,5.7e-5
Walton,5.7e-5
Dwain,5.6e-5
Ellsworth,5.6e-5
Winford,5.6e-5
Derek,5.6e-5
Douglass,5.6e-5
Hobert,5.6e-5
Joyce,5.6e-5
Lon,5.6e-5
Meredith,5.6e-5
Noble,5.6e-5
Verlin,5.6e-5
Arlen,5.5e-5
Elden,5.5e-5
Palmer,5.5e-5
Delmas,5.4e-5
Jeffry,5.4e-5
Jorge,5.4e-5
Lonny,5.4e-5
Loran,5.4e-5
Myles,5.4e-5
Oren,5.4e-5
Guillermo,5.4e-5
Leigh,5.4e-5
Reid,5.4e-5
Arvid,5.3e-5
Jamie,5.3e-5
Jordan,5.3e-5
Michel,5.3e-5
Raymon,5.3e-5
Avery,5.2e-5
Carolyn,5.2e-5
Dennie,5.2e-5
Erik,5.2e-5
Huey,5.2e-5
Sydney,5.2e-5
Waymon,5.2e-5
Benedict,5.2e-5
Dorsey,5.2e-5
Lucien,5.2e-5
Adolfo,5.1e-5
Cliff,5.1e-5
Cruz,5.1e-5
Darold,5.1e-5
Drew,5.1e-5
Fidel,5.1e-5
Gaylon,5.1e-5
Lindsey,5.1e-5
Loy,5.1e-5
Stanford,5.1e-5
Verne,5.1e-5
Willian,5.1e-5
Alford,5e-5
Donovan,5e-5
Ferdinand,5e-5
Granville,5e-5
Hardy,5e-5
Melton,5e-5
Omer,5e-5
Rogelio,5e-5
Arther,5e-5
Damon,5e-5
Durwood,5e-5
Mose,5e-5
Windell,5e-5
Brady,4.9e-5
Mel,4.9e-5
Sherrill,4.9e-5
Val,4.9e-5
Alejandro,4.8e-5
Alvis,4.8e-5
Carlo,4.8e-5
Elwin,4.8e-5
Merlyn,4.8e-5
Napoleon,4.8e-5
Rod,4.8e-5
Walker,4.8e-5
Arlin,4.7e-5
Artis,4.7e-5
Cyrus,4.7e-5
Garold,4.7e-5
Kenton,4.7e-5
Lane,4.7e-5
Mitchel,4.7e-5
Nancy,4.7e-5
Ottis,4.7e-5
Randell,4.7e-5
Theadore,4.7e-5
Eloy,4.7e-5
Jerrell,4.7e-5
Lesley,4.7e-5
Patsy,4.7e-5
Domenic,4.6e-5
Franklyn,4.6e-5
Harland,4.6e-5
Jewell,4.6e-5
Loyal,4.6e-5
Merritt,4.6e-5
Obie,4.6e-5
Berry,4.5e-5
Dorothy,4.5e-5
Glendon,4.5e-5
Howell,4.5e-5
Hugo,4.5e-5
Maxwell,4.5e-5
Porter,4.5e-5
Seymour,4.5e-5
Talmadge,4.5e-5
Brooks,4.5e-5
Gregorio,4.5e-5
Ian,4.5e-5
Reynold,4.5e-5
Rupert,4.5e-5
Vicente,4.5e-5
Wardell,4.5e-5
Wilber,4.5e-5
Bertram,4.4e-5
Brad,4.4e-5
Enoch,4.4e-5
Pierre,4.4e-5
Robbie,4.4e-5
Sal,4.4e-5
Zane,4.4e-5
Bruno,4.3e-5
Curt,4.3e-5
Farrell,4.3e-5
Gerold,4.3e-5
Murphy,4.3e-5
Parker,4.3e-5
Denzil,4.3e-5
Duwayne,4.3e-5
Matt,4.3e-5
Newell,4.3e-5
Nicolas,4.3e-5
Arlan,4.2e-5
Benton,4.2e-5
Claudie,4.2e-5
Dillard,4.2e-5
Edsel,4.2e-5
Hermon,4.2e-5
Ike,4.2e-5
Jame,4.2e-5
Jewel,4.2e-5
Les,4.2e-5
Margaret,4.2e-5
Prince,4.2e-5
Stanton,4.2e-5
Theo,4.2e-5
Winfield,4.2e-5
Albin,4.1e-5
Arvin,4.1e-5
Curley,4.1e-5
Elvis,4.1e-5
General,4.1e-5
Lorin,4.1e-5
Macarthur,4.1e-5
Orrin,4.1e-5
Sebastian,4.1e-5
Terrill,4.1e-5
Carleton,4.1e-5
Cedric,4.1e-5
Dayton,4.1e-5
Ezra,4.1e-5
Lindell,4.1e-5
Ashley,4e-5
Blake,4e-5
Early,4e-5
Frances,4e-5
Fritz,4e-5
Junius,4e-5
Ora,4e-5
Raphael,4e-5
Rubin,4e-5
Russ,4e-5
Waldo,4e-5
Artie,3.9e-5
Cameron,3.9e-5
Courtney,3.9e-5
Delton,3.9e-5
Elmore,3.9e-5
Quinton,3.9e-5
Thad,3.9e-5
Willam,3.9e-5
Allyn,3.9e-5
Asa,3.9e-5
Cleve,3.9e-5
Haskell,3.9e-5
Rondal,3.9e-5
Valentine,3.9e-5
Abe,3.8e-5
Brendan,3.8e-5
Cordell,3.8e-5
Dwaine,3.8e-5
Lawson,3.8e-5
Merton,3.8e-5
Rayburn,3.8e-5
Collin,3.7e-5
Ezell,3.7e-5
Issac,3.7e-5
Javier,3.7e-5
Jennings,3.7e-5
Karen,3.7e-5
Leeroy,3.7e-5
Lenwood,3.7e-5
Lucious,3.7e-5
Oran,3.7e-5
Timmy,3.7e-5
Aron,3.6e-5
Clarance,3.6e-5
Dell,3.6e-5
Joan,3.6e-5
Lavon,3.6e-5
Logan,3.6e-5
Lorenza,3.6e-5
Milan,3.6e-5
Refugio,3.6e-5
Antone,3.6e-5
Dock,3.6e-5
Elwyn,3.6e-5
Jaime,3.6e-5
Johnson,3.6e-5
Judy,3.6e-5
Reese,3.6e-5
Rosevelt,3.6e-5
Rowland,3.6e-5
Vince,3.6e-5
Wayland,3.6e-5
Edd,3.5e-5
Jonas,3.5e-5
Lindsay,3.5e-5
Lonzo,3.5e-5
Marco,3.5e-5
Verl,3.5e-5
Alvie,3.4e-5
Cornell,3.4e-5
Derrell,3.4e-5
Garnett,3.4e-5
Giles,3.4e-5
Hans,3.4e-5
Rocky,3.4e-5
Shannon,3.4e-5
Stacy,3.4e-5
Susan,3.4e-5
Williams,3.4e-5
Wyatt,3.4e-5
Wylie,3.4e-5
Arlo,3.4e-5
Armond,3.4e-5
Butch,3.4e-5
Clem,3.4e-5
Clint,3.4e-5
Del,3.4e-5
Denton,3.4e-5
Edison,3.4e-5
Ennis,3.4e-5
Hayden,3.4e-5
Ismael,3.4e-5
Jared,3.4e-5
Rollie,3.4e-5
Scotty,3.4e-5
Sean,3.4e-5
Arvil,3.3e-5
Barrie,3.3e-5
Bertrand,3.3e-5
Danial,3.3e-5
Delano,3.3e-5
Elisha,3.3e-5
Leonardo,3.3e-5
Margarito,3.3e-5
Miller,3.3e-5
Rosendo,3.3e-5
Tex,3.3e-5
Eliseo,3.2e-5
Esteban,3.2e-5
Linden,3.2e-5
Orin,3.2e-5
Prentiss,3.2e-5
Romeo,3.2e-5
Duke,3.2e-5
Furman,3.2e-5
Janet,3.2e-5
Marcos,3.2e-5
Niles,3.2e-5
Quincy,3.2e-5
Roddy,3.2e-5
Thornton,3.2e-5
Tillman,3.2e-5
Trinidad,3.2e-5
Vernell,3.2e-5
Ezekiel,3.1e-5
Herb,3.1e-5
Kit,3.1e-5
