name,percent
James,0.055406
Robert,0.051014
John,0.047951
William,0.037686
Richard,0.032873
David,0.026907
Charles,0.024929
Thomas,0.02275
Michael,0.01925
Ronald,0.018362
Donald,0.016889
Larry,0.015869
Joseph,0.015246
George,0.014694
Gary,0.014436
Kenneth,0.013024
Paul,0.011997
Edward,0.01186
Jerry,0.011714
Dennis,0.009848
Frank,0.008145
Raymond,0.007649
Roger,0.007614
Gerald,0.007214
Daniel,0.006708
Walter,0.005873
Harold,0.005741
Stephen,0.005607
Jack,0.005223
Arthur,0.005215
Willie,0.005159
Lawrence,0.005134
Joe,0.005076
Douglas,0.00504
Henry,0.005019
Carl,0.004911
Wayne,0.004834
Billy,0.00471
Roy,0.004702
Peter,0.004565
Jimmy,0.004558
Ralph,0.004514
Terry,0.004309
Albert,0.004211
Johnny,0.00408
Anthony,0.004033
Fred,0.004015
Eugene,0.003964
Harry,0.003938
Bobby,0.003896
Bruce,0.00378
Steven,0.003681
Howard,0.003619
Louis,0.00337
Alan,0.00308
Leonard,0.003016
Stanley,0.002968
Norman,0.002926
Ernest,0.002913
Philip,0.002876
Dale,0.002871
Samuel,0.002841
Russell,0.002833
Patrick,0.002794
Earl,0.002788
Bill,0.002746
Jim,0.002697
Ronnie,0.002696
Melvin,0.002694
Tommy,0.002665
Francis,0.002626
Don,0.002585
Clarence,0.002579
Frederick,0.002577
Marvin,0.002573
Danny,0.002533
Allen,0.002461
Leroy,0.002451
Eddie,0.002386
Mike,0.002215
Andrew,0.002199
Alfred,0.002196
Phillip,0.002164
Barry,0.002149
Lee,0.002114
Ray,0.002093
Tom,0.002087
Glenn,0.002051
Steve,0.002039
Herbert,0.002002
Martin,0.001993
Timothy,0.001981
Mark,0.001974
Bernard,0.001889
Gene,0.001871
Theodore,0.001853
Curtis,0.001773
Clifford,0.001726
Jimmie,0.001725
Warren,0.001687
Jeffrey,0.001677
Jesse,0.001666
Lloyd,0.001662
Keith,0.001652
Gordon,0.001637
Edwin,0.001608
Victor,0.001558
Leon,0.001554
Bob,0.001536
Floyd,0.00151
Clyde,0.001499
Lewis,0.001467
Vincent,0.001466
Leslie,0.001417
Alvin,0.001409
Harvey,0.001409
Jerome,0.001407
Brian,0.001406
Vernon,0.001389
Charlie,0.001353
Franklin,0.001306
Jon,0.001303
Rodney,0.001283
Calvin,0.001265
Joel,0.001233
Lester,0.001186
Gilbert,0.001185
Jackie,0.00118
Herman,0.001178
Benjamin,0.001169
Johnnie,0.001169
Leo,0.001146
Darrell,0.001136
Dean,0.001133
Duane,0.001128
Jay,0.001121
Chester,0.001095
Jose,0.001089
Freddie,0.001089
Dwight,0.001084
Allan,0.00108
Cecil,0.001077
Tony,0.001077
Dan,0.001074
Arnold,0.001047
Glen,0.001047
Milton,0.001046
Lonnie,0.001029
Manuel,0.00101
Nicholas,9.81e-4
Craig,9.52e-4
Gregory,9.42e-4
Claude,9.27e-4
Lynn,9.26e-4
Roland,9.13e-4
Randall,8.97e-4
Sam,8.73e-4
Eric,8.57e-4
Wesley,8.42e-4
Ted,8.39e-4
Neil,8.21e-4
Wallace,8.14e-4
Dave,8.13e-4
Elmer,7.69e-4
Hugh,7.65e-4
Willard,7.49e-4
Jessie,7.44e-4
Maurice,7.38e-4
Marshall,7.26e-4
Christopher,7.25e-4
Donnie,7.08e-4
Edgar,7.01e-4
Sammy,7.01e-4
Everett,6.92e-4
Marion,6.88e-4
Garry,6.71e-4
Virgil,6.67e-4
Oscar,6.57e-4
Sidney,0.00064899999999999995
Benny,6.48e-4
Juan,6.45e-4
Earnest,6.43e-4
Alexander,6.23e-4
Nathaniel,6.2e-4
Luther,6.15e-4
Karl,6.02e-4
Morris,5.94e-4
Bennie,5.92e-4
Dick,5.84e-4
Lyle,5.82e-4
Randy,5.8e-4
Stuart,5.74e-4
Guy,5.61e-4
Max,5.61e-4
Matthew,5.51e-4
Clifton,5.48e-4
Hubert,5.48e-4
Otis,5.45e-4
Ben,5.41e-4
Delbert,5.35e-4
Kent,5.35e-4
Homer,5.32e-4
Fredrick,5.28e-4
Micheal,5.28e-4
Lowell,5.19e-4
Gerard,5.18e-4
Nelson,5.15e-4
Carroll,5.09e-4
Wendell,5e-4
Clinton,4.97e-4
Carlos,4.94e-4
Clayton,4.73e-4
Dewey,4.71e-4
Pete,4.7e-4
Horace,4.65e-4
Alton,4.61e-4
Jonathan,4.6e-4
Troy,4.56e-4
Archie,4.5e-4
Willis,4.49e-4
Alex,4.46e-4
Mack,4.45e-4
Terrence,4.44e-4
Loren,4.41e-4
Randolph,4.4e-4
Ira,4.39e-4
Scott,4.39e-4
Tim,4.37e-4
Perry,4.37e-4
Leland,4.3e-4
Kevin,4.29e-4
Wilbur,4.2e-4
Laurence,4.18e-4
Rex,4.12e-4
Rudolph,4.11e-4
Neal,4.11e-4
Roosevelt,4.1e-4
Oliver,4.09e-4
Reginald,4.08e-4
Ross,4.05e-4
Tommie,4.04e-4
Jesus,4.02e-4
Edmund,3.99e-4
Rudy,3.98e-4
Jerald,3.95e-4
Malcolm,3.95e-4
Myron,3.91e-4
Jan,3.9e-4
Julius,3.88e-4
Sylvester,3.86e-4
Salvatore,3.85e-4
Chris,3.83e-4
Doyle,3.82e-4
Byron,3.78e-4
Woodrow,3.78e-4
Ron,3.77e-4
Wilbert,3.77e-4
Mitchell,3.71e-4
Frankie,3.7e-4
Sherman,3.7e-4
Rodger,3.67e-4
Nathan,3.67e-4
Aaron,3.65e-4
Ruben,3.63e-4
Teddy,3.62e-4
Antonio,3.61e-4
Pat,3.57e-4
Nick,3.56e-4
Isaac,3.52e-4
Carlton,3.51e-4
Rufus,3.44e-4
Terrance,3.42e-4
Jeff,3.39e-4
Kenny,3.39e-4
Darrel,3.38e-4
Forrest,3.35e-4
Ramon,3.31e-4
Grady,3.29e-4
Julian,3.29e-4
Wilson,3.26e-4
Ellis,3.24e-4
Ivan,3.24e-4
Jacob,3.16e-4
Clark,3.15e-4
Sammie,3.13e-4
Rick,3.12e-4
Ken,3.08e-4
Felix,3.03e-4
Darryl,3.02e-4
Ervin,3.02e-4
Dallas,2.99e-4
Roberto,2.98e-4
Wade,2.98e-4
Elbert,2.97e-4
Preston,2.95e-4
Phil,2.93e-4
Lance,2.92e-4
Billie,2.9e-4
Buddy,2.88e-4
Pedro,2.84e-4
Raul,2.84e-4
Merle,2.82e-4
Grant,2.82e-4
Owen,2.82e-4
Junior,2.81e-4
Ricky,2.81e-4
Eldon,2.8e-4
Mickey,2.8e-4
Bert,2.77e-4
Irvin,2.77e-4
Sheldon,2.76e-4
Garland,2.72e-4
Winston,2.67e-4
Daryl,2.65e-4
Francisco,2.64e-4
Conrad,2.61e-4
Emmett,2.6e-4
Noel,2.59e-4
Orville,2.59e-4
Wilfred,2.51e-4
Stewart,2.51e-4
Luis,2.5e-4
Percy,2.5e-4
Boyd,2.49e-4
Royce,2.49e-4
Grover,2.45e-4
Mario,2.45e-4
Bryan,2.44e-4
Louie,2.44e-4
Jeffery,2.43e-4
Travis,2.4e-4
Andy,2.39e-4
Angelo,2.39e-4
Guadalupe,2.39e-4
Aubrey,2.32e-4
Brent,2.28e-4
Denis,2.25e-4
Tyrone,2.24e-4
Ed,2.23e-4
Freddy,2.23e-4
Bradley,2.21e-4
Harley,2.21e-4
Darwin,2.19e-4
Lionel,2.18e-4
Kerry,2.13e-4
Cleveland,2.12e-4
Denny,2.12e-4
Kurt,2.12e-4
Van,2.11e-4
Burton,2.1e-4
Marc,2.1e-4
Loyd,2.08e-4
Gerry,2.05e-4
Spencer,2.04e-4
Amos,2.03e-4
Gale,2.03e-4
Harlan,2.03e-4
Geoffrey,2.01e-4
Lorenzo,2.01e-4
Ernie,2e-4
Marcus,1.99e-4
Ronny,1.99e-4
Alfonso,1.97e-4
Bobbie,1.97e-4
Kelly,1.97e-4
Edmond,1.95e-4
Moses,1.95e-4
Robin,1.93e-4
Dwayne,1.92e-4
Irving,1.91e-4
Ned,1.91e-4
Dana,1.87e-4
Dominick,1.87e-4
Elton,1.85e-4
Thurman,1.84e-4
Mary,1.83e-4
Ricardo,1.82e-4
Elwood,1.81e-4
Roscoe,1.81e-4
Kermit,1.8e-4
Cary,1.79e-4
Armando,1.77e-4
Lanny,1.77e-4
Alfredo,1.75e-4
Arturo,1.75e-4
Hector,1.74e-4
Norbert,1.74e-4
Salvador,1.74e-4
Austin,1.74e-4
Adrian,1.73e-4
August,1.72e-4
Cornelius,1.72e-4
Wiley,1.72e-4
Colin,1.71e-4
Dominic,1.7e-4
Roderick,1.69e-4
Will,1.69e-4
Alonzo,1.68e-4
Elijah,1.67e-4
Sanford,1.63e-4
Barney,1.61e-4
Johnie,1.61e-4
Lamar,1.61e-4
Emil,1.6e-4
Kirk,1.59e-4
Adam,1.58e-4
Marlin,1.57e-4
Murray,1.57e-4
Miguel,1.56e-4
Elliott,1.56e-4
Galen,1.53e-4
Linwood,1.53e-4
Hal,1.53e-4
Terence,1.53e-4
Millard,1.52e-4
Sterling,1.51e-4
Al,1.5e-4
Coy,1.5e-4
Merlin,1.5e-4
Chuck,1.48e-4
Frederic,1.48e-4
Nolan,1.48e-4
Norris,1.48e-4
Rickey,1.48e-4
Weldon,1.48e-4
Rene,1.47e-4
Dannie,1.46e-4
Reuben,1.46e-4
Doug,1.46e-4
Carmen,1.45e-4
Elvin,1.44e-4
Odell,1.44e-4
Charley,1.43e-4
Mac,1.41e-4
Truman,1.41e-4
Dewayne,1.41e-4
Gail,1.41e-4
Ollie,1.41e-4
Gabriel,1.39e-4
Laverne,1.38e-4
Abraham,1.38e-4
Bradford,1.36e-4
Maynard,1.36e-4
Vance,1.36e-4
Greg,1.35e-4
Jasper,1.33e-4
Monroe,1.33e-4
Simon,1.32e-4
Levi,1.3e-4
Fernando,1.3e-4
Harrison,1.3e-4
Jerold,1.3e-4
Jess,1.3e-4
Vaughn,1.3e-4
Emory,1.29e-4
Jackson,1.28e-4
Rafael,1.27e-4
Carol,1.26e-4
Otto,1.26e-4
Todd,1.26e-4
Domingo,1.25e-4
Emanuel,1.25e-4
Merrill,1.25e-4
Jake,1.25e-4
Jean,1.24e-4
Buford,1.23e-4
Riley,1.22e-4
Stan,1.22e-4
Irwin,1.21e-4
Delmar,1.2e-4
Ward,1.2e-4
Russel,1.19e-4
Vern,1.19e-4
Hollis,1.17e-4
Shelby,1.17e-4
Rodolfo,1.17e-4
Mervin,1.15e-4
Clair,1.15e-4
Dudley,1.15e-4
Armand,1.14e-4
Clement,1.13e-4
Ernesto,1.13e-4
Erwin,1.13e-4
Everette,1.13e-4
Harris,1.13e-4
Miles,1.13e-4
Monte,1.13e-4
Noah,1.13e-4
Rolland,1.13e-4
Ulysses,1.13e-4
Booker,1.11e-4
Enrique,1.11e-4
Gregg,1.11e-4
Toby,1.09e-4
Eddy,1.08e-4
Hershel,1.08e-4
Gus,1.07e-4
Monty,1.07e-4
Wilmer,1.07e-4
Errol,1.06e-4
Kennith,1.06e-4
Pablo,1.05e-4
Tomas,1.04e-4
Reynaldo,1.04e-4
Wilford,1.04e-4
Dexter,1.03e-4
Fredric,1.03e-4
Wilburn,1.03e-4
Connie,1.02e-4
Herschel,1.02e-4
Jerrold,1.02e-4
Dickie,1.02e-4
Forest,1.01e-4
Carey,1e-4
Lupe,9.9e-5
Tracy,9.9e-5
Earle,9.9e-5
Stephan,9.9e-5
Andre,9.8e-5
Bernie,9.8e-5
Christian,9.8e-5
Evan,9.8e-5
Joey,9.8e-5
Gayle,9.7e-5
Kim,9.7e-5
Royal,9.7e-5
Sonny,9.7e-5
Mcarthur,9.6e-5
Alberto,9.4e-5
Felipe,9.4e-5
Donny,9.4e-5
Freeman,9.4e-5
Lavern,9.4e-5
Ramiro,9.4e-5
Terrell,9.4e-5
Major,9.3e-5
Normand,9.3e-5
Rocco,9.2e-5
Elliot,9.2e-5
Morgan,9.2e-5
Santos,9.2e-5
Shirley,9.2e-5
Denver,9.1e-5
Solomon,9e-5
Rogers,8.9e-5
Thaddeus,8.9e-5
Carter,8.8e-5
Eli,8.8e-5
Barbara,8.7e-5
Joesph,8.7e-5
Winfred,8.7e-5
Gaylord,8.6e-5
Anton,8.6e-5
Quentin,8.6e-5
Abel,8.5e-5
Basil,8.5e-5
Elias,8.5e-5
Emilio,8.5e-5
Isiah,8.5e-5
Jefferson,8.5e-5
Sandy,8.5e-5
Alphonso,8.4e-5
Blaine,8.4e-5
Lenard,8.4e-5
Luke,8.4e-5
Wilton,8.4e-5
Barton,8.4e-5
Cleo,8.4e-5
Ignacio,8.4e-5
Jason,8.4e-5
Patricia,8.4e-5
Silas,8.4e-5
Angel,8.2e-5
Dalton,8.2e-5
Elmo,8.2e-5
Hiram,8.2e-5
Linda,8.2e-5
Delmer,8.1e-5
Garrett,8.1e-5
Rayford,8.1e-5
Alva,8e-5
Carmine,8e-5
Emery,8e-5
Houston,8e-5
Kirby,8e-5
Milford,8e-5
Carrol,7.9e-5
Clay,7.9e-5
Lyman,7.9e-5
Reed,7.9e-5
Justin,7.9e-5
Santiago,7.9e-5
Bryant,7.7e-5
Ivory,7.7e-5
Fletcher,7.6e-5
Foster,7.6e-5
Shelton,7.6e-5
Alden,7.6e-5
Elroy,7.6e-5
Andres,7.5e-5
Joshua,7.5e-5
Kendall,7.5e-5
Lamont,7.5e-5
Woody,7.5e-5
Arlie,7.4e-5
Odis,7.4e-5
Randal,7.4e-5
Claud,7.3e-5
Duncan,7.3e-5
Emerson,7.3e-5
Theron,7.3e-5
Lemuel,7.3e-5
Bennett,7.2e-5
Gilberto,7.2e-5
Jere,7.2e-5
Jeremiah,7.2e-5
Raleigh,7.2e-5
Hoyt,7.1e-5
Art,7.1e-5
Graham,7.1e-5
Rogelio,7.1e-5
Sharon,7.1e-5
Sherwood,7.1e-5
Bud,7e-5
Adolph,6.9e-5
Jorge,6.9e-5
Mckinley,6.9e-5
Augustus,6.8e-5
Isaiah,6.8e-5
Kyle,6.8e-5
Columbus,6.8e-5
Cyril,6.8e-5
Julio,6.8e-5
Morton,6.8e-5
Olen,6.8e-5
Alejandro,6.7e-5
Augustine,6.7e-5
Benito,6.7e-5
Dee,6.7e-5
Donn,6.7e-5
Nicky,6.7e-5
Otha,6.7e-5
Stanford,6.7e-5
Davis,6.6e-5
Hobert,6.6e-5
Mason,6.6e-5
Reggie,6.6e-5
Vito,6.6e-5
Anderson,6.6e-5
Arden,6.6e-5
Felton,6.6e-5
Lon,6.6e-5
Marty,6.6e-5
Gearld,6.5e-5
Huey,6.5e-5
Roman,6.5e-5
Alphonse,6.4e-5
Eduardo,6.4e-5
Melvyn,6.4e-5
Jacky,6.3e-5
Judson,6.3e-5
Lacy,6.3e-5
Lawerence,6.3e-5
Boyce,6.3e-5
Dewitt,6.3e-5
Emmitt,6.3e-5
Mose,6.3e-5
Cliff,6.2e-5
Coleman,6.2e-5
Jeffry,6.2e-5
Olin,6.2e-5
Val,6.2e-5
Wally,6.2e-5
Walton,6.2e-5
Burl,6.1e-5
Fidel,6.1e-5
Maxie,6.1e-5
Pierre,6.1e-5
Lonny,6.1e-5
Orlando,6.1e-5
Arlen,6e-5
Cyrus,6e-5
Dwain,6e-5
Emile,6e-5
Garth,6e-5
Hayward,6e-5
Lane,6e-5
Randell,6e-5
Israel,5.9e-5
King,5.9e-5
Newton,5.9e-5
Orval,5.9e-5
Haywood,5.8e-5
Humberto,5.8e-5
Pasquale,5.8e-5
Sydney,5.8e-5
Walker,5.8e-5
Warner,5.8e-5
Ismael,5.7e-5
Regis,5.7e-5
Saul,5.7e-5
Verne,5.7e-5
Enoch,5.6e-5
Jordan,5.6e-5
Lynwood,5.6e-5
Melton,5.6e-5
Noble,5.6e-5
Jules,5.5e-5
Lincoln,5.5e-5
Sandra,5.5e-5
Alvis,5.5e-5
Buster,5.5e-5
Damon,5.5e-5
Guillermo,5.5e-5
Lucien,5.5e-5
Mathew,5.5e-5
Waymon,5.5e-5
Benedict,5.4e-5
Milo,5.4e-5
Rod,5.4e-5
Cletus,5.3e-5
Glynn,5.3e-5
Granville,5.3e-5
Myles,5.3e-5
Raymon,5.3e-5
Arther,5.3e-5
Betty,5.3e-5
Carlo,5.3e-5
Hardy,5.3e-5
Bart,5.2e-5
Dorsey,5.2e-5
Drew,5.2e-5
Hilton,5.2e-5
Blair,5.1e-5
Carleton,5.1e-5
Curt,5.1e-5
Curtiss,5.1e-5
Douglass,5.1e-5
Benton,5e-5
Burt,5e-5
Carolyn,5e-5
Carson,5e-5
Ellsworth,5e-5
Lyndon,5e-5
Michel,5e-5
Curley,5e-5
Darold,5e-5
Dennie,5e-5
Durwood,5e-5
Ian,5e-5
Kay,5e-5
Lesley,5e-5
Murphy,5e-5
Vicente,5e-5
Winford,5e-5
Alford,4.9e-5
Beverly,4.9e-5
Maxwell,4.9e-5
Brad,4.8e-5
Bruno,4.8e-5
Courtney,4.8e-5
Dillard,4.8e-5
Eldridge,4.8e-5
Farrell,4.8e-5
Kenton,4.8e-5
Reid,4.8e-5
Ambrose,4.8e-5
Garfield,4.8e-5
Judith,4.8e-5
Oren,4.8e-5
Reynold,4.8e-5
Avery,4.7e-5
Bertram,4.7e-5
Cordell,4.7e-5
Cornell,4.7e-5
Erik,4.7e-5
Garold,4.7e-5
Jamie,4.7e-5
Joyce,4.7e-5
Lauren,4.7e-5
Nickolas,4.7e-5
Palmer,4.7e-5
Rollin,4.7e-5
Timmy,4.7e-5
Verlin,4.7e-5
Adolfo,4.6e-5
Meredith,4.6e-5
Seth,4.6e-5
Donovan,4.5e-5
Ezra,4.5e-5
Frances,4.5e-5
Lucian,4.5e-5
Nancy,4.5e-5
Napoleon,4.5e-5
Winfield,4.5e-5
Duwayne,4.5e-5
Gregorio,4.5e-5
Jonas,4.5e-5
Leigh,4.5e-5
Matt,4.5e-5
Bonnie,4.4e-5
Cruz,4.4e-5
Edd,4.4e-5
Elden,4.4e-5
Gaylon,4.4e-5
Stanton,4.4e-5
Wardell,4.4e-5
Berry,4.3e-5
Early,4.3e-5
Gerold,4.3e-5
Lucius,4.3e-5
Mel,4.3e-5
Nicolas,4.3e-5
Rickie,4.3e-5
Taylor,4.3e-5
Arlan,4.3e-5
Butch,4.3e-5
Delmas,4.3e-5
Ferdinand,4.3e-5
Issac,4.3e-5
Jewell,4.3e-5
Leeroy,4.3e-5
Abe,4.2e-5
Delton,4.2e-5
Glendon,4.2e-5
Lindsey,4.2e-5
Oneal,4.2e-5
Ottis,4.2e-5
Rubin,4.2e-5
Talmadge,4.2e-5
Willam,4.2e-5
Allyn,4.1e-5
Brooks,4.1e-5
Bryce,4.1e-5
Claudie,4.1e-5
Clint,4.1e-5
Elmore,4.1e-5
Judy,4.1e-5
Leonardo,4.1e-5
Merlyn,4.1e-5
Merritt,4.1e-5
Willian,4.1e-5
Elvis,4e-5
Hermon,4e-5
Jerrell,4e-5
Mitchel,4e-5
Scotty,4e-5
Tex,4e-5
Artis,4e-5
Ashley,4e-5
Brady,4e-5
Clem,4e-5
Dwaine,4e-5
Elwin,4e-5
Kit,4e-5
Prince,4e-5
Rocky,4e-5
Stacy,4e-5
Susan,4e-5
Webster,4e-5
Antone,3.9e-5
Clarance,3.9e-5
Eloy,3.9e-5
Garnett,3.9e-5
Les,3.9e-5
Noe,3.9e-5
Sherrill,3.9e-5
Theadore,3.9e-5
Williams,3.9e-5
Conley,3.8e-5
Giles,3.8e-5
Harmon,3.8e-5
Joan,3.8e-5
Johnson,3.8e-5
Lawson,3.8e-5
Lonzo,3.8e-5
Loran,3.8e-5
Omer,3.8e-5
Wyatt,3.8e-5
Adan,3.7e-5
Bertrand,3.7e-5
Darnell,3.7e-5
Evans,3.7e-5
Jeremy,3.7e-5
Joaquin,3.7e-5
Margarito,3.7e-5
Valentine,3.7e-5
Asa,3.7e-5
Donna,3.7e-5
Herb,3.7e-5
Jaime,3.7e-5
Javier,3.7e-5
Lucious,3.7e-5
Mahlon,3.7e-5
Orin,3.7e-5
Robbie,3.7e-5
Wilber,3.7e-5
Derrell,3.6e-5
Hans,3.6e-5
Lindell,3.6e-5
Loyal,3.6e-5
Oran,3.6e-5
Sean,3.6e-5
Seymour,3.6e-5
Cameron,3.5e-5
Cleve,3.5e-5
Dayton,3.5e-5
Donnell,3.5e-5
Hilario,3.5e-5
Jennings,3.5e-5
Karen,3.5e-5
Lorin,3.5e-5
Newell,3.5e-5
Patsy,3.5e-5
Rupert,3.5e-5
Russ,3.5e-5
Wylie,3.5e-5
Alvie,3.5e-5
Crawford,3.5e-5
Domenic,3.5e-5
Elzie,3.5e-5
Esteban,3.5e-5
Ezell,3.5e-5
Ford,3.5e-5
Hayden,3.5e-5
Howell,3.5e-5
Len,3.5e-5
Logan,3.5e-5
Loy,3.5e-5
Marcel,3.5e-5
Raphael,3.5e-5
Shannon,3.5e-5
Thad,3.5e-5
Beryl,3.4e-5
Casey,3.4e-5
Cedric,3.4e-5
Dorothy,3.4e-5
Jonnie,3.4e-5
Lenny,3.4e-5
Lorenza,3.4e-5
Marco,3.4e-5
Rayburn,3.4e-5
Sebastian,3.4e-5
Adolphus,3.3e-5
Agustin,3.3e-5
Aurelio,3.3e-5
Danial,3.3e-5
Dell,3.3e-5
Derek,3.3e-5
Earlie,3.3e-5
Furman,3.3e-5
Harland,3.3e-5
Hugo,3.3e-5
Isidro,3.3e-5
Jewel,3.3e-5
Junius,3.3e-5
Leighton,3.3e-5
Llewellyn,3.3e-5
Quinton,3.3e-5
Rosevelt,3.3e-5
Toney,3.3e-5
Windell,3.3e-5
Wyman,3.3e-5
Zane,3.3e-5
Arlin,3.2e-5
Donal,3.2e-5
General,3.2e-5
Omar,3.2e-5
Rollie,3.2e-5
Theo,3.2e-5
Carlyle,3.2e-5
Denzil,3.2e-5
Elisha,3.2e-5
Federico,3.2e-5
Fritz,3.2e-5
Haskell,3.2e-5
Henderson,3.2e-5
Lucio,3.2e-5
Madison,3.2e-5
Niles,3.2e-5
Obie,3.2e-5
Orrin,3.2e-5
Randle,3.2e-5
Raymundo,3.2e-5
Refugio,3.2e-5
Rowland,3.2e-5
Sal,3.2e-5
Terrill,3.2e-5
Tillman,3.2e-5
Walt,3.2e-5
Arlo,3.1e-5
Arne,3.1e-5
Deane,3.1e-5
Denton,3.1e-5
Dock,3.1e-5
Ezekiel,3.1e-5
Franklyn,3.1e-5
Parker,3.1e-5
Rusty,3.1e-5
Tyler,3.1e-5
