name,percent
James,0.054288
Robert,0.050995
John,0.048209
William,0.036599
Richard,0.033566
David,0.027053
Charles,0.023672
Thomas,0.023246
Michael,0.021828
Ronald,0.01725
Larry,0.016636
Donald,0.016128
Gary,0.015579
Joseph,0.015193
George,0.014095
Kenneth,0.013192
Paul,0.012406
Edward,0.011573
Dennis,0.010935
Jerry,0.010716
Frank,0.007925
Roger,0.007704
Raymond,0.007181
Daniel,0.007076
Gerald,0.006454
Stephen,0.006301
Walter,0.005534
Harold,0.005485
Douglas,0.005389
Lawrence,0.005216
Willie,0.005119
Jack,0.004999
Terry,0.004978
Arthur,0.004963
Wayne,0.004918
Joe,0.004844
Henry,0.004817
Peter,0.00473
Carl,0.004597
Roy,0.004507
Jimmy,0.004485
Billy,0.00439
Steven,0.004364
Ralph,0.004212
Johnny,0.004154
Anthony,0.004146
Harry,0.004123
Bruce,0.004094
Albert,0.003965
Eugene,0.003772
Fred,0.003725
Alan,0.003703
Bobby,0.003697
Howard,0.003479
Louis,0.003265
Danny,0.00304
Leonard,0.003007
Philip,0.002991
Stanley,0.002958
Ernest,0.002916
Samuel,0.002891
Dale,0.002883
Patrick,0.002808
Russell,0.00277
Norman,0.002722
Bill,0.002711
Ronnie,0.002665
Jim,0.002641
Mike,0.002627
Timothy,0.002622
Earl,0.002602
Mark,0.002591
Allen,0.00254
Don,0.002539
Francis,0.00252
Tommy,0.002512
Frederick,0.002504
Melvin,0.002482
Steve,0.002475
Marvin,0.002397
Eddie,0.002352
Clarence,0.00232
Leroy,0.00232
Barry,0.002288
Phillip,0.002245
Andrew,0.002199
Lee,0.002136
Alfred,0.00211
Tom,0.002109
Martin,0.002061
Jeffrey,0.00203
Ray,0.002002
Glenn,0.001997
Herbert,0.001933
Victor,0.001906
Gregory,0.001809
Curtis,0.001746
Bernard,0.001742
Gene,0.001734
Clifford,0.001731
Theodore,0.001713
Jimmie,0.001673
Lloyd,0.001619
Jesse,0.001599
Warren,0.001595
Rodney,0.001592
Bob,0.001588
Keith,0.001575
Gordon,0.001562
Vincent,0.001539
Leon,0.001533
Jon,0.00149
Brian,0.001454
Floyd,0.001444
Leslie,0.001441
Harvey,0.001437
Edwin,0.001425
Vernon,0.001403
Franklin,0.001383
Clyde,0.001354
Alvin,0.001352
Jerome,0.001348
Lewis,0.001341
Calvin,0.001312
Jay,0.001279
Dwight,0.001275
Dan,0.001257
Charlie,0.001255
Tony,0.001195
Gilbert,0.001183
Lester,0.001178
Jose,0.001173
Craig,0.001169
Joel,0.001167
Johnnie,0.001166
Dean,0.001155
Duane,0.001154
Leo,0.001153
Allan,0.001151
Benjamin,0.001139
Darrell,0.001109
Jackie,0.001091
Lonnie,0.00107
Chester,0.001051
Freddie,0.00104
Herman,0.001035
Arnold,0.001025
Glen,0.001016
Randall,0.001013
Manuel,0.00101
Eric,9.87e-4
Nicholas,9.85e-4
Cecil,9.84e-4
Milton,9.82e-4
Ted,8.99e-4
Lynn,8.91e-4
Neil,8.83e-4
Roland,8.66e-4
Claude,8.52e-4
Christopher,8.37e-4
Sam,8.31e-4
Randy,8.07e-4
Wesley,8.06e-4
Dave,7.86e-4
Garry,7.66e-4
Juan,7.35e-4
Wallace,7.35e-4
Donnie,7.22e-4
Elmer,7.11e-4
Marshall,7.07e-4
Hugh,7.03e-4
Willard,6.99e-4
Micheal,6.92e-4
Sammy,6.87e-4
Jessie,6.86e-4
Oscar,6.85e-4
Maurice,6.67e-4
Alexander,6.48e-4
Jonathan,6.42e-4
Edgar,6.32e-4
Nathaniel,6.24e-4
Scott,6.23e-4
Virgil,6.16e-4
Marion,6.11e-4
Sidney,6.08e-4
Everett,6.01e-4
Benny,5.96e-4
Earnest,5.91e-4
Max,5.86e-4
Bennie,5.73e-4
Stuart,5.72e-4
Tim,5.68e-4
Morris,5.65e-4
Lyle,5.61e-4
Guy,5.54e-4
Karl,5.54e-4
Dick,5.53e-4
Matthew,5.35e-4
Clifton,5.27e-4
Ben,5.26e-4
Carlos,5.22e-4
Kent,5.22e-4
Fredrick,5.17e-4
Otis,5.14e-4
Luther,5.12e-4
Nelson,5.08e-4
Kevin,5.01e-4
Perry,4.99e-4
Clinton,4.98e-4
Gerard,4.96e-4
Jesus,4.86e-4
Ira,4.8e-4
Carroll,4.76e-4
Randolph,4.7e-4
Alex,4.67e-4
Clayton,4.67e-4
Delbert,4.65e-4
Homer,4.65e-4
Loren,4.54e-4
Hubert,4.46e-4
Marc,4.46e-4
Troy,4.46e-4
Tommie,4.4e-4
Lowell,4.39e-4
Horace,4.38e-4
Terrence,4.36e-4
Laurence,4.32e-4
Reginald,4.32e-4
Wendell,4.3e-4
Frankie,4.25e-4
Antonio,4.23e-4
Neal,4.23e-4
Rudolph,4.21e-4
Willis,4.19e-4
Pete,4.19e-4
Roosevelt,4.12e-4
Byron,4.11e-4
Oliver,4.09e-4
Ruben,4.07e-4
Ross,4.06e-4
Alton,4.04e-4
Chris,4.04e-4
Rodger,4e-4
Ron,3.99e-4
Archie,3.95e-4
Jeff,3.95e-4
Wilbert,3.94e-4
Leland,3.93e-4
Truman,3.92e-4
Mack,3.92e-4
Ricky,3.84e-4
Jerald,3.84e-4
Mitchell,3.79e-4
Kenny,3.76e-4
Malcolm,3.73e-4
Rudy,3.72e-4
Sherman,3.71e-4
Wilbur,3.7e-4
Sylvester,3.68e-4
Rick,3.67e-4
Woodrow,3.65e-4
Carlton,3.65e-4
Jan,3.63e-4
Pat,3.6e-4
Myron,3.59e-4
Nick,3.57e-4
Raul,3.55e-4
Nathan,3.54e-4
Aaron,3.53e-4
Julius,3.53e-4
Rex,3.52e-4
Dewey,3.49e-4
Edmund,3.49e-4
Ken,3.49e-4
Salvatore,3.46e-4
Ramon,3.45e-4
Teddy,3.41e-4
Darryl,3.41e-4
Julian,3.39e-4
Van,3.39e-4
Isaac,3.35e-4
Doyle,3.34e-4
Terrance,3.33e-4
Preston,3.28e-4
Ivan,3.21e-4
Roberto,3.21e-4
Forrest,3.19e-4
Darrel,3.13e-4
Clark,3.1e-4
Ervin,3.07e-4
Ellis,3.05e-4
Grady,3.04e-4
Sammie,3.03e-4
Jacob,3.02e-4
Elbert,3e-4
Rufus,3e-4
Felix,2.96e-4
Junior,2.93e-4
Lance,2.92e-4
Wilson,2.9e-4
Mickey,2.9e-4
Daryl,2.87e-4
Dallas,2.81e-4
Phil,2.8e-4
Ernie,2.78e-4
Wade,2.76e-4
Merle,2.71e-4
Tyrone,2.7e-4
Owen,2.69e-4
Luis,2.67e-4
Pedro,2.66e-4
Sheldon,2.66e-4
Francisco,2.65e-4
Greg,2.59e-4
Jeffery,2.59e-4
Eldon,2.55e-4
Stewart,2.55e-4
Irvin,2.53e-4
Mario,2.52e-4
Grant,2.51e-4
Andy,2.49e-4
Percy,2.49e-4
Dana,2.47e-4
Conrad,2.44e-4
Freddy,2.44e-4
Bert,2.41e-4
Louie,2.41e-4
Orville,2.4e-4
Denis,2.39e-4
Royce,2.38e-4
Buddy,2.36e-4
Guadalupe,2.35e-4
Harlan,2.35e-4
Geoffrey,2.33e-4
Boyd,2.32e-4
Noel,2.31e-4
Garland,2.3e-4
Bradley,2.26e-4
Bryan,2.26e-4
Ed,2.26e-4
Elliott,2.26e-4
Kerry,2.25e-4
Travis,2.25e-4
Harley,2.25e-4
Emmett,2.23e-4
Lionel,2.22e-4
Robin,2.15e-4
Billie,2.14e-4
Wilfred,2.12e-4
Aubrey,2.12e-4
Angelo,2.09e-4
Gale,2.09e-4
Cleveland,2.06e-4
Marcus,2.06e-4
Marlin,2.06e-4
Ricardo,2.05e-4
Armando,2.04e-4
Gerry,2.01e-4
Denny,2e-4
Burton,1.99e-4
Edmond,1.98e-4
Winston,1.97e-4
Brent,1.95e-4
Irving,1.95e-4
Kurt,1.94e-4
Bobbie,1.93e-4
Ronny,1.93e-4
Spencer,1.93e-4
Grover,1.92e-4
Alfonso,1.91e-4
Amos,1.91e-4
Cornelius,1.91e-4
Rickey,1.91e-4
Ned,1.9e-4
Salvador,1.86e-4
Hector,1.85e-4
Rene,1.82e-4
Dwayne,1.81e-4
Chuck,1.8e-4
Lanny,1.78e-4
Austin,1.77e-4
Kermit,1.77e-4
Roderick,1.77e-4
Terence,1.77e-4
Kelly,1.77e-4
Thurman,1.76e-4
Cary,1.72e-4
Dominic,1.72e-4
Loyd,1.71e-4
Elijah,1.71e-4
Lorenzo,1.71e-4
Darwin,1.7e-4
Dominick,1.7e-4
Adrian,1.69e-4
Moses,1.69e-4
Miguel,1.68e-4
Linwood,1.65e-4
Roscoe,1.64e-4
Emil,1.63e-4
Frederic,1.63e-4
Alfredo,1.63e-4
Doug,1.63e-4
Elwood,1.63e-4
Harrison,1.62e-4
Elton,1.61e-4
Fernando,1.61e-4
Arturo,1.6e-4
Alonzo,1.58e-4
Al,1.58e-4
Sterling,1.58e-4
Norris,1.56e-4
Dannie,1.55e-4
Hal,1.54e-4
Kirk,1.54e-4
Adam,1.53e-4
Barney,1.52e-4
Vance,1.51e-4
Abraham,1.5e-4
Odell,1.5e-4
Rodolfo,1.47e-4
August,1.46e-4
Galen,1.46e-4
Millard,1.46e-4
Weldon,1.45e-4
Mary,1.44e-4
Lamar,1.44e-4
Norbert,1.43e-4
Fredric,1.42e-4
Wiley,1.41e-4
Carol,1.4e-4
Jasper,1.39e-4
Will,1.39e-4
Kim,1.38e-4
Murray,1.38e-4
Emanuel,1.37e-4
Maynard,1.36e-4
Merlin,1.36e-4
Sanford,1.36e-4
Irwin,1.35e-4
Bradford,1.34e-4
Vaughn,1.33e-4
Ernesto,1.33e-4
Reuben,1.32e-4
Harris,1.31e-4
Simon,1.3e-4
Levi,1.29e-4
Russel,1.29e-4
Ollie,1.28e-4
Elvin,1.27e-4
Gregg,1.27e-4
Nolan,1.27e-4
Otto,1.27e-4
Merrill,1.25e-4
Gilberto,1.24e-4
Rafael,1.24e-4
Carmen,1.23e-4
Jerold,1.23e-4
Coy,1.22e-4
Hollis,1.22e-4
Jess,1.22e-4
Enrique,1.21e-4
Gail,1.21e-4
Jackson,1.21e-4
Gabriel,1.2e-4
Jake,1.2e-4
Tomas,1.2e-4
Todd,1.19e-4
Alberto,1.18e-4
Gus,1.18e-4
Miles,1.17e-4
Dewayne,1.16e-4
Kennith,1.16e-4
Laverne,1.16e-4
Connie,1.15e-4
Emory,1.15e-4
Jerrold,1.15e-4
Johnie,1.15e-4
Denver,1.14e-4
Dudley,1.14e-4
Elliot,1.14e-4
Jean,1.14e-4
Andre,1.13e-4
Charley,1.13e-4
Monroe,1.13e-4
Ward,1.13e-4
Felipe,1.12e-4
Stan,1.12e-4
Rolland,1.12e-4
Stephan,1.12e-4
Shelby,1.11e-4
Delmar,1.1e-4
Erwin,1.1e-4
Tracy,1.09e-4
Vern,1.07e-4
Eddy,1.06e-4
Lupe,1.06e-4
Mac,1.05e-4
Reynaldo,1.05e-4
Shirley,1.05e-4
Monty,1.04e-4
Christian,1.04e-4
Dickie,1.04e-4
Royal,1.04e-4
Riley,1.03e-4
Alphonso,1.02e-4
Dexter,1.02e-4
Monte,1.02e-4
Winfred,1.02e-4
Julio,1.01e-4
Thaddeus,1.01e-4
Blaine,1e-4
Evan,1e-4
Ramiro,1e-4
Armand,9.9e-5
Clement,9.9e-5
Domingo,9.9e-5
Booker,9.8e-5
Terrell,9.8e-5
Carey,9.7e-5
Noah,9.7e-5
Rocco,9.7e-5
Santiago,9.6e-5
Clair,9.6e-5
Elias,9.6e-5
Buford,9.4e-5
Carter,9.4e-5
Bernie,9.3e-5
Hershel,9.3e-5
Kendall,9.3e-5
Wilford,9.3e-5
Davis,9.3e-5
Jorge,9.3e-5
Pablo,9.3e-5
Sandy,9.3e-5
Colin,9.2e-5
Eli,9.1e-5
Rogers,9e-5
Angel,9e-5
Gayle,8.9e-5
Major,8.9e-5
Santos,8.9e-5
Toby,8.9e-5
Randal,8.8e-5
Errol,8.8e-5
Joey,8.8e-5
Marty,8.8e-5
Herschel,8.7e-5
Jeremiah,8.7e-5
Justin,8.7e-5
Lavern,8.7e-5
Luke,8.7e-5
Solomon,8.7e-5
Emery,8.6e-5
Garrett,8.5e-5
Jason,8.5e-5
Isaiah,8.5e-5
Adolph,8.4e-5
Gaylord,8.4e-5
Ignacio,8.4e-5
Silas,8.4e-5
Wilmer,8.4e-5
Alva,8.3e-5
Delano,8.3e-5
Duncan,8.3e-5
Freeman,8.3e-5
Milford,8.3e-5
Theron,8.3e-5
Ulysses,8.3e-5
Anton,8.2e-5
Donny,8.2e-5
Mcarthur,8.2e-5
Wilburn,8.2e-5
Abel,8.2e-5
Barton,8.1e-5
Linda,8.1e-5
Lon,8.1e-5
Reed,8.1e-5
Earle,8e-5
Forest,8e-5
Morgan,8e-5
Foster,8e-5
Everette,7.9e-5
Morton,7.9e-5
Andres,7.8e-5
Carrol,7.8e-5
Cleo,7.8e-5
Lenard,7.8e-5
Jefferson,7.7e-5
Alden,7.7e-5
Art,7.7e-5
Bennett,7.7e-5
Mervin,7.7e-5
Odis,7.7e-5
Shelton,7.7e-5
Dalton,7.6e-5
Raleigh,7.6e-5
Kirby,7.5e-5
Otha,7.5e-5
Joesph,7.4e-5
Lamont,7.4e-5
Woody,7.4e-5
Donn,7.4e-5
Lyman,7.4e-5
Quentin,7.4e-5
Wally,7.4e-5
Emilio,7.3e-5
Basil,7.2e-5
Patricia,7.2e-5
Sonny,7.2e-5
Cliff,7.1e-5
Joshua,7.1e-5
Benito,7.1e-5
Clay,7.1e-5
Houston,7.1e-5
Reggie,7.1e-5
Anderson,7e-5
Bryant,7e-5
Carson,7e-5
Erik,7e-5
Rogelio,7e-5
Delmer,6.9e-5
Eduardo,6.9e-5
Orlando,6.9e-5
Carmine,6.9e-5
Guillermo,6.9e-5
Rod,6.9e-5
Elroy,6.8e-5
Vito,6.8e-5
Arden,6.7e-5
Augustine,6.7e-5
Jacky,6.7e-5
Mckinley,6.7e-5
Roman,6.7e-5
Jeffry,6.6e-5
Judson,6.6e-5
Alvis,6.6e-5
Fletcher,6.6e-5
Pasquale,6.6e-5
Drew,6.5e-5
Lincoln,6.5e-5
Mathew,6.5e-5
Wilton,6.5e-5
Augustus,6.4e-5
Cletus,6.4e-5
Cyril,6.4e-5
Hiram,6.4e-5
Alejandro,6.3e-5
Barbara,6.3e-5
Haywood,6.3e-5
Sydney,6.3e-5
Mose,6.3e-5
Saul,6.3e-5
Boyce,6.2e-5
Burl,6.2e-5
Hilton,6.2e-5
Isiah,6.2e-5
Milo,6.2e-5
Rocky,6.2e-5
Stanford,6.2e-5
Blair,6.1e-5
Ivory,6.1e-5
Lonny,6.1e-5
Emerson,6.1e-5
Randell,6.1e-5
Bud,6e-5
Orval,6e-5
Buster,5.9e-5
Israel,5.9e-5
Kyle,5.9e-5
Gearld,5.8e-5
Lane,5.8e-5
Olin,5.8e-5
Arlen,5.8e-5
Curt,5.8e-5
Elmo,5.8e-5
Felton,5.8e-5
Ismael,5.8e-5
Jamie,5.8e-5
King,5.8e-5
Normand,5.8e-5
Waymon,5.8e-5
Alphonse,5.7e-5
Avery,5.7e-5
Emmitt,5.7e-5
Glynn,5.7e-5
Graham,5.7e-5
Javier,5.7e-5
Jules,5.7e-5
Melvyn,5.7e-5
Michel,5.7e-5
Nicky,5.7e-5
Olen,5.7e-5
Franklyn,5.6e-5
Hoyt,5.6e-5
Leigh,5.6e-5
Rayford,5.6e-5
Seth,5.6e-5
Vicente,5.6e-5
Bart,5.5e-5
Dennie,5.5e-5
Emile,5.5e-5
Jaime,5.5e-5
Regis,5.5e-5
Raymon,5.5e-5
Sandra,5.5e-5
Warner,5.5e-5
Columbus,5.4e-5
Courtney,5.4e-5
Dwain,5.4e-5
Brad,5.3e-5
Claud,5.3e-5
Curtiss,5.3e-5
Lemuel,5.3e-5
Lucius,5.3e-5
Lynwood,5.3e-5
Marcel,5.3e-5
Russ,5.3e-5
Sherwood,5.3e-5
Bryce,5.3e-5
Eloy,5.3e-5
Hardy,5.3e-5
Harmon,5.3e-5
Rollin,5.3e-5
Taylor,5.3e-5
Walker,5.3e-5
Cornell,5.2e-5
Damon,5.2e-5
Hayward,5.2e-5
Melton,5.2e-5
Rickie,5.2e-5
Coleman,5.1e-5
Dane,5.1e-5
Dewitt,5.1e-5
Hobert,5.1e-5
Nicolas,5.1e-5
Stanton,5.1e-5
Val,5.1e-5
Arlie,5e-5
Burt,5e-5
Edd,5e-5
Eldridge,5e-5
Elwin,5e-5
Reid,5e-5
Lindsey,5e-5
Mason,5e-5
Willian,5e-5
Benedict,4.9e-5
Gerold,4.9e-5
Lacy,4.9e-5
Lawerence,4.9e-5
Mel,4.9e-5
Wardell,4.9e-5
Bertram,4.8e-5
Brooks,4.8e-5
Dorsey,4.8e-5
Fidel,4.8e-5
Jeremy,4.8e-5
Newton,4.8e-5
Willam,4.8e-5
Arlan,4.7e-5
Brady,4.7e-5
Butch,4.7e-5
Dee,4.7e-5
Harland,4.7e-5
Ian,4.7e-5
Jordan,4.7e-5
Leeroy,4.7e-5
Nickolas,4.7e-5
Douglass,4.7e-5
Huey,4.7e-5
Myles,4.7e-5
Pierre,4.7e-5
Reynold,4.7e-5
Timmy,4.7e-5
Benton,4.6e-5
Cameron,4.6e-5
Darold,4.6e-5
Garth,4.6e-5
Gregorio,4.6e-5
Margarito,4.6e-5
Verne,4.6e-5
Betty,4.5e-5
Hermon,4.5e-5
Hugo,4.5e-5
Jere,4.5e-5
Lauren,4.5e-5
Rupert,4.5e-5
Adolfo,4.4e-5
Arther,4.4e-5
Leonardo,4.4e-5
Nancy,4.4e-5
Noble,4.4e-5
Raphael,4.4e-5
Robbie,4.4e-5
Sharon,4.4e-5
Talmadge,4.4e-5
Winford,4.4e-5
Adan,4.4e-5
Artie,4.4e-5
Enoch,4.4e-5
Humberto,4.4e-5
Issac,4.4e-5
Loy,4.4e-5
Matt,4.4e-5
Napoleon,4.4e-5
Oren,4.4e-5
Scotty,4.4e-5
Stacy,4.4e-5
Cruz,4.3e-5
Elden,4.3e-5
Ellsworth,4.3e-5
Garfield,4.3e-5
Jewell,4.3e-5
Kenton,4.3e-5
Lucious,4.3e-5
Meredith,4.3e-5
Walton,4.3e-5
Abe,4.2e-5
Bonnie,4.2e-5
Bruno,4.2e-5
Donovan,4.2e-5
Herb,4.2e-5
Joaquin,4.2e-5
Lucien,4.2e-5
Rolf,4.2e-5
Sal,4.2e-5
Seymour,4.2e-5
Trinidad,4.2e-5
Alvie,4.2e-5
Ashley,4.2e-5
Danial,4.2e-5
Denzil,4.2e-5
Ike,4.2e-5
Jennings,4.2e-5
Judith,4.2e-5
Lenny,4.2e-5
Loyal,4.2e-5
Mitchel,4.2e-5
Carleton,4.1e-5
Dell,4.1e-5
Duwayne,4.1e-5
Alford,4e-5
Artis,4e-5
Domenic,4e-5
Ferdinand,4e-5
Fritz,4e-5
Merlyn,4e-5
Ottis,4e-5
Susan,4e-5
Cordell,3.9e-5
Darnell,3.9e-5
Jerrell,3.9e-5
Lafayette,3.9e-5
Maxie,3.9e-5
Merritt,3.9e-5
Omer,3.9e-5
Agustin,3.9e-5
Arlin,3.9e-5
Cedric,3.9e-5
Ezekiel,3.9e-5
Lawrance,3.9e-5
Len,3.9e-5
Maxwell,3.9e-5
Dorothy,3.8e-5
Elmore,3.8e-5
Geary,3.8e-5
General,3.8e-5
Karen,3.8e-5
Lorin,3.8e-5
Marcos,3.8e-5
Milan,3.8e-5
Ora,3.8e-5
Parker,3.8e-5
Prince,3.8e-5
Roddy,3.8e-5
Rowland,3.8e-5
Toney,3.8e-5
Berry,3.7e-5
Beverly,3.7e-5
Blake,3.7e-5
Carolyn,3.7e-5
Clarance,3.7e-5
Dillard,3.7e-5
Eliseo,3.7e-5
Erick,3.7e-5
Gonzalo,3.7e-5
Granville,3.7e-5
Howell,3.7e-5
Leopoldo,3.7e-5
Lorenza,3.7e-5
Orrin,3.7e-5
Refugio,3.7e-5
Reyes,3.7e-5
Sergio,3.7e-5
Theadore,3.7e-5
Thurston,3.7e-5
Carlo,3.6e-5
Cyrus,3.6e-5
Dayton,3.6e-5
Delmas,3.6e-5
Delton,3.6e-5
Denton,3.6e-5
Donnell,3.6e-5
Early,3.6e-5
Federico,3.6e-5
Glendon,3.6e-5
Kay,3.6e-5
Les,3.6e-5
Lindsay,3.6e-5
Obie,3.6e-5
Raymundo,3.6e-5
Rubin,3.6e-5
Shannon,3.6e-5
Thad,3.6e-5
Wylie,3.6e-5
Zane,3.6e-5
Elvis,3.6e-5
Ezra,3.6e-5
Farrell,3.6e-5
Garold,3.6e-5
Harrell,3.6e-5
Hunter,3.6e-5
Judy,3.6e-5
Lesley,3.6e-5
Logan,3.6e-5
Sean,3.6e-5
Tex,3.6e-5
Brendan,3.5e-5
Gaylon,3.5e-5
Gloria,3.5e-5
Lou,3.5e-5
Lyndon,3.5e-5
Noe,3.5e-5
Omar,3.5e-5
Rosevelt,3.5e-5
Sherrill,3.5e-5
Walt,3.5e-5
Bertrand,3.4e-5
Edison,3.4e-5
Elisha,3.4e-5
Eusebio,3.4e-5
Garey,3.4e-5
Isidro,3.4e-5
Johnson,3.4e-5
Jonnie,3.4e-5
Lucky,3.4e-5
Mahlon,3.4e-5
Patsy,3.4e-5
Sebastian,3.4e-5
Theo,3.4e-5
Verlin,3.4e-5
Williams,3.4e-5
Ambrose,3.4e-5
Bernardo,3.4e-5
Loran,3.4e-5
Palmer,3.4e-5
Terrill,3.4e-5
Arvin,3.3e-5
Cleve,3.3e-5
Clint,3.3e-5
Donna,3.3e-5
Jonas,3.3e-5
Joyce,3.3e-5
Leighton,3.3e-5
Rondal,3.3e-5
Dwaine,3.2e-5
Rayburn,3.2e-5
Whitney,3.2e-5
Allyn,3.1e-5
Angus,3.1e-5
Antone,3.1e-5
Clem,3.1e-5
Curley,3.1e-5
Darvin,3.1e-5
Derrell,3.1e-5
Farris,3.1e-5
Gerardo,3.1e-5
Gil,3.1e-5
Giles,3.1e-5
Layton,3.1e-5
Marshal,3.1e-5
Oneal,3.1e-5
Rollie,3.1e-5
Durwood,3.1e-5
Hans,3.1e-5
Jame,3.1e-5
Jewel,3.1e-5
Lucian,3.1e-5
Richie,3.1e-5
Unknown,3.1e-5
Arlyn,3e-5
Buck,3e-5
Carnell,3e-5
Casey,3e-5
Chad,3e-5
Clarke,3e-5
Del,3e-5
Donal,3e-5
Elzie,3e-5
Henderson,3e-5
