name,percent
James,0.050987
Robert,0.04936
John,0.047584
William,0.036057
Richard,0.031503
David,0.031123
Michael,0.027195
Thomas,0.024163
Charles,0.021949
Larry,0.018806
Ronald,0.018781
Gary,0.016181
Donald,0.015218
Joseph,0.014805
Kenneth,0.013238
George,0.012878
Dennis,0.012751
Paul,0.012271
Edward,0.011065
Jerry,0.010104
Stephen,0.008254
Daniel,0.008188
Frank,0.007533
Steven,0.007289
Roger,0.006874
Terry,0.006857
Raymond,0.006643
Gerald,0.005792
Bruce,0.005664
Wayne,0.005468
Douglas,0.005335
Lawrence,0.005157
Gregory,0.005025
Walter,0.004969
Harold,0.00479
Peter,0.004631
Jack,0.00457
Arthur,0.004458
Carl,0.004337
Danny,0.004337
Anthony,0.004315
Willie,0.004294
Joe,0.004254
Jimmy,0.004232
Henry,0.004213
Alan,0.00421
Mark,0.004184
Roy,0.004067
Johnny,0.003991
Ralph,0.003974
Billy,0.003739
Timothy,0.003632
Patrick,0.003562
Harry,0.003509
Albert,0.003479
Fred,0.003434
Philip,0.003362
Steve,0.003359
Eugene,0.003326
Ronnie,0.003292
Bobby,0.003289
Howard,0.003262
Dale,0.003193
Louis,0.003113
Mike,0.003099
Jeffrey,0.003044
Stanley,0.002953
Barry,0.002944
Russell,0.002847
Leonard,0.002782
Glenn,0.002778
Samuel,0.002749
Allen,0.002729
Phillip,0.002581
Ernest,0.002574
Bill,0.002529
Jim,0.002499
Frederick,0.002493
Tommy,0.002463
Eddie,0.002394
Norman,0.002372
Andrew,0.002335
Earl,0.002284
Francis,0.002266
Melvin,0.002245
Don,0.002161
Clarence,0.002111
Tom,0.002109
Marvin,0.002026
Martin,0.001997
Keith,0.00199
Lee,0.001984
Craig,0.001958
Rodney,0.00192
Brian,0.001859
Alfred,0.001839
Ray,0.001817
Leroy,0.001798
Curtis,0.001627
Bernard,0.001611
Clifford,0.001608
Theodore,0.001572
Gene,0.001562
Herbert,0.001535
Vincent,0.001509
Randall,0.001505
Jesse,0.001484
Warren,0.001465
Dan,0.00146
Jerome,0.001442
Gordon,0.001438
Lloyd,0.001416
Jimmie,0.001405
Edwin,0.001395
Bob,0.001355
Randy,0.001349
Leon,0.001342
Jay,0.001314
Lewis,0.001309
Calvin,0.001303
Victor,0.001269
Eric,0.00126
Jon,0.001244
Leslie,0.001239
Christopher,0.001235
Tony,0.001229
Darrell,0.001227
Clyde,0.001215
Floyd,0.001193
Alvin,0.001191
Harvey,0.001185
Allan,0.001179
Joel,0.001154
Vernon,0.00114
Duane,0.001126
Jose,0.001125
Lonnie,0.001118
Glen,0.001117
Scott,0.001094
Dean,0.001076
Jackie,0.001067
Lester,0.001044
Nicholas,0.001043
Benjamin,0.00104
Charlie,0.001032
Gilbert,0.001009
Leo,9.71e-4
Arnold,9.7e-4
Herman,9.66e-4
Johnnie,9.65e-4
Lynn,9.6e-4
Franklin,9.54e-4
Chester,9.25e-4
Freddie,9.21e-4
Dave,9.12e-4
Manuel,9.01e-4
Ted,8.87e-4
Milton,8.85e-4
Micheal,8.79e-4
Kevin,8.41e-4
Dwight,8.32e-4
Neil,7.87e-4
Wesley,7.84e-4
Cecil,7.77e-4
Garry,7.77e-4
Roland,7.71e-4
Claude,7.69e-4
Donnie,7.63e-4
Sam,7.6e-4
Tim,7.18e-4
Greg,7.09e-4
Juan,7.07e-4
Ricky,7e-4
Marshall,6.83e-4
Sammy,6.57e-4
Hugh,6.45e-4
Jonathan,6.45e-4
Stuart,6.4e-4
Guy,6.37e-4
Wallace,6.37e-4
Maurice,6.11e-4
Karl,6.04e-4
Rick,6.04e-4
Chris,6.03e-4
Kent,6.03e-4
Oscar,5.93e-4
Sidney,5.92e-4
Terrence,5.91e-4
Nathaniel,5.89e-4
Alexander,5.77e-4
Marc,5.73e-4
Benny,5.69e-4
Perry,5.68e-4
Edgar,5.67e-4
Jessie,5.61e-4
Matthew,5.58e-4
Carlos,5.54e-4
Willard,5.53e-4
Jeff,5.42e-4
Morris,5.39e-4
Elmer,5.33e-4
Gerard,5.29e-4
Earnest,5.27e-4
Randolph,5.19e-4
Clifton,5.18e-4
Marion,5.15e-4
Dana,5.1e-4
Clinton,5.09e-4
Bennie,4.97e-4
Ron,4.96e-4
Fredrick,4.95e-4
Lyle,4.86e-4
Reginald,4.84e-4
Everett,4.82e-4
Ben,4.75e-4
Ira,4.74e-4
Max,4.67e-4
Otis,4.66e-4
Virgil,4.61e-4
Rex,4.55e-4
Bradley,4.47e-4
Luther,4.46e-4
Darryl,4.43e-4
Nelson,4.38e-4
Clayton,4.36e-4
Rickey,4.35e-4
Byron,4.31e-4
Alex,4.28e-4
Mitchell,4.28e-4
Terrance,4.27e-4
Ross,4.25e-4
Laurence,4.21e-4
Rudy,4.06e-4
Dick,4.06e-4
Jesus,4.05e-4
Jeffery,3.99e-4
Horace,3.98e-4
Pete,3.97e-4
Ruben,3.97e-4
Daryl,3.95e-4
Antonio,3.95e-4
Hubert,3.94e-4
Neal,3.94e-4
Pat,3.9e-4
Delbert,3.89e-4
Wendell,3.82e-4
Ken,3.8e-4
Kerry,3.79e-4
Rudolph,3.76e-4
Loren,3.75e-4
Kenny,3.72e-4
Aaron,3.68e-4
Jan,3.64e-4
Lowell,3.63e-4
Archie,3.62e-4
Carroll,3.61e-4
Tommie,3.61e-4
Troy,3.6e-4
Brent,3.59e-4
Alton,3.53e-4
Leland,3.53e-4
Phil,3.52e-4
Nick,3.5e-4
Darrel,3.49e-4
Rodger,3.47e-4
Carlton,3.45e-4
Homer,3.44e-4
Edmund,3.4e-4
Malcolm,3.38e-4
Tyrone,3.38e-4
Doyle,3.35e-4
Oliver,3.35e-4
Nathan,3.32e-4
Jerald,3.29e-4
Sylvester,3.26e-4
Wilbert,3.25e-4
Julius,3.24e-4
Lance,3.24e-4
Willis,3.24e-4
Clark,3.23e-4
Bryan,3.23e-4
Isaac,3.22e-4
Wilbur,3.2e-4
Salvatore,3.18e-4
Frankie,3.16e-4
Geoffrey,3.11e-4
Sherman,3.1e-4
Raul,3.07e-4
Van,3.06e-4
Robin,3.04e-4
Francisco,3.01e-4
Dewey,2.98e-4
Mickey,2.98e-4
Roosevelt,2.98e-4
Julian,2.97e-4
Myron,2.93e-4
Kurt,2.88e-4
Kim,2.86e-4
Jacob,2.81e-4
Roberto,2.81e-4
Ivan,2.81e-4
Preston,2.8e-4
Mack,2.79e-4
Gregg,2.78e-4
Forrest,2.76e-4
Ellis,2.75e-4
Teddy,2.74e-4
Mario,2.7e-4
Grady,2.66e-4
Denis,2.65e-4
Sammie,2.64e-4
Wade,2.64e-4
Felix,2.63e-4
Ervin,2.6e-4
Rufus,2.6e-4
Woodrow,2.6e-4
Ramon,2.59e-4
Luis,2.49e-4
Stewart,2.47e-4
Pedro,2.47e-4
Andy,2.45e-4
Elbert,2.45e-4
Grant,2.44e-4
Angelo,2.4e-4
Denny,2.37e-4
Wilson,2.37e-4
Terence,2.35e-4
Freddy,2.34e-4
Eldon,2.34e-4
Dallas,2.32e-4
Armando,2.31e-4
Boyd,2.3e-4
Ronny,2.3e-4
Sheldon,2.3e-4
Emmett,2.26e-4
Conrad,2.24e-4
Percy,2.22e-4
Travis,2.18e-4
Owen,2.17e-4
Ernie,2.17e-4
Orville,2.15e-4
Bert,2.15e-4
Irvin,2.12e-4
Marcus,2.12e-4
Merle,2.1e-4
Dwayne,2.1e-4
Junior,2.07e-4
Buddy,2.06e-4
Noel,2.04e-4
Ricardo,2.04e-4
Doug,2.03e-4
Gale,2.03e-4
Gerry,2.01e-4
Garland,2e-4
Roderick,1.99e-4
Ed,1.98e-4
Hal,1.96e-4
Cleveland,1.94e-4
Royce,1.94e-4
Rene,1.93e-4
Alfonso,1.93e-4
Cary,1.93e-4
Chuck,1.93e-4
Guadalupe,1.93e-4
Louie,1.93e-4
Edmond,1.92e-4
Vaughn,1.9e-4
Elliott,1.9e-4
Darwin,1.88e-4
Kelly,1.88e-4
Lionel,1.88e-4
Billie,1.87e-4
Harley,1.81e-4
Spencer,1.81e-4
Harlan,1.81e-4
Hector,1.8e-4
Lanny,1.8e-4
Al,1.79e-4
Kirk,1.79e-4
Bradford,1.76e-4
Lorenzo,1.75e-4
Grover,1.74e-4
Wilfred,1.73e-4
Irving,1.73e-4
Marlin,1.71e-4
Monte,1.69e-4
Loyd,1.68e-4
Ned,1.68e-4
Stephan,1.68e-4
Aubrey,1.66e-4
Cornelius,1.66e-4
Alonzo,1.64e-4
Todd,1.64e-4
Amos,1.63e-4
Arturo,1.63e-4
Adrian,1.62e-4
Frederic,1.61e-4
Elijah,1.6e-4
Galen,1.59e-4
Burton,1.59e-4
Miguel,1.59e-4
Murray,1.58e-4
Sanford,1.58e-4
Dominick,1.55e-4
Kermit,1.53e-4
Dominic,1.53e-4
Sterling,1.52e-4
Vance,1.52e-4
Dannie,1.51e-4
Moses,1.51e-4
Lamar,1.49e-4
Salvador,1.49e-4
Winston,1.47e-4
Elwood,1.46e-4
Miles,1.46e-4
Lon,1.45e-4
Randal,1.45e-4
Adam,1.44e-4
Barney,1.44e-4
Fernando,1.42e-4
Alfredo,1.41e-4
Harrison,1.41e-4
Rickie,1.4e-4
Jess,1.39e-4
Austin,1.38e-4
Emil,1.38e-4
Stan,1.38e-4
Norbert,1.37e-4
Norris,1.35e-4
Bobbie,1.34e-4
Linwood,1.34e-4
Thurman,1.34e-4
August,1.34e-4
Weldon,1.31e-4
Gabriel,1.28e-4
Carmen,1.27e-4
Rafael,1.27e-4
Abraham,1.26e-4
Elton,1.26e-4
Brad,1.24e-4
Wiley,1.24e-4
Simon,1.24e-4
Elliot,1.23e-4
Odell,1.23e-4
Carey,1.21e-4
Dudley,1.21e-4
Fredric,1.2e-4
Roscoe,1.2e-4
Eddy,1.2e-4
Dewayne,1.19e-4
Andre,1.18e-4
Ward,1.18e-4
Sandy,1.17e-4
Delmar,1.17e-4
Elvin,1.16e-4
Millard,1.16e-4
Monty,1.16e-4
Enrique,1.15e-4
Evan,1.15e-4
Linda,1.15e-4
Blaine,1.14e-4
Maynard,1.14e-4
Rodolfo,1.14e-4
Drew,1.14e-4
Will,1.14e-4
Jerold,1.13e-4
Kirby,1.13e-4
Monroe,1.11e-4
Truman,1.11e-4
Alphonso,1.1e-4
Gail,1.1e-4
Jasper,1.1e-4
Reuben,1.09e-4
Russel,1.09e-4
Ernesto,1.08e-4
Nolan,1.07e-4
Hollis,1.06e-4
Alberto,1.05e-4
Gus,1.05e-4
Merrill,1.05e-4
Emanuel,1.05e-4
Kennith,1.05e-4
Dickie,1.03e-4
Domingo,1.03e-4
Donny,1.03e-4
Rod,1.03e-4
Coy,1.02e-4
Charley,1.01e-4
Christian,1.01e-4
Jake,1.01e-4
Riley,1.01e-4
Harris,1.01e-4
Jerrold,1.01e-4
Jackson,1e-4
Tomas,1e-4
Ramiro,9.9e-5
Mary,9.8e-5
Tracy,9.8e-5
Levi,9.8e-5
Johnie,9.7e-5
Terrell,9.7e-5
Irwin,9.7e-5
Rocky,9.7e-5
Carter,9.6e-5
Joesph,9.6e-5
Gilberto,9.5e-5
Laverne,9.5e-5
Bernie,9.5e-5
Colin,9.5e-5
Dane,9.5e-5
Emory,9.5e-5
Rocco,9.5e-5
Otto,9.4e-5
Denver,9.3e-5
Morgan,9.3e-5
Connie,9.3e-5
Joey,9.3e-5
Barton,9.2e-5
Ollie,9.2e-5
Angel,9.1e-5
Solomon,9.1e-5
Ulysses,9.1e-5
Jeffry,9.1e-5
Marty,9.1e-5
Buford,9e-5
Carol,9e-5
Armand,8.9e-5
Thaddeus,8.9e-5
Merlin,8.8e-5
Forest,8.7e-5
Reynaldo,8.7e-5
Reed,8.6e-5
Booker,8.6e-5
Vern,8.6e-5
Duncan,8.5e-5
Basil,8.5e-5
Clair,8.5e-5
Cornell,8.4e-5
Noah,8.4e-5
Orlando,8.4e-5
Garrett,8.3e-5
Jean,8.3e-5
Royal,8.3e-5
Santos,8.3e-5
Dexter,8.2e-5
Kyle,8.2e-5
Clement,8.1e-5
Pablo,8.1e-5
Errol,8.1e-5
Jorge,8.1e-5
Luke,8.1e-5
Justin,8e-5
Kendall,8e-5
Lupe,8e-5
Robbie,7.9e-5
Shelby,7.9e-5
Toby,7.9e-5
Wilmer,7.9e-5
Abel,7.8e-5
Clay,7.8e-5
Davis,7.8e-5
Lamont,7.8e-5
Randell,7.8e-5
Emery,7.7e-5
Michel,7.7e-5
Earle,7.7e-5
Eli,7.7e-5
Elias,7.7e-5
Sonny,7.7e-5
Emilio,7.6e-5
Joshua,7.6e-5
Cliff,7.5e-5
Mac,7.5e-5
Vito,7.5e-5
Wilburn,7.5e-5
Cleo,7.4e-5
Damon,7.4e-5
Erwin,7.4e-5
Julio,7.4e-5
Ignacio,7.4e-5
Jefferson,7.4e-5
Herschel,7.3e-5
Carson,7.3e-5
Felipe,7.3e-5
Jody,7.3e-5
Rolland,7.3e-5
Dwain,7.2e-5
Jason,7.2e-5
Gayle,7.2e-5
Isaiah,7.2e-5
Mervin,7.2e-5
Everette,7.1e-5
Rogers,7.1e-5
Silas,7.1e-5
Winfred,7.1e-5
Alva,7.1e-5
Jeremiah,7e-5
Andres,6.9e-5
Dalton,6.9e-5
Freeman,6.9e-5
Hershel,6.9e-5
Odis,6.9e-5
Bart,6.9e-5
Lavern,6.9e-5
Curt,6.8e-5
Lonny,6.8e-5
Wilford,6.8e-5
Bennett,6.7e-5
Alden,6.7e-5
Carmine,6.7e-5
Glynn,6.7e-5
Shirley,6.6e-5
Carrol,6.6e-5
Jaime,6.6e-5
Shelton,6.6e-5
Benito,6.5e-5
Bryant,6.5e-5
Foster,6.5e-5
Houston,6.5e-5
Jere,6.5e-5
Lenard,6.5e-5
Anton,6.5e-5
Dee,6.5e-5
Donn,6.5e-5
Patricia,6.5e-5
Reid,6.5e-5
Rogelio,6.5e-5
Gaylord,6.4e-5
Jacky,6.4e-5
Major,6.4e-5
Nicky,6.4e-5
Olin,6.4e-5
Wally,6.4e-5
Anderson,6.4e-5
Erik,6.4e-5
Lyman,6.4e-5
Emerson,6.3e-5
Roman,6.3e-5
Augustine,6.3e-5
Judson,6.3e-5
Lane,6.3e-5
Otha,6.3e-5
Alejandro,6.2e-5
Coleman,6.2e-5
Isiah,6.2e-5
Stanford,6.2e-5
Val,6.2e-5
Eduardo,6.1e-5
Guillermo,6.1e-5
Haywood,6.1e-5
Arden,6e-5
Delmer,6e-5
Ian,6e-5
Israel,6e-5
Graham,6e-5
Javier,6e-5
Raleigh,6e-5
Art,5.9e-5
Quentin,5.9e-5
Saul,5.9e-5
Woody,5.9e-5
Bryce,5.8e-5
Felton,5.8e-5
Santiago,5.8e-5
Sherwood,5.8e-5
Emile,5.8e-5
Gearld,5.8e-5
Humberto,5.8e-5
Adolph,5.7e-5
Hiram,5.7e-5
Pasquale,5.7e-5
Bud,5.7e-5
Burl,5.7e-5
Butch,5.7e-5
Cyril,5.7e-5
Rayford,5.7e-5
Harmon,5.6e-5
Ismael,5.6e-5
Jules,5.6e-5
Leigh,5.6e-5
Claud,5.6e-5
Milford,5.6e-5
Stanton,5.6e-5
Theron,5.6e-5
Wilton,5.6e-5
Pierre,5.5e-5
Reggie,5.5e-5
Benedict,5.4e-5
Lacy,5.4e-5
Olen,5.4e-5
Russ,5.4e-5
Ryan,5.4e-5
Douglass,5.4e-5
Elmo,5.4e-5
Garth,5.4e-5
Melvyn,5.4e-5
Fletcher,5.3e-5
Myles,5.3e-5
Sean,5.3e-5
Unknown,5.3e-5
Mel,5.3e-5
Blair,5.2e-5
Mckinley,5.2e-5
Clint,5.2e-5
Marcel,5.2e-5
Morton,5.2e-5
Brett,5.1e-5
Lincoln,5.1e-5
Mathew,5.1e-5
Alphonse,5.1e-5
Danial,5.1e-5
Arlie,5e-5
Ivory,5e-5
Meredith,5e-5
Augustus,5e-5
Lauren,5e-5
Timmy,5e-5
Avery,4.9e-5
Kenton,4.9e-5
Les,4.9e-5
Lindsey,4.9e-5
Seth,4.9e-5
Garold,4.9e-5
Scotty,4.9e-5
Barbara,4.8e-5
Brooks,4.8e-5
Elroy,4.8e-5
Hoyt,4.8e-5
Nickolas,4.8e-5
Burt,4.7e-5
Columbus,4.7e-5
Courtney,4.7e-5
Lawerence,4.7e-5
Mason,4.7e-5
Nicolas,4.7e-5
Normand,4.7e-5
Del,4.7e-5
Dorsey,4.7e-5
Milo,4.7e-5
Arlen,4.6e-5
Blake,4.6e-5
Brady,4.6e-5
Hilton,4.6e-5
Lucien,4.6e-5
Rollin,4.6e-5
Sydney,4.6e-5
Napoleon,4.6e-5
Regis,4.6e-5
Taylor,4.6e-5
Lemuel,4.5e-5
Dewitt,4.5e-5
Gaylon,4.5e-5
Hayward,4.5e-5
Len,4.5e-5
Adolfo,4.4e-5
Dennie,4.4e-5
Eloy,4.4e-5
Mitchel,4.4e-5
Talmadge,4.4e-5
Vicente,4.4e-5
Boyce,4.4e-5
Cameron,4.4e-5
Cleve,4.4e-5
Delmas,4.4e-5
Hobert,4.4e-5
Warner,4.4e-5
Artis,4.3e-5
Bruno,4.3e-5
Buster,4.3e-5
Lucius,4.3e-5
Lynwood,4.3e-5
Walton,4.3e-5
Cruz,4.3e-5
Jamie,4.3e-5
King,4.3e-5
Lorin,4.3e-5
Raymon,4.3e-5
Winford,4.3e-5
Chad,4.2e-5
Cletus,4.2e-5
Donovan,4.2e-5
Matt,4.2e-5
Newton,4.2e-5
Waymon,4.2e-5
Cyrus,4.2e-5
Domenic,4.2e-5
Elden,4.2e-5
Eldridge,4.2e-5
Stevan,4.2e-5
Darold,4.1e-5
Emmitt,4.1e-5
Hank,4.1e-5
Huey,4.1e-5
Mose,4.1e-5
Verne,4.1e-5
Donnell,4e-5
Fidel,4e-5
Alvis,4e-5
Berry,4e-5
Gregorio,4e-5
Parker,4e-5
Shannon,4e-5
Walker,4e-5
Beverly,3.9e-5
Hardy,3.9e-5
Maxie,3.9e-5
Orval,3.9e-5
Rory,3.9e-5
Rusty,3.9e-5
Sandra,3.9e-5
Bertram,3.9e-5
Carlo,3.9e-5
Casey,3.9e-5
Cedric,3.9e-5
Curtiss,3.9e-5
Erick,3.9e-5
Granville,3.9e-5
Jordan,3.9e-5
Omer,3.9e-5
Vince,3.9e-5
Allyn,3.8e-5
Arvin,3.8e-5
Bonnie,3.8e-5
Melton,3.8e-5
Noble,3.8e-5
Patsy,3.8e-5
Rubin,3.8e-5
Arlin,3.8e-5
Farrell,3.8e-5
Herb,3.8e-5
Tyler,3.8e-5
Winfield,3.8e-5
Zachary,3.8e-5
Lesley,3.7e-5
Raphael,3.7e-5
Terrill,3.7e-5
Alec,3.7e-5
Deane,3.7e-5
Ellsworth,3.7e-5
Jonas,3.7e-5
Marco,3.7e-5
Mikel,3.7e-5
Prince,3.7e-5
Zane,3.7e-5
Artie,3.6e-5
Darell,3.6e-5
Dell,3.6e-5
Franklyn,3.6e-5
Harland,3.6e-5
Hunter,3.6e-5
Issac,3.6e-5
Lenny,3.6e-5
Sal,3.6e-5
Wardell,3.6e-5
Agustin,3.6e-5
Ike,3.6e-5
Jacques,3.6e-5
Rand,3.6e-5
Rollie,3.6e-5
Toney,3.6e-5
Ashley,3.5e-5
Darnell,3.5e-5
Elvis,3.5e-5
Geary,3.5e-5
Margarito,3.5e-5
Maxwell,3.5e-5
Stacy,3.5e-5
Thad,3.5e-5
Theadore,3.5e-5
Arther,3.5e-5
Asa,3.5e-5
Ferdinand,3.5e-5
Mcarthur,3.5e-5
Reyes,3.5e-5
Roddy,3.5e-5
Susan,3.5e-5
Wilber,3.5e-5
Alfonzo,3.4e-5
Benton,3.4e-5
Ford,3.4e-5
Garnett,3.4e-5
Howell,3.4e-5
Loran,3.4e-5
Lyndon,3.4e-5
Romeo,3.4e-5
Seymour,3.4e-5
Derek,3.3e-5
Duwayne,3.3e-5
Quincy,3.3e-5
Clarke,3.3e-5
Delton,3.3e-5
Glendon,3.3e-5
Lindsay,3.3e-5
Sergio,3.3e-5
Ambrose,3.2e-5
Denzil,3.2e-5
Fritz,3.2e-5
Jerrell,3.2e-5
Kay,3.2e-5
Kris,3.2e-5
Leopoldo,3.2e-5
Noe,3.2e-5
Raymundo,3.2e-5
Reynold,3.2e-5
Robby,3.2e-5
Rolando,3.2e-5
Williams,3.2e-5
Arlan,3.2e-5
Cornel,3.2e-5
Ezra,3.2e-5
Gerold,3.2e-5
Gustavo,3.2e-5
Logan,3.2e-5
Lyn,3.2e-5
Madison,3.2e-5
Porter,3.2e-5
Trinidad,3.2e-5
Adan,3.1e-5
Dwaine,3.1e-5
Ezekiel,3.1e-5
Linden,3.1e-5
Palmer,3.1e-5
Shawn,3.1e-5
Skip,3.1e-5
Dorian,3.1e-5
Early,3.1e-5
Edd,3.1e-5
Frances,3.1e-5
Leeroy,3.1e-5
Murphy,3.1e-5
Nancy,3.1e-5
Randel,3.1e-5
Rondal,3.1e-5
Von,3.1e-5
Abe,3e-5
Carleton,3e-5
Carnell,3e-5
Clem,3e-5
Collin,3e-5
Dayton,3e-5
Enoch,3e-5
Evans,3e-5
Gaylen,3e-5
Harrell,3e-5
Joaquin,3e-5
Lawson,3e-5
Lindell,3e-5
Marcelino,3e-5
Sebastian,3e-5
Sharon,3e-5
Vernell,3e-5
Wayland,3e-5
Wylie,3e-5
Durwood,3e-5
Garey,3e-5
Gil,3e-5
Hugo,3e-5
Jennings,3e-5
Jonathon,3e-5
Junius,3e-5
Kip,3e-5
Leonel,3e-5
Lou,3e-5
Merritt,3e-5
Quinton,3e-5
Alford,2.9e-5
Aron,2.9e-5
Bernardo,2.9e-5
Giles,2.9e-5
Godfrey,2.9e-5
Gonzalo,2.9e-5
Hayden,2.9e-5
Lucious,2.9e-5
Rowland,2.9e-5
Valentine,2.9e-5
Alvie,2.9e-5
Dillard,2.9e-5
Ezell,2.9e-5
Hermon,2.9e-5
Jed,2.9e-5
Loy,2.9e-5
Marcos,2.9e-5
Orin,2.9e-5
Orrin,2.9e-5
Barrie,2.8e-5
Clarance,2.8e-5
Dirk,2.8e-5
Edsel,2.8e-5
Kit,2.8e-5
Leonardo,2.8e-5
Lonzo,2.8e-5
Loyal,2.8e-5
Mahlon,2.8e-5
Oren,2.8e-5
Refugio,2.8e-5
Tillman,2.8e-5
Wyman,2.8e-5
Brock,2.8e-5
Deryl,2.8e-5
Eliseo,2.8e-5
