name,percent
James,0.049697
Robert,0.047951
John,0.046435
William,0.034756
David,0.031771
Michael,0.029501
Richard,0.028582
Thomas,0.024556
Charles,0.021692
Ronald,0.01879
Larry,0.018764
Gary,0.015907
Joseph,0.015041
Donald,0.014839
Kenneth,0.013216
George,0.012295
Dennis,0.012209
Paul,0.011923
Edward,0.010632
Stephen,0.009579
Jerry,0.00944
Daniel,0.009254
Steven,0.008983
Roger,0.007177
Frank,0.007098
Terry,0.006806
Raymond,0.006506
Bruce,0.006214
Mark,0.005775
Gerald,0.005514
Lawrence,0.005478
Gregory,0.005455
Douglas,0.005313
Wayne,0.004865
Walter,0.004838
Harold,0.004571
Peter,0.004519
Timothy,0.004508
Danny,0.004499
Willie,0.004458
Anthony,0.004426
Carl,0.004387
Jack,0.004289
Arthur,0.004244
Alan,0.004153
Henry,0.004152
Joe,0.004089
Patrick,0.004033
Roy,0.003965
Jimmy,0.003889
Ralph,0.003878
Johnny,0.003864
Billy,0.003488
Philip,0.00346
Albert,0.003455
Dale,0.003409
Harry,0.003335
Jeffrey,0.003334
Ronnie,0.003309
Steve,0.003225
Eugene,0.003144
Bobby,0.003127
Howard,0.003075
Stanley,0.003019
Louis,0.003011
Fred,0.00301
Russell,0.002859
Mike,0.002826
Phillip,0.002813
Samuel,0.00281
Allen,0.002677
Leonard,0.002676
Glenn,0.002662
Barry,0.002621
Ernest,0.002529
Frederick,0.002528
Andrew,0.002422
Eddie,0.002372
Francis,0.002368
Tommy,0.002368
Melvin,0.002264
Craig,0.002239
Earl,0.002235
Bill,0.002202
Norman,0.002188
Jim,0.002133
Clarence,0.002128
Martin,0.002084
Keith,0.00205
Marvin,0.002033
Don,0.001979
Rodney,0.001943
Lee,0.001931
Tom,0.001925
Brian,0.001887
Alfred,0.001819
Leroy,0.001817
Randall,0.001783
Randy,0.001767
Ray,0.001755
Curtis,0.001738
Christopher,0.001735
Herbert,0.001612
Theodore,0.001583
Clifford,0.001567
Vincent,0.001566
Bernard,0.001518
Jesse,0.001509
Warren,0.001491
Jerome,0.001451
Gene,0.001424
Gordon,0.001409
Eric,0.001396
Victor,0.001394
Dan,0.001392
Edwin,0.001364
Calvin,0.001348
Lloyd,0.001339
Leon,0.001337
Jimmie,0.001318
Darrell,0.001313
Scott,0.001292
Jay,0.001278
Alvin,0.001276
Jose,0.001271
Tony,0.001268
Kevin,0.001255
Leslie,0.001241
Jon,0.001239
Lewis,0.001205
Clyde,0.001166
Allan,0.001156
Glen,0.001148
Lonnie,0.001142
Floyd,0.001139
Vernon,0.001139
Joel,0.001134
Harvey,0.001124
Duane,0.001104
Benjamin,0.001103
Bob,0.0011
Nicholas,0.001081
Dean,0.001072
Charlie,0.001062
Gilbert,0.001047
Jackie,0.001027
Herman,0.001027
Micheal,0.001013
Johnnie,9.98e-4
Lester,9.97e-4
Leo,9.67e-4
Freddie,9.65e-4
Dwight,9.26e-4
Arnold,9.2e-4
Ricky,8.99e-4
Manuel,8.9e-4
Lynn,8.8e-4
Chester,8.74e-4
Milton,8.67e-4
Franklin,8.64e-4
Dave,8.44e-4
Juan,8.34e-4
Donnie,8.32e-4
Ted,8.25e-4
Garry,7.87e-4
Neil,7.85e-4
Cecil,7.85e-4
Claude,7.54e-4
Wesley,7.5e-4
Roland,7.48e-4
Tim,7.24e-4
Chris,7.22e-4
Jonathan,7.19e-4
Rick,7.19e-4
Marc,7.05e-4
Sam,6.95e-4
Terrence,6.75e-4
Greg,6.7e-4
Karl,6.64e-4
Nathaniel,6.54e-4
Marshall,6.5e-4
Randolph,6.42e-4
Alexander,6.37e-4
Oscar,6.19e-4
Jessie,6.17e-4
Wallace,6.05e-4
Stuart,6.04e-4
Sammy,6e-4
Matthew,5.98e-4
Benny,5.96e-4
Hugh,5.83e-4
Carlos,5.78e-4
Bradley,5.77e-4
Kent,5.76e-4
Dana,5.73e-4
Rickey,5.72e-4
Guy,5.72e-4
Maurice,5.66e-4
Sidney,5.58e-4
Perry,5.53e-4
Edgar,5.46e-4
Elmer,5.45e-4
Gerard,5.45e-4
Willard,5.33e-4
Clifton,5.31e-4
Fredrick,5.28e-4
Reginald,5.28e-4
Marion,5.26e-4
Ruben,5.1e-4
Rex,5.08e-4
Earnest,5.07e-4
Jeff,4.99e-4
Ben,4.92e-4
Everett,4.92e-4
Terrance,4.85e-4
Lyle,4.84e-4
Mitchell,4.83e-4
Clinton,4.81e-4
Daryl,4.81e-4
Morris,4.77e-4
Jesus,4.75e-4
Otis,4.72e-4
Bennie,4.69e-4
Darryl,4.68e-4
Ira,4.63e-4
Luther,4.61e-4
Nelson,4.55e-4
Jeffery,4.49e-4
Virgil,4.46e-4
Byron,4.46e-4
Antonio,4.35e-4
Ron,4.32e-4
Alex,4.31e-4
Laurence,4.31e-4
Kerry,4.22e-4
Max,4.17e-4
Tyrone,4.07e-4
Ross,4.05e-4
Clayton,4.05e-4
Rudolph,4.02e-4
Horace,4.01e-4
Neal,4e-4
Aaron,3.95e-4
Alton,3.92e-4
Rudy,3.92e-4
Delbert,3.88e-4
Wendell,3.81e-4
Leland,3.77e-4
Archie,3.74e-4
Loren,3.72e-4
Rodger,3.7e-4
Pete,3.67e-4
Hubert,3.66e-4
Tommie,3.64e-4
Troy,3.64e-4
Brent,3.62e-4
Jan,3.59e-4
Oliver,3.54e-4
Ken,3.51e-4
Frankie,3.5e-4
Raul,3.5e-4
Mario,3.49e-4
Kenny,3.48e-4
Lowell,3.48e-4
Nathan,3.48e-4
Homer,3.47e-4
Dewey,3.45e-4
Lance,3.45e-4
Carroll,3.4e-4
Roberto,3.38e-4
Roosevelt,3.37e-4
Pat,3.33e-4
Francisco,3.33e-4
Salvatore,3.32e-4
Sylvester,3.32e-4
Sherman,3.31e-4
Geoffrey,3.29e-4
Luis,3.29e-4
Willis,3.26e-4
Phil,3.24e-4
Edmund,3.23e-4
Robin,3.22e-4
Darrel,3.19e-4
Bryan,3.18e-4
Mickey,3.11e-4
Clark,3.1e-4
Wilbert,3.1e-4
Dick,3.1e-4
Julius,3.09e-4
Malcolm,3.09e-4
Jerald,3.07e-4
Carlton,3.07e-4
Jacob,3.06e-4
Nick,3.06e-4
Mack,3.03e-4
Teddy,3.01e-4
Wilbur,3e-4
Doyle,2.99e-4
Julian,2.99e-4
Pedro,2.98e-4
Isaac,2.97e-4
Gregg,2.94e-4
Kurt,2.94e-4
Myron,2.9e-4
Kim,2.87e-4
Ramon,2.78e-4
Wade,2.75e-4
Van,2.75e-4
Andy,2.73e-4
Ervin,2.71e-4
Sammie,2.67e-4
Rufus,2.62e-4
Ivan,2.61e-4
Preston,2.6e-4
Felix,2.56e-4
Ricardo,2.53e-4
Ellis,2.51e-4
Cary,2.46e-4
Wilson,2.46e-4
Dallas,2.44e-4
Forrest,2.44e-4
Merle,2.43e-4
Denis,2.42e-4
Hector,2.4e-4
Woodrow,2.4e-4
Angelo,2.39e-4
Grant,2.34e-4
Conrad,2.34e-4
Stewart,2.32e-4
Percy,2.3e-4
Grady,2.29e-4
Marcus,2.29e-4
Armando,2.28e-4
Terence,2.27e-4
Freddy,2.26e-4
Sheldon,2.25e-4
Bert,2.23e-4
Guadalupe,2.23e-4
Louie,2.22e-4
Garland,2.18e-4
Owen,2.18e-4
Elbert,2.16e-4
Kelly,2.16e-4
Miguel,2.15e-4
Ronny,2.14e-4
Alfonso,2.13e-4
Bradford,2.12e-4
Travis,2.11e-4
Eldon,2.05e-4
Edmond,2.04e-4
Emmett,2.04e-4
Rene,2.03e-4
Roderick,2.03e-4
Royce,2.01e-4
Boyd,2e-4
Hal,2e-4
Irvin,2e-4
Buddy,1.99e-4
Vaughn,1.98e-4
Gale,1.96e-4
Alonzo,1.96e-4
Ernie,1.96e-4
Todd,1.93e-4
Dwayne,1.93e-4
Galen,1.93e-4
Elliott,1.92e-4
Kirk,1.91e-4
Lionel,1.91e-4
Lorenzo,1.91e-4
Gerry,1.88e-4
Junior,1.86e-4
Grover,1.84e-4
Noel,1.84e-4
Arturo,1.83e-4
Denny,1.83e-4
Cornelius,1.83e-4
Chuck,1.82e-4
Cleveland,1.82e-4
Doug,1.82e-4
Orville,1.8e-4
Harlan,1.78e-4
Moses,1.78e-4
Aubrey,1.77e-4
Dominic,1.75e-4
Monte,1.75e-4
Spencer,1.75e-4
Fernando,1.75e-4
Stephan,1.74e-4
Alfredo,1.73e-4
Randal,1.71e-4
Adrian,1.7e-4
Marlin,1.67e-4
Rickie,1.66e-4
Lanny,1.65e-4
Darwin,1.65e-4
Harley,1.64e-4
Irving,1.64e-4
Amos,1.63e-4
Wilfred,1.62e-4
Winston,1.62e-4
Ned,1.61e-4
Salvador,1.6e-4
Al,1.59e-4
Ed,1.59e-4
Lamar,1.59e-4
Billie,1.57e-4
Dannie,1.56e-4
Sanford,1.56e-4
Linwood,1.55e-4
Miles,1.55e-4
Lon,1.54e-4
Brad,1.51e-4
Dominick,1.51e-4
Loyd,1.51e-4
Rafael,1.49e-4
Andre,1.46e-4
Elliot,1.45e-4
Barney,1.44e-4
Wiley,1.44e-4
Frederic,1.43e-4
Sterling,1.43e-4
Abraham,1.42e-4
Emil,1.41e-4
Murray,1.41e-4
Vance,1.4e-4
Burton,1.38e-4
Thurman,1.38e-4
Adam,1.37e-4
Harrison,1.37e-4
August,1.34e-4
Elijah,1.34e-4
Ernesto,1.34e-4
Austin,1.33e-4
Will,1.33e-4
Elwood,1.32e-4
Norris,1.32e-4
Roscoe,1.32e-4
Carmen,1.3e-4
Carey,1.3e-4
Elton,1.29e-4
Rodolfo,1.29e-4
Jasper,1.26e-4
Emanuel,1.25e-4
Odell,1.25e-4
Angel,1.25e-4
Enrique,1.25e-4
Jess,1.25e-4
Colin,1.23e-4
Eddy,1.23e-4
Simon,1.23e-4
Kennith,1.22e-4
Gabriel,1.21e-4
Nolan,1.21e-4
Dewayne,1.2e-4
Donny,1.2e-4
Monty,1.2e-4
Reuben,1.2e-4
Stan,1.2e-4
Terrell,1.19e-4
Rocky,1.18e-4
Kermit,1.17e-4
Linda,1.17e-4
Norbert,1.17e-4
Bobbie,1.16e-4
Blaine,1.16e-4
Dudley,1.15e-4
Emory,1.15e-4
Ward,1.14e-4
Alphonso,1.13e-4
Christian,1.13e-4
Gail,1.13e-4
Fredric,1.12e-4
Russel,1.12e-4
Tracy,1.12e-4
Kirby,1.11e-4
Weldon,1.1e-4
Ramiro,1.1e-4
Ulysses,1.1e-4
Cornell,1.08e-4
Alberto,1.07e-4
Monroe,1.07e-4
Vern,1.07e-4
Maynard,1.07e-4
Elvin,1.06e-4
Millard,1.06e-4
Erwin,1.05e-4
Solomon,1.05e-4
Drew,1.03e-4
Levi,1.03e-4
Rocco,1.03e-4
Jason,1.02e-4
Riley,1.01e-4
Gus,1.01e-4
Jackson,1e-4
Tomas,1e-4
Jake,9.9e-5
Domingo,9.8e-5
Pablo,9.8e-5
Julio,9.8e-5
Ollie,9.8e-5
Otto,9.8e-5
Connie,9.7e-5
Lamont,9.7e-5
Reed,9.7e-5
Armand,9.5e-5
Clay,9.5e-5
Delmar,9.4e-5
Garrett,9.4e-5
Harris,9.3e-5
Jerrold,9.3e-5
Joesph,9.3e-5
Marty,9.3e-5
Felipe,9.2e-5
Johnie,9.2e-5
Reynaldo,9.2e-5
Evan,9.2e-5
Mary,9.2e-5
Merrill,9.2e-5
Unknown,9.2e-5
Jerold,9.1e-5
Charley,9e-5
Thaddeus,9e-5
Davis,9e-5
Denver,9e-5
Kendall,9e-5
Donn,8.9e-5
Shelby,8.9e-5
Coy,8.9e-5
Sandy,8.9e-5
Truman,8.9e-5
Gilberto,8.8e-5
Luke,8.8e-5
Bernie,8.7e-5
Barton,8.7e-5
Merlin,8.7e-5
Hollis,8.6e-5
Joey,8.6e-5
Earle,8.5e-5
Jean,8.5e-5
Rod,8.5e-5
Carter,8.5e-5
Irwin,8.5e-5
Dexter,8.4e-5
Errol,8.4e-5
Jorge,8.4e-5
Noah,8.4e-5
Abel,8.4e-5
Lonny,8.4e-5
Clair,8.3e-5
Ignacio,8.3e-5
Laverne,8.3e-5
Vito,8.3e-5
Dane,8.1e-5
Dickie,8.1e-5
Booker,8.1e-5
Lupe,8.1e-5
Rogers,8.1e-5
Wilburn,8e-5
Hershel,8e-5
Shawn,8e-5
Buford,7.9e-5
Emery,7.9e-5
Isaiah,7.9e-5
Jeremiah,7.9e-5
Jeffry,7.9e-5
Timmy,7.9e-5
Andres,7.8e-5
Brett,7.8e-5
Eli,7.7e-5
Justin,7.7e-5
Toby,7.7e-5
Wilmer,7.7e-5
Bennett,7.6e-5
Guillermo,7.6e-5
Herschel,7.6e-5
Clement,7.6e-5
Michel,7.5e-5
Alejandro,7.5e-5
Duncan,7.4e-5
Elias,7.4e-5
Fletcher,7.4e-5
Joshua,7.4e-5
Shelton,7.4e-5
Jody,7.3e-5
Kyle,7.3e-5
Mervin,7.3e-5
Val,7.3e-5
Carmine,7.3e-5
Curt,7.3e-5
Santiago,7.3e-5
Stanford,7.3e-5
Wilford,7.3e-5
Bryant,7.2e-5
Freeman,7.2e-5
Emilio,7.1e-5
Ivory,7.1e-5
Rogelio,7.1e-5
Royal,7.1e-5
Winfred,7.1e-5
Everette,7.1e-5
Felton,7.1e-5
Gayle,7.1e-5
Lavern,7.1e-5
Adolph,7e-5
Carol,7e-5
Dalton,7e-5
Dwain,7e-5
Isiah,7e-5
Morgan,7e-5
Randell,7e-5
Santos,7e-5
Eduardo,7e-5
Israel,7e-5
Jefferson,7e-5
Rory,6.9e-5
Sean,6.9e-5
Sonny,6.9e-5
Bart,6.9e-5
Jaime,6.9e-5
Major,6.8e-5
Lenard,6.7e-5
Foster,6.6e-5
Jacky,6.6e-5
Normand,6.6e-5
Quentin,6.6e-5
Robbie,6.6e-5
Rolland,6.6e-5
Benito,6.6e-5
Basil,6.5e-5
Carson,6.5e-5
Ismael,6.5e-5
Roman,6.5e-5
Silas,6.5e-5
Alva,6.5e-5
Blair,6.5e-5
Gaylord,6.4e-5
Wilton,6.4e-5
Douglass,6.4e-5
Odis,6.4e-5
Art,6.2e-5
Lane,6.2e-5
Myles,6.2e-5
Reggie,6.2e-5
Bryce,6.2e-5
Cliff,6.2e-5
Emerson,6.2e-5
Marcel,6.2e-5
Reid,6.2e-5
Forest,6.1e-5
Glynn,6.1e-5
Orlando,6.1e-5
Pasquale,6.1e-5
Burt,6.1e-5
Darnell,6.1e-5
Delmer,6.1e-5
Hiram,6.1e-5
Milford,6e-5
Dee,6e-5
Augustine,5.9e-5
Damon,5.9e-5
Augustus,5.8e-5
Jamie,5.8e-5
Lyman,5.8e-5
Mac,5.8e-5
Javier,5.8e-5
Saul,5.8e-5
Coleman,5.7e-5
Danial,5.7e-5
Otha,5.7e-5
Adolfo,5.7e-5
Lynwood,5.7e-5
Milo,5.7e-5
Mitchel,5.7e-5
Bud,5.6e-5
Cleo,5.6e-5
Hilton,5.6e-5
Nicky,5.6e-5
Raleigh,5.6e-5
Seth,5.6e-5
Mckinley,5.5e-5
Theron,5.5e-5
Alden,5.5e-5
Houston,5.5e-5
Lawerence,5.4e-5
Lindsey,5.4e-5
Kris,5.3e-5
Patricia,5.3e-5
Anderson,5.3e-5
Elmo,5.3e-5
Gearld,5.3e-5
Erik,5.2e-5
Graham,5.2e-5
Leigh,5.2e-5
Arlie,5.2e-5
Hayward,5.2e-5
Hoyt,5.2e-5
Burl,5.1e-5
Lemuel,5.1e-5
Mason,5.1e-5
Waymon,5.1e-5
Zachary,5.1e-5
Anton,5.1e-5
Haywood,5.1e-5
Lucius,5.1e-5
Rayford,5.1e-5
Wally,5.1e-5
Arlen,5e-5
Butch,5e-5
Casey,5e-5
Claud,5e-5
Jules,5e-5
Lacy,5e-5
Terrill,5e-5
Zane,5e-5
Brady,4.9e-5
Ian,4.9e-5
Matt,4.9e-5
Taylor,4.9e-5
Carrol,4.9e-5
Curtiss,4.9e-5
Emmitt,4.9e-5
Jere,4.8e-5
Judson,4.8e-5
Rand,4.8e-5
Arden,4.8e-5
Boyce,4.8e-5
Brock,4.8e-5
Columbus,4.8e-5
Cyril,4.8e-5
Cyrus,4.8e-5
Eloy,4.8e-5
Mose,4.8e-5
Pierre,4.8e-5
Rubin,4.8e-5
Vicente,4.8e-5
Del,4.7e-5
Dewitt,4.7e-5
Donnell,4.7e-5
Emile,4.7e-5
Newton,4.7e-5
Huey,4.7e-5
Regis,4.7e-5
Alphonse,4.6e-5
Carlo,4.6e-5
Elroy,4.6e-5
Ryan,4.6e-5
Bertram,4.6e-5
King,4.6e-5
Mathew,4.6e-5
Nickolas,4.6e-5
Raphael,4.6e-5
Rollin,4.6e-5
Stanton,4.6e-5
Artis,4.5e-5
Federico,4.5e-5
Garth,4.5e-5
Humberto,4.5e-5
Kenton,4.5e-5
Wardell,4.5e-5
Fidel,4.4e-5
Napoleon,4.4e-5
Stevie,4.4e-5
Avery,4.4e-5
Benedict,4.4e-5
Cletus,4.4e-5
Cleve,4.4e-5
Donovan,4.4e-5
Lenny,4.4e-5
Noble,4.4e-5
Shannon,4.4e-5
Sherwood,4.4e-5
Woody,4.4e-5
Barbara,4.3e-5
Buster,4.3e-5
Cruz,4.3e-5
Issac,4.3e-5
Lucien,4.3e-5
Melvyn,4.3e-5
Scotty,4.3e-5
Sergio,4.3e-5
Verne,4.3e-5
Warner,4.3e-5
Gaylon,4.3e-5
Olin,4.3e-5
Stevan,4.3e-5
Blake,4.2e-5
Clint,4.2e-5
Courtney,4.2e-5
Domenic,4.2e-5
Len,4.2e-5
Mahlon,4.2e-5
Marcos,4.2e-5
Lincoln,4.2e-5
Cameron,4.1e-5
Dorsey,4.1e-5
Rusty,4.1e-5
Arnulfo,4e-5
Bonnie,4e-5
Gregorio,4e-5
Lauren,4e-5
Lesley,4e-5
Russ,4e-5
Shirley,4e-5
Sydney,4e-5
Brooks,4e-5
Hank,4e-5
Harland,4e-5
Harmon,4e-5
Lyndon,4e-5
Mel,4e-5
Alford,3.9e-5
Darell,3.9e-5
Erick,3.9e-5
Franklyn,3.9e-5
Les,3.9e-5
Maxie,3.9e-5
Melton,3.9e-5
Parker,3.9e-5
Sebastian,3.9e-5
Alvis,3.9e-5
Cedric,3.9e-5
Isidro,3.9e-5
Orval,3.9e-5
Rupert,3.9e-5
Tyler,3.9e-5
Von,3.9e-5
Ferdinand,3.8e-5
Fritz,3.8e-5
Hobert,3.8e-5
Jordan,3.8e-5
Jeremy,3.8e-5
Jonas,3.8e-5
Stacy,3.8e-5
Arlan,3.7e-5
Ashley,3.7e-5
Darold,3.7e-5
Delmas,3.7e-5
Derrick,3.7e-5
Duwayne,3.7e-5
Lindsay,3.7e-5
Meredith,3.7e-5
Winfield,3.7e-5
Dennie,3.7e-5
Gerold,3.7e-5
Jerrell,3.7e-5
Lorin,3.7e-5
Nicolas,3.7e-5
Raymundo,3.7e-5
Roddy,3.7e-5
Sharon,3.7e-5
Agustin,3.6e-5
Artie,3.6e-5
Delton,3.6e-5
Dwaine,3.6e-5
Enoch,3.6e-5
Garold,3.6e-5
Ike,3.6e-5
Lawrance,3.6e-5
Lindell,3.6e-5
Loy,3.6e-5
Oren,3.6e-5
Junius,3.5e-5
Mikel,3.5e-5
Alfonzo,3.5e-5
Ambrose,3.5e-5
Derek,3.5e-5
Esteban,3.5e-5
Noe,3.5e-5
Olen,3.5e-5
Eldridge,3.4e-5
Ezell,3.4e-5
Garfield,3.4e-5
Gaylen,3.4e-5
Kip,3.4e-5
Lawson,3.4e-5
Morton,3.4e-5
Berry,3.4e-5
Carnell,3.4e-5
Ellsworth,3.4e-5
Elwin,3.4e-5
Johnson,3.4e-5
Maxwell,3.4e-5
Raymon,3.4e-5
Refugio,3.4e-5
Talmadge,3.4e-5
Williams,3.4e-5
Winford,3.4e-5
Xavier,3.4e-5
Dell,3.3e-5
Duke,3.3e-5
Glendon,3.3e-5
Granville,3.3e-5
Patsy,3.3e-5
Randel,3.3e-5
Sandra,3.3e-5
Toney,3.3e-5
Trinidad,3.3e-5
Benton,3.3e-5
Bertrand,3.3e-5
Farrell,3.3e-5
Lucious,3.3e-5
Murphy,3.3e-5
Prince,3.3e-5
Rosendo,3.3e-5
Walker,3.3e-5
Alec,3.2e-5
Alvie,3.2e-5
Aurelio,3.2e-5
Derrell,3.2e-5
Ezra,3.2e-5
Gerardo,3.2e-5
Gustavo,3.2e-5
Hardy,3.2e-5
Lorenza,3.2e-5
Reyes,3.2e-5
Verlin,3.2e-5
Walton,3.2e-5
Wayland,3.2e-5
Asa,3.1e-5
Gil,3.1e-5
Jonathon,3.1e-5
Lafayette,3.1e-5
Logan,3.1e-5
Merritt,3.1e-5
Rolando,3.1e-5
Susan,3.1e-5
Chad,3.1e-5
Garnett,3.1e-5
Godfrey,3.1e-5
Hosea,3.1e-5
Jame,3.1e-5
Joaquin,3.1e-5
Lennie,3.1e-5
Loran,3.1e-5
Milan,3.1e-5
Niles,3.1e-5
Vince,3.1e-5
Windell,3.1e-5
Arlin,3e-5
Beverly,3e-5
Dayton,3e-5
Jed,3e-5
Jerel,3e-5
Lonzo,3e-5
Obie,3e-5
Palmer,3e-5
Arther,3e-5
Cesar,3e-5
Collin,3e-5
Cordell,3e-5
Edd,3e-5
Geary,3e-5
Leonardo,3e-5
Marco,3e-5
Quinton,3e-5
Reynold,3e-5
Valentine,3e-5
Wyatt,3e-5
Abe,2.9e-5
Allyn,2.9e-5
Arvin,2.9e-5
Benson,2.9e-5
Donal,2.9e-5
Garey,2.9e-5
Hermon,2.9e-5
Howell,2.9e-5
Levon,2.9e-5
Norwood,2.9e-5
Omar,2.9e-5
Rolf,2.9e-5
Bernardo,2.9e-5
Brendan,2.9e-5
Bruno,2.9e-5
Conley,2.9e-5
Jacques,2.9e-5
Jared,2.9e-5
Kit,2.9e-5
Marcelino,2.9e-5
Margarito,2.9e-5
Murry,2.9e-5
Santo,2.9e-5
Angus,2.8e-5
Arne,2.8e-5
Aron,2.8e-5
Baron,2.8e-5
Cal,2.8e-5
Carleton,2.8e-5
Early,2.8e-5
Edison,2.8e-5
Elmore,2.8e-5
Elwyn,2.8e-5
Emmanuel,2.8e-5
Evans,2.8e-5
Ezekiel,2.8e-5
Giles,2.8e-5
Hunter,2.8e-5
Jewell,2.8e-5
Loyal,2.8e-5
Lucio,2.8e-5
Rich,2.8e-5
