name,percent
James,0.048244
Robert,0.046542
John,0.045039
William,0.034119
Michael,0.033313
David,0.033097
Richard,0.028294
Thomas,0.025091
Charles,0.022225
Larry,0.017652
Ronald,0.017485
Gary,0.016068
Donald,0.015047
Joseph,0.014644
Kenneth,0.013094
Dennis,0.012062
Paul,0.011981
George,0.011837
Stephen,0.011369
Steven,0.011062
Edward,0.010635
Daniel,0.010128
Jerry,0.00879
Mark,0.007621
Roger,0.007116
Bruce,0.006807
Frank,0.006641
Terry,0.006358
Douglas,0.006283
Raymond,0.006278
Gregory,0.006102
Lawrence,0.005685
Gerald,0.00545
Timothy,0.0051919999999999996
Wayne,0.004948
Anthony,0.004678
Walter,0.00461
Peter,0.004582
Patrick,0.004482
Danny,0.004458
Willie,0.004389
Harold,0.004333
Carl,0.004266
Arthur,0.004158
Alan,0.004024
Henry,0.003983
Jack,0.003954
Jeffrey,0.003874
Johnny,0.003862
Ralph,0.003746
Roy,0.00367
Joe,0.00362
Jimmy,0.003554
Dale,0.003466
Philip,0.003454
Albert,0.003364
Billy,0.003219
Eugene,0.003111
Harry,0.003076
Stanley,0.003071
Glenn,0.003003
Samuel,0.002977
Howard,0.002935
Louis,0.002914
Ronnie,0.002909
Phillip,0.002882
Bobby,0.002841
Russell,0.00278
Steve,0.002777
Frederick,0.002641
Allen,0.002626
Fred,0.00262
Barry,0.002552
Leonard,0.002528
Andrew,0.002502
Ernest,0.002409
Craig,0.002406
Francis,0.002379
Randall,0.002307
Christopher,0.002275
Eddie,0.00227
Melvin,0.002204
Martin,0.002163
Keith,0.002154
Tommy,0.002148
Brian,0.002134
Rodney,0.002122
Mike,0.002077
Marvin,0.002065
Norman,0.002037
Earl,0.002022
Randy,0.002008
Lee,0.001975
Clarence,0.001882
Kevin,0.001829
Alfred,0.001773
Curtis,0.001714
Don,0.0017
Scott,0.001693
Theodore,0.001686
Leroy,0.001635
Vincent,0.001623
Clifford,0.001615
Jerome,0.001536
Eric,0.001535
Bill,0.001532
Herbert,0.001514
Jim,0.001514
Jesse,0.001504
Ray,0.001501
Bernard,0.001491
Calvin,0.001424
Gordon,0.001414
Tom,0.001411
Warren,0.001403
Darrell,0.0014
Victor,0.001393
Jay,0.001361
Gene,0.001358
Jose,0.001349
Leon,0.001347
Micheal,0.001325
Edwin,0.001314
Lloyd,0.001294
Dan,0.001269
Leslie,0.001224
Glen,0.00122
Alvin,0.001192
Dean,0.001168
Clyde,0.001158
Lewis,0.001155
Jimmie,0.001155
Floyd,0.001126
Lonnie,0.001122
Benjamin,0.001117
Nicholas,0.001109
Duane,0.001104
Tony,0.001104
Joel,0.001101
Jackie,0.001089
Vernon,0.001079
Allan,0.001075
Harvey,0.001071
Jon,0.001046
Juan,0.001014
Charlie,0.001012
Gilbert,0.001008
Ricky,9.95e-4
Lester,9.74e-4
Johnnie,9.63e-4
Dwight,9.56e-4
Freddie,9.22e-4
Leo,9.15e-4
Manuel,9.13e-4
Franklin,9.01e-4
Donnie,8.99e-4
Herman,8.92e-4
Arnold,8.82e-4
Lynn,8.78e-4
Milton,8.64e-4
Neil,8.21e-4
Bob,8.13e-4
Chester,7.97e-4
Jonathan,7.93e-4
Garry,7.86e-4
Wesley,7.78e-4
Marc,7.76e-4
Chris,7.68e-4
Ted,7.64e-4
Rick,7.56e-4
Randolph,7.54e-4
Cecil,7.33e-4
Karl,7.33e-4
Bradley,7.29e-4
Roland,6.79e-4
Claude,6.77e-4
Matthew,6.75e-4
Stuart,6.63e-4
Nathaniel,6.6e-4
Alexander,6.57e-4
Terrence,6.53e-4
Dave,6.48e-4
Maurice,6.4e-4
Carlos,6.34e-4
Guy,6.28e-4
Oscar,6.26e-4
Marshall,6.18e-4
Sam,6.14e-4
Reginald,6.06e-4
Mitchell,6.04e-4
Rickey,6.03e-4
Dana,5.99e-4
Wallace,5.95e-4
Kent,5.94e-4
Perry,5.85e-4
Jeffery,5.83e-4
Hugh,5.81e-4
Gerard,5.78e-4
Fredrick,5.71e-4
Jessie,5.66e-4
Tim,5.59e-4
Ruben,5.55e-4
Sammy,5.54e-4
Clifton,5.44e-4
Daryl,5.42e-4
Benny,5.39e-4
Rex,5.31e-4
Sidney,5.27e-4
Kerry,5.15e-4
Willard,5.15e-4
Edgar,5.07e-4
Clinton,5.05e-4
Earnest,4.88e-4
Elmer,4.8e-4
Greg,4.8e-4
Darryl,4.75e-4
Antonio,4.71e-4
Marion,4.66e-4
Everett,4.63e-4
Lyle,4.62e-4
Morris,4.61e-4
Terrance,4.6e-4
Otis,4.55e-4
Rudolph,4.53e-4
Bennie,4.5e-4
Laurence,4.43e-4
Aaron,4.39e-4
Tyrone,4.39e-4
Virgil,4.38e-4
Ira,4.37e-4
Jesus,4.36e-4
Nelson,4.32e-4
Max,4.25e-4
Ross,4.24e-4
Ben,4.22e-4
Clayton,4.17e-4
Byron,4.13e-4
Luther,4.13e-4
Neal,4.12e-4
Brent,4.07e-4
Kirk,4.06e-4
Alex,4.02e-4
Rudy,3.98e-4
Wendell,3.94e-4
Jeff,3.86e-4
Horace,3.79e-4
Luis,3.76e-4
Rodger,3.76e-4
Kurt,3.71e-4
Bryan,3.69e-4
Nathan,3.68e-4
Robin,3.65e-4
Loren,3.61e-4
Raul,3.59e-4
Kim,3.53e-4
Lowell,3.51e-4
Archie,3.5e-4
Leland,3.49e-4
Hubert,3.47e-4
Wilbert,3.45e-4
Carroll,3.44e-4
Troy,3.44e-4
Lance,3.42e-4
Teddy,3.39e-4
Delbert,3.38e-4
Mario,3.36e-4
Salvatore,3.35e-4
Roosevelt,3.34e-4
Isaac,3.33e-4
Alton,3.32e-4
Darrel,3.32e-4
Oliver,3.32e-4
Clark,3.3e-4
Doyle,3.29e-4
Tommie,3.28e-4
Homer,3.28e-4
Sylvester,3.28e-4
Francisco,3.27e-4
Carlton,3.25e-4
Edmund,3.25e-4
Geoffrey,3.25e-4
Jerald,3.24e-4
Roberto,3.24e-4
Frankie,3.22e-4
Pete,3.19e-4
Sherman,3.11e-4
Julius,3.1e-4
Gregg,3.1e-4
Jan,3.07e-4
Mickey,3.05e-4
Kenny,3.03e-4
Preston,2.97e-4
Julian,2.95e-4
Ron,2.92e-4
Malcolm,2.89e-4
Ramon,2.88e-4
Myron,2.88e-4
Van,2.87e-4
Pedro,2.82e-4
Mack,2.81e-4
Kelly,2.8e-4
Felix,2.78e-4
Rufus,2.78e-4
Bradford,2.77e-4
Lanny,2.77e-4
Pat,2.75e-4
Jacob,2.73e-4
Ricardo,2.71e-4
Wilbur,2.71e-4
Armando,2.65e-4
Willis,2.65e-4
Wade,2.6e-4
Grant,2.57e-4
Marcus,2.57e-4
Todd,2.56e-4
Grady,2.55e-4
Forrest,2.55e-4
Hector,2.55e-4
Dewey,2.54e-4
Ivan,2.53e-4
Ken,2.53e-4
Andy,2.52e-4
Ervin,2.5e-4
Randal,2.5e-4
Nick,2.48e-4
Cary,2.48e-4
Monte,2.46e-4
Phil,2.43e-4
Ellis,2.41e-4
Galen,2.4e-4
Sammie,2.38e-4
Freddy,2.35e-4
Elbert,2.32e-4
Hal,2.26e-4
Garland,2.23e-4
Roderick,2.23e-4
Percy,2.2e-4
Stewart,2.19e-4
Angelo,2.18e-4
Denis,2.18e-4
Woodrow,2.18e-4
Louie,2.16e-4
Terence,2.15e-4
Irvin,2.1e-4
Wilson,2.09e-4
Sheldon,2.09e-4
Vaughn,2.09e-4
Stephan,2.08e-4
Guadalupe,2.08e-4
Travis,2.07e-4
Owen,2.06e-4
Miguel,2.04e-4
Dallas,2.03e-4
Bert,2.02e-4
Dwayne,2.02e-4
Lorenzo,1.98e-4
Merle,1.96e-4
Rene,1.95e-4
Alfonso,1.94e-4
Conrad,1.93e-4
Arturo,1.92e-4
Boyd,1.91e-4
Alfredo,1.91e-4
Buddy,1.9e-4
Donn,1.9e-4
Noel,1.9e-4
Ronny,1.89e-4
Dick,1.89e-4
Eldon,1.88e-4
Lionel,1.88e-4
Monty,1.84e-4
Royce,1.81e-4
Ernie,1.81e-4
Cleveland,1.8e-4
Spencer,1.8e-4
Salvador,1.78e-4
Wilfred,1.76e-4
Adrian,1.75e-4
Harlan,1.75e-4
Rickie,1.75e-4
Gale,1.75e-4
Cornelius,1.73e-4
Dominic,1.73e-4
Brad,1.71e-4
Darwin,1.68e-4
Gerry,1.68e-4
Adam,1.67e-4
Harley,1.67e-4
Aubrey,1.66e-4
Alonzo,1.64e-4
Edmond,1.64e-4
Orville,1.62e-4
Moses,1.61e-4
Elliott,1.61e-4
Abraham,1.6e-4
Rocky,1.6e-4
Miles,1.59e-4
Emmett,1.57e-4
Irving,1.56e-4
Junior,1.56e-4
Marlin,1.56e-4
Murray,1.54e-4
Unknown,1.53e-4
Dannie,1.52e-4
Billie,1.52e-4
Amos,1.51e-4
Ned,1.51e-4
Denny,1.5e-4
Fernando,1.5e-4
Burton,1.5e-4
Frederic,1.49e-4
Grover,1.49e-4
Linwood,1.49e-4
Chuck,1.49e-4
Elijah,1.49e-4
Lamar,1.49e-4
Reed,1.48e-4
Vance,1.48e-4
Gabriel,1.47e-4
Winston,1.47e-4
Ernesto,1.45e-4
Sterling,1.45e-4
Rafael,1.43e-4
Sanford,1.42e-4
Doug,1.42e-4
Dominick,1.41e-4
Rodolfo,1.4e-4
Thurman,1.39e-4
Andre,1.38e-4
August,1.38e-4
Tracy,1.36e-4
Donny,1.35e-4
Ed,1.34e-4
Norris,1.34e-4
Jess,1.31e-4
Loyd,1.3e-4
Emanuel,1.3e-4
Kermit,1.29e-4
Al,1.29e-4
Alphonso,1.27e-4
Elton,1.27e-4
Harrison,1.26e-4
Lon,1.26e-4
Carmen,1.25e-4
Enrique,1.25e-4
Norbert,1.25e-4
Alberto,1.24e-4
Nolan,1.22e-4
Barney,1.22e-4
Bobbie,1.21e-4
Odell,1.21e-4
Will,1.21e-4
Jason,1.21e-4
Christian,1.19e-4
Emil,1.19e-4
Colin,1.17e-4
Gail,1.17e-4
Elwood,1.16e-4
Drew,1.15e-4
Roscoe,1.15e-4
Wiley,1.15e-4
Reuben,1.14e-4
Dewayne,1.13e-4
Terrell,1.12e-4
Simon,1.11e-4
Tomas,1.11e-4
Randell,1.1e-4
Kirby,1.1e-4
Carey,1.09e-4
Fredric,1.09e-4
Kennith,1.09e-4
Millard,1.09e-4
Elliot,1.08e-4
Jasper,1.08e-4
Jeffry,1.07e-4
Lamont,1.07e-4
Ollie,1.06e-4
Solomon,1.06e-4
Reynaldo,1.06e-4
Weldon,1.06e-4
Ramiro,1.05e-4
Rocco,1.05e-4
Eddy,1.04e-4
Austin,1.03e-4
Blaine,1.03e-4
Sandy,1.03e-4
Angel,1.03e-4
Dudley,1.03e-4
Jake,1.01e-4
Jorge,1.01e-4
Joshua,1.01e-4
Marty,1.01e-4
Ward,1.01e-4
Julio,1e-4
Carter,9.9e-5
Clay,9.9e-5
Levi,9.9e-5
Domingo,9.8e-5
Joesph,9.8e-5
Jerold,9.8e-5
Cornell,9.7e-5
Evan,9.7e-5
Gilberto,9.7e-5
Justin,9.7e-5
Elvin,9.7e-5
Otto,9.6e-5
Russel,9.6e-5
Ulysses,9.6e-5
Charley,9.6e-5
Mary,9.5e-5
Booker,9.4e-5
Riley,9.4e-5
Barton,9.3e-5
Harris,9.3e-5
Linda,9.3e-5
Michel,9.3e-5
Garrett,9.3e-5
Pablo,9.3e-5
Kendall,9.2e-5
Jerrold,9.2e-5
Monroe,9.2e-5
Hollis,9.1e-5
Jean,9.1e-5
Abel,9e-5
Jeremiah,9e-5
Dane,8.9e-5
Thaddeus,8.9e-5
Armand,8.8e-5
Felipe,8.8e-5
Jackson,8.8e-5
Coy,8.7e-5
Truman,8.7e-5
Davis,8.7e-5
Erik,8.7e-5
Timmy,8.6e-5
Denver,8.6e-5
Dickie,8.6e-5
Joey,8.5e-5
Maynard,8.5e-5
Javier,8.5e-5
Luke,8.5e-5
Reid,8.4e-5
Merlin,8.3e-5
Merrill,8.3e-5
Johnie,8.3e-5
Rogers,8.3e-5
Rory,8.3e-5
Emory,8.2e-5
Buford,8.2e-5
Connie,8.2e-5
Noah,8.2e-5
Shelby,8.2e-5
Toby,8.2e-5
Benito,8.1e-5
Delmar,8.1e-5
Erwin,8.1e-5
Elias,8.1e-5
Lane,8.1e-5
Vern,8.1e-5
Dexter,8e-5
Gus,8e-5
Israel,8e-5
Kyle,8e-5
Isaiah,8e-5
Roman,8e-5
Bennett,7.8e-5
Brett,7.8e-5
Duncan,7.8e-5
Seth,7.8e-5
Jaime,7.7e-5
Eduardo,7.7e-5
Emery,7.7e-5
Santos,7.7e-5
Irwin,7.6e-5
Silas,7.6e-5
Lannie,7.6e-5
Stan,7.6e-5
Bernie,7.5e-5
Guillermo,7.5e-5
Jefferson,7.5e-5
Carmine,7.4e-5
Carson,7.4e-5
Lenard,7.4e-5
Val,7.4e-5
Damon,7.3e-5
Danial,7.3e-5
Dwain,7.3e-5
Santiago,7.3e-5
Shawn,7.3e-5
Wilford,7.3e-5
Andres,7.3e-5
Carol,7.3e-5
Douglass,7.3e-5
Forest,7.3e-5
Rogelio,7.3e-5
Emilio,7.2e-5
Errol,7.2e-5
Ignacio,7.2e-5
Winfred,7.2e-5
Ismael,7.2e-5
Royal,7.2e-5
Sean,7.2e-5
Shelton,7.2e-5
Orlando,7.1e-5
Bud,7.1e-5
Vito,7.1e-5
Stanford,7e-5
Eli,7e-5
Herschel,6.9e-5
Ivory,6.9e-5
Lonny,6.9e-5
Adolph,6.8e-5
Jody,6.8e-5
Lawerence,6.8e-5
Nicky,6.8e-5
Clement,6.8e-5
Fletcher,6.8e-5
Lavern,6.8e-5
Mervin,6.8e-5
Glynn,6.7e-5
Morgan,6.7e-5
Freeman,6.7e-5
Mitchel,6.7e-5
Dalton,6.6e-5
Robbie,6.6e-5
Sonny,6.6e-5
Darnell,6.6e-5
Gayle,6.6e-5
Gaylord,6.6e-5
Wilmer,6.6e-5
Earle,6.5e-5
Mathew,6.5e-5
Gearld,6.5e-5
Casey,6.4e-5
Clair,6.4e-5
Curt,6.4e-5
Isiah,6.4e-5
Alejandro,6.3e-5
Anderson,6.3e-5
Bryant,6.3e-5
Derek,6.3e-5
Emerson,6.3e-5
Basil,6.3e-5
Hershel,6.3e-5
Laverne,6.3e-5
Stevie,6.3e-5
Bart,6.2e-5
Burt,6.2e-5
Cleo,6.2e-5
Myles,6.2e-5
Otha,6.2e-5
Felton,6.2e-5
Stanton,6.2e-5
Wilburn,6.2e-5
Alva,6.1e-5
Anton,6.1e-5
Augustine,6.1e-5
Lupe,6.1e-5
Major,6.1e-5
Reggie,6.1e-5
Butch,6e-5
Mac,6e-5
Mckinley,6e-5
Rod,6e-5
Zachary,6e-5
Kris,5.9e-5
Normand,5.9e-5
Dee,5.8e-5
Foster,5.8e-5
Hiram,5.8e-5
Milford,5.8e-5
Quentin,5.8e-5
Jacky,5.8e-5
Leigh,5.8e-5
Patricia,5.7e-5
Ryan,5.7e-5
Saul,5.7e-5
Theron,5.7e-5
Adolfo,5.6e-5
Cruz,5.6e-5
Ian,5.6e-5
Rand,5.6e-5
Cyril,5.6e-5
Graham,5.6e-5
Arlen,5.5e-5
Boyce,5.5e-5
Bryce,5.5e-5
Houston,5.5e-5
Stacy,5.5e-5
Alphonse,5.5e-5
Garth,5.5e-5
Jamie,5.5e-5
Kenton,5.5e-5
Rolland,5.5e-5
Cameron,5.4e-5
Cedric,5.4e-5
Coleman,5.3e-5
Cyrus,5.3e-5
Lemuel,5.3e-5
Augustus,5.3e-5
Carlo,5.3e-5
Judson,5.3e-5
Nickolas,5.3e-5
Nicolas,5.3e-5
Wilton,5.3e-5
Blair,5.2e-5
Everette,5.2e-5
Mason,5.2e-5
Raleigh,5.2e-5
Dewitt,5.2e-5
Emmitt,5.2e-5
Erick,5.2e-5
Gaylen,5.2e-5
Gaylon,5.2e-5
Stevan,5.2e-5
Taylor,5.2e-5
Arnulfo,5.1e-5
Hayward,5.1e-5
Lindsey,5.1e-5
Clint,5e-5
Lincoln,5e-5
Maxie,5e-5
Milo,5e-5
Rayford,5e-5
Rusty,5e-5
Scotty,5e-5
Donnell,5e-5
Huey,5e-5
Sherwood,5e-5
Blake,4.9e-5
Cliff,4.9e-5
Lorin,4.9e-5
Marcel,4.9e-5
Pierre,4.9e-5
Fidel,4.8e-5
Hardy,4.8e-5
Jerel,4.8e-5
Lucius,4.8e-5
Lyman,4.8e-5
Haywood,4.8e-5
Regis,4.8e-5
Art,4.7e-5
Brooks,4.7e-5
Curtiss,4.7e-5
Marcos,4.7e-5
Napoleon,4.7e-5
Sydney,4.7e-5
Derrick,4.7e-5
Humberto,4.7e-5
Pasquale,4.7e-5
Rollin,4.7e-5
Woody,4.7e-5
Burl,4.6e-5
Columbus,4.6e-5
Eloy,4.6e-5
Hoyt,4.6e-5
Shirley,4.6e-5
Vicente,4.6e-5
Alden,4.6e-5
Benedict,4.6e-5
Brady,4.6e-5
Cletus,4.6e-5
Jere,4.6e-5
Olen,4.6e-5
Wardell,4.6e-5
Artis,4.5e-5
King,4.5e-5
Melvyn,4.5e-5
Shannon,4.5e-5
Delmer,4.5e-5
Jeremy,4.5e-5
Lesley,4.5e-5
Alford,4.4e-5
Elroy,4.4e-5
Odis,4.4e-5
Emile,4.3e-5
Lynwood,4.3e-5
Mikel,4.3e-5
Walker,4.3e-5
Bertram,4.3e-5
Courtney,4.3e-5
Dirk,4.3e-5
Mahlon,4.3e-5
Matt,4.3e-5
Prince,4.3e-5
Rubin,4.3e-5
Lauren,4.2e-5
Lucious,4.2e-5
Olin,4.2e-5
Terrill,4.2e-5
Wally,4.2e-5
Buster,4.2e-5
Carrol,4.2e-5
Hilton,4.2e-5
Lacy,4.2e-5
Lucien,4.2e-5
Lyndon,4.2e-5
Sergio,4.2e-5
Gerold,4.1e-5
Jordan,4.1e-5
Arden,4.1e-5
Arlie,4.1e-5
Bruno,4.1e-5
Carnell,4.1e-5
Dwaine,4.1e-5
Mose,4.1e-5
Waymon,4.1e-5
Denzil,4e-5
Franklyn,4e-5
Reynold,4e-5
Domenic,4e-5
Elmo,4e-5
Gregorio,4e-5
Zane,4e-5
Claud,3.9e-5
Geary,3.9e-5
Lindell,3.9e-5
Mel,3.9e-5
Talmadge,3.9e-5
Dennie,3.8e-5
Donovan,3.8e-5
Jules,3.8e-5
Morton,3.8e-5
Raphael,3.8e-5
Harmon,3.8e-5
Kip,3.8e-5
Randel,3.8e-5
Trinidad,3.8e-5
Valentine,3.8e-5
Warner,3.8e-5
Agustin,3.7e-5
Barbara,3.7e-5
Berry,3.7e-5
Cleve,3.7e-5
Ezra,3.7e-5
Garfield,3.7e-5
Melton,3.7e-5
Noble,3.7e-5
Winford,3.7e-5
Adolphus,3.7e-5
Tyler,3.7e-5
Verne,3.7e-5
Vince,3.7e-5
Bernardo,3.6e-5
Hank,3.6e-5
Ike,3.6e-5
Joaquin,3.6e-5
Leonardo,3.6e-5
Murphy,3.6e-5
Omar,3.6e-5
Toney,3.6e-5
Vernell,3.6e-5
Beverly,3.6e-5
Bonnie,3.6e-5
Dorsey,3.6e-5
Fritz,3.6e-5
Garold,3.6e-5
Issac,3.6e-5
Marco,3.6e-5
Benton,3.5e-5
Darold,3.5e-5
Del,3.5e-5
Eliseo,3.5e-5
Emmanuel,3.5e-5
Lindsay,3.5e-5
Lorenza,3.5e-5
Marcelino,3.5e-5
Orval,3.5e-5
Williams,3.5e-5
Xavier,3.5e-5
Artie,3.4e-5
Glendon,3.4e-5
Quinton,3.4e-5
Dell,3.4e-5
Eldridge,3.4e-5
Esteban,3.4e-5
Porter,3.4e-5
Rolando,3.4e-5
Russ,3.4e-5
Walton,3.4e-5
Abe,3.3e-5
Alfonzo,3.3e-5
Alvis,3.3e-5
Carleton,3.3e-5
Gil,3.3e-5
Hans,3.3e-5
Jerrell,3.3e-5
Jonas,3.3e-5
Jonathon,3.3e-5
Leander,3.3e-5
Lenwood,3.3e-5
Maxwell,3.3e-5
Sharon,3.3e-5
Donal,3.3e-5
Evans,3.3e-5
Farrell,3.3e-5
Harland,3.3e-5
Lenny,3.3e-5
Leonel,3.3e-5
Loy,3.3e-5
Randle,3.3e-5
Adan,3.2e-5
Antone,3.2e-5
Dorian,3.2e-5
Early,3.2e-5
Elmore,3.2e-5
Federico,3.2e-5
Sandra,3.2e-5
Windell,3.2e-5
Avery,3.2e-5
Cesar,3.2e-5
Delmas,3.2e-5
Domenick,3.2e-5
Duwayne,3.2e-5
Hugo,3.2e-5
Jed,3.2e-5
Len,3.2e-5
Margarito,3.2e-5
Meredith,3.2e-5
Noe,3.2e-5
Palmer,3.2e-5
Quincy,3.2e-5
Refugio,3.2e-5
Alvie,3.1e-5
Delton,3.1e-5
Derrell,3.1e-5
Kathleen,3.1e-5
Lary,3.1e-5
Newton,3.1e-5
Webster,3.1e-5
Winfield,3.1e-5
Ashley,3.1e-5
Chad,3.1e-5
Gustavo,3.1e-5
Howell,3.1e-5
Lafayette,3.1e-5
Lawrance,3.1e-5
Merritt,3.1e-5
Rolf,3.1e-5
Dempsey,3e-5
Ezell,3e-5
Jacques,3e-5
Milan,3e-5
Raymon,3e-5
Rupert,3e-5
Alec,2.9e-5
Arvin,2.9e-5
Clarance,2.9e-5
Cordell,2.9e-5
Elden,2.9e-5
Logan,2.9e-5
Mcarthur,2.9e-5
Rosendo,2.9e-5
Asa,2.9e-5
Brendan,2.9e-5
Elisha,2.9e-5
Gonzalo,2.9e-5
Granville,2.9e-5
Levon,2.9e-5
Lucian,2.9e-5
Patsy,2.9e-5
Reese,2.9e-5
Stefan,2.9e-5
Susan,2.9e-5
Thad,2.9e-5
Arlan,2.8e-5
Arlin,2.8e-5
Conley,2.8e-5
Darell,2.8e-5
Elvis,2.8e-5
Ezekiel,2.8e-5
Gerardo,2.8e-5
Hunter,2.8e-5
Jewel,2.8e-5
Oren,2.8e-5
Ottis,2.8e-5
Parker,2.8e-5
Reyes,2.8e-5
Roddy,2.8e-5
Sebastian,2.8e-5
Skip,2.8e-5
Crawford,2.8e-5
Donell,2.8e-5
Edd,2.8e-5
Enoch,2.8e-5
Hermon,2.8e-5
Isidro,2.8e-5
Loran,2.8e-5
Oran,2.8e-5
Prentice,2.8e-5
Sherwin,2.8e-5
Clem,2.7e-5
Corey,2.7e-5
Davey,2.7e-5
Elwin,2.7e-5
Les,2.7e-5
Ocie,2.7e-5
Raymundo,2.7e-5
Robby,2.7e-5
Romeo,2.7e-5
