name,percent
Robert,0.043059
James,0.042975
Michael,0.042092
John,0.040046
David,0.038037
William,0.03089
Richard,0.029146
Thomas,0.02348
Charles,0.019179
Gary,0.018464
Steven,0.016856
Mark,0.014657
Joseph,0.014595
Donald,0.01416
Ronald,0.013826
Kenneth,0.012745
Paul,0.012738
Larry,0.012577
Dennis,0.011813
Daniel,0.011733
Stephen,0.010905
George,0.009586
Edward,0.009485
Gregory,0.008079
Jeffrey,0.007954
Timothy,0.007588
Douglas,0.007072
Bruce,0.007009
Jerry,0.006944
Terry,0.006636
Roger,0.006581
Anthony,0.005838
Frank,0.005573
Raymond,0.005548
Randy,0.005318
Kevin,0.005001
Lawrence,0.004928
Peter,0.004866
Patrick,0.004733
Wayne,0.0044470000000000004
Gerald,0.004303
Danny,0.004299
Alan,0.00422
Carl,0.003912
Walter,0.003749
Scott,0.003748
Keith,0.003688
Dale,0.003664
Willie,0.003524
Arthur,0.003497
Ricky,0.003448
Johnny,0.003338
Brian,0.003329
Henry,0.003325
Roy,0.003323
Harold,0.003285
Jack,0.003269
Rodney,0.003263
Ralph,0.003253
Craig,0.003229
Christopher,0.003175
Stanley,0.003145
Philip,0.003134
Randall,0.00298
Billy,0.002917
Joe,0.002889
Glenn,0.002868
Andrew,0.002809
Albert,0.002712
Samuel,0.002703
Russell,0.002691
Jimmy,0.002654
Bobby,0.002597
Barry,0.002589
Eugene,0.002571
Phillip,0.00255
Howard,0.002491
Louis,0.002491
Ronnie,0.002477
Frederick,0.002431
Allen,0.002426
Martin,0.002385
Harry,0.002286
Steve,0.002266
Leonard,0.002199
Curtis,0.002178
Ernest,0.002048
Micheal,0.001989
Eric,0.001963
Francis,0.001934
Melvin,0.001906
Fred,0.00189
Lee,0.001794
Marvin,0.001778
Tommy,0.001726
Earl,0.001712
Eddie,0.001705
Norman,0.001687
Jay,0.001619
Rick,0.001586
Vincent,0.0015790000000000001
Clifford,0.001575
Darrell,0.001569
Alfred,0.001562
Dean,0.001556
Victor,0.001547
Jerome,0.001545
Clarence,0.001536
Jeffery,0.00152
Jose,0.001506
Calvin,0.001472
Theodore,0.001472
Rickey,0.001422
Jesse,0.001411
Ray,0.0014
Bradley,0.001389
Gordon,0.001389
Tony,0.001387
Bernard,0.001372
Jon,0.001356
Don,0.001355
Dwight,0.001346
Edwin,0.001323
Warren,0.001318
Herbert,0.001309
Leroy,0.001287
Kim,0.001281
Benjamin,0.001204
Glen,0.001195
Matthew,0.001186
Nicholas,0.001181
Duane,0.001168
Jonathan,0.001167
Joel,0.00115
Leslie,0.001142
Leon,0.001136
Mike,0.001133
Lloyd,0.001084
Dan,0.001079
Alvin,0.001051
Vernon,0.001028
Garry,0.001023
Gene,0.001005
Marc,9.88e-4
Jackie,9.84e-4
Neil,9.67e-4
Lonnie,9.62e-4
Gilbert,9.54e-4
Mitchell,9.46e-4
Juan,9.42e-4
Guy,9.39e-4
Floyd,9.33e-4
Lewis,9.27e-4
Allan,9.25e-4
Clyde,9.22e-4
Donnie,8.93e-4
Lester,8.89e-4
Franklin,8.8e-4
Wesley,8.67e-4
Robin,8.62e-4
Randolph,8.55e-4
Karl,8.26e-4
Leo,8.26e-4
Brad,8.23e-4
Reginald,8.2e-4
Kent,8.17e-4
Jimmie,8.13e-4
Manuel,7.86e-4
Chris,7.86e-4
Lynn,7.77e-4
Harvey,7.7e-4
Charlie,7.69e-4
Freddie,7.68e-4
Milton,7.66e-4
Jim,7.65e-4
Bill,7.6e-4
Kurt,7.59e-4
Dana,7.52e-4
Herman,7.04e-4
Carlos,6.99e-4
Johnnie,6.98e-4
Arnold,6.94e-4
Tom,6.9e-4
Chester,6.9e-4
Stuart,6.86e-4
Gerard,6.82e-4
Daryl,6.78e-4
Fredrick,6.71e-4
Rex,6.7e-4
Ted,6.52e-4
Roland,6.38e-4
Darryl,6.35e-4
Nathaniel,6.34e-4
Kerry,6.29e-4
Alexander,6.28e-4
Cecil,6.26e-4
Kirk,6.16e-4
Maurice,6.14e-4
Perry,6.11e-4
Terrence,6.1e-4
Brent,6.03e-4
Oscar,5.99e-4
Ruben,5.99e-4
Tyrone,5.71e-4
Claude,5.69e-4
Antonio,5.55e-4
Todd,5.47e-4
Jessie,5.29e-4
Bryan,5.24e-4
Ricardo,5.24e-4
Marshall,5.16e-4
Sidney,5.07e-4
Wallace,5.07e-4
Nelson,5.03e-4
Mario,4.95e-4
Neal,4.85e-4
Clifton,4.8e-4
Terrance,4.8e-4
Hugh,4.78e-4
Byron,4.61e-4
Ross,4.59e-4
Edgar,4.51e-4
Rickie,4.5e-4
Aaron,4.49e-4
Benny,4.47e-4
Lyle,4.44e-4
Sam,4.41e-4
Wendell,4.41e-4
Luis,4.4e-4
Clayton,4.35e-4
Jeff,4.24e-4
Kelly,4.24e-4
Clinton,4.22e-4
Jesus,4.2e-4
Morris,4.19e-4
Nathan,4.08e-4
Gregg,4.07e-4
Greg,3.98e-4
Earnest,3.92e-4
Bradford,3.88e-4
Randal,3.84e-4
Sammy,3.84e-4
Marion,3.83e-4
Bennie,3.83e-4
Otis,3.83e-4
Francisco,3.81e-4
Willard,3.81e-4
Dave,3.8e-4
Virgil,3.78e-4
Laurence,3.75e-4
Everett,3.73e-4
Tim,3.72e-4
Ben,3.72e-4
Rudolph,3.7e-4
Raul,3.69e-4
Marcus,3.63e-4
Ira,3.62e-4
Max,3.62e-4
Alex,3.6e-4
Carlton,3.57e-4
Lance,3.57e-4
Roberto,3.53e-4
Bob,3.47e-4
Elmer,3.44e-4
Loren,3.43e-4
Luther,3.43e-4
Rocky,3.43e-4
Troy,3.41e-4
Geoffrey,3.35e-4
Wade,3.31e-4
Rodger,3.29e-4
Horace,3.25e-4
Clark,3.23e-4
Frankie,3.21e-4
Sylvester,3.2e-4
Myron,3.19e-4
Roderick,3.17e-4
Andre,3.15e-4
Hector,3.15e-4
Rudy,3.12e-4
Salvatore,3.12e-4
Mickey,3.1e-4
Delbert,3.09e-4
Edmund,3.09e-4
Ramon,3.08e-4
Sherman,3.04e-4
Alton,3.02e-4
Jacob,2.99e-4
Archie,2.98e-4
Roosevelt,2.94e-4
Denis,2.92e-4
Jan,2.91e-4
Stewart,2.88e-4
Van,2.87e-4
Armando,2.85e-4
Felix,2.83e-4
Darrel,2.8e-4
Hubert,2.77e-4
Grant,2.77e-4
Julius,2.77e-4
Pedro,2.76e-4
Isaac,2.75e-4
Malcolm,2.74e-4
Miguel,2.72e-4
Tommie,2.71e-4
Jerald,2.69e-4
Teddy,2.69e-4
Monte,2.68e-4
Leland,2.67e-4
Wilbert,2.66e-4
Unknown,2.66e-4
Fernando,2.63e-4
Pete,2.63e-4
Julian,2.61e-4
Oliver,2.61e-4
Preston,2.56e-4
Kenny,2.54e-4
Lowell,2.45e-4
Angelo,2.44e-4
Doyle,2.42e-4
Homer,2.4e-4
Willis,2.4e-4
Terence,2.39e-4
Dwayne,2.38e-4
Forrest,2.38e-4
Stephan,2.36e-4
Andy,2.35e-4
Ivan,2.29e-4
Ervin,2.26e-4
Ellis,2.26e-4
Dallas,2.25e-4
Rufus,2.23e-4
Arturo,2.22e-4
Lorenzo,2.2e-4
Mack,2.19e-4
Wilbur,2.17e-4
Carroll,2.14e-4
Jeffry,2.12e-4
Rene,2.1e-4
Nick,2.07e-4
Owen,2.06e-4
Hal,2.03e-4
Adrian,2.03e-4
Cary,2.02e-4
Grady,2.01e-4
Alfredo,2e-4
Freddy,2e-4
Alfonso,1.98e-4
Alonzo,1.96e-4
Boyd,1.96e-4
Dewey,1.95e-4
Lionel,1.95e-4
Conrad,1.95e-4
Guadalupe,1.92e-4
Sean,1.91e-4
Travis,1.89e-4
Percy,1.88e-4
Kyle,1.81e-4
Wilson,1.81e-4
Marty,1.8e-4
Sammie,1.8e-4
Bert,1.79e-4
Derrick,1.79e-4
Alberto,1.78e-4
Dominic,1.77e-4
Royce,1.77e-4
Elbert,1.76e-4
Ron,1.76e-4
Aubrey,1.74e-4
Louie,1.71e-4
Shawn,1.71e-4
Rodolfo,1.69e-4
Gerry,1.68e-4
Edmond,1.68e-4
Garland,1.68e-4
Noel,1.68e-4
Derek,1.67e-4
Vance,1.67e-4
Christian,1.67e-4
Tracy,1.66e-4
Salvador,1.66e-4
Buddy,1.65e-4
Irvin,1.65e-4
Joey,1.64e-4
Rafael,1.64e-4
Adam,1.64e-4
Cleveland,1.63e-4
Angel,1.63e-4
Merle,1.63e-4
Sheldon,1.62e-4
Dominick,1.61e-4
Carey,1.6e-4
Ronny,1.6e-4
Ken,1.59e-4
Abraham,1.57e-4
Blaine,1.56e-4
Darwin,1.55e-4
Amos,1.54e-4
Jerrold,1.54e-4
Pat,1.52e-4
Woodrow,1.5e-4
Dewayne,1.48e-4
Monty,1.48e-4
Barney,1.48e-4
Galen,1.47e-4
Marlin,1.47e-4
Miles,1.47e-4
Norris,1.47e-4
Spencer,1.47e-4
Wilfred,1.47e-4
Lanny,1.46e-4
Dexter,1.46e-4
Cornelius,1.45e-4
Elton,1.44e-4
Emmett,1.43e-4
Kirby,1.43e-4
Dannie,1.43e-4
Kelvin,1.4e-4
Eldon,1.39e-4
Ernie,1.39e-4
Evan,1.39e-4
Gabriel,1.38e-4
Jason,1.37e-4
Enrique,1.36e-4
Harlan,1.36e-4
Alphonso,1.35e-4
Darnell,1.35e-4
Javier,1.35e-4
Jorge,1.35e-4
Lamar,1.35e-4
Moses,1.35e-4
Al,1.34e-4
Clay,1.34e-4
Grover,1.34e-4
Blair,1.33e-4
Gale,1.33e-4
Brett,1.32e-4
Winston,1.32e-4
Ned,1.32e-4
Reed,1.32e-4
Linwood,1.31e-4
Ernesto,1.3e-4
Lon,1.3e-4
Jaime,1.29e-4
Orville,1.28e-4
Phil,1.28e-4
Harley,1.28e-4
Curt,1.27e-4
Sterling,1.27e-4
Julio,1.26e-4
Elliott,1.25e-4
Elijah,1.25e-4
Joesph,1.24e-4
Murray,1.24e-4
Donny,1.23e-4
Irving,1.23e-4
Denny,1.23e-4
Vaughn,1.22e-4
Ramiro,1.2e-4
Stevie,1.2e-4
Jess,1.19e-4
Michel,1.17e-4
Billie,1.15e-4
Loyd,1.15e-4
Frederic,1.14e-4
Kermit,1.14e-4
Junior,1.13e-4
Sanford,1.13e-4
Burton,1.1e-4
Norbert,1.09e-4
Abel,1.09e-4
Carmen,1.09e-4
Dick,1.08e-4
Kendall,1.08e-4
August,1.08e-4
Harrison,1.08e-4
Orlando,1.08e-4
Drew,1.07e-4
Colin,1.06e-4
Emanuel,1.06e-4
Rocco,1.06e-4
Rory,1.06e-4
Austin,1.05e-4
Thaddeus,1.05e-4
Cornell,1.05e-4
Blake,1.04e-4
Cedric,1.04e-4
Eddy,1.03e-4
Ward,1.03e-4
Jamie,1.02e-4
Will,1.02e-4
Geary,1.01e-4
Roscoe,1.01e-4
Simon,1.01e-4
Lamont,1e-4
Reuben,9.9e-5
Gilberto,9.9e-5
Pablo,9.8e-5
Bobbie,9.7e-5
Dudley,9.7e-5
Randell,9.7e-5
Reid,9.7e-5
Odell,9.7e-5
Sandy,9.7e-5
Kris,9.6e-5
Wiley,9.6e-5
Erik,9.6e-5
Levi,9.5e-5
Mikel,9.5e-5
Donn,9.5e-5
Jody,9.5e-5
Nolan,9.5e-5
Tomas,9.4e-5
Kennith,9.4e-5
Fredric,9.3e-5
Jasper,9.3e-5
Eduardo,9.2e-5
Emil,9.2e-5
Israel,9.2e-5
Jerold,9.2e-5
Reynaldo,9.2e-5
Bryant,9.2e-5
Elvin,9.2e-5
Robbie,9.2e-5
Shane,9.2e-5
Bart,9.1e-5
Roman,9.1e-5
Lane,9.1e-5
Casey,9e-5
Dane,9e-5
Terrell,9e-5
Toby,9e-5
Weldon,9e-5
Andres,8.9e-5
Thurman,8.8e-5
Timmy,8.8e-5
Felipe,8.7e-5
Gus,8.7e-5
Seth,8.7e-5
Damon,8.6e-5
Joshua,8.6e-5
Justin,8.6e-5
Luke,8.6e-5
Vern,8.5e-5
Jacky,8.5e-5
Otto,8.4e-5
Rogelio,8.4e-5
Dwain,8.3e-5
Zachary,8.3e-5
Elwood,8.2e-5
Donnell,8.2e-5
Garrett,8.2e-5
Ismael,8.2e-5
Riley,8.2e-5
Ulysses,8.2e-5
Danial,8.1e-5
Jake,8.1e-5
Mitchel,8.1e-5
Noah,8.1e-5
Carter,8e-5
Chuck,8e-5
Elias,8e-5
Emory,8e-5
Garth,8e-5
Erwin,7.9e-5
Ian,7.9e-5
Mathew,7.9e-5
Val,7.9e-5
Russel,7.9e-5
Vito,7.9e-5
Lindsey,7.8e-5
Merlin,7.8e-5
Barton,7.8e-5
Gail,7.8e-5
Hank,7.8e-5
Harris,7.8e-5
Rogers,7.8e-5
Elliot,7.7e-5
Nicky,7.7e-5
Alejandro,7.7e-5
Jefferson,7.7e-5
Winfred,7.7e-5
Adolph,7.6e-5
Chad,7.6e-5
Dirk,7.6e-5
Merrill,7.6e-5
Stan,7.6e-5
Domingo,7.5e-5
Morgan,7.5e-5
Hollis,7.5e-5
Benito,7.4e-5
Duncan,7.4e-5
Rusty,7.4e-5
Bryce,7.3e-5
Ignacio,7.3e-5
Lonny,7.3e-5
Mary,7.3e-5
Maynard,7.3e-5
Ricki,7.3e-5
Ryan,7.3e-5
Monroe,7.3e-5
Coy,7.2e-5
Solomon,7.2e-5
Delmar,7.2e-5
Emilio,7.2e-5
Bennett,7.1e-5
Jeremiah,7.1e-5
Ollie,7.1e-5
Rolando,7.1e-5
Carson,7.1e-5
Connie,7e-5
Ed,7e-5
Millard,7e-5
Scotty,7e-5
Basil,7e-5
Booker,7e-5
Charley,6.9e-5
Reggie,6.9e-5
Cameron,6.8e-5
Armand,6.7e-5
Denver,6.7e-5
Doug,6.7e-5
Jackson,6.6e-5
Johnie,6.6e-5
Bernie,6.5e-5
Lindsay,6.5e-5
Sergio,6.5e-5
Sonny,6.5e-5
Pierre,6.5e-5
Shelton,6.5e-5
Lenard,6.4e-5
Burt,6.4e-5
Davis,6.4e-5
Clair,6.3e-5
Guillermo,6.3e-5
Patricia,6.3e-5
Kenton,6.3e-5
Eli,6.2e-5
Emery,6.2e-5
Arlen,6.2e-5
Kimberly,6.2e-5
Santos,6.2e-5
Stevan,6.2e-5
Carmine,6.1e-5
Hans,6.1e-5
Jean,6.1e-5
Shelby,6.1e-5
Ivory,6e-5
Mervin,6e-5
Santiago,6e-5
Scot,6e-5
Clement,5.9e-5
Dee,5.9e-5
Royal,5.9e-5
Randel,5.9e-5
Saul,5.9e-5
Felton,5.8e-5
Hiram,5.8e-5
Major,5.8e-5
Jonathon,5.8e-5
Brandon,5.7e-5
Butch,5.7e-5
Efrain,5.7e-5
Linda,5.7e-5
Stanford,5.7e-5
Brooks,5.7e-5
Freeman,5.7e-5
Hershel,5.7e-5
Irwin,5.7e-5
Quentin,5.7e-5
Wilford,5.7e-5
Anderson,5.6e-5
Isaiah,5.6e-5
Silas,5.6e-5
Stacy,5.6e-5
Forest,5.6e-5
Laverne,5.6e-5
Brady,5.5e-5
Gustavo,5.5e-5
Ike,5.5e-5
Rod,5.5e-5
Marcel,5.5e-5
Myles,5.5e-5
Anton,5.4e-5
Cleo,5.4e-5
Everette,5.4e-5
Lemuel,5.4e-5
Buford,5.4e-5
Dickie,5.4e-5
Earle,5.4e-5
Glynn,5.4e-5
Errol,5.3e-5
Herschel,5.3e-5
Matt,5.3e-5
Clint,5.3e-5
Douglass,5.3e-5
Kip,5.3e-5
Leigh,5.2e-5
Nicolas,5.2e-5
Gerardo,5.1e-5
Jeremy,5.1e-5
Jules,5.1e-5
Lavern,5.1e-5
Houston,5.1e-5
Jed,5.1e-5
Rand,5.1e-5
Zane,5.1e-5
Bud,5e-5
Curtiss,5e-5
Fletcher,5e-5
Isiah,5e-5
Kurtis,5e-5
Odis,5e-5
Theron,5e-5
Xavier,5e-5
Augustine,5e-5
Emerson,5e-5
Lawerence,5e-5
Marco,5e-5
Emmitt,4.9e-5
Jordan,4.9e-5
Mckinley,4.9e-5
Stanton,4.9e-5
Tyler,4.9e-5
Gearld,4.9e-5
Judson,4.9e-5
Woody,4.9e-5
Alden,4.8e-5
Artis,4.8e-5
Dalton,4.8e-5
Augustus,4.8e-5
Carlo,4.8e-5
Domenic,4.8e-5
Humberto,4.8e-5
Benedict,4.7e-5
Gayle,4.7e-5
Marcos,4.7e-5
Mel,4.7e-5
Otha,4.7e-5
Wilmer,4.7e-5
Olin,4.7e-5
Rolland,4.7e-5
Avery,4.6e-5
Graham,4.6e-5
Cliff,4.6e-5
Elroy,4.6e-5
Olen,4.6e-5
Burl,4.5e-5
Fritz,4.5e-5
Gil,4.5e-5
Shannon,4.5e-5
Tod,4.5e-5
Del,4.5e-5
Vicente,4.5e-5
Issac,4.4e-5
Lincoln,4.4e-5
Mac,4.4e-5
Nickolas,4.4e-5
Rayford,4.4e-5
Taylor,4.4e-5
Trent,4.4e-5
Bruno,4.4e-5
Normand,4.3e-5
Carnell,4.3e-5
Dwaine,4.3e-5
Gaylord,4.3e-5
Marlon,4.3e-5
Raleigh,4.3e-5
Toney,4.3e-5
Wilton,4.3e-5
Alfonzo,4.2e-5
Audie,4.2e-5
Bertram,4.2e-5
Fidel,4.2e-5
Napoleon,4.2e-5
Regis,4.2e-5
Rob,4.2e-5
Verne,4.2e-5
Adolfo,4.2e-5
Cyril,4.2e-5
Deborah,4.2e-5
Dell,4.2e-5
Lorin,4.2e-5
Sherwood,4.2e-5
Wilfredo,4.2e-5
Arden,4.1e-5
Eloy,4.1e-5
Haywood,4.1e-5
Lucius,4.1e-5
Milford,4.1e-5
Milo,4.1e-5
Robby,4.1e-5
Corey,4.1e-5
Ritchie,4.1e-5
Wilburn,4.1e-5
Arnulfo,4e-5
Carol,4e-5
Leonardo,4e-5
Lupe,4e-5
Mason,4e-5
Raphael,4e-5
Agustin,4e-5
Coleman,4e-5
Cruz,4e-5
Hayward,4e-5
Hoyt,4e-5
Jere,4e-5
Berry,3.9e-5
Brendan,3.9e-5
Johnathan,3.9e-5
Kelley,3.9e-5
Len,3.9e-5
Randle,3.9e-5
Boyce,3.9e-5
Buster,3.9e-5
Dewitt,3.9e-5
Donovan,3.9e-5
Ezra,3.9e-5
Huey,3.9e-5
Jacques,3.9e-5
Noe,3.9e-5
Delmer,3.8e-5
Derrell,3.8e-5
Harmon,3.8e-5
Lynwood,3.8e-5
Sydney,3.8e-5
Alphonse,3.8e-5
Gaylon,3.8e-5
Arlie,3.7e-5
Courtney,3.7e-5
Darold,3.7e-5
Davey,3.7e-5
Kit,3.7e-5
Lacy,3.7e-5
Alford,3.7e-5
Alvis,3.7e-5
Donell,3.7e-5
Foster,3.7e-5
Pasquale,3.7e-5
Shaun,3.7e-5
Vince,3.7e-5
Artie,3.6e-5
Barbara,3.6e-5
Federico,3.6e-5
Hilton,3.6e-5
Hugo,3.6e-5
Robbin,3.6e-5
Wally,3.6e-5
Gonzalo,3.6e-5
Lenny,3.6e-5
Prince,3.6e-5
Shirley,3.6e-5
Susan,3.6e-5
Truman,3.6e-5
Brant,3.5e-5
Elmo,3.5e-5
Gregorio,3.5e-5
Jarvis,3.5e-5
Cesar,3.5e-5
Cleve,3.5e-5
Cyrus,3.5e-5
Garfield,3.5e-5
Layne,3.5e-5
Lesley,3.5e-5
Omar,3.5e-5
Theadore,3.5e-5
Emmanuel,3.4e-5
Lyman,3.4e-5
Maxie,3.4e-5
Maxwell,3.4e-5
Reynold,3.4e-5
Warner,3.4e-5
Emile,3.4e-5
Esteban,3.4e-5
Ferdinand,3.4e-5
Meredith,3.4e-5
Raymon,3.4e-5
Stacey,3.4e-5
Wardell,3.4e-5
Arlin,3.3e-5
Columbus,3.3e-5
Kraig,3.3e-5
Lyndon,3.3e-5
Mose,3.3e-5
Murphy,3.3e-5
Bryon,3.3e-5
Farrell,3.3e-5
Lauren,3.3e-5
Levon,3.3e-5
Noble,3.3e-5
Winford,3.3e-5
Adan,3.2e-5
Alva,3.2e-5
Bartholomew,3.2e-5
Bonnie,3.2e-5
Delton,3.2e-5
Gerold,3.2e-5
Greggory,3.2e-5
Jonas,3.2e-5
King,3.2e-5
Rubin,3.2e-5
Wyatt,3.2e-5
Carleton,3.2e-5
Darell,3.2e-5
Hardy,3.2e-5
Kirt,3.2e-5
Lorenza,3.2e-5
Chip,3.1e-5
Claud,3.1e-5
Cletus,3.1e-5
Cory,3.1e-5
Dennie,3.1e-5
Erich,3.1e-5
Patric,3.1e-5
Skip,3.1e-5
Thad,3.1e-5
Von,3.1e-5
Chauncey,3.1e-5
Cody,3.1e-5
Dorian,3.1e-5
Dorsey,3.1e-5
Erick,3.1e-5
Garold,3.1e-5
Rollin,3.1e-5
Walton,3.1e-5
Waymon,3.1e-5
Arvin,3e-5
Elwin,3e-5
Evans,3e-5
Melton,3e-5
Valentine,3e-5
Gaylen,3e-5
Jared,3e-5
Lindell,3e-5
Lucious,3e-5
Stefan,3e-5
Aurelio,2.9e-5
Duwayne,2.9e-5
Ezell,2.9e-5
Joaquin,2.9e-5
Karen,2.9e-5
Lex,2.9e-5
Logan,2.9e-5
Mariano,2.9e-5
Rolf,2.9e-5
Willam,2.9e-5
Art,2.9e-5
Ezekiel,2.9e-5
Jame,2.9e-5
Josh,2.9e-5
Merritt,2.9e-5
Oren,2.9e-5
Quincy,2.9e-5
Randolf,2.9e-5
Russ,2.9e-5
Vernell,2.9e-5
Wyman,2.9e-5
Abe,2.8e-5
Authur,2.8e-5
Bret,2.8e-5
Carrol,2.8e-5
Parker,2.8e-5
Sherwin,2.8e-5
Walker,2.8e-5
Ambrose,2.8e-5
Dayton,2.8e-5
Eldridge,2.8e-5
Loy,2.8e-5
Margarito,2.8e-5
Quinton,2.8e-5
Reyes,2.8e-5
Richie,2.8e-5
Rodrick,2.8e-5
Windell,2.8e-5
Winfield,2.8e-5
Antony,2.7e-5
Arne,2.7e-5
Bradly,2.7e-5
Edison,2.7e-5
Edwardo,2.7e-5
Faron,2.7e-5
Franklyn,2.7e-5
Garey,2.7e-5
Genaro,2.7e-5
Hobert,2.7e-5
Lucien,2.7e-5
Rudolfo,2.7e-5
Ashley,2.7e-5
Blaise,2.7e-5
Ellsworth,2.7e-5
Kimball,2.7e-5
Lafayette,2.7e-5
Lonzo,2.7e-5
Newton,2.7e-5
Raymundo,2.7e-5
Alvaro,2.6e-5
Antone,2.6e-5
Bernardo,2.6e-5
Caesar,2.6e-5
Damian,2.6e-5
