name,percent
Michael,0.042293
David,0.041253
James,0.040283
Robert,0.040074
John,0.038329
William,0.028688
Richard,0.025626
Thomas,0.021932
Mark,0.020211
Steven,0.0181
Charles,0.016919
Gary,0.016458
Joseph,0.01512
Donald,0.013257
Kenneth,0.012797
Paul,0.012778
Daniel,0.012665
Ronald,0.012516
Larry,0.010926
Jeffrey,0.010778
Stephen,0.010582
Timothy,0.009931
Dennis,0.009762
Gregory,0.009472
Edward,0.009218
George,0.008691
Kevin,0.008215
Terry,0.007452
Douglas,0.007326
Randy,0.00716
Anthony,0.006777
Bruce,0.006742
Jerry,0.006209
Frank,0.005317
Peter,0.005272
Raymond,0.005264
Roger,0.005247
Scott,0.005159
Keith,0.004978
Brian,0.004842
Patrick,0.004725
Lawrence,0.00437
Alan,0.004324
Wayne,0.004175
Danny,0.004161
Ricky,0.003994
Carl,0.003971
Christopher,0.003952
Gerald,0.003864
Craig,0.00356
Walter,0.003491
Dale,0.003427
Randall,0.0032
Willie,0.00318
Johnny,0.003171
Arthur,0.003151
Russell,0.003123
Roy,0.003025
Glenn,0.002988
Jack,0.002971
Henry,0.00297
Philip,0.002948
Harold,0.002908
Stanley,0.002894
Rodney,0.00289
Andrew,0.0028769999999999998
Ralph,0.002863
Joe,0.002809
Billy,0.002756
Barry,0.002682
Samuel,0.002649
Steve,0.002637
Jeffery,0.002616
Phillip,0.002582
Bobby,0.002495
Albert,0.002471
Martin,0.002419
Jimmy,0.002405
Curtis,0.002377
Ronnie,0.002373
Eugene,0.002294
Louis,0.002288
Howard,0.002273
Allen,0.002273
Eric,0.002233
Frederick,0.002177
Micheal,0.002171
Leonard,0.002036
Harry,0.001979
Ernest,0.001904
Darrell,0.001866
Eddie,0.001811
Tony,0.001795
Marvin,0.001754
Melvin,0.001745
Lee,0.001719
Kim,0.001674
Fred,0.001673
Vincent,0.001672
Francis,0.001647
Victor,0.001646
Jay,0.00163
Norman,0.001626
Jose,0.001578
Matthew,0.001576
Earl,0.001557
Bradley,0.001524
Rick,0.001514
Tommy,0.001513
Calvin,0.001512
Dean,0.001475
Jerome,0.001474
Ray,0.001465
Jon,0.001463
Rickey,0.001459
Jonathan,0.001444
Clarence,0.001441
Clifford,0.001435
Alfred,0.001425
Theodore,0.001421
Joel,0.001338
Jesse,0.001333
Mike,0.001303
Edwin,0.001272
Don,0.001266
Marc,0.001258
Bernard,0.001226
Gordon,0.001224
Herbert,0.001203
Glen,0.001192
Warren,0.001192
Benjamin,0.001168
Leroy,0.001158
Alvin,0.001128
Duane,0.001124
Dan,0.001099
Mitchell,0.001086
Leslie,0.001066
Garry,0.001048
Chris,0.001047
Nicholas,0.001046
Dwight,0.001029
Leon,0.001027
Reginald,9.94e-4
Guy,9.75e-4
Vernon,9.74e-4
Lloyd,9.7e-4
Jackie,9.54e-4
Kurt,9.24e-4
Karl,9.22e-4
Wesley,9.19e-4
Gene,9.03e-4
Brad,8.98e-4
Lonnie,8.91e-4
Gilbert,8.87e-4
Kent,8.85e-4
Allan,8.84e-4
Robin,8.78e-4
Neil,8.54e-4
Juan,8.49e-4
Lewis,8.49e-4
Randolph,8.46e-4
Franklin,8.45e-4
Clyde,8.33e-4
Floyd,8.19e-4
Jim,8.16e-4
Carlos,8.12e-4
Lester,8.1e-4
Donnie,7.98e-4
Manuel,7.98e-4
Bill,7.89e-4
Kirk,7.82e-4
Todd,7.73e-4
Kerry,7.67e-4
Leo,7.54e-4
Bryan,7.54e-4
Dana,7.51e-4
Daryl,7.34e-4
Gerard,7.29e-4
Tom,7.21e-4
Terrence,7.18e-4
Jeff,7.09e-4
Perry,6.95e-4
Charlie,6.89e-4
Darryl,6.84e-4
Milton,6.83e-4
Freddie,6.79e-4
Ted,6.74e-4
Johnnie,6.73e-4
Stuart,6.73e-4
Rex,6.7e-4
Jimmie,6.69e-4
Brent,6.59e-4
Herman,6.52e-4
Lynn,6.39e-4
Nathaniel,6.38e-4
Arnold,6.29e-4
Gregg,6.23e-4
Harvey,6.19e-4
Ruben,6.14e-4
Tyrone,6.14e-4
Roland,6.05e-4
Chester,6.01e-4
Kelly,5.98e-4
Cecil,5.83e-4
Maurice,5.83e-4
Antonio,5.73e-4
Alexander,5.64e-4
Fredrick,5.6e-4
Greg,5.58e-4
Oscar,5.5e-4
Terrance,5.47e-4
Tim,5.46e-4
Randal,5.39e-4
Marshall,5.29e-4
Ricardo,5.29e-4
Aaron,5.27e-4
Claude,5.19e-4
Mario,5.14e-4
Neal,5.07e-4
Byron,5.05e-4
Lance,5.05e-4
Dave,5.04e-4
Ross,4.93e-4
Sidney,4.91e-4
Luis,4.82e-4
Marcus,4.67e-4
Clifton,4.66e-4
Jessie,4.61e-4
Wendell,4.59e-4
Wallace,4.56e-4
Nathan,4.54e-4
Edgar,4.46e-4
Clayton,4.4e-4
Nelson,4.38e-4
Hugh,4.29e-4
Rickie,4.17e-4
Sam,4.17e-4
Carlton,4.17e-4
Rocky,4.1e-4
Jesus,4.06e-4
Wade,4.01e-4
Clinton,3.96e-4
Benny,3.95e-4
Morris,3.93e-4
Lyle,3.93e-4
Raul,3.81e-4
Bob,3.81e-4
Hector,3.78e-4
Terence,3.67e-4
Sammy,3.6e-4
Roberto,3.55e-4
Ben,3.53e-4
Clark,3.48e-4
Francisco,3.47e-4
Max,3.47e-4
Bennie,3.47e-4
Otis,3.46e-4
Willard,3.45e-4
Loren,3.43e-4
Geoffrey,3.42e-4
Marion,3.42e-4
Alex,3.41e-4
Elmer,3.41e-4
Everett,3.41e-4
Frankie,3.41e-4
Earnest,3.34e-4
Luther,3.34e-4
Bradford,3.33e-4
Joey,3.33e-4
Virgil,3.32e-4
Kenny,3.32e-4
Andre,3.28e-4
Ira,3.25e-4
Salvatore,3.2e-4
Troy,3.2e-4
Rudy,3.19e-4
Derrick,3.16e-4
Rudolph,3.14e-4
Delbert,3.12e-4
Jan,3.1e-4
Roderick,3.09e-4
Sylvester,3.09e-4
Laurence,3.07e-4
Mickey,3.01e-4
Stewart,3.01e-4
Marty,2.97e-4
Alton,2.93e-4
Myron,2.92e-4
Darrel,2.92e-4
Miguel,2.92e-4
Grant,2.9e-4
Julius,2.89e-4
Edmund,2.87e-4
Armando,2.86e-4
Malcolm,2.85e-4
Sherman,2.83e-4
Roosevelt,2.82e-4
Dwayne,2.82e-4
Ramon,2.8e-4
Angelo,2.77e-4
Archie,2.77e-4
Jacob,2.74e-4
Andy,2.73e-4
Leland,2.71e-4
Rodger,2.7e-4
Ivan,2.69e-4
Felix,2.67e-4
Horace,2.62e-4
Pedro,2.62e-4
Isaac,2.62e-4
Pete,2.61e-4
Van,2.61e-4
Doyle,2.61e-4
Shawn,2.61e-4
Monte,2.59e-4
Lorenzo,2.56e-4
Fernando,2.56e-4
Hubert,2.55e-4
Kelvin,2.55e-4
Jerald,2.54e-4
Rene,2.51e-4
Tracy,2.51e-4
Preston,2.5e-4
Jeffry,2.49e-4
Wilbert,2.44e-4
Tommie,2.42e-4
Forrest,2.41e-4
Oliver,2.41e-4
Sean,2.4e-4
Derek,2.39e-4
Ron,2.39e-4
Unknown,2.38e-4
Denis,2.37e-4
Cary,2.35e-4
Stephan,2.35e-4
Teddy,2.33e-4
Nick,2.29e-4
Lowell,2.26e-4
Julian,2.26e-4
Brett,2.23e-4
Hal,2.18e-4
Willis,2.17e-4
Marlon,2.14e-4
Ken,2.11e-4
Wilbur,2.1e-4
Angel,2.09e-4
Freddy,2.05e-4
Adrian,2.05e-4
Clay,2.04e-4
Ervin,2.02e-4
Dallas,2e-4
Rafael,1.99e-4
Alonzo,1.98e-4
Dexter,1.98e-4
Homer,1.97e-4
Arturo,1.95e-4
Rufus,1.95e-4
Bert,1.94e-4
Kyle,1.94e-4
Carroll,1.93e-4
Grady,1.92e-4
Alfredo,1.92e-4
Dewey,1.92e-4
Jason,1.92e-4
Gerry,1.87e-4
Mack,1.87e-4
Alfonso,1.84e-4
Dominic,1.84e-4
Conrad,1.83e-4
Dirk,1.82e-4
Rory,1.8e-4
Jaime,1.79e-4
Royce,1.78e-4
Boyd,1.77e-4
Jorge,1.77e-4
Ellis,1.76e-4
Carey,1.73e-4
Buddy,1.71e-4
Stevie,1.71e-4
Travis,1.71e-4
Monty,1.7e-4
Sheldon,1.69e-4
Irvin,1.68e-4
Adam,1.68e-4
Christian,1.67e-4
Owen,1.65e-4
Darwin,1.64e-4
Elbert,1.63e-4
Louie,1.63e-4
Sammie,1.63e-4
Cornelius,1.63e-4
Alberto,1.62e-4
Wilson,1.61e-4
Edmond,1.61e-4
Noel,1.61e-4
Darnell,1.6e-4
Gabriel,1.59e-4
Pat,1.59e-4
Cleveland,1.58e-4
Dominick,1.58e-4
Garland,1.56e-4
Spencer,1.56e-4
Lionel,1.56e-4
Ronny,1.56e-4
Rusty,1.56e-4
Evan,1.55e-4
Salvador,1.53e-4
Vance,1.53e-4
Dewayne,1.53e-4
Miles,1.52e-4
Bart,1.51e-4
Blaine,1.51e-4
Guadalupe,1.49e-4
Percy,1.49e-4
Alphonso,1.48e-4
Ernie,1.48e-4
Joesph,1.47e-4
Shane,1.45e-4
Harlan,1.43e-4
Casey,1.42e-4
Jody,1.42e-4
Aubrey,1.42e-4
Emmett,1.42e-4
Rodolfo,1.42e-4
Phil,1.41e-4
Curt,1.4e-4
Galen,1.4e-4
Merle,1.4e-4
Marlin,1.39e-4
Abraham,1.38e-4
Norris,1.37e-4
Javier,1.37e-4
Al,1.37e-4
Amos,1.36e-4
Donny,1.36e-4
Lamar,1.35e-4
Wilfred,1.35e-4
Winston,1.35e-4
Woodrow,1.35e-4
Timmy,1.34e-4
Blake,1.34e-4
Elton,1.34e-4
Murray,1.34e-4
Zachary,1.34e-4
Enrique,1.33e-4
Barney,1.31e-4
Scot,1.3e-4
Kirby,1.3e-4
Orlando,1.29e-4
Reed,1.29e-4
Grover,1.29e-4
Ernesto,1.28e-4
Moses,1.27e-4
Jess,1.26e-4
Ned,1.26e-4
Sterling,1.26e-4
Jamie,1.25e-4
Drew,1.24e-4
Julio,1.24e-4
Colin,1.23e-4
Dannie,1.23e-4
Cedric,1.22e-4
Corey,1.21e-4
Eldon,1.21e-4
Lon,1.2e-4
Emanuel,1.18e-4
Joshua,1.17e-4
Justin,1.17e-4
Irving,1.16e-4
Eduardo,1.16e-4
Jerrold,1.15e-4
Kris,1.15e-4
Denny,1.14e-4
Randell,1.13e-4
Elijah,1.13e-4
Linwood,1.13e-4
Michel,1.13e-4
Chad,1.12e-4
Sandy,1.11e-4
Robbie,1.11e-4
Blair,1.1e-4
Eddy,1.1e-4
Junior,1.1e-4
Lanny,1.1e-4
Kendall,1.09e-4
Rocco,1.09e-4
Frederic,1.08e-4
Harley,1.08e-4
Erik,1.07e-4
Thaddeus,1.07e-4
Dane,1.06e-4
Doug,1.06e-4
Simon,1.06e-4
Sanford,1.05e-4
Cornell,1.05e-4
Elliott,1.05e-4
Luke,1.05e-4
Ramiro,1.05e-4
Reuben,1.04e-4
Damon,1.04e-4
Stan,1.04e-4
Abel,1.03e-4
Vaughn,1.03e-4
Seth,1.03e-4
Loyd,1.01e-4
Bennett,1e-4
Cory,1e-4
Lamont,9.9e-5
Levi,9.9e-5
Chuck,9.8e-5
Kennith,9.8e-5
Austin,9.7e-5
Reynaldo,9.7e-5
Garth,9.6e-5
Morgan,9.5e-5
Ward,9.5e-5
Gale,9.4e-5
Nolan,9.4e-5
Jefferson,9.4e-5
Tomas,9.4e-5
Carmen,9.3e-5
Davy,9.3e-5
Mitchel,9.3e-5
Terrell,9.3e-5
Orville,9.3e-5
Donn,9.2e-5
Matt,9.2e-5
Billie,9.1e-5
Norbert,9.1e-5
Felipe,9.1e-5
Toby,9.1e-5
Ed,9.1e-5
Harrison,9.1e-5
Israel,9.1e-5
Kermit,9.1e-5
Odell,9.1e-5
Reid,9.1e-5
Barton,9e-5
Russel,9e-5
Bryant,8.9e-5
Danial,8.9e-5
Kip,8.9e-5
Burton,8.9e-5
Jasper,8.9e-5
Lane,8.8e-5
Dick,8.7e-5
Cameron,8.6e-5
Fredric,8.6e-5
Emil,8.6e-5
Kimberly,8.5e-5
Ryan,8.5e-5
Merlin,8.4e-5
Pablo,8.4e-5
Erwin,8.3e-5
Garrett,8.3e-5
Mathew,8.3e-5
Ian,8.3e-5
Roscoe,8.3e-5
Dudley,8.2e-5
Domingo,8.2e-5
Gilberto,8.2e-5
Solomon,8.2e-5
Brady,8.1e-5
Donnell,8.1e-5
Elvin,8.1e-5
Thurman,8.1e-5
Wiley,8.1e-5
Rolando,8.1e-5
Vern,8e-5
Bobbie,8e-5
Gus,8e-5
Jeremiah,7.9e-5
Scotty,7.9e-5
Winfred,7.9e-5
Millard,7.8e-5
Ulysses,7.8e-5
Hollis,7.8e-5
Ismael,7.7e-5
Reggie,7.7e-5
Will,7.7e-5
Audie,7.6e-5
Elwood,7.6e-5
Lonny,7.6e-5
Rod,7.6e-5
Weldon,7.6e-5
Alejandro,7.5e-5
Roman,7.5e-5
Shannon,7.5e-5
Dwain,7.5e-5
Andres,7.4e-5
Lindsey,7.4e-5
Mikel,7.4e-5
Emilio,7.3e-5
Gerardo,7.3e-5
Adolph,7.3e-5
Pierre,7.3e-5
Jean,7.2e-5
Jonathon,7.2e-5
Elias,7.2e-5
Guillermo,7.2e-5
Merrill,7.2e-5
Shelby,7.2e-5
Arlen,7.1e-5
August,7.1e-5
Davis,7.1e-5
Hans,7.1e-5
Mary,7.1e-5
Val,7.1e-5
Anton,7.1e-5
Carter,7.1e-5
Cliff,7.1e-5
Tod,7.1e-5
Bryce,7e-5
Shelton,7e-5
Duncan,6.9e-5
Kenton,6.9e-5
Ollie,6.9e-5
Rogelio,6.9e-5
Vito,6.9e-5
Emory,6.9e-5
Jake,6.9e-5
Sergio,6.9e-5
Clement,6.8e-5
Jacky,6.8e-5
Charley,6.7e-5
Coy,6.7e-5
Ivory,6.7e-5
Rock,6.7e-5
Connie,6.7e-5
Ignacio,6.7e-5
Jerold,6.7e-5
Avery,6.6e-5
Denver,6.6e-5
Elliot,6.6e-5
Harris,6.6e-5
Otto,6.6e-5
Armand,6.5e-5
Jed,6.5e-5
Stacy,6.5e-5
Trent,6.5e-5
Benito,6.5e-5
Bernie,6.4e-5
Noah,6.4e-5
Monroe,6.3e-5
Emery,6.3e-5
Riley,6.2e-5
Maynard,6.2e-5
Jackson,6.1e-5
Myles,6.1e-5
Rob,6.1e-5
Booker,6.1e-5
Leigh,6e-5
Sonny,6e-5
Toney,6e-5
Carson,5.9e-5
Delmar,5.9e-5
Wyatt,5.9e-5
Santos,5.9e-5
Burt,5.8e-5
Nicky,5.8e-5
Bud,5.8e-5
Hank,5.7e-5
Lindsay,5.7e-5
Napoleon,5.7e-5
Ricki,5.7e-5
Eli,5.7e-5
Herschel,5.7e-5
Johnie,5.7e-5
Lenard,5.7e-5
Quentin,5.7e-5
Saul,5.7e-5
Faron,5.7e-5
Isaiah,5.7e-5
Marco,5.7e-5
Wilford,5.6e-5
Shaun,5.6e-5
Tyler,5.6e-5
Vince,5.6e-5
Butch,5.5e-5
Clint,5.5e-5
Dickie,5.5e-5
Gail,5.5e-5
Rogers,5.5e-5
Glynn,5.5e-5
Gustavo,5.5e-5
Jeremy,5.5e-5
Santiago,5.5e-5
Carmine,5.4e-5
Del,5.4e-5
Geary,5.4e-5
Hiram,5.4e-5
Humberto,5.4e-5
Xavier,5.4e-5
Earle,5.3e-5
Kurtis,5.3e-5
Randel,5.3e-5
Efrain,5.3e-5
Lawerence,5.3e-5
Lavern,5.2e-5
Milo,5.2e-5
Freeman,5.2e-5
Isiah,5.2e-5
Marcos,5.2e-5
Mervin,5.2e-5
Curtiss,5.1e-5
Jordan,5.1e-5
Zane,5.1e-5
Donovan,5.1e-5
Fletcher,5.1e-5
Irwin,5.1e-5
Forest,5e-5
Royal,5e-5
Stanford,5e-5
Wilfredo,5e-5
Wilmer,5e-5
Dalton,5e-5
Linda,5e-5
Major,5e-5
Augustine,4.9e-5
Basil,4.9e-5
Brandon,4.9e-5
Robby,4.9e-5
Brooks,4.8e-5
Errol,4.8e-5
Laverne,4.8e-5
Anderson,4.8e-5
Deborah,4.8e-5
Gearld,4.8e-5
Jere,4.8e-5
Clair,4.7e-5
Nickolas,4.7e-5
Dee,4.7e-5
Douglass,4.7e-5
Alden,4.6e-5
Brendan,4.6e-5
Bryon,4.6e-5
Felton,4.6e-5
Hershel,4.6e-5
Mason,4.6e-5
Noe,4.6e-5
Burl,4.6e-5
Cleo,4.6e-5
Cyrus,4.6e-5
Lemuel,4.6e-5
Russ,4.6e-5
Wilburn,4.6e-5
Johnathan,4.6e-5
Lyndon,4.6e-5
Mckinley,4.6e-5
Odis,4.6e-5
Stanton,4.6e-5
Stevan,4.6e-5
Chip,4.5e-5
Davey,4.5e-5
Jarvis,4.5e-5
Lenny,4.5e-5
Raphael,4.5e-5
Buford,4.4e-5
Ritchie,4.4e-5
Blane,4.4e-5
Cesar,4.4e-5
Patricia,4.4e-5
Augustus,4.3e-5
Bret,4.3e-5
Mac,4.3e-5
Maxwell,4.3e-5
Wilton,4.3e-5
Adolfo,4.3e-5
Carnell,4.3e-5
Haywood,4.3e-5
Rayford,4.3e-5
Silas,4.3e-5
Damian,4.2e-5
Dino,4.2e-5
Federico,4.2e-5
Dennie,4.2e-5
Huey,4.2e-5
Jacques,4.2e-5
Nicolas,4.2e-5
Normand,4.2e-5
Stacey,4.2e-5
Tad,4.2e-5
Wally,4.2e-5
Carlo,4.1e-5
Fritz,4.1e-5
Judson,4.1e-5
Kit,4.1e-5
Quinton,4.1e-5
Cordell,4.1e-5
Duke,4.1e-5
Dwaine,4.1e-5
Leonardo,4.1e-5
Lincoln,4.1e-5
Lyman,4.1e-5
Rolland,4.1e-5
Rubin,4.1e-5
Thad,4.1e-5
Vicente,4.1e-5
Derrell,4e-5
Houston,4e-5
Otha,4e-5
Alfonzo,4e-5
Marcel,4e-5
Delmer,3.9e-5
Elroy,3.9e-5
Graham,3.9e-5
Hilton,3.9e-5
Olin,3.9e-5
Alva,3.9e-5
Bertram,3.9e-5
Ashley,3.8e-5
Barbara,3.8e-5
Len,3.8e-5
Rand,3.8e-5
Von,3.8e-5
Wardell,3.8e-5
Artis,3.8e-5
Boyce,3.8e-5
Carol,3.8e-5
Cyril,3.8e-5
Edwardo,3.8e-5
Hoyt,3.8e-5
Keven,3.8e-5
Dusty,3.7e-5
Eloy,3.7e-5
Emerson,3.7e-5
Everette,3.7e-5
Hugo,3.7e-5
Taylor,3.7e-5
Woody,3.7e-5
Cody,3.7e-5
Donell,3.7e-5
Gayle,3.7e-5
Gaylon,3.7e-5
Gregorio,3.7e-5
Ike,3.7e-5
Issac,3.7e-5
Jules,3.7e-5
Rhett,3.7e-5
Theron,3.7e-5
Alphonse,3.6e-5
Berry,3.6e-5
Cruz,3.6e-5
Domenic,3.6e-5
Layne,3.6e-5
Raleigh,3.6e-5
Verne,3.6e-5
Debra,3.6e-5
Newton,3.6e-5
Prince,3.6e-5
Bruno,3.5e-5
Carmelo,3.5e-5
Courtney,3.5e-5
Reynold,3.5e-5
Rodrick,3.5e-5
Williams,3.5e-5
Artie,3.5e-5
Britt,3.5e-5
Carleton,3.5e-5
Emmanuel,3.5e-5
Fidel,3.5e-5
Gil,3.5e-5
Hayward,3.5e-5
Kelley,3.5e-5
Kevan,3.5e-5
Foster,3.4e-5
Lacy,3.4e-5
Lynwood,3.4e-5
Milford,3.4e-5
Rudolfo,3.4e-5
Delton,3.4e-5
Elmo,3.4e-5
Erich,3.4e-5
Ezra,3.4e-5
Gino,3.4e-5
Regis,3.4e-5
Sherwood,3.4e-5
Skip,3.4e-5
Coleman,3.4e-5
Darold,3.4e-5
Dell,3.4e-5
Demetrius,3.4e-5
Dewitt,3.4e-5
Farrell,3.4e-5
Ferdinand,3.4e-5
Kraig,3.4e-5
Rolf,3.4e-5
Alford,3.3e-5
Chauncey,3.3e-5
Darcy,3.3e-5
Elvis,3.3e-5
Emmitt,3.3e-5
Lesley,3.3e-5
Lucius,3.3e-5
Mel,3.3e-5
Ty,3.3e-5
Barrett,3.3e-5
Columbus,3.3e-5
Dorian,3.3e-5
Jame,3.3e-5
Lauren,3.3e-5
Mitch,3.3e-5
Arlie,3.2e-5
Cletus,3.2e-5
Eliseo,3.2e-5
Franklyn,3.2e-5
Jared,3.2e-5
Jefferey,3.2e-5
Omar,3.2e-5
Adolphus,3.2e-5
Agustin,3.2e-5
Cleve,3.2e-5
Darius,3.2e-5
Greggory,3.2e-5
King,3.2e-5
Lorin,3.2e-5
Pasquale,3.2e-5
Quincy,3.2e-5
Raymundo,3.2e-5
Scottie,3.2e-5
Arnulfo,3.1e-5
Benton,3.1e-5
Bradly,3.1e-5
Brice,3.1e-5
Buster,3.1e-5
Gaylord,3.1e-5
Lupe,3.1e-5
Olen,3.1e-5
Randle,3.1e-5
Susan,3.1e-5
Benedict,3.1e-5
Cris,3.1e-5
Davie,3.1e-5
Duwayne,3.1e-5
Erick,3.1e-5
Lennie,3.1e-5
Levon,3.1e-5
Logan,3.1e-5
Valentine,3.1e-5
Cole,3e-5
Desmond,3e-5
Eldridge,3e-5
Giles,3e-5
Joaquin,3e-5
Leander,3e-5
Truman,3e-5
Warner,3e-5
Waymon,3e-5
Dorsey,3e-5
Jude,3e-5
Lex,3e-5
Porter,3e-5
Robbin,3e-5
Theadore,3e-5
Walker,3e-5
Abe,2.9e-5
Art,2.9e-5
Dann,2.9e-5
Daryle,2.9e-5
Gavin,2.9e-5
Kirt,2.9e-5
Lafayette,2.9e-5
Micky,2.9e-5
Talmadge,2.9e-5
Theodis,2.9e-5
Timmothy,2.9e-5
Allyn,2.9e-5
Arden,2.9e-5
Clarke,2.9e-5
Darell,2.9e-5
Murphy,2.9e-5
Randolf,2.9e-5
Rosendo,2.9e-5
Aurelio,2.8e-5
Brant,2.8e-5
Dante,2.8e-5
Garold,2.8e-5
Les,2.8e-5
Levern,2.8e-5
Margarito,2.8e-5
Michal,2.8e-5
Milan,2.8e-5
Winford,2.8e-5
Enoch,2.8e-5
Harmon,2.8e-5
Hosea,2.8e-5
Jonas,2.8e-5
Malcom,2.8e-5
Michale,2.8e-5
Moises,2.8e-5
Mose,2.8e-5
Orval,2.8e-5
Raymon,2.8e-5
Rowland,2.8e-5
Vernell,2.8e-5
Claud,2.7e-5
Esteban,2.7e-5
Heriberto,2.7e-5
Stefan,2.7e-5
