name,percent
Michael,0.042244
James,0.039575
Robert,0.039129
David,0.038063
John,0.037661
William,0.027487
Richard,0.024655
Mark,0.02276
Thomas,0.020893
Steven,0.017893
Charles,0.016414
Joseph,0.015253
Gary,0.01483
Donald,0.013146
Ronald,0.012929
Kenneth,0.012788
Paul,0.012528
Daniel,0.012414
Timothy,0.010853
Jeffrey,0.01085
Larry,0.010401
Kevin,0.010148
Stephen,0.009889
Gregory,0.009832
Edward,0.009053
Dennis,0.008559
George,0.00803
Randy,0.007709
Douglas,0.007632
Anthony,0.007251
Terry,0.007016
Bruce,0.006832
Brian,0.006831
Scott,0.006169
Jerry,0.005884
Keith,0.005353
Peter,0.005281
Frank,0.00519
Raymond,0.005168
Patrick,0.004816
Roger,0.004731
Lawrence,0.004143
Ricky,0.004093
Wayne,0.004073
Alan,0.004068
Christopher,0.004052
Danny,0.003993
Carl,0.003873
Gerald,0.003721
Dale,0.003593
Craig,0.003466
Russell,0.003452
Walter,0.003271
Randall,0.003215
Johnny,0.003092
Andrew,0.003078
Jeffery,0.003058
Steve,0.003022
Willie,0.003022
Arthur,0.002927
Glenn,0.002892
Roy,0.002856
Joe,0.002851
Philip,0.00285
Rodney,0.002826
Jack,0.002824
Ralph,0.002814
Billy,0.002802
Barry,0.002789
Stanley,0.002783
Harold,0.002775
Henry,0.002775
Martin,0.002648
Samuel,0.002595
Ronnie,0.002568
Phillip,0.002526
Bobby,0.0025
Jimmy,0.002489
Eric,0.002445
Curtis,0.002404
Albert,0.002404
Louis,0.002281
Micheal,0.002208
Howard,0.002186
Tony,0.00218
Eugene,0.002149
Allen,0.002143
Darrell,0.002077
Leonard,0.00204
Matthew,0.002035
Frederick,0.002006
Jay,0.001917
Eddie,0.001863
Ernest,0.001841
Harry,0.001828
Mike,0.001821
Victor,0.001815
Vincent,0.001753
Dean,0.001735
Rick,0.001701
Melvin,0.001692
Fred,0.001664
Lee,0.001637
Bradley,0.001635
Marvin,0.001624
Joel,0.001604
Norman,0.001597
Jose,0.001582
Calvin,0.001555
Earl,0.001539
Francis,0.001532
Rickey,0.00152
Ray,0.001505
Jonathan,0.001454
Tommy,0.001452
Jon,0.001435
Jerome,0.001429
Kim,0.001377
Theodore,0.001375
Clarence,0.001374
Alfred,0.001368
Clifford,0.001358
Don,0.001349
Edwin,0.001294
Glen,0.001266
Jesse,0.00122
Duane,0.001209
Chris,0.001176
Bernard,0.00116
Gordon,0.001153
Benjamin,0.001151
Bryan,0.001136
Dan,0.001136
Alvin,0.001133
Marc,0.001133
Mitchell,0.001125
Kurt,0.001114
Herbert,0.001111
Dwight,0.001104
Leroy,0.001094
Warren,0.001089
Brad,0.001052
Robin,0.001045
Reginald,0.00104
Jeff,0.001036
Nicholas,0.001035
Guy,0.001033
Jim,0.001023
Kent,9.97e-4
Karl,9.62e-4
Leslie,9.57e-4
Vernon,9.56e-4
Leon,9.53e-4
Garry,9.51e-4
Todd,9.39e-4
Wesley,9.38e-4
Lonnie,9.37e-4
Lloyd,9.26e-4
Bill,9.15e-4
Gilbert,9.1e-4
Tom,8.92e-4
Kirk,8.85e-4
Perry,8.7e-4
Jackie,8.68e-4
Daryl,8.53e-4
Carlos,8.36e-4
Franklin,8.31e-4
Lewis,8.22e-4
Juan,8.15e-4
Neil,8.15e-4
Gene,8.13e-4
Floyd,8.07e-4
Donnie,8.01e-4
Clyde,8.01e-4
Tim,7.98e-4
Lester,7.94e-4
Allan,7.62e-4
Dana,7.62e-4
Randolph,7.6e-4
Gerard,7.54e-4
Manuel,7.5e-4
Greg,7.47e-4
Kerry,7.38e-4
Leo,7.22e-4
Charlie,7.11e-4
Stuart,6.93e-4
Darryl,6.9e-4
Milton,6.89e-4
Kelly,6.85e-4
Jimmie,6.84e-4
Ted,6.79e-4
Brent,6.77e-4
Rex,6.75e-4
Terrence,6.75e-4
Gregg,6.69e-4
Freddie,6.64e-4
Tyrone,6.56e-4
Harvey,6.42e-4
Ruben,6.36e-4
Dave,6.31e-4
Herman,6.19e-4
Maurice,6.18e-4
Randal,6.16e-4
Johnnie,6.14e-4
Nathaniel,6.09e-4
Aaron,5.94e-4
Chester,5.87e-4
Lynn,5.83e-4
Byron,5.81e-4
Antonio,5.8e-4
Alexander,5.78e-4
Roland,5.68e-4
Arnold,5.67e-4
Mario,5.64e-4
Cecil,5.34e-4
Fredrick,5.29e-4
Oscar,5.28e-4
Lance,5.22e-4
Marshall,5.21e-4
Neal,5.15e-4
Nathan,5.11e-4
Ricardo,5.1e-4
Luis,5.09e-4
Wade,5e-4
Terrance,4.95e-4
Marcus,4.94e-4
Jessie,4.89e-4
Bob,4.75e-4
Wendell,4.71e-4
Marty,4.7e-4
Claude,4.69e-4
Clifton,4.67e-4
Ross,4.63e-4
Clayton,4.51e-4
Clinton,4.49e-4
Hugh,4.46e-4
Sidney,4.46e-4
Sam,4.45e-4
Joey,4.41e-4
Wallace,4.37e-4
Nelson,4.26e-4
Carlton,4.24e-4
Rocky,4.14e-4
Terence,4.13e-4
Benny,4.11e-4
Rickie,4.04e-4
Edgar,3.98e-4
Andre,3.93e-4
Mickey,3.83e-4
Morris,3.83e-4
Jesus,3.82e-4
Alex,3.79e-4
Raul,3.77e-4
Derrick,3.75e-4
Hector,3.73e-4
Dwayne,3.72e-4
Kenny,3.71e-4
Lyle,3.7e-4
Geoffrey,3.68e-4
Francisco,3.63e-4
Tracy,3.59e-4
Ron,3.56e-4
Kelvin,3.54e-4
Frankie,3.53e-4
Roberto,3.49e-4
Max,3.47e-4
Marion,3.47e-4
Ben,3.43e-4
Sammy,3.43e-4
Rudy,3.4e-4
Bennie,3.37e-4
Earnest,3.37e-4
Bradford,3.36e-4
Rudolph,3.34e-4
Myron,3.33e-4
Virgil,3.31e-4
Troy,3.31e-4
Clark,3.28e-4
Otis,3.27e-4
Ira,3.26e-4
Everett,3.25e-4
Roderick,3.2e-4
Andy,3.16e-4
Miguel,3.13e-4
Ken,3.07e-4
Elmer,3.05e-4
Laurence,3.04e-4
Willard,3.04e-4
Armando,3.02e-4
Stewart,3.02e-4
Angelo,3.01e-4
Loren,3e-4
Ramon,2.99e-4
Darrel,2.92e-4
Ivan,2.92e-4
Monte,2.91e-4
Sylvester,2.89e-4
Derek,2.87e-4
Delbert,2.87e-4
Grant,2.86e-4
Luther,2.85e-4
Salvatore,2.85e-4
Roosevelt,2.82e-4
Alton,2.79e-4
Edmund,2.78e-4
Hal,2.77e-4
Pedro,2.75e-4
Felix,2.74e-4
Pete,2.69e-4
Shawn,2.66e-4
Sean,2.65e-4
Malcolm,2.65e-4
Lorenzo,2.63e-4
Teddy,2.61e-4
Cary,2.58e-4
Isaac,2.57e-4
Jeffry,2.57e-4
Preston,2.56e-4
Archie,2.55e-4
Horace,2.53e-4
Rene,2.52e-4
Jacob,2.5e-4
Sherman,2.46e-4
Doyle,2.44e-4
Leland,2.41e-4
Rory,2.38e-4
Fernando,2.37e-4
Julius,2.37e-4
Wilbert,2.36e-4
Lowell,2.35e-4
Jan,2.35e-4
Rodger,2.33e-4
Jerald,2.33e-4
Nick,2.31e-4
Angel,2.3e-4
Denis,2.29e-4
Tommie,2.28e-4
Drew,2.27e-4
Clay,2.27e-4
Hubert,2.27e-4
Oliver,2.25e-4
Kyle,2.2e-4
Stephan,2.2e-4
Van,2.2e-4
Homer,2.18e-4
Unknown,2.14e-4
Gerry,2.11e-4
Julian,2.1e-4
Rafael,2.07e-4
Adrian,2.06e-4
Forrest,2.05e-4
Willis,2.05e-4
Jason,2.05e-4
Rusty,2.03e-4
Ervin,2.02e-4
Arturo,1.98e-4
Freddy,1.97e-4
Alfredo,1.96e-4
Ellis,1.96e-4
Pat,1.96e-4
Alonzo,1.95e-4
Elvis,1.95e-4
Timmy,1.92e-4
Lionel,1.92e-4
Sheldon,1.91e-4
Dallas,1.91e-4
Doug,1.88e-4
Dexter,1.86e-4
Rufus,1.86e-4
Mack,1.86e-4
Owen,1.86e-4
Stevie,1.85e-4
Wilbur,1.85e-4
Adam,1.85e-4
Al,1.85e-4
Brett,1.84e-4
Jaime,1.84e-4
Dominic,1.83e-4
Carroll,1.83e-4
Christian,1.83e-4
Noel,1.82e-4
Dewey,1.81e-4
Scot,1.81e-4
Monty,1.78e-4
Travis,1.77e-4
Bert,1.76e-4
Boyd,1.76e-4
Alfonso,1.74e-4
Darwin,1.73e-4
Matt,1.73e-4
Alberto,1.72e-4
Aubrey,1.72e-4
Grady,1.71e-4
Dirk,1.7e-4
Jorge,1.7e-4
Carey,1.69e-4
Marlon,1.69e-4
Ronny,1.69e-4
Vance,1.67e-4
Dewayne,1.66e-4
Evan,1.66e-4
Royce,1.66e-4
Curt,1.65e-4
Casey,1.64e-4
Irvin,1.64e-4
Blaine,1.63e-4
Conrad,1.63e-4
Buddy,1.62e-4
Shane,1.61e-4
Kirby,1.6e-4
Chuck,1.6e-4
Orlando,1.59e-4
Gabriel,1.59e-4
Javier,1.58e-4
Dominick,1.56e-4
Phil,1.56e-4
Ernie,1.51e-4
Cleveland,1.51e-4
Cornelius,1.5e-4
Edmond,1.5e-4
Sammie,1.5e-4
Emmett,1.49e-4
Miles,1.49e-4
Ernesto,1.46e-4
Percy,1.46e-4
Salvador,1.46e-4
Elbert,1.46e-4
Louie,1.46e-4
Robbie,1.45e-4
Darnell,1.43e-4
Murray,1.43e-4
Abraham,1.42e-4
Kendall,1.42e-4
Spencer,1.42e-4
Wilson,1.42e-4
Alphonso,1.4e-4
Guadalupe,1.39e-4
Corey,1.37e-4
Dane,1.37e-4
Garland,1.36e-4
Jody,1.35e-4
Merle,1.35e-4
Marlin,1.34e-4
Jamie,1.34e-4
Elton,1.33e-4
Colin,1.33e-4
Sterling,1.32e-4
Galen,1.32e-4
Norris,1.32e-4
Blake,1.32e-4
Cedric,1.31e-4
Julio,1.31e-4
Reed,1.31e-4
Rodolfo,1.31e-4
Justin,1.29e-4
Enrique,1.28e-4
Lamar,1.27e-4
Winston,1.27e-4
Zachary,1.27e-4
Jess,1.26e-4
Kris,1.24e-4
Wilfred,1.24e-4
Ed,1.23e-4
Barney,1.23e-4
Joesph,1.21e-4
Audie,1.21e-4
Randell,1.21e-4
Clint,1.2e-4
Bart,1.2e-4
Denny,1.2e-4
Wyatt,1.2e-4
Ned,1.19e-4
Rocco,1.19e-4
Erik,1.18e-4
Thaddeus,1.18e-4
Emanuel,1.18e-4
Amos,1.17e-4
Harlan,1.17e-4
Luke,1.16e-4
Eldon,1.16e-4
Elliott,1.16e-4
Moses,1.16e-4
Bryant,1.15e-4
Seth,1.15e-4
Stan,1.15e-4
Eddy,1.15e-4
Sandy,1.14e-4
Toby,1.14e-4
Dannie,1.12e-4
Joshua,1.11e-4
Lon,1.11e-4
Damon,1.1e-4
Harley,1.1e-4
Kennith,1.1e-4
Eduardo,1.09e-4
Grover,1.08e-4
Mathew,1.08e-4
Blair,1.08e-4
Woodrow,1.08e-4
Junior,1.07e-4
Cameron,1.06e-4
Austin,1.05e-4
Michel,1.05e-4
Orville,1.04e-4
Bennett,1.04e-4
Chad,1.04e-4
Donny,1.04e-4
Billie,1.03e-4
Irving,1.03e-4
Reuben,1.03e-4
Reynaldo,1.02e-4
Lanny,1.01e-4
Vaughn,1.01e-4
Frederic,9.9e-5
Abel,9.9e-5
Linwood,9.9e-5
Simon,9.8e-5
Donnell,9.8e-5
Rod,9.8e-5
Ramiro,9.8e-5
Carmen,9.7e-5
Russel,9.6e-5
Ismael,9.6e-5
Gilberto,9.4e-5
Sanford,9.4e-5
Terrell,9.4e-5
Lamont,9.3e-5
Nolan,9.3e-5
Cornell,9.2e-5
Israel,9.2e-5
Levi,9.2e-5
Mitchel,9.2e-5
Morgan,9.2e-5
Erwin,9.1e-5
Kip,9.1e-5
Loyd,9.1e-5
Lane,9.1e-5
Dwain,9.1e-5
Elijah,9e-5
Gale,9e-5
Winfred,9e-5
Burton,9e-5
Dick,9e-5
Ian,9e-5
Ryan,9e-5
Ward,9e-5
Will,8.9e-5
Bryce,8.9e-5
Pablo,8.9e-5
Reid,8.9e-5
Danial,8.8e-5
Harrison,8.8e-5
Dino,8.8e-5
Elvin,8.7e-5
Mikel,8.7e-5
August,8.6e-5
Cory,8.6e-5
Felipe,8.6e-5
Rolando,8.6e-5
Tomas,8.6e-5
Kermit,8.5e-5
Jerrold,8.5e-5
Jasper,8.4e-5
Dudley,8.4e-5
Wiley,8.4e-5
Carter,8.4e-5
Duncan,8.3e-5
Thurman,8.3e-5
Barton,8.3e-5
Roman,8.3e-5
Scotty,8.3e-5
Alejandro,8.2e-5
Bobbie,8.2e-5
Roscoe,8.2e-5
Weldon,8.2e-5
Emil,8.1e-5
Garth,8.1e-5
Garrett,8.1e-5
Vern,8.1e-5
Guillermo,8e-5
Rob,8e-5
Domingo,7.9e-5
Norbert,7.9e-5
Brandon,7.8e-5
Hank,7.8e-5
Jean,7.8e-5
Russ,7.8e-5
Val,7.8e-5
Gus,7.7e-5
Jonathon,7.7e-5
Shannon,7.7e-5
Brady,7.7e-5
Reggie,7.7e-5
Sergio,7.7e-5
Stacy,7.6e-5
Ulysses,7.6e-5
Jeremiah,7.6e-5
Pierre,7.5e-5
Solomon,7.5e-5
Kimberly,7.5e-5
Kurtis,7.5e-5
Hans,7.4e-5
Otto,7.4e-5
Jefferson,7.4e-5
Odell,7.3e-5
Lonny,7.2e-5
Bernie,7.2e-5
Fredric,7.2e-5
Rogelio,7.2e-5
Eli,7.1e-5
Andres,7.1e-5
Armand,7.1e-5
Bryon,7.1e-5
Burt,7.1e-5
Elwood,7.1e-5
Jacky,7.1e-5
Kenton,7.1e-5
Ivory,7e-5
Merlin,7e-5
Santiago,7e-5
Merrill,7e-5
Coy,7e-5
Shelton,7e-5
Cliff,6.9e-5
Donn,6.9e-5
Nicky,6.9e-5
Robby,6.9e-5
Emery,6.9e-5
Tod,6.8e-5
Wilfredo,6.8e-5
Faron,6.7e-5
Elias,6.7e-5
Mary,6.7e-5
Jed,6.6e-5
Shaun,6.6e-5
Elliot,6.6e-5
Hollis,6.6e-5
Lyndon,6.6e-5
Charley,6.5e-5
Davis,6.5e-5
Vito,6.5e-5
Avery,6.5e-5
Butch,6.5e-5
Sonny,6.5e-5
Jerold,6.4e-5
Marco,6.4e-5
Quentin,6.4e-5
Rock,6.4e-5
Vince,6.3e-5
Jake,6.3e-5
Noah,6.3e-5
Keven,6.3e-5
Riley,6.3e-5
Santos,6.3e-5
Shelby,6.3e-5
Clement,6.2e-5
Emory,6.2e-5
Lindsey,6.2e-5
Tyler,6.2e-5
Adolph,6.2e-5
Harris,6.2e-5
Emilio,6.1e-5
Freeman,6.1e-5
Gerardo,6.1e-5
Trent,6.1e-5
Millard,6.1e-5
Ollie,6.1e-5
Benito,6e-5
Denver,5.9e-5
Lenard,5.9e-5
Monroe,5.9e-5
Royal,5.9e-5
Ignacio,5.9e-5
Tad,5.9e-5
Delmar,5.8e-5
Carmine,5.8e-5
Hiram,5.7e-5
Stanford,5.7e-5
Zane,5.7e-5
Maynard,5.7e-5
Anton,5.6e-5
Broderick,5.6e-5
Marcel,5.6e-5
Myles,5.6e-5
Jackson,5.6e-5
Ricki,5.5e-5
Booker,5.4e-5
Brendan,5.4e-5
Clair,5.4e-5
Everette,5.4e-5
Carson,5.3e-5
Douglass,5.3e-5
Gustavo,5.3e-5
Efrain,5.3e-5
Les,5.3e-5
Brooks,5.2e-5
Gail,5.2e-5
Noe,5.2e-5
Saul,5.2e-5
Chip,5.2e-5
Del,5.2e-5
Randel,5.2e-5
Alden,5.1e-5
Arlen,5.1e-5
Buford,5.1e-5
Lenny,5.1e-5
Mervin,5.1e-5
Kelley,5e-5
Johnathan,5e-5
Linda,5e-5
Nickolas,5e-5
Fritz,4.9e-5
Toney,4.9e-5
Errol,4.9e-5
Irwin,4.9e-5
Basil,4.9e-5
Dickie,4.9e-5
Duke,4.9e-5
Marcos,4.9e-5
Patricia,4.9e-5
Curtiss,4.8e-5
Dwaine,4.8e-5
Nicolas,4.8e-5
Ritchie,4.8e-5
Blane,4.8e-5
Rogers,4.8e-5
Silas,4.8e-5
Thad,4.8e-5
Vicente,4.8e-5
Augustine,4.7e-5
Connie,4.7e-5
Hilton,4.7e-5
Jordan,4.7e-5
Wilford,4.7e-5
Cesar,4.7e-5
Lavern,4.7e-5
Lemuel,4.6e-5
Coleman,4.6e-5
Eloy,4.6e-5
Gearld,4.6e-5
Jeremy,4.6e-5
Leigh,4.6e-5
Major,4.6e-5
Adolfo,4.5e-5
Bud,4.5e-5
Glynn,4.5e-5
Graham,4.5e-5
Rand,4.5e-5
Gil,4.5e-5
Isaiah,4.5e-5
Lindsay,4.5e-5
Anderson,4.4e-5
Rayford,4.4e-5
Sherwood,4.4e-5
Gino,4.4e-5
Hayward,4.4e-5
Otha,4.4e-5
Raphael,4.4e-5
Rolland,4.4e-5
Bruno,4.3e-5
Dalton,4.3e-5
Deborah,4.3e-5
Erick,4.3e-5
Forest,4.3e-5
Mel,4.3e-5
Carol,4.3e-5
Davy,4.3e-5
Felton,4.3e-5
Hershel,4.3e-5
Humberto,4.3e-5
Johnie,4.3e-5
Lawerence,4.3e-5
Stacey,4.3e-5
Stevan,4.3e-5
Cleo,4.2e-5
Earle,4.2e-5
Farrell,4.2e-5
Greggory,4.2e-5
Mason,4.2e-5
Carnell,4.2e-5
Cyril,4.2e-5
Donell,4.2e-5
Dusty,4.2e-5
Stanton,4.2e-5
Cyrus,4.2e-5
Debra,4.2e-5
Huey,4.2e-5
Jere,4.2e-5
Damian,4.1e-5
Dee,4.1e-5
Donovan,4.1e-5
Erich,4.1e-5
Isiah,4.1e-5
Jarvis,4.1e-5
Cruz,4.1e-5
Emerson,4.1e-5
Herschel,4.1e-5
Kevan,4.1e-5
Mckinley,4.1e-5
Stefan,4.1e-5
Benedict,4e-5
Carlo,4e-5
Emmanuel,4e-5
Foster,4e-5
Theron,4e-5
Wardell,4e-5
Courtney,4e-5
Edwardo,4e-5
Joaquin,4e-5
Leonardo,4e-5
Wilton,4e-5
Derwin,3.9e-5
Houston,3.9e-5
Michale,3.9e-5
Milo,3.9e-5
Woody,3.9e-5
Elroy,3.9e-5
Laverne,3.9e-5
Raleigh,3.9e-5
Robbin,3.9e-5
Wilburn,3.9e-5
Alphonse,3.8e-5
Artie,3.8e-5
Boyce,3.8e-5
Burl,3.8e-5
Gaylon,3.8e-5
Haywood,3.8e-5
Lesley,3.8e-5
Omar,3.8e-5
Bret,3.8e-5
Maxwell,3.8e-5
Art,3.7e-5
Gaylord,3.7e-5
Judson,3.7e-5
Kraig,3.7e-5
Ty,3.7e-5
Wally,3.7e-5
Wilmer,3.7e-5
Chet,3.7e-5
Emmitt,3.7e-5
Jared,3.7e-5
Kit,3.7e-5
Len,3.7e-5
Odis,3.7e-5
Quintin,3.7e-5
Raymon,3.7e-5
Rubin,3.7e-5
Emile,3.6e-5
Geary,3.6e-5
Napoleon,3.6e-5
Taylor,3.6e-5
Dell,3.6e-5
Dewitt,3.6e-5
Fidel,3.6e-5
Jonas,3.6e-5
Alec,3.5e-5
Alvis,3.5e-5
Barbara,3.5e-5
Delton,3.5e-5
Gregorio,3.5e-5
Lacy,3.5e-5
Paris,3.5e-5
Berry,3.5e-5
Fletcher,3.5e-5
Milford,3.5e-5
Timmie,3.5e-5
Dennie,3.5e-5
Domenic,3.5e-5
Kirt,3.5e-5
Michal,3.5e-5
Mitch,3.5e-5
Xavier,3.5e-5
Agustin,3.4e-5
Carleton,3.4e-5
Hugo,3.4e-5
Issac,3.4e-5
Lincoln,3.4e-5
Lyman,3.4e-5
Prince,3.4e-5
Darold,3.4e-5
Karen,3.4e-5
Layne,3.4e-5
Lorin,3.4e-5
Lupe,3.4e-5
Carmelo,3.3e-5
Delmer,3.3e-5
Ezra,3.3e-5
Rolf,3.3e-5
Artis,3.3e-5
Cal,3.3e-5
Cody,3.3e-5
Jacques,3.3e-5
Lucius,3.3e-5
Mac,3.3e-5
Bertram,3.2e-5
Leander,3.2e-5
Lynwood,3.2e-5
Normand,3.2e-5
Rich,3.2e-5
Brock,3.2e-5
Cris,3.2e-5
Eliot,3.2e-5
Ike,3.2e-5
Jefferey,3.2e-5
Rodrick,3.2e-5
Tab,3.2e-5
Augustus,3.1e-5
Buster,3.1e-5
Esteban,3.1e-5
Gerold,3.1e-5
Lex,3.1e-5
Skip,3.1e-5
Susan,3.1e-5
Sydney,3.1e-5
Timmothy,3.1e-5
Tracey,3.1e-5
Warner,3.1e-5
Demetrius,3.1e-5
Duwayne,3.1e-5
Ferdinand,3.1e-5
Gavin,3.1e-5
Jace,3.1e-5
Kem,3.1e-5
Olin,3.1e-5
Quinton,3.1e-5
Alfonzo,3e-5
Dann,3e-5
Enoch,3e-5
Franklyn,3e-5
Waymon,3e-5
Ashley,3e-5
Brion,3e-5
Britt,3e-5
Cleve,3e-5
Elmo,3e-5
Gayle,3e-5
Lennie,3e-5
Lorenza,3e-5
Murphy,3e-5
Andrea,2.9e-5
Arden,2.9e-5
Bartholomew,2.9e-5
Donna,2.9e-5
Dorsey,2.9e-5
Lauren,2.9e-5
Maxie,2.9e-5
Pasquale,2.9e-5
Von,2.9e-5
Willam,2.9e-5
Cole,2.9e-5
Edison,2.9e-5
Ethan,2.9e-5
Bradly,2.8e-5
Columbus,2.8e-5
Dante,2.8e-5
Evans,2.8e-5
Hunter,2.8e-5
Malcom,2.8e-5
Rhett,2.8e-5
Richie,2.8e-5
Talmadge,2.8e-5
Baron,2.8e-5
Barrett,2.8e-5
Barron,2.8e-5
Cynthia,2.8e-5
Federico,2.8e-5
Melton,2.8e-5
Scottie,2.8e-5
Alva,2.8e-5
Arlin,2.8e-5
Elden,2.8e-5
Heriberto,2.8e-5
Kennth,2.8e-5
King,2.8e-5
Lary,2.8e-5
Renaldo,2.8e-5
Adan,2.7e-5
Aldo,2.7e-5
Buck,2.7e-5
Constantine,2.7e-5
Desi,2.7e-5
Hoyt,2.7e-5
Reese,2.7e-5
Renard,2.7e-5
Trevor,2.7e-5
Williams,2.7e-5
Arnulfo,2.7e-5
Brice,2.7e-5
Cletus,2.7e-5
Denzil,2.7e-5
Desmond,2.7e-5
Dwane,2.7e-5
Eldridge,2.7e-5
Genaro,2.7e-5
Hosea,2.7e-5
Jame,2.7e-5
Jules,2.7e-5
Quincy,2.7e-5
Aron,2.6e-5
Darcy,2.6e-5
