name,percent
Michael,0.042392
James,0.038509
David,0.037647
Robert,0.037343
John,0.036106
William,0.025975
Mark,0.024137
Richard,0.023963
Thomas,0.020389
Steven,0.016839
Charles,0.015667
Joseph,0.014547
Gary,0.013489
Kenneth,0.012816
Donald,0.012731
Daniel,0.012482
Ronald,0.012427
Paul,0.012336
Timothy,0.011308
Kevin,0.011102
Jeffrey,0.010942
Larry,0.01001
Gregory,0.009802
Stephen,0.009013
Edward,0.008554
Brian,0.007998
Anthony,0.007784
Dennis,0.007727
George,0.007706
Douglas,0.007644
Randy,0.007518
Scott,0.0072
Terry,0.007142
Bruce,0.006342
Jerry,0.006062
Keith,0.005683
Peter,0.005296
Frank,0.00515
Raymond,0.004941
Ricky,0.004828
Patrick,0.00473
Roger,0.00451
Christopher,0.004222
Steve,0.004077
Danny,0.004028
Lawrence,0.004002
Wayne,0.003958
Alan,0.003756
Carl,0.003745
Dale,0.003604
Gerald,0.003477
Jeffery,0.003429
Mike,0.003309
Russell,0.003299
Craig,0.003228
Andrew,0.003197
Joe,0.003091
Walter,0.003061
Randall,0.003054
Eric,0.003028
Johnny,0.002968
Glenn,0.002856
Willie,0.002837
Billy,0.002809
Roy,0.002774
Arthur,0.00277
Jack,0.002755
Philip,0.002748
Martin,0.002724
Rodney,0.002681
Tony,0.002679
Barry,0.002645
Ronnie,0.002636
Harold,0.00263
Henry,0.002626
Ralph,0.002612
Jimmy,0.002589
Bobby,0.002567
Phillip,0.002536
Curtis,0.002443
Stanley,0.002408
Samuel,0.00239
Matthew,0.002387
Albert,0.002302
Micheal,0.002212
Louis,0.002144
Rick,0.002131
Jay,0.002121
Howard,0.002113
Darrell,0.002094
Allen,0.002022
Eugene,0.002015
Dean,0.001997
Leonard,0.001975
Eddie,0.001876
Victor,0.00187
Jeff,0.00187
Vincent,0.0018600000000000001
Frederick,0.001827
Harry,0.001734
Ernest,0.001727
Tommy,0.001678
Fred,0.001664
Lee,0.001645
Joel,0.001645
Jim,0.001618
Bradley,0.001614
Rickey,0.001607
Jon,0.001586
Jose,0.001581
Ray,0.00156
Marvin,0.001556
Melvin,0.001551
Calvin,0.001548
Bryan,0.001543
Tom,0.001534
Don,0.001531
Norman,0.001526
Chris,0.001491
Tim,0.001491
Dan,0.001458
Earl,0.001431
Bill,0.001426
Jonathan,0.001392
Mitchell,0.00138
Jerome,0.001371
Greg,0.001357
Francis,0.001344
Glen,0.00134
Clifford,0.001323
Alfred,0.001292
Theodore,0.001261
Jesse,0.001251
Edwin,0.001239
Clarence,0.001202
Duane,0.001197
Bernard,0.001155
Benjamin,0.001139
Marc,0.001134
Gordon,0.001125
Kurt,0.001109
Reginald,0.001104
Todd,0.001101
Alvin,0.001088
Perry,0.001083
Warren,0.001072
Karl,0.001069
Leroy,0.001053
Guy,0.001051
Kent,0.001051
Herbert,0.001041
Brad,0.001004
Nicholas,0.001002
Dave,9.98e-4
Kirk,9.97e-4
Leslie,9.6e-4
Lonnie,9.34e-4
Garry,9.32e-4
Dwight,9.26e-4
Wesley,9.09e-4
Vernon,9.05e-4
Kim,9.04e-4
Gilbert,8.96e-4
Lloyd,8.75e-4
Juan,8.69e-4
Leon,8.59e-4
Robin,8.55e-4
Kelly,8.54e-4
Gene,8.44e-4
Floyd,8.35e-4
Bob,8.3e-4
Darryl,8.21e-4
Carlos,8.15e-4
Brent,8.12e-4
Kerry,7.97e-4
Clyde,7.94e-4
Donnie,7.85e-4
Jackie,7.79e-4
Franklin,7.76e-4
Daryl,7.74e-4
Lewis,7.66e-4
Neil,7.65e-4
Manuel,7.5e-4
Ted,7.48e-4
Lester,7.47e-4
Dana,7.39e-4
Allan,7.19e-4
Gregg,7.07e-4
Leo,6.94e-4
Gerard,6.93e-4
Jimmie,6.68e-4
Charlie,6.66e-4
Randal,6.63e-4
Stuart,6.51e-4
Tyrone,0.00064899999999999995
Ruben,6.34e-4
Maurice,6.33e-4
Milton,6.22e-4
Randolph,6.2e-4
Marty,6.16e-4
Aaron,6.13e-4
Freddie,6.11e-4
Rex,6.1e-4
Antonio,6.02e-4
Herman,6e-4
Terrence,5.98e-4
Johnnie,5.88e-4
Ron,5.86e-4
Harvey,5.84e-4
Lynn,5.8e-4
Arnold,5.79e-4
Alexander,5.76e-4
Byron,5.75e-4
Nathaniel,5.73e-4
Nathan,5.6e-4
Roland,5.52e-4
Oscar,5.52e-4
Neal,5.45e-4
Ricardo,5.43e-4
Ken,5.39e-4
Chester,5.37e-4
Lance,5.29e-4
Tracy,5.27e-4
Mario,5.25e-4
Wade,5.22e-4
Luis,5.09e-4
Wendell,5.08e-4
Marshall,5.01e-4
Clinton,4.95e-4
Kenny,4.94e-4
Sam,4.88e-4
Cecil,4.86e-4
Jessie,4.86e-4
Clifton,4.82e-4
Andre,4.8e-4
Fredrick,4.78e-4
Dwayne,4.74e-4
Terrance,4.73e-4
Marcus,4.73e-4
Joey,4.71e-4
Kyle,4.69e-4
Clayton,4.64e-4
Claude,4.63e-4
Andy,4.45e-4
Hugh,4.43e-4
Carlton,4.35e-4
Ross,4.34e-4
Derrick,4.33e-4
Mickey,4.32e-4
Nelson,4.3e-4
Rocky,4.17e-4
Shawn,4.14e-4
Alex,4.1e-4
Doug,4.06e-4
Benny,3.98e-4
Wallace,3.94e-4
Jesus,3.94e-4
Ben,3.91e-4
Raul,3.85e-4
Sidney,3.85e-4
Lyle,3.83e-4
Rickie,3.82e-4
Roberto,3.74e-4
Hector,3.7e-4
Kelvin,3.69e-4
Sammy,3.63e-4
Terence,3.62e-4
Cary,3.6e-4
Francisco,3.59e-4
Sean,3.58e-4
Morris,3.54e-4
Edgar,3.54e-4
Troy,3.52e-4
Roderick,3.48e-4
Rudy,3.48e-4
Frankie,3.41e-4
Geoffrey,3.41e-4
Max,3.39e-4
Miguel,3.38e-4
Everett,3.31e-4
Angelo,3.29e-4
Nick,3.15e-4
Derek,3.09e-4
Bradford,3.08e-4
Ramon,3.08e-4
Bennie,3.04e-4
Otis,3.03e-4
Myron,3.02e-4
Edmund,3.01e-4
Virgil,3.01e-4
Elmer,3.01e-4
Brett,3e-4
Armando,2.98e-4
Pete,2.98e-4
Loren,2.97e-4
Felix,2.95e-4
Ira,2.94e-4
Grant,2.93e-4
Darrel,2.92e-4
Clark,2.91e-4
Willard,2.9e-4
Pat,2.9e-4
Earnest,2.89e-4
Chuck,2.89e-4
Monte,2.8e-4
Marion,2.79e-4
Pedro,2.79e-4
Salvatore,2.78e-4
Timmy,2.78e-4
Sylvester,2.77e-4
Laurence,2.76e-4
Elvis,2.73e-4
Clay,2.7e-4
Julius,2.7e-4
Roosevelt,2.67e-4
Luther,2.66e-4
Ivan,2.63e-4
Stewart,2.63e-4
Matt,2.6e-4
Rudolph,2.6e-4
Teddy,2.6e-4
Angel,2.59e-4
Delbert,2.59e-4
Alton,2.58e-4
Malcolm,2.57e-4
Lorenzo,2.56e-4
Jeffry,2.53e-4
Rene,2.52e-4
Archie,2.52e-4
Horace,2.51e-4
Jacob,2.46e-4
Fernando,2.43e-4
Hal,2.41e-4
Isaac,2.38e-4
Preston,2.36e-4
Sherman,2.36e-4
Gerry,2.34e-4
Doyle,2.3e-4
Jerald,2.29e-4
Wilbert,2.26e-4
Phil,2.26e-4
Dexter,2.22e-4
Hubert,2.21e-4
Leland,2.19e-4
Rory,2.17e-4
Rodger,2.17e-4
Drew,2.15e-4
Monty,2.13e-4
Tommie,2.13e-4
Adrian,2.12e-4
Carey,2.11e-4
Vance,2.11e-4
Stephan,2.1e-4
Forrest,2.09e-4
Scot,2.09e-4
Van,2.09e-4
Julian,2.08e-4
Oliver,2.07e-4
Alfredo,2.05e-4
Lowell,2.04e-4
Willis,2.04e-4
Jamie,2.04e-4
Curt,2.02e-4
Jaime,2.02e-4
Stevie,2.02e-4
Jason,2.01e-4
Rusty,2.01e-4
Ed,2e-4
Dominic,1.99e-4
Arturo,1.96e-4
Adam,1.95e-4
Dewayne,1.95e-4
Jan,1.95e-4
Freddy,1.95e-4
Jorge,1.95e-4
Sheldon,1.95e-4
Ernie,1.92e-4
Ervin,1.91e-4
Alfonso,1.89e-4
Rufus,1.89e-4
Homer,1.87e-4
Owen,1.86e-4
Mack,1.84e-4
Cedric,1.83e-4
Clint,1.82e-4
Jody,1.8e-4
Shane,1.8e-4
Unknown,1.79e-4
Rafael,1.79e-4
Denis,1.78e-4
Al,1.77e-4
Boyd,1.77e-4
Ellis,1.77e-4
Gabriel,1.76e-4
Wilbur,1.76e-4
Kendall,1.75e-4
Darwin,1.74e-4
Carroll,1.74e-4
Noel,1.73e-4
Alonzo,1.72e-4
Grady,1.72e-4
Alberto,1.71e-4
Aubrey,1.71e-4
Robbie,1.7e-4
Casey,1.69e-4
Dallas,1.68e-4
Dewey,1.68e-4
Dirk,1.67e-4
Elbert,1.64e-4
Travis,1.64e-4
Kirby,1.63e-4
Kris,1.62e-4
Ronny,1.62e-4
Wilson,1.62e-4
Dane,1.62e-4
Buddy,1.61e-4
Orlando,1.6e-4
Darnell,1.6e-4
Louie,1.6e-4
Percy,1.59e-4
Blaine,1.57e-4
Bert,1.55e-4
Ernesto,1.54e-4
Cornelius,1.53e-4
Lionel,1.52e-4
Royce,1.51e-4
Bryant,1.5e-4
Christian,1.5e-4
Salvador,1.5e-4
Rod,1.49e-4
Joesph,1.47e-4
Conrad,1.46e-4
Edmond,1.46e-4
Erik,1.46e-4
Javier,1.46e-4
Enrique,1.43e-4
Miles,1.43e-4
Dominick,1.42e-4
Elton,1.4e-4
Evan,1.39e-4
Stan,1.38e-4
Wilfred,1.38e-4
Irvin,1.38e-4
Justin,1.37e-4
Julio,1.37e-4
Rodolfo,1.37e-4
Emmett,1.35e-4
Marlon,1.35e-4
Denny,1.34e-4
Sammie,1.34e-4
Alphonso,1.33e-4
Luke,1.33e-4
Zachary,1.33e-4
Randell,1.33e-4
Blake,1.32e-4
Cleveland,1.32e-4
Reed,1.3e-4
Michel,1.3e-4
Cory,1.29e-4
Lamar,1.29e-4
Ryan,1.28e-4
Wyatt,1.28e-4
Cameron,1.27e-4
Marlin,1.27e-4
Spencer,1.26e-4
Abraham,1.24e-4
Donny,1.24e-4
Joshua,1.24e-4
Barney,1.24e-4
Bryon,1.24e-4
Colin,1.23e-4
Norris,1.23e-4
Bart,1.23e-4
Garland,1.23e-4
Jess,1.23e-4
Murray,1.23e-4
Moses,1.23e-4
Harlan,1.22e-4
Emanuel,1.22e-4
Galen,1.2e-4
Guadalupe,1.2e-4
Damon,1.2e-4
Reynaldo,1.2e-4
Corey,1.19e-4
Eduardo,1.19e-4
Seth,1.19e-4
Ned,1.18e-4
Winston,1.17e-4
Rocco,1.16e-4
Merle,1.16e-4
Amos,1.15e-4
Rob,1.15e-4
Mathew,1.14e-4
Chad,1.14e-4
Cliff,1.13e-4
Toby,1.13e-4
Sterling,1.13e-4
Junior,1.12e-4
Reuben,1.1e-4
Austin,1.1e-4
Woodrow,1.1e-4
Orville,1.09e-4
Carmen,1.08e-4
Lon,1.08e-4
Harley,1.07e-4
Abel,1.07e-4
Blair,1.07e-4
Bennett,1.06e-4
Eddy,1.05e-4
Lamont,1.04e-4
Cornell,1.03e-4
Dannie,1.03e-4
Dino,1.03e-4
Irving,1.02e-4
Elijah,1.02e-4
Kennith,1.01e-4
Russ,1.01e-4
Billie,1.01e-4
Elliott,1.01e-4
Ramiro,1.01e-4
Sandy,1e-4
Will,1e-4
Gilberto,1e-4
Grover,1e-4
Eldon,9.9e-5
Erwin,9.9e-5
Ian,9.9e-5
Rolando,9.9e-5
Lonny,9.8e-5
Terrell,9.8e-5
Thaddeus,9.8e-5
Alejandro,9.7e-5
Pablo,9.7e-5
Danial,9.6e-5
Duncan,9.6e-5
Linwood,9.5e-5
Mitch,9.5e-5
Shaun,9.5e-5
Jordan,9.5e-5
Simon,9.5e-5
Kip,9.3e-5
Vaughn,9.2e-5
Garrett,9.2e-5
Tomas,9.2e-5
Dick,9.1e-5
Harrison,9.1e-5
Mitchel,9.1e-5
Felipe,9.1e-5
Russel,9.1e-5
Reggie,9e-5
Stacy,8.9e-5
Bret,8.9e-5
Burton,8.9e-5
Mikel,8.8e-5
Pierre,8.8e-5
Sergio,8.8e-5
Donnell,8.7e-5
Loyd,8.7e-5
Reid,8.6e-5
Roscoe,8.6e-5
Emil,8.6e-5
Frederic,8.6e-5
Ismael,8.6e-5
Jeremiah,8.6e-5
Morgan,8.6e-5
Audie,8.5e-5
Tod,8.5e-5
Lanny,8.4e-5
Mary,8.4e-5
August,8.4e-5
Andres,8.3e-5
Lane,8.3e-5
Nolan,8.3e-5
Elvin,8.2e-5
Scotty,8.2e-5
Gus,8.2e-5
Israel,8.2e-5
Levi,8.1e-5
Vince,8.1e-5
Dwain,8.1e-5
Bernie,8e-5
Bobbie,8e-5
Norbert,8e-5
Weldon,7.9e-5
Kurtis,7.9e-5
Jonathon,7.8e-5
Ward,7.8e-5
Donn,7.7e-5
Gerardo,7.7e-5
Kermit,7.7e-5
Trent,7.7e-5
Jasper,7.6e-5
Jean,7.6e-5
Roman,7.6e-5
Wiley,7.6e-5
Winfred,7.6e-5
Odell,7.6e-5
Zane,7.6e-5
Sanford,7.5e-5
Rogelio,7.4e-5
Ulysses,7.4e-5
Shannon,7.4e-5
Solomon,7.4e-5
Vern,7.4e-5
Dudley,7.3e-5
Brady,7.3e-5
Jefferson,7.3e-5
Domingo,7.2e-5
Guillermo,7.2e-5
Ivory,7.2e-5
Lenny,7.2e-5
Lyndon,7.2e-5
Avery,7.1e-5
Kimberly,7.1e-5
Nicky,7.1e-5
Gale,7e-5
Hank,7e-5
Jake,7e-5
Noah,7e-5
Rock,7e-5
Otto,7e-5
Jerrold,6.9e-5
Santos,6.9e-5
Wilfredo,6.9e-5
Kenton,6.8e-5
Merrill,6.8e-5
Robby,6.8e-5
Tad,6.8e-5
Coy,6.8e-5
Emilio,6.8e-5
Sonny,6.8e-5
Garth,6.7e-5
Lindsey,6.7e-5
Barton,6.7e-5
Merlin,6.7e-5
Emory,6.6e-5
Elliot,6.6e-5
Elwood,6.6e-5
Art,6.5e-5
Bryce,6.5e-5
Marco,6.5e-5
Brendan,6.5e-5
Tyler,6.5e-5
Elias,6.4e-5
Fredric,6.4e-5
Jerold,6.4e-5
Riley,6.4e-5
Saul,6.4e-5
Thurman,6.4e-5
Val,6.4e-5
Carter,6.4e-5
Jacky,6.4e-5
Vito,6.4e-5
Hans,6.3e-5
Lenard,6.2e-5
Rich,6.2e-5
Shelton,6.2e-5
Adolph,6.1e-5
Anton,6.1e-5
Delmar,6.1e-5
Millard,6.1e-5
Stanford,6.1e-5
Efrain,6e-5
Benito,6e-5
Brandon,6e-5
Errol,6e-5
Bud,5.9e-5
Clement,5.9e-5
Del,5.9e-5
Jackson,5.9e-5
Humberto,5.9e-5
Eli,5.9e-5
Hiram,5.9e-5
Charley,5.8e-5
Emery,5.8e-5
Keven,5.8e-5
Randel,5.8e-5
Armand,5.8e-5
Jarvis,5.8e-5
Shelby,5.8e-5
Xavier,5.8e-5
Hollis,5.7e-5
Les,5.7e-5
Butch,5.7e-5
Davis,5.7e-5
Santiago,5.7e-5
Carmine,5.6e-5
Gil,5.6e-5
Harris,5.6e-5
Monroe,5.6e-5
Ricki,5.6e-5
Burt,5.5e-5
Erick,5.5e-5
Kirt,5.5e-5
Isaiah,5.5e-5
Jed,5.5e-5
Tab,5.5e-5
Derwin,5.4e-5
Douglass,5.4e-5
Linda,5.4e-5
Mervin,5.4e-5
Cesar,5.3e-5
Donovan,5.3e-5
Silas,5.3e-5
Blane,5.2e-5
Erich,5.2e-5
Quentin,5.2e-5
Felton,5.1e-5
Myles,5.1e-5
Theron,5.1e-5
Stacey,5e-5
Booker,5e-5
Freeman,5e-5
Marcos,5e-5
Brooks,4.9e-5
Bruno,4.9e-5
Dickie,4.9e-5
Forest,4.9e-5
Wally,4.9e-5
Anderson,4.9e-5
Connie,4.9e-5
Faron,4.9e-5
Gino,4.9e-5
Kelley,4.9e-5
Marcel,4.9e-5
Carson,4.8e-5
Duke,4.8e-5
Layne,4.8e-5
Lemuel,4.8e-5
Ollie,4.8e-5
Everette,4.8e-5
Gustavo,4.8e-5
Judson,4.8e-5
Lawerence,4.8e-5
Britt,4.8e-5
Curtiss,4.8e-5
Fritz,4.8e-5
Toney,4.8e-5
Denver,4.7e-5
Gail,4.7e-5
Rand,4.7e-5
Arlen,4.7e-5
Eloy,4.6e-5
Nicolas,4.6e-5
Quintin,4.6e-5
Von,4.6e-5
Broderick,4.6e-5
Dwaine,4.6e-5
Huey,4.6e-5
Irwin,4.6e-5
Major,4.6e-5
Noe,4.6e-5
Royal,4.6e-5
Mckinley,4.5e-5
Nickolas,4.5e-5
Augustine,4.5e-5
Herschel,4.5e-5
Ignacio,4.5e-5
Isiah,4.5e-5
Jacques,4.4e-5
Lincoln,4.4e-5
Lindsay,4.4e-5
Raphael,4.4e-5
Susan,4.4e-5
Thad,4.4e-5
Chip,4.4e-5
Dalton,4.4e-5
Dee,4.4e-5
Adolfo,4.3e-5
Artis,4.3e-5
Basil,4.3e-5
Graham,4.3e-5
Stanton,4.3e-5
Elroy,4.3e-5
Fletcher,4.3e-5
Len,4.3e-5
Sherwood,4.3e-5
Emerson,4.3e-5
Jeremy,4.3e-5
Maynard,4.3e-5
Timmie,4.3e-5
Wilford,4.3e-5
Augustus,4.2e-5
Hilton,4.2e-5
Hugo,4.2e-5
Scottie,4.2e-5
Edwardo,4.2e-5
Hershel,4.2e-5
Mel,4.2e-5
Lavern,4.1e-5
Leonardo,4.1e-5
Patricia,4.1e-5
Sal,4.1e-5
Artie,4.1e-5
Berry,4.1e-5
Donell,4.1e-5
Dusty,4.1e-5
Jude,4.1e-5
Rogers,4.1e-5
Brion,4e-5
Carol,4e-5
Chet,4e-5
Glynn,4e-5
Johnathan,4e-5
Johnie,4e-5
Damian,4e-5
Greggory,4e-5
Jame,4e-5
Joaquin,4e-5
Rolland,4e-5
Taylor,4e-5
Alden,3.9e-5
Derrell,3.9e-5
Gearld,3.9e-5
Tracey,3.9e-5
Wilmer,3.9e-5
Benedict,3.9e-5
Cyril,3.9e-5
Fidel,3.9e-5
Laverne,3.9e-5
Vicente,3.9e-5
Cyrus,3.8e-5
Deborah,3.8e-5
Dell,3.8e-5
Earle,3.8e-5
Emmanuel,3.8e-5
Leigh,3.8e-5
Ritchie,3.8e-5
Lesley,3.8e-5
Lyman,3.8e-5
Robbin,3.8e-5
Woody,3.8e-5
Alfonzo,3.8e-5
Carmelo,3.7e-5
Domenic,3.7e-5
Micky,3.7e-5
Prince,3.7e-5
Quinton,3.7e-5
Clair,3.7e-5
Cody,3.7e-5
Farrell,3.7e-5
Rayford,3.7e-5
Demetrius,3.6e-5
Emmitt,3.6e-5
Lennie,3.6e-5
Lupe,3.6e-5
Coleman,3.6e-5
Cruz,3.6e-5
Cynthia,3.6e-5
Haywood,3.6e-5
Normand,3.6e-5
Buford,3.5e-5
Cal,3.5e-5
Darell,3.5e-5
Darius,3.5e-5
Karen,3.5e-5
Kit,3.5e-5
Lacy,3.5e-5
Milo,3.5e-5
Alec,3.5e-5
Antoine,3.5e-5
Cleo,3.5e-5
Courtney,3.5e-5
Darold,3.5e-5
Federico,3.5e-5
Ike,3.5e-5
Lucius,3.5e-5
Omar,3.5e-5
Pasquale,3.5e-5
Timmothy,3.5e-5
Waymon,3.5e-5
Darcy,3.4e-5
Gregorio,3.4e-5
Kraig,3.4e-5
Mac,3.4e-5
Stevan,3.4e-5
Foster,3.4e-5
Hunter,3.4e-5
Jared,3.4e-5
Jefferey,3.4e-5
Otha,3.4e-5
Raleigh,3.4e-5
Richie,3.4e-5
Wilton,3.4e-5
Cole,3.3e-5
Cris,3.3e-5
Darren,3.3e-5
Mason,3.3e-5
Napoleon,3.3e-5
Arlie,3.3e-5
Boyce,3.3e-5
Bradly,3.3e-5
Brice,3.3e-5
Carlo,3.3e-5
Debra,3.3e-5
Jere,3.3e-5
Kenney,3.3e-5
Lou,3.3e-5
Dann,3.2e-5
Ezra,3.2e-5
Raymundo,3.2e-5
Rodrick,3.2e-5
Agustin,3.2e-5
Alvis,3.2e-5
Buster,3.2e-5
Hoyt,3.2e-5
Leander,3.2e-5
Regis,3.2e-5
Benton,3.2e-5
Brien,3.2e-5
Burl,3.2e-5
Cheyenne,3.2e-5
Dewitt,3.2e-5
Houston,3.2e-5
Wardell,3.2e-5
Wes,3.2e-5
Alphonse,3.1e-5
Barbara,3.1e-5
Esteban,3.1e-5
Issac,3.1e-5
Jules,3.1e-5
Kevan,3.1e-5
Wilburn,3.1e-5
Abe,3.1e-5
Derick,3.1e-5
Dion,3.1e-5
Michale,3.1e-5
Parker,3.1e-5
Andrea,3e-5
Ashley,3e-5
Dorian,3e-5
Jace,3e-5
Lorin,3e-5
Maxwell,3e-5
Robb,3e-5
Rubin,3e-5
Skip,3e-5
Arden,3e-5
Carnell,3e-5
Chauncey,3e-5
Duwayne,3e-5
Elmo,3e-5
Ethan,3e-5
Gonzalo,3e-5
Melton,3e-5
Williams,3e-5
Barrett,2.9e-5
Cletus,2.9e-5
Devin,2.9e-5
King,2.9e-5
Olin,2.9e-5
Ty,2.9e-5
Brock,2.9e-5
Claud,2.9e-5
Dwane,2.9e-5
Levon,2.9e-5
Malcom,2.9e-5
Newton,2.9e-5
Odis,2.9e-5
Randle,2.9e-5
Raymon,2.9e-5
Stefan,2.9e-5
Weston,2.9e-5
Carleton,2.8e-5
Columbus,2.8e-5
Daryle,2.8e-5
Hayward,2.8e-5
Reese,2.8e-5
Shirley,2.8e-5
Windell,2.8e-5
Bertram,2.8e-5
Dennie,2.8e-5
Ferdinand,2.8e-5
Gaylon,2.8e-5
Genaro,2.8e-5
Kerwin,2.8e-5
Lauren,2.8e-5
Lorenza,2.8e-5
Rollin,2.8e-5
Alvaro,2.7e-5
Benson,2.7e-5
Elden,2.7e-5
Jonas,2.7e-5
Michal,2.7e-5
Verne,2.7e-5
Darvin,2.7e-5
Donna,2.7e-5
Grayling,2.7e-5
Olen,2.7e-5
Sharon,2.7e-5
Truman,2.7e-5
Aldo,2.7e-5
Alva,2.7e-5
Domenick,2.7e-5
Gayle,2.7e-5
Geary,2.7e-5
Lynwood,2.7e-5
Quinn,2.7e-5
Willam,2.7e-5
Cordell,2.6e-5
