name,percent
Michael,0.042029
David,0.03837
James,0.036582
Robert,0.035904
John,0.035284
William,0.02518
Mark,0.024467
Richard,0.023199
Thomas,0.019538
Steven,0.015316
Charles,0.014966
Joseph,0.013971
Timothy,0.013352
Kenneth,0.012373
Paul,0.012203
Daniel,0.011895
Gary,0.011745
Donald,0.011604
Ronald,0.011521
Kevin,0.011453
Jeffrey,0.011251
Larry,0.009318
Gregory,0.009197
Brian,0.008943
Scott,0.008891
Stephen,0.008338
Anthony,0.008098
Edward,0.008062
Dennis,0.007618
Douglas,0.007332
George,0.007266
Randy,0.007049
Terry,0.006957
Ricky,0.006209
Jerry,0.005997
Bruce,0.005785
Keith,0.005526
Frank,0.005251
Christopher,0.005232
Mike,0.005006
Peter,0.004991
Patrick,0.004754
Raymond,0.004743
Steve,0.004683
Danny,0.004151
Dale,0.003942
Roger,0.003888
Wayne,0.00387
Alan,0.00382
Eric,0.003802
Carl,0.003585
Lawrence,0.003498
Craig,0.003387
Russell,0.003322
Andrew,0.003298
Joe,0.00328
Tony,0.003224
Gerald,0.003183
Jeffery,0.003171
Matthew,0.002964
Johnny,0.002937
Walter,0.002935
Randall,0.002932
Billy,0.002852
Rodney,0.002723
Ronnie,0.002714
Philip,0.002702
Jeff,0.002702
Bobby,0.002658
Willie,0.002647
Martin,0.00263
Arthur,0.002628
Jimmy,0.002602
Tim,0.002581
Roy,0.002563
Rick,0.002537
Glenn,0.002532
Ralph,0.002526
Barry,0.002471
Jack,0.002461
Phillip,0.002452
Curtis,0.002445
Harold,0.002392
Henry,0.00239
Samuel,0.002343
Jay,0.00233
Jim,0.002282
Stanley,0.002282
Albert,0.002237
Darrell,0.002216
Micheal,0.002117
Allen,0.002093
Chris,0.002071
Louis,0.002063
Howard,0.002029
Tom,0.002028
Dean,0.001993
Vincent,0.001982
Bill,0.001957
Eddie,0.001919
Bryan,0.001895
Eugene,0.001864
Leonard,0.001862
Tommy,0.001777
Greg,0.001766
Rickey,0.001759
Victor,0.001734
Bradley,0.001733
Dan,0.001716
Frederick,0.001687
Harry,0.001667
Don,0.001664
Ernest,0.001635
Fred,0.001634
Lee,0.001633
Todd,0.001608
Jon,0.001595
Jose,0.001578
Marvin,0.001527
Joel,0.001497
Ray,0.001483
Melvin,0.001457
Calvin,0.001444
Jonathan,0.001436
Norman,0.001423
Dave,0.001372
Mitchell,0.00132
Jerome,0.00131
Clifford,0.001308
Earl,0.001297
Glen,0.00129
Perry,0.001267
Alfred,0.001257
Kurt,0.001244
Duane,0.001214
Francis,0.001214
Edwin,0.001204
Clarence,0.001171
Bob,0.001169
Theodore,0.001162
Reginald,0.001158
Jesse,0.001156
Marc,0.001116
Kent,0.001115
Bernard,0.001112
Karl,0.00109
Kirk,0.001084
Kelly,0.001068
Warren,0.001062
Brad,0.001051
Benjamin,0.001046
Gordon,0.001031
Nicholas,0.001014
Alvin,0.001013
Brett,9.89e-4
Guy,9.79e-4
Brent,9.67e-4
Herbert,9.67e-4
Leroy,9.67e-4
Wesley,9.07e-4
Leon,9e-4
Leslie,9e-4
Juan,8.97e-4
Vernon,8.94e-4
Carlos,8.83e-4
Lloyd,8.53e-4
Darryl,8.48e-4
Gene,8.46e-4
Gilbert,8.39e-4
Daryl,8.28e-4
Lonnie,8.24e-4
Garry,8.21e-4
Ted,8.08e-4
Neil,7.94e-4
Ron,7.91e-4
Dwight,7.86e-4
Lewis,7.75e-4
Manuel,7.66e-4
Floyd,7.53e-4
Allan,7.43e-4
Donnie,7.42e-4
Franklin,7.37e-4
Clyde,7.23e-4
Dana,7.13e-4
Tyrone,7.1e-4
Ken,7.09e-4
Bret,7e-4
Jackie,7e-4
Gregg,6.85e-4
Randal,6.85e-4
Gerard,6.84e-4
Lester,6.79e-4
Kerry,6.7e-4
Robin,6.7e-4
Charlie,6.61e-4
Kenny,6.61e-4
Leo,6.61e-4
Marty,6.57e-4
Dwayne,6.54e-4
Aaron,6.51e-4
Doug,0.00064899999999999995
Ruben,6.37e-4
Stuart,6.24e-4
Milton,6.15e-4
Jimmie,6.11e-4
Antonio,6.1e-4
Kim,6.1e-4
Maurice,6e-4
Ricardo,5.99e-4
Johnnie,5.9e-4
Freddie,5.86e-4
Tracy,5.8e-4
Nathan,5.76e-4
Rex,5.76e-4
Luis,5.65e-4
Terrence,5.62e-4
Herman,5.6e-4
Byron,5.6e-4
Wendell,5.54e-4
Shawn,5.53e-4
Mario,5.51e-4
Alexander,5.5e-4
Randolph,5.49e-4
Sam,5.47e-4
Timmy,5.45e-4
Harvey,5.44e-4
Neal,5.38e-4
Wade,5.34e-4
Andy,5.27e-4
Arnold,5.26e-4
Lance,5.25e-4
Clayton,5.23e-4
Andre,5.2e-4
Roland,5.17e-4
Nathaniel,5.14e-4
Clinton,4.97e-4
Joey,4.97e-4
Oscar,4.95e-4
Lynn,4.89e-4
Chester,4.88e-4
Marshall,4.82e-4
Ross,4.79e-4
Hugh,4.78e-4
Derrick,4.75e-4
Alex,4.74e-4
Jessie,4.73e-4
Kyle,4.72e-4
Sean,4.7e-4
Cecil,4.68e-4
Clifton,4.64e-4
Marcus,4.58e-4
Fredrick,4.44e-4
Claude,4.41e-4
Nelson,4.41e-4
Roberto,4.28e-4
Derek,4.25e-4
Matt,4.23e-4
Terrance,4.22e-4
Chuck,4.2e-4
Carlton,4.14e-4
Benny,4.07e-4
Sammy,4.05e-4
Ben,4.05e-4
Raul,4.02e-4
Jesus,4.01e-4
Pat,3.94e-4
Nick,3.93e-4
Hector,3.92e-4
Sidney,3.82e-4
Wallace,3.74e-4
Rickie,3.67e-4
Mickey,3.66e-4
Rocky,3.62e-4
Miguel,3.59e-4
Geoffrey,3.57e-4
Kelvin,3.57e-4
Lyle,3.56e-4
Troy,3.55e-4
Pete,3.5e-4
Edgar,3.49e-4
Frankie,3.49e-4
Max,3.42e-4
Rudy,3.42e-4
Clay,3.34e-4
Terence,3.31e-4
Ramon,3.31e-4
Morris,3.29e-4
Virgil,3.27e-4
Roderick,3.25e-4
Francisco,3.23e-4
Bart,3.19e-4
Clark,3.12e-4
Everett,3.12e-4
Otis,3.07e-4
Jody,3.06e-4
Jamie,2.97e-4
Bennie,2.96e-4
Earnest,2.93e-4
Loren,2.93e-4
Ed,2.93e-4
Angelo,2.9e-4
Felix,2.9e-4
Darrel,2.9e-4
Bradford,2.88e-4
Ivan,2.86e-4
Pedro,2.84e-4
Ira,2.81e-4
Sherman,2.79e-4
Malcolm,2.78e-4
Armando,2.78e-4
Curt,2.77e-4
Jason,2.74e-4
Cary,2.73e-4
Grant,2.72e-4
Marion,2.71e-4
Willard,2.7e-4
Jaime,2.7e-4
Myron,2.7e-4
Phil,2.7e-4
Sylvester,2.69e-4
Alton,2.66e-4
Edmund,2.64e-4
Teddy,2.63e-4
Delbert,2.63e-4
Scot,2.62e-4
Rene,2.57e-4
Jeffry,2.56e-4
Salvatore,2.56e-4
Elmer,2.55e-4
Monte,2.54e-4
Laurence,2.51e-4
Isaac,2.5e-4
Stewart,2.5e-4
Angel,2.46e-4
Fernando,2.44e-4
Gerry,2.44e-4
Luther,2.43e-4
Lorenzo,2.4e-4
Rusty,2.38e-4
Jacob,2.37e-4
Tommie,2.37e-4
Rafael,2.31e-4
Julius,2.29e-4
Roosevelt,2.29e-4
Hubert,2.25e-4
Rudolph,2.25e-4
Rory,2.24e-4
Jerald,2.24e-4
Preston,2.22e-4
Clint,2.2e-4
Monty,2.19e-4
Adam,2.17e-4
Archie,2.17e-4
Dexter,2.16e-4
Dewayne,2.15e-4
Arturo,2.15e-4
Julian,2.14e-4
Leland,2.14e-4
Doyle,2.12e-4
Hal,2.12e-4
Alonzo,2.11e-4
Oliver,2.11e-4
Rodger,2.1e-4
Lowell,2.09e-4
Van,2.09e-4
Adrian,2.07e-4
Ernie,2.06e-4
Drew,2.05e-4
Noel,2.05e-4
Alfredo,2.04e-4
Kris,2.02e-4
Travis,2.01e-4
Dominic,2.01e-4
Jan,2e-4
Horace,1.99e-4
Bert,1.99e-4
Christian,1.97e-4
Wilbert,1.97e-4
Darwin,1.95e-4
Alberto,1.94e-4
Forrest,1.94e-4
Darren,1.93e-4
Willis,1.93e-4
Jorge,1.92e-4
Sheldon,1.91e-4
Shane,1.91e-4
Denis,1.9e-4
Cedric,1.88e-4
Stevie,1.88e-4
Robbie,1.87e-4
Stan,1.86e-4
Carey,1.85e-4
Ronny,1.85e-4
Al,1.81e-4
Kendall,1.81e-4
Darnell,1.8e-4
Stephan,1.78e-4
Orlando,1.78e-4
Alfonso,1.78e-4
Louie,1.77e-4
Ervin,1.75e-4
Homer,1.74e-4
Vance,1.74e-4
Elvis,1.73e-4
Casey,1.72e-4
Owen,1.72e-4
Dallas,1.71e-4
Boyd,1.69e-4
Blake,1.69e-4
Mack,1.69e-4
Lionel,1.68e-4
Aubrey,1.68e-4
Gabriel,1.68e-4
Freddy,1.66e-4
Ellis,1.65e-4
Grady,1.65e-4
Wilbur,1.65e-4
Bryant,1.63e-4
Buddy,1.62e-4
Mathew,1.62e-4
Rod,1.61e-4
Elbert,1.61e-4
Rufus,1.61e-4
Marlon,1.6e-4
Kirby,1.58e-4
Blaine,1.58e-4
Erik,1.58e-4
Dominick,1.58e-4
Luke,1.56e-4
Javier,1.54e-4
Royce,1.54e-4
Dewey,1.52e-4
Evan,1.52e-4
Miles,1.52e-4
Conrad,1.5e-4
Ernesto,1.5e-4
Cornelius,1.49e-4
Dino,1.47e-4
Dirk,1.46e-4
Rob,1.46e-4
Wilson,1.46e-4
Eduardo,1.46e-4
Seth,1.46e-4
Salvador,1.45e-4
Ryan,1.45e-4
Enrique,1.44e-4
Sammie,1.44e-4
Justin,1.42e-4
Rodolfo,1.41e-4
Randell,1.41e-4
Denny,1.4e-4
Toby,1.4e-4
Garland,1.39e-4
Julio,1.39e-4
Tod,1.38e-4
Russ,1.38e-4
Bryon,1.37e-4
Corey,1.37e-4
Guadalupe,1.36e-4
Moses,1.35e-4
Dane,1.34e-4
Marlin,1.33e-4
Donny,1.32e-4
Spencer,1.32e-4
Abraham,1.32e-4
Carroll,1.32e-4
Amos,1.32e-4
Mitch,1.32e-4
Vince,1.32e-4
Cory,1.31e-4
Elton,1.31e-4
Percy,1.31e-4
Joesph,1.31e-4
Colin,1.3e-4
Duncan,1.3e-4
Irvin,1.29e-4
Joshua,1.29e-4
Unknown,1.25e-4
Edmond,1.25e-4
Barney,1.23e-4
Alphonso,1.23e-4
Cameron,1.23e-4
Emmett,1.22e-4
Lamar,1.21e-4
Terrell,1.21e-4
Cleveland,1.21e-4
Mitchel,1.2e-4
Wilfred,1.2e-4
Murray,1.19e-4
Jess,1.18e-4
Emanuel,1.17e-4
Chad,1.17e-4
Reed,1.16e-4
Cliff,1.15e-4
Ward,1.14e-4
Rocco,1.14e-4
Galen,1.13e-4
Sterling,1.13e-4
Harlan,1.13e-4
Abel,1.12e-4
Scotty,1.11e-4
Stacy,1.11e-4
Zachary,1.1e-4
Dick,1.09e-4
Lamont,1.08e-4
Merle,1.07e-4
Eddy,1.07e-4
Barton,1.06e-4
Michel,1.06e-4
Reggie,1.06e-4
Israel,1.06e-4
Lon,1.06e-4
Damon,1.05e-4
Ned,1.05e-4
Dannie,1.05e-4
Carmen,1.04e-4
Norris,1.04e-4
Reynaldo,1.02e-4
Blair,1.02e-4
Sandy,1.02e-4
Reuben,1.01e-4
Gilberto,1.01e-4
Donnell,1e-4
Ramiro,1e-4
Dion,1e-4
Woodrow,1e-4
Pablo,9.9e-5
Tomas,9.8e-5
Irving,9.8e-5
Sergio,9.8e-5
Vaughn,9.7e-5
Bernie,9.7e-5
Nicky,9.7e-5
Alejandro,9.6e-5
Ian,9.6e-5
Lanny,9.6e-5
Pierre,9.6e-5
Elijah,9.5e-5
Robby,9.5e-5
Elliott,9.5e-5
Elvin,9.5e-5
Linwood,9.5e-5
Junior,9.4e-5
Grover,9.3e-5
Gus,9.2e-5
Kennith,9.2e-5
Lane,9.2e-5
Austin,9.2e-5
Eldon,9.2e-5
Sanford,9.2e-5
Winston,9.2e-5
Simon,9.1e-5
Bennett,9.1e-5
Cornell,9.1e-5
Thaddeus,9e-5
Jefferson,8.9e-5
Morgan,8.9e-5
Dudley,8.9e-5
Erwin,8.9e-5
Felipe,8.9e-5
Ismael,8.9e-5
Rolando,8.8e-5
Jasper,8.7e-5
Shaun,8.7e-5
Danial,8.6e-5
Frederic,8.6e-5
Lonny,8.6e-5
Hans,8.6e-5
Jordan,8.6e-5
Levi,8.6e-5
Brady,8.5e-5
Kip,8.5e-5
Wyatt,8.5e-5
Nolan,8.5e-5
Orville,8.5e-5
Will,8.5e-5
Dwain,8.4e-5
Garrett,8.4e-5
Wilfredo,8.4e-5
Billie,8.3e-5
Gerardo,8.2e-5
Harrison,8.2e-5
Mikel,8.2e-5
Trent,8.2e-5
Harley,8.2e-5
Roman,8.1e-5
Russel,8.1e-5
Art,8e-5
Avery,8e-5
Kenton,8e-5
Timmie,8e-5
Loyd,7.9e-5
Rich,7.9e-5
Sonny,7.9e-5
Emil,7.9e-5
Reid,7.9e-5
Andres,7.8e-5
Norbert,7.8e-5
Kurtis,7.8e-5
Carter,7.7e-5
Lyndon,7.5e-5
Domingo,7.5e-5
Guillermo,7.5e-5
Jake,7.5e-5
Les,7.5e-5
Marco,7.5e-5
Odell,7.5e-5
Bryce,7.4e-5
Burton,7.3e-5
Hollis,7.3e-5
Ivory,7.3e-5
Merlin,7.3e-5
Bobbie,7.3e-5
Donn,7.3e-5
Shelton,7.3e-5
Lenny,7.2e-5
Toney,7.2e-5
Ulysses,7.2e-5
August,7.2e-5
Garth,7.2e-5
Roscoe,7.2e-5
Elias,7.1e-5
Wayde,7.1e-5
Kelley,7e-5
Kermit,7e-5
Vito,7e-5
Jeremiah,6.9e-5
Saul,6.9e-5
Hank,6.9e-5
Lindsey,6.9e-5
Santiago,6.9e-5
Gino,6.8e-5
Jean,6.8e-5
Otto,6.8e-5
Zane,6.8e-5
Benito,6.8e-5
Erick,6.8e-5
Emilio,6.7e-5
Weldon,6.7e-5
Jed,6.7e-5
Tyler,6.7e-5
Hiram,6.6e-5
Rogelio,6.6e-5
Santos,6.6e-5
Shannon,6.6e-5
Del,6.6e-5
Derwin,6.6e-5
Jonathon,6.6e-5
Mary,6.6e-5
Thurman,6.6e-5
Gustavo,6.5e-5
Kimberly,6.5e-5
Quentin,6.4e-5
Rock,6.4e-5
Tad,6.4e-5
Elliot,6.4e-5
Davis,6.3e-5
Ignacio,6.3e-5
Noah,6.3e-5
Brandon,6.2e-5
Keven,6.2e-5
Gale,6.2e-5
Vern,6.2e-5
Solomon,6.1e-5
Winfred,6.1e-5
Errol,6.1e-5
Elwood,6e-5
Randel,5.9e-5
Shelby,5.9e-5
Val,5.9e-5
Anton,5.9e-5
Carmine,5.9e-5
Ollie,5.9e-5
Wally,5.9e-5
Wiley,5.9e-5
Adolph,5.9e-5
Charley,5.9e-5
Cesar,5.8e-5
Jerrold,5.8e-5
Marcos,5.8e-5
Butch,5.8e-5
Jacky,5.8e-5
Brendan,5.7e-5
Kraig,5.7e-5
Armand,5.6e-5
Jarvis,5.6e-5
Denver,5.6e-5
Jackson,5.6e-5
Mel,5.6e-5
Eli,5.5e-5
Von,5.5e-5
Len,5.5e-5
Stacey,5.5e-5
Erich,5.4e-5
Chet,5.4e-5
Fredric,5.4e-5
Riley,5.4e-5
Gil,5.3e-5
Humberto,5.3e-5
Lenard,5.3e-5
Merrill,5.3e-5
Audie,5.3e-5
Blane,5.3e-5
Burt,5.3e-5
Coy,5.3e-5
Sal,5.3e-5
Bud,5.2e-5
Forest,5.2e-5
Jerold,5.2e-5
Millard,5.2e-5
Stanford,5.2e-5
Harris,5.2e-5
Nicolas,5.2e-5
Jeremy,5.1e-5
Emory,5e-5
Graham,5e-5
Mervin,5e-5
Aron,5e-5
Patricia,5e-5
Clement,4.9e-5
Felton,4.9e-5
Isiah,4.9e-5
Johnathan,4.9e-5
Antoine,4.9e-5
Broderick,4.9e-5
Eloy,4.9e-5
Leonardo,4.9e-5
Johnie,4.8e-5
Basil,4.8e-5
Marcel,4.8e-5
Ricki,4.8e-5
Arlen,4.7e-5
Silas,4.7e-5
Adolfo,4.7e-5
Efrain,4.6e-5
Lesley,4.6e-5
Connie,4.6e-5
Dalton,4.6e-5
Emery,4.6e-5
Myles,4.6e-5
Noe,4.6e-5
Raphael,4.6e-5
Carson,4.6e-5
Glynn,4.6e-5
Maynard,4.6e-5
Booker,4.5e-5
Carlo,4.5e-5
Greggory,4.5e-5
Taylor,4.5e-5
Cody,4.5e-5
Cruz,4.5e-5
Judson,4.5e-5
Linda,4.5e-5
Major,4.5e-5
Nickolas,4.5e-5
Theron,4.5e-5
Anderson,4.4e-5
Augustine,4.4e-5
Cris,4.4e-5
Douglass,4.4e-5
Herschel,4.4e-5
Timmothy,4.4e-5
Wes,4.4e-5
Curtiss,4.4e-5
Earle,4.4e-5
Joaquin,4.4e-5
Rogers,4.4e-5
Wilford,4.4e-5
Chip,4.3e-5
Derrell,4.3e-5
Fritz,4.3e-5
Jace,4.3e-5
Monroe,4.3e-5
Quinton,4.3e-5
Rand,4.3e-5
Scottie,4.3e-5
Skip,4.3e-5
Benedict,4.3e-5
Dwaine,4.3e-5
Jude,4.3e-5
Carnell,4.2e-5
Cyrus,4.2e-5
Isaiah,4.2e-5
Tracey,4.2e-5
Duke,4.2e-5
Huey,4.2e-5
Hugo,4.2e-5
Gail,4.1e-5
Leigh,4.1e-5
Lindsay,4.1e-5
Mason,4.1e-5
Maverick,4.1e-5
Raleigh,4.1e-5
Artis,4.1e-5
Brooks,4.1e-5
Bruno,4.1e-5
Carmelo,4.1e-5
Delmar,4.1e-5
Edwardo,4.1e-5
Layne,4.1e-5
Lupe,4.1e-5
Alden,4e-5
Dusty,4e-5
Fletcher,4e-5
Issac,4e-5
Napoleon,4e-5
Susan,4e-5
Cyril,4e-5
Kirt,4e-5
Mac,4e-5
Richie,4e-5
Vicente,4e-5
Dee,4e-5
Jefferey,4e-5
Mckinley,4e-5
Stanton,4e-5
Tobin,4e-5
Britt,3.9e-5
Clair,3.9e-5
Dennie,3.9e-5
Domenic,3.9e-5
Emmanuel,3.9e-5
Omar,3.9e-5
Rayford,3.9e-5
Sherwood,3.9e-5
Alec,3.8e-5
Hilton,3.8e-5
Kristopher,3.8e-5
Quintin,3.8e-5
Tab,3.8e-5
Ty,3.8e-5
Berry,3.8e-5
Damian,3.8e-5
Gaylon,3.8e-5
Irwin,3.8e-5
Rhett,3.8e-5
Wilton,3.8e-5
Artie,3.7e-5
Darell,3.7e-5
Darius,3.7e-5
Debra,3.7e-5
Emerson,3.7e-5
Lavern,3.7e-5
Vic,3.7e-5
Walt,3.7e-5
Wardell,3.7e-5
Xavier,3.7e-5
Agustin,3.7e-5
Dwane,3.7e-5
Freeman,3.7e-5
Robbin,3.7e-5
Thad,3.7e-5
Courtney,3.6e-5
Derick,3.6e-5
Jacques,3.6e-5
Lawerence,3.6e-5
Lennie,3.6e-5
Deborah,3.6e-5
Duwayne,3.6e-5
Jared,3.6e-5
Kenney,3.6e-5
Kevan,3.6e-5
Ashley,3.5e-5
Federico,3.5e-5
Gearld,3.5e-5
Lemuel,3.5e-5
Rolland,3.5e-5
Bernardo,3.5e-5
Coleman,3.5e-5
Esteban,3.5e-5
Everette,3.5e-5
Faron,3.5e-5
Fidel,3.5e-5
Jame,3.5e-5
Lauren,3.5e-5
Lynwood,3.5e-5
Gregorio,3.4e-5
Bradly,3.4e-5
Cole,3.4e-5
Dell,3.4e-5
Donovan,3.4e-5
Emile,3.4e-5
Ethan,3.4e-5
Jere,3.4e-5
Lorenza,3.4e-5
Brien,3.3e-5
Dante,3.3e-5
Elroy,3.3e-5
Houston,3.3e-5
Lars,3.3e-5
Lincoln,3.3e-5
Stevan,3.3e-5
Benton,3.3e-5
Brion,3.3e-5
Chauncey,3.3e-5
Darcy,3.3e-5
Demetrius,3.3e-5
Emmitt,3.3e-5
Gavin,3.3e-5
Heriberto,3.3e-5
Wilmer,3.3e-5
Barrett,3.3e-5
Donell,3.3e-5
Leander,3.3e-5
Warner,3.3e-5
Wilburn,3.3e-5
Arden,3.2e-5
Carol,3.2e-5
Hershel,3.2e-5
Josh,3.2e-5
Jules,3.2e-5
Michale,3.2e-5
Bertram,3.2e-5
Carleton,3.2e-5
Collin,3.2e-5
Devin,3.2e-5
Dickie,3.2e-5
Haywood,3.2e-5
Milo,3.2e-5
Moises,3.2e-5
Otha,3.2e-5
Rolf,3.2e-5
Sydney,3.2e-5
Buford,3.1e-5
Burl,3.1e-5
Darold,3.1e-5
Foster,3.1e-5
Hayward,3.1e-5
Kit,3.1e-5
Lou,3.1e-5
Odis,3.1e-5
Randle,3.1e-5
Alphonse,3.1e-5
Dewitt,3.1e-5
Farrell,3.1e-5
Gonzalo,3.1e-5
Karen,3.1e-5
Keenan,3.1e-5
Lyman,3.1e-5
Normand,3.1e-5
Pasquale,3.1e-5
Adan,3e-5
Aldo,3e-5
Andrea,3e-5
Cynthia,3e-5
Delmer,3e-5
Micky,3e-5
Royal,3e-5
Rubin,3e-5
Woody,3e-5
Genaro,3e-5
Herb,3e-5
Lacy,3e-5
Malcom,3e-5
Rodrick,3e-5
Augustus,2.9e-5
Diego,2.9e-5
Gayle,2.9e-5
Mariano,2.9e-5
Sebastian,2.9e-5
Willam,2.9e-5
Arnulfo,2.9e-5
Cleve,2.9e-5
Dann,2.9e-5
Daryle,2.9e-5
Diane,2.9e-5
Hunter,2.9e-5
Kennth,2.9e-5
Abe,2.8e-5
Antony,2.8e-5
Cal,2.8e-5
Davy,2.8e-5
Hosea,2.8e-5
Leonel,2.8e-5
Lucius,2.8e-5
Milford,2.8e-5
Olin,2.8e-5
Alvis,2.8e-5
Cheryl,2.8e-5
Ezra,2.8e-5
Lary,2.8e-5
Laverne,2.8e-5
Lorin,2.8e-5
Melton,2.8e-5
Milan,2.8e-5
Nestor,2.8e-5
Reinaldo,2.8e-5
Reynold,2.8e-5
Barbara,2.7e-5
Baron,2.7e-5
Brant,2.7e-5
Davey,2.7e-5
Eliseo,2.7e-5
Jamey,2.7e-5
Maxie,2.7e-5
Alva,2.7e-5
Columbus,2.7e-5
Eldridge,2.7e-5
Maxwell,2.7e-5
Renard,2.7e-5
