name,percent
Lisa,0.022741
Mary,0.021457
Susan,0.017634
Karen,0.017355
Linda,0.015517
Patricia,0.013101
Donna,0.012694
Cynthia,0.011853
Deborah,0.011293
Sandra,0.011061
Lori,0.01105
Pamela,0.010496
Brenda,0.010489
Barbara,0.010193
Debra,0.010164
Kimberly,0.010045
Sharon,0.009679
Teresa,0.009132
Nancy,0.008895
Elizabeth,0.00878
Laura,0.00863
Julie,0.00843
Tammy,0.008265
Cheryl,0.008177
Robin,0.007463
Diane,0.007309
Kathy,0.007281
Carol,0.007168
Kathleen,0.006999
Denise,0.006898
Michelle,0.00659
Debbie,0.006464
Tina,0.006303
Cindy,0.006064
Janet,0.006045
Angela,0.005755
Kim,0.005751
Kelly,0.005687
Christine,0.005526
Theresa,0.005455
Jennifer,0.005415
Laurie,0.005266
Margaret,0.004974
Jacqueline,0.004854
Rhonda,0.004836
Carolyn,0.004781
Rebecca,0.004638
Sherry,0.004554
Maria,0.00448
Dawn,0.00443
Connie,0.004382
Sheila,0.004333
Catherine,0.00429
Terri,0.004162
Tracy,0.004098
Ann,0.004008
Diana,0.003869
Janice,0.003859
Michele,0.003667
Paula,0.003551
Amy,0.00354
Cathy,0.003527
Judy,0.003482
Wendy,0.003441
Suzanne,0.003383
Beth,0.00317
Valerie,0.003124
Melissa,0.003115
Stephanie,0.003092
Beverly,0.00309
Lynn,0.003067
Jill,0.003045
Jane,0.003016
Joyce,0.003007
Annette,0.002998
Renee,0.002966
Wanda,0.002965
Carla,0.002869
Bonnie,0.002868
Leslie,0.002852
Anita,0.002722
Sherri,0.002642
Anne,0.002603
Katherine,0.002601
Vicki,0.00257
Judith,0.002558
Martha,0.002547
Kathryn,0.002523
Darlene,0.002516
Gloria,0.002516
Regina,0.002469
Penny,0.002466
Peggy,0.002418
Joan,0.002409
Jean,0.002406
Shirley,0.002405
Betty,0.002351
Sarah,0.002243
Andrea,0.002241
Anna,0.002191
Colleen,0.002184
Gina,0.002182
Gail,0.002161
Ruth,0.00212
Virginia,0.002113
Melanie,0.002112
Vickie,0.00204
Maureen,0.002035
Ellen,0.002028
Rita,0.002022
Dorothy,0.002008
Terry,0.001992
Marie,0.001984
Joanne,0.00198
Monica,0.001976
Rose,0.001975
Dana,0.001954
Melinda,0.001901
Tamara,0.001885
Julia,0.00185
Victoria,0.001832
Becky,0.001829
Tracey,0.001797
Christina,0.00179
Jackie,0.001783
Elaine,0.001783
Marilyn,0.001779
Helen,0.001771
Phyllis,0.001724
Shelly,0.001718
Sylvia,0.001705
Yvonne,0.001671
Alice,0.001606
Sheryl,0.0016
Sue,0.001571
Sally,0.001565
Joann,0.001533
Deanna,0.001508
Eileen,0.001508
Sandy,0.001508
Carrie,0.001496
Jeanne,0.001488
Frances,0.001479
Veronica,0.001479
Sheri,0.001474
Shari,0.00146
Lorraine,0.001455
Holly,0.001442
Belinda,0.0014
Pam,0.001386
Toni,0.001384
Jamie,0.001376
Evelyn,0.001371
Charlotte,0.001322
Norma,0.001318
Heidi,0.001311
Jeanette,0.001289
Charlene,0.001263
Roberta,0.00125
Loretta,0.00124
Gwendolyn,0.001235
Shelley,0.001223
Sara,0.001218
Lynne,0.001216
Glenda,0.001213
Yolanda,0.001209
Jo,0.001206
Joy,0.001198
Marcia,0.001198
Carmen,0.001189
Doris,0.001173
Patty,0.001152
Shelia,0.001121
Vanessa,0.001111
Tonya,0.001109
Stacy,0.001098
Tami,0.001091
Stacey,0.001077
Tammie,0.001075
Crystal,0.001039
Teri,0.001023
Marsha,0.001022
Dianne,0.001018
Vicky,0.001005
Melody,0.001
Caroline,9.8e-4
Alicia,9.78e-4
Audrey,9.74e-4
Patti,9.72e-4
Darla,9.71e-4
Natalie,9.6e-4
Karla,9.6e-4
Juanita,9.58e-4
Rachel,9.56e-4
Rosemary,9.54e-4
Yvette,9.51e-4
Kay,9.25e-4
Jodi,9.13e-4
April,8.95e-4
Tanya,8.92e-4
Lois,8.79e-4
Jody,8.78e-4
Jan,8.77e-4
Lynda,8.71e-4
Irene,8.68e-4
Sonya,8.6e-4
Vivian,8.6e-4
Doreen,8.59e-4
Robyn,8.18e-4
Constance,8.15e-4
Felicia,7.96e-4
Rosa,7.92e-4
Ronda,7.88e-4
Marlene,7.67e-4
Cassandra,7.57e-4
Sherrie,7.56e-4
Chris,7.5e-4
Ramona,7.5e-4
Roxanne,7.48e-4
Eva,7.41e-4
Marianne,7.39e-4
June,7.18e-4
Dianna,7.12e-4
Kimberley,7.09e-4
Alison,6.99e-4
Lydia,6.96e-4
Bridget,6.95e-4
Louise,6.91e-4
Cheri,6.89e-4
Shannon,6.87e-4
Jenny,6.86e-4
Carole,6.81e-4
Lee,6.81e-4
Marjorie,6.79e-4
Arlene,6.64e-4
Margie,6.64e-4
Lora,6.64e-4
Kristine,6.56e-4
Grace,6.54e-4
Kelli,6.5e-4
Jana,6.48e-4
Allison,6.47e-4
Kelley,6.46e-4
Lillian,6.45e-4
Annie,6.41e-4
Janine,6.37e-4
Heather,6.34e-4
Nina,6.31e-4
Dolores,6.27e-4
Gayle,6.24e-4
Lorie,6.21e-4
Esther,6.16e-4
Jacquelyn,6.11e-4
Marla,6.09e-4
Angie,6.03e-4
Kristi,5.99e-4
Priscilla,5.97e-4
Lynette,5.96e-4
Maryann,5.92e-4
Geraldine,5.91e-4
Ginger,5.86e-4
Ruby,5.69e-4
Traci,5.68e-4
Bernadette,5.62e-4
Debora,5.61e-4
Daphne,5.58e-4
Lauren,5.53e-4
Joni,5.49e-4
Josephine,5.4e-4
Tara,5.39e-4
Katrina,5.37e-4
Kerry,5.36e-4
Emily,5.32e-4
Nora,5.32e-4
Christy,5.26e-4
Erin,5.24e-4
Cecilia,5.2e-4
Delores,5.17e-4
Lorrie,5.09e-4
Dina,5.07e-4
Sonia,5.06e-4
Kellie,5.05e-4
Terrie,5.05e-4
Therese,5.04e-4
Edith,5.02e-4
Betsy,5e-4
Lucy,5e-4
Susie,4.98e-4
Gretchen,4.95e-4
Antoinette,4.91e-4
Claudia,4.91e-4
Rochelle,4.88e-4
Miriam,4.87e-4
Edna,4.85e-4
Leah,4.82e-4
Mona,4.76e-4
Mildred,4.74e-4
Kari,4.73e-4
Janie,4.68e-4
Amanda,4.67e-4
Rosemarie,4.65e-4
Nadine,4.65e-4
Tracie,4.58e-4
Pauline,4.58e-4
Bonita,4.56e-4
Rene,4.51e-4
Jeannette,4.49e-4
Dena,4.47e-4
Georgia,4.47e-4
Marian,4.46e-4
Myra,4.45e-4
Shawn,4.45e-4
Patsy,4.43e-4
Leigh,4.4e-4
Sabrina,4.37e-4
Jayne,4.33e-4
Bobbie,4.32e-4
Kristin,4.32e-4
Jessica,4.28e-4
Gwen,4.23e-4
Sonja,4.21e-4
Cathleen,4.19e-4
Dora,4.14e-4
Cherie,4.12e-4
Joanna,4.11e-4
Karin,4.05e-4
Molly,4.04e-4
Candace,3.97e-4
Claire,3.97e-4
Celeste,3.97e-4
Clara,3.94e-4
Emma,3.92e-4
Patrice,3.91e-4
Leticia,3.9e-4
Lana,3.88e-4
Francine,3.87e-4
Adrienne,3.84e-4
Marion,3.81e-4
Irma,3.8e-4
Lesa,3.79e-4
Bernice,3.76e-4
Eleanor,3.75e-4
Jeannie,3.73e-4
Kristen,3.73e-4
Deirdre,3.7e-4
Thelma,3.7e-4
Candy,3.7e-4
Paulette,3.67e-4
Beatrice,3.62e-4
Faith,3.61e-4
Bertha,3.6e-4
Trina,3.6e-4
Vera,3.59e-4
Lucinda,3.55e-4
Trudy,3.54e-4
Gladys,3.53e-4
Alma,3.52e-4
Laurel,3.45e-4
Leanne,3.42e-4
Jennie,3.39e-4
Ana,3.38e-4
Lauri,3.35e-4
Marcella,3.31e-4
Alisa,3.29e-4
Iris,3.25e-4
Ida,3.24e-4
Billie,3.23e-4
Naomi,3.23e-4
Jeanine,3.18e-4
Marcy,3.18e-4
Monique,3.17e-4
Rosalind,3.12e-4
Ella,3.11e-4
Sondra,3.11e-4
Kristina,3.1e-4
Angelia,3.09e-4
Jeri,3.09e-4
Danielle,3.04e-4
Stella,3.03e-4
Susanne,3.02e-4
Dee,3e-4
Rosie,2.97e-4
Tammi,2.97e-4
Deanne,2.96e-4
Florence,2.95e-4
Corinne,2.94e-4
Suzette,2.93e-4
Kris,2.92e-4
Janis,2.91e-4
Noreen,2.91e-4
Janette,2.91e-4
Jodie,2.91e-4
Wilma,2.88e-4
Ethel,2.88e-4
Mindy,2.88e-4
Jolene,2.87e-4
Nanette,2.87e-4
Madeline,2.87e-4
Leann,2.85e-4
Rena,2.84e-4
Maxine,2.83e-4
Jeannine,2.83e-4
Desiree,2.82e-4
Ladonna,2.81e-4
Tamera,2.81e-4
Deana,2.79e-4
Polly,2.79e-4
Katie,2.78e-4
Luann,2.78e-4
Nicole,2.78e-4
Kerri,2.78e-4
Lorna,2.76e-4
Kristy,2.76e-4
Lorri,2.74e-4
Faye,2.73e-4
Celia,2.73e-4
Elisa,2.71e-4
Paige,2.71e-4
Olga,2.68e-4
Deidre,2.65e-4
Margarita,2.65e-4
Lucille,2.61e-4
Lena,2.61e-4
Christie,2.59e-4
Cecelia,2.58e-4
Liz,2.58e-4
Della,2.57e-4
Kara,2.55e-4
Robbin,2.55e-4
Valarie,2.54e-4
Jerri,2.51e-4
Camille,2.5e-4
Darcy,2.5e-4
Debby,2.48e-4
Hope,2.47e-4
Amelia,2.44e-4
Lillie,2.42e-4
Pat,2.39e-4
Sophia,2.39e-4
Kimberlee,2.36e-4
Colette,2.35e-4
Marybeth,2.33e-4
Rosalie,2.33e-4
Willie,2.32e-4
Margo,2.29e-4
Velma,2.29e-4
Marguerite,2.28e-4
Lynnette,2.25e-4
Kathi,2.25e-4
Tamra,2.24e-4
Angel,2.23e-4
Benita,2.22e-4
Mitzi,2.22e-4
Erica,2.22e-4
Janelle,2.22e-4
Cara,2.21e-4
Hazel,2.21e-4
Danette,2.21e-4
Krista,2.21e-4
Annmarie,2.2e-4
Bridgette,2.2e-4
Gay,2.2e-4
Jessie,2.2e-4
Deann,2.16e-4
Olivia,2.12e-4
Hilda,2.11e-4
Deena,2.1e-4
Elena,2.08e-4
Guadalupe,2.08e-4
Ingrid,2.08e-4
Stacie,2.07e-4
Lea,2.07e-4
Leona,2.07e-4
Karyn,2.05e-4
Christi,2.05e-4
Delia,2.04e-4
Tonia,2.04e-4
Cora,2.03e-4
Laverne,2.02e-4
Verna,2.01e-4
Julianne,1.98e-4
Elisabeth,1.98e-4
Ernestine,1.97e-4
Robbie,1.97e-4
Felecia,1.96e-4
Gena,1.96e-4
Daisy,1.95e-4
Lou,1.95e-4
Isabel,1.95e-4
Lenora,1.94e-4
Megan,1.92e-4
Harriet,1.91e-4
Marta,1.89e-4
Alesia,1.88e-4
Maryellen,1.88e-4
Coleen,1.87e-4
Dale,1.87e-4
Judi,1.86e-4
Amber,1.86e-4
Geneva,1.83e-4
Randi,1.83e-4
Gayla,1.82e-4
Marcie,1.82e-4
Shelby,1.82e-4
Elise,1.82e-4
Kendra,1.81e-4
Maura,1.81e-4
Renae,1.81e-4
Eugenia,1.79e-4
Pearl,1.79e-4
Dixie,1.79e-4
Tamela,1.79e-4
Bobbi,1.77e-4
Leeann,1.77e-4
Roseann,1.77e-4
Jeanie,1.77e-4
Malinda,1.76e-4
Rachelle,1.76e-4
Johanna,1.75e-4
Michael,1.75e-4
Agnes,1.74e-4
Edwina,1.73e-4
Barb,1.73e-4
Mari,1.71e-4
Freda,1.7e-4
Helene,1.7e-4
Shellie,1.7e-4
Tena,1.7e-4
Saundra,1.68e-4
Lola,1.68e-4
Rae,1.68e-4
Rosanne,1.68e-4
Kathie,1.66e-4
Myrna,1.65e-4
Claudette,1.63e-4
Bessie,1.63e-4
Cindi,1.63e-4
Sandi,1.63e-4
Gale,1.62e-4
Lourdes,1.61e-4
Marci,1.61e-4
Jacquline,1.6e-4
Luanne,1.6e-4
Kristie,1.6e-4
Ada,1.59e-4
Mattie,1.59e-4
Johnnie,1.58e-4
Viola,1.58e-4
Clare,1.57e-4
Deloris,1.57e-4
Leisa,1.56e-4
Denice,1.56e-4
Allyson,1.55e-4
Dorothea,1.54e-4
Elsie,1.53e-4
Eve,1.53e-4
Jenifer,1.52e-4
Justine,1.52e-4
Tricia,1.52e-4
Lorena,1.51e-4
Jami,1.5e-4
Kirsten,1.5e-4
Eunice,1.5e-4
Lesley,1.5e-4
Sharron,1.5e-4
Janna,1.5e-4
Patrica,1.49e-4
Maryanne,1.49e-4
Blanca,1.48e-4
Glenna,1.47e-4
Lolita,1.47e-4
Laureen,1.46e-4
Shawna,1.46e-4
Misty,1.44e-4
Violet,1.44e-4
Katharine,1.44e-4
Angelina,1.43e-4
Charmaine,1.43e-4
David,1.43e-4
Roslyn,1.43e-4
Caryn,1.43e-4
Sallie,1.43e-4
Marina,1.42e-4
Penelope,1.41e-4
Abby,1.41e-4
Maryjo,1.41e-4
John,1.4e-4
Rosalyn,1.4e-4
Alberta,1.4e-4
Danita,1.39e-4
Janell,1.39e-4
Arleen,1.39e-4
Dona,1.39e-4
Luz,1.39e-4
Lyn,1.39e-4
Shelli,1.39e-4
Caren,1.38e-4
Kaye,1.37e-4
Carlene,1.37e-4
Elsa,1.37e-4
Genevieve,1.37e-4
Lorene,1.36e-4
Marisa,1.36e-4
Greta,1.35e-4
Bridgett,1.35e-4
Gigi,1.34e-4
Minnie,1.34e-4
Flora,1.34e-4
Frankie,1.34e-4
Brigitte,1.33e-4
Maggie,1.33e-4
Nita,1.33e-4
Geri,1.32e-4
Reba,1.32e-4
Nellie,1.31e-4
Abigail,1.3e-4
Diann,1.3e-4
Juli,1.3e-4
Silvia,1.3e-4
Ava,1.29e-4
James,1.29e-4
Rosalinda,1.29e-4
Deidra,1.29e-4
Keri,1.29e-4
Meredith,1.29e-4
Velvet,1.29e-4
Johnna,1.28e-4
Lupe,1.28e-4
Mae,1.27e-4
Erika,1.26e-4
Gracie,1.26e-4
Juliana,1.25e-4
Letitia,1.25e-4
Renita,1.25e-4
Helena,1.24e-4
Bethany,1.23e-4
Carmela,1.23e-4
Roxann,1.23e-4
Wendi,1.23e-4
Pamala,1.23e-4
Teressa,1.22e-4
Ilene,1.22e-4
Selina,1.22e-4
Tonja,1.22e-4
Libby,1.21e-4
Nikki,1.21e-4
Teena,1.21e-4
Juliet,1.21e-4
Aileen,1.2e-4
Corrine,1.19e-4
Geralyn,1.19e-4
Suzan,1.19e-4
Adele,1.19e-4
Pattie,1.19e-4
Selena,1.19e-4
Tana,1.18e-4
Antonia,1.17e-4
Christa,1.17e-4
Vickey,1.17e-4
Alfreda,1.16e-4
Hattie,1.16e-4
Roxanna,1.16e-4
Terese,1.16e-4
Cari,1.16e-4
Kitty,1.16e-4
Clarissa,1.15e-4
Loriann,1.15e-4
Bernadine,1.15e-4
Debi,1.14e-4
Josie,1.14e-4
Maribel,1.14e-4
Nannette,1.14e-4
Robert,1.14e-4
Maritza,1.14e-4
Melodie,1.14e-4
Roxane,1.14e-4
Annemarie,1.13e-4
Georgette,1.13e-4
Pennie,1.13e-4
Shauna,1.13e-4
Henrietta,1.13e-4
Lucia,1.12e-4
Missy,1.12e-4
Dorene,1.12e-4
Fay,1.12e-4
Suzy,1.12e-4
Twila,1.11e-4
Corina,1.11e-4
Estella,1.1e-4
Lesia,1.1e-4
Jocelyn,1.1e-4
Candice,1.09e-4
Lenore,1.09e-4
Gabrielle,1.09e-4
Valorie,1.09e-4
Alexandra,1.08e-4
Avis,1.08e-4
Kate,1.08e-4
Merry,1.08e-4
Rosetta,1.08e-4
Sharlene,1.08e-4
Tania,1.08e-4
Erma,1.07e-4
Inez,1.07e-4
Melisa,1.06e-4
Simone,1.06e-4
Rebekah,1.05e-4
Sheree,1.05e-4
Cathryn,1.05e-4
Dayna,1.05e-4
Susanna,1.05e-4
Antionette,1.04e-4
Ruthie,1.04e-4
Tamie,1.03e-4
Valeria,1.03e-4
Dinah,1.03e-4
Ivy,1.02e-4
Lavonne,1.02e-4
Mamie,1.02e-4
Marylou,1.02e-4
Raquel,1.01e-4
Danna,1.01e-4
Karol,1.01e-4
Starla,1.01e-4
Gaye,1e-4
Loraine,1e-4
Etta,9.9e-5
Marnita,9.9e-5
Ginny,9.9e-5
Liza,9.9e-5
Madonna,9.9e-5
Martina,9.9e-5
Susana,9.9e-5
Donita,9.8e-5
Hilary,9.8e-5
Dori,9.8e-5
Leanna,9.7e-5
Dorinda,9.6e-5
Lila,9.6e-5
Valencia,9.6e-5
Deedee,9.6e-5
Jewel,9.6e-5
Karrie,9.6e-5
Ursula,9.5e-5
Vikki,9.5e-5
Mariann,9.5e-5
Charla,9.4e-5
Cornelia,9.4e-5
Gerri,9.4e-5
Graciela,9.4e-5
Staci,9.4e-5
Jeanna,9.4e-5
Lawanda,9.4e-5
Leila,9.4e-5
Katy,9.3e-5
Trena,9.3e-5
Whitney,9.3e-5
Melba,9.3e-5
Chandra,9.2e-5
Cristina,9.2e-5
Magdalena,9.2e-5
Tresa,9.2e-5
Nelda,9.2e-5
Bambi,9.1e-5
Eloise,9.1e-5
Elvira,9.1e-5
Carey,9e-5
Edie,9e-5
Meg,9e-5
Vonda,9e-5
Kathrine,9e-5
Mandy,8.9e-5
Migdalia,8.9e-5
Sherie,8.9e-5
Sybil,8.9e-5
Dawna,8.9e-5
Mercedes,8.9e-5
Rhoda,8.9e-5
Zelda,8.9e-5
Rachael,8.8e-5
Francis,8.8e-5
Maribeth,8.8e-5
Ivette,8.7e-5
Tiffany,8.7e-5
Treva,8.6e-5
William,8.6e-5
Dedra,8.6e-5
Marietta,8.6e-5
Annamarie,8.5e-5
Aurora,8.5e-5
Elva,8.5e-5
Fannie,8.5e-5
Kandy,8.5e-5
Louann,8.5e-5
Suzie,8.5e-5
Marva,8.5e-5
Sharla,8.5e-5
Letha,8.4e-5
Roseanne,8.4e-5
Winifred,8.4e-5
Carolina,8.4e-5
Debbi,8.4e-5
Latonya,8.3e-5
Lucretia,8.3e-5
Serena,8.3e-5
Bettina,8.3e-5
Georgina,8.3e-5
Latanya,8.3e-5
Mara,8.3e-5
Venus,8.3e-5
Lula,8.2e-5
Rosario,8.2e-5
Kayla,8.2e-5
Lela,8.1e-5
Stefanie,8.1e-5
Aida,8.1e-5
Aimee,8.1e-5
Babette,8e-5
Fran,8e-5
Cherry,8e-5
Dolly,8e-5
Esmeralda,8e-5
Milagros,8e-5
Muriel,8e-5
Fonda,7.9e-5
Jerry,7.9e-5
Karon,7.9e-5
Carleen,7.9e-5
Cathie,7.9e-5
Mimi,7.9e-5
Althea,7.8e-5
Athena,7.8e-5
Cheryle,7.8e-5
Joellen,7.8e-5
Lorinda,7.8e-5
Mavis,7.8e-5
Darleen,7.8e-5
Rosanna,7.8e-5
Cyndi,7.7e-5
Maryjane,7.7e-5
Minerva,7.7e-5
Alana,7.7e-5
Blanche,7.7e-5
Jerilyn,7.7e-5
Sherryl,7.7e-5
Alexis,7.6e-5
Carmel,7.6e-5
Collette,7.6e-5
Janeen,7.6e-5
Jeana,7.6e-5
Bonny,7.6e-5
Gertrude,7.6e-5
Millie,7.5e-5
Courtney,7.5e-5
Dara,7.5e-5
Jacque,7.5e-5
Juliann,7.5e-5
Barbie,7.5e-5
Cherri,7.5e-5
Kerrie,7.5e-5
Margot,7.5e-5
Noemi,7.5e-5
Jacquelin,7.4e-5
Adriana,7.4e-5
Debrah,7.4e-5
Penni,7.4e-5
Tori,7.4e-5
Angelica,7.3e-5
Nola,7.3e-5
Doretha,7.3e-5
Adrian,7.2e-5
Annetta,7.2e-5
Ina,7.2e-5
Myrtle,7.2e-5
Machelle,7.1e-5
Merri,7.1e-5
Tia,7.1e-5
Hannah,7.1e-5
Lilly,7.1e-5
Lisha,7.1e-5
Melonie,7.1e-5
Romona,7.1e-5
Rowena,7.1e-5
Roxie,7.1e-5
Earlene,7e-5
Louisa,7e-5
Suzanna,7e-5
Twyla,7e-5
Camilla,7e-5
Clarice,7e-5
Esperanza,7e-5
Joanie,7e-5
Lindy,7e-5
Richard,7e-5
Daria,6.9e-5
Ester,6.9e-5
Juana,6.9e-5
Jacki,6.9e-5
Dottie,6.8e-5
Kyle,6.8e-5
Reva,6.8e-5
Josefina,6.8e-5
Portia,6.8e-5
Sherrill,6.8e-5
Venita,6.8e-5
Carmella,6.7e-5
Debbra,6.7e-5
Delphine,6.7e-5
Marisol,6.7e-5
Rona,6.7e-5
Sabra,6.7e-5
Cassie,6.7e-5
Willa,6.7e-5
Cathi,6.6e-5
Corinna,6.6e-5
Evangeline,6.6e-5
Joleen,6.6e-5
Nona,6.6e-5
Adrianne,6.6e-5
Alecia,6.6e-5
Krystal,6.6e-5
Leesa,6.6e-5
Randy,6.6e-5
Brooke,6.5e-5
Cathrine,6.5e-5
Beverley,6.5e-5
Renea,6.5e-5
Risa,6.5e-5
Aretha,6.4e-5
Barbra,6.4e-5
Harriett,6.4e-5
Scarlett,6.4e-5
Celestine,6.4e-5
Gwyn,6.4e-5
Mable,6.4e-5
Mark,6.4e-5
Thea,6.4e-5
Deeann,6.3e-5
Kandi,6.3e-5
Marilee,6.3e-5
Marti,6.3e-5
Francesca,6.3e-5
Jewell,6.3e-5
Rosita,6.3e-5
Shiela,6.3e-5
Cherrie,6.2e-5
Evette,6.2e-5
Mabel,6.2e-5
Shanna,6.2e-5
Lanette,6.2e-5
Retha,6.2e-5
Angelita,6.1e-5
Candi,6.1e-5
Cecile,6.1e-5
Nan,6.1e-5
Aleta,6.1e-5
Jerrie,6.1e-5
Lise,6.1e-5
Melva,6.1e-5
Ronna,6.1e-5
Jaime,6e-5
Juliette,6e-5
Marty,6e-5
Sadie,6e-5
Consuelo,6e-5
Darci,6e-5
Katheryn,6e-5
Madelyn,6e-5
Nanci,6e-5
Adriene,5.9e-5
Angelique,5.9e-5
Charles,5.9e-5
Earnestine,5.9e-5
Janel,5.9e-5
Jannette,5.9e-5
Jonna,5.9e-5
Moira,5.9e-5
Monika,5.9e-5
Tommie,5.9e-5
Beatriz,5.9e-5
Kenneth,5.9e-5
Lily,5.9e-5
Nettie,5.9e-5
Ora,5.9e-5
Shirlene,5.9e-5
Alyson,5.8e-5
Bettie,5.8e-5
Dawne,5.8e-5
Leisha,5.8e-5
Loria,5.8e-5
Bette,5.8e-5
Charisse,5.8e-5
Glynis,5.8e-5
Leilani,5.8e-5
May,5.8e-5
Ruthann,5.8e-5
Zina,5.8e-5
Angeline,5.7e-5
Catharine,5.7e-5
Earline,5.7e-5
