name,percent
Michael,0.040453
David,0.038675
John,0.037309
James,0.03452
Robert,0.033406
Mark,0.02546
William,0.021345
Richard,0.018761
Thomas,0.017382
Jeffrey,0.01595
Scott,0.014606
Steven,0.014597
Joseph,0.014315
Kevin,0.013493
Charles,0.013127
Timothy,0.01288
Daniel,0.012157
Kenneth,0.012009
Paul,0.011321
Brian,0.011058
Gregory,0.010441
Gary,0.009941
Donald,0.009716
Anthony,0.009568
Ronald,0.009505
Christopher,0.008371
Douglas,0.007574
Stephen,0.007433
Edward,0.007383
Todd,0.006059
Larry,0.006046
George,0.005975
Eric,0.005878
Terry,0.005851
Randy,0.005637
Keith,0.00553
Dennis,0.005052
Jerry,0.005032
Mike,0.005008
Patrick,0.004984
Bruce,0.004778
Frank,0.00464
Peter,0.00456
Jeff,0.004483
Jeffery,0.00441
Steve,0.004362
Raymond,0.004316
Roger,0.004311
Andrew,0.004143
Ricky,0.004139
Craig,0.00406
Tony,0.003898
Alan,0.003665
Danny,0.00363
Glenn,0.0035
Matthew,0.003465
Russell,0.003351
Carl,0.003262
Chris,0.00323
Joe,0.003226
Barry,0.003132
Dale,0.00303
Wayne,0.003006
Gerald,0.002966
Randall,0.002962
Vincent,0.002925
Troy,0.002873
Phillip,0.002802
Johnny,0.002752
Lawrence,0.002673
Tim,0.002659
Billy,0.002657
Curtis,0.00265
Martin,0.002638
Jimmy,0.002625
Rodney,0.002589
Greg,0.002558
Bobby,0.002532
Walter,0.002515
Jay,0.002454
Philip,0.002413
Bryan,0.002371
Darryl,0.002365
Jon,0.002277
Jim,0.002242
Dean,0.002217
Bradley,0.002204
Samuel,0.002162
Willie,0.002159
Roy,0.00213
Arthur,0.002109
Henry,0.002068
Allen,0.002029
Jonathan,0.002026
Harold,0.00201
Victor,0.002002
Ralph,0.001986
Jack,0.001984
Tom,0.001983
Ronnie,0.001958
Albert,0.001935
Darrell,0.001849
Jose,0.001824
Micheal,0.001793
Eddie,0.001751
Stanley,0.00173
Louis,0.001708
Bill,0.001702
Rick,0.001625
Tommy,0.001625
Tracy,0.001587
Eugene,0.001572
Joel,0.001572
Howard,0.001558
Lee,0.001548
Frederick,0.001547
Leonard,0.001498
Marvin,0.001492
Dan,0.001484
Dwayne,0.001481
Kurt,0.001438
Marc,0.0014
Don,0.001381
Shawn,0.001369
Kelly,0.001362
Fred,0.001358
Ernest,0.001356
Glen,0.001348
Mitchell,0.001348
Norman,0.001326
Jerome,0.001318
Ray,0.001274
Reginald,0.001259
Harry,0.001251
Duane,0.001239
Kent,0.001229
Melvin,0.001225
Brent,0.001219
Kirk,0.001214
Benjamin,0.001195
Brett,0.001189
Karl,0.001169
Calvin,0.001145
Edwin,0.001142
Dave,0.001125
Theodore,0.001102
Earl,0.001096
Francis,0.001091
Jesse,0.001083
Clifford,0.001039
Warren,0.00103
Bob,0.00103
Juan,0.001026
Nicholas,0.001023
Adam,0.001023
Alfred,0.001018
Carlos,0.001009
Brad,9.89e-4
Aaron,9.59e-4
Lance,9.54e-4
Bernard,9.38e-4
Wesley,9.35e-4
Clarence,9.27e-4
Perry,9.16e-4
Darren,9.15e-4
Guy,9.11e-4
Gregg,9.03e-4
Kerry,9.03e-4
Rickey,8.93e-4
Sean,8.8e-4
Doug,8.78e-4
Dana,8.53e-4
Gordon,8.5e-4
Antonio,8.43e-4
Stuart,8.23e-4
Alvin,8.14e-4
Kyle,8.12e-4
Ron,8.11e-4
Leroy,8.1e-4
Ted,8.1e-4
Ken,8.03e-4
Vernon,7.94e-4
Leslie,7.85e-4
Gilbert,7.74e-4
Marty,7.69e-4
Tyrone,7.69e-4
Derek,7.61e-4
Andre,7.59e-4
Kenny,7.58e-4
Derrick,7.52e-4
Herbert,7.5e-4
Daryl,7.49e-4
Manuel,7.48e-4
Lonnie,7.45e-4
Leon,7.33e-4
Lloyd,7.31e-4
Franklin,7.29e-4
Nathan,7.29e-4
Joey,7.28e-4
Robin,7.28e-4
Dwight,7.23e-4
Gene,7.22e-4
Maurice,7.06e-4
Luis,6.89e-4
Timmy,6.85e-4
Andy,6.74e-4
Ruben,6.56e-4
Marcus,6.54e-4
Floyd,6.36e-4
Kelvin,6.3e-4
Mario,6.25e-4
Jason,6.21e-4
Donnie,6.21e-4
Neil,6.13e-4
Allan,6.09e-4
Lewis,6.08e-4
Byron,6.02e-4
Alex,6.02e-4
Ricardo,5.98e-4
Alexander,5.83e-4
Charlie,5.81e-4
Wade,5.76e-4
Jackie,5.52e-4
Arnold,5.49e-4
Clyde,5.43e-4
Ross,5.42e-4
Rex,5.39e-4
Chuck,5.34e-4
Gerard,5.31e-4
Lester,5.31e-4
Milton,5.28e-4
Leo,5.25e-4
Wendell,5.2e-4
Nathaniel,5.14e-4
Jimmie,5.08e-4
Roland,5.08e-4
Sam,5.06e-4
Ben,4.98e-4
Freddie,4.95e-4
Jesus,4.95e-4
Neal,4.92e-4
Johnnie,4.85e-4
Roberto,4.85e-4
Randal,4.83e-4
Oscar,4.82e-4
Herman,4.76e-4
Garry,4.71e-4
Terrence,4.7e-4
Randolph,4.64e-4
Clayton,4.63e-4
Jessie,4.46e-4
Nelson,4.43e-4
Roderick,4.43e-4
Hector,4.39e-4
Clinton,4.35e-4
Kim,4.35e-4
Nick,4.26e-4
Cecil,4.2e-4
Miguel,4.13e-4
Harvey,4.09e-4
Matt,4.08e-4
Clifton,4.06e-4
Marshall,3.98e-4
Lynn,3.96e-4
Pat,3.95e-4
Jamie,3.91e-4
Fredrick,3.89e-4
Raul,3.89e-4
Carlton,3.89e-4
Hugh,3.87e-4
Clark,3.8e-4
Francisco,3.79e-4
Geoffrey,3.77e-4
Bret,3.74e-4
Cary,3.73e-4
Sidney,3.7e-4
Chester,3.69e-4
Grant,3.69e-4
Benny,3.6e-4
Sammy,3.58e-4
Terrance,3.55e-4
Terence,3.55e-4
Wallace,3.5e-4
Rene,3.49e-4
Angelo,3.39e-4
Pedro,3.38e-4
Ramon,3.37e-4
Clay,3.35e-4
Claude,3.35e-4
Adrian,3.34e-4
Shane,3.34e-4
Robbie,3.34e-4
Edgar,3.32e-4
Frankie,3.31e-4
Cedric,3.29e-4
Angel,3.27e-4
Rudy,3.22e-4
Ivan,3.21e-4
Curt,3.2e-4
Jaime,3.15e-4
Orlando,3.14e-4
Travis,3.12e-4
Everett,3.09e-4
Christian,3.09e-4
Dewayne,3.09e-4
Lyle,3.06e-4
Myron,3.05e-4
Darrel,3.04e-4
Bart,3.01e-4
Fernando,3.01e-4
Pete,3.01e-4
Loren,3e-4
Armando,2.99e-4
Morris,2.99e-4
Jorge,2.97e-4
Darin,2.94e-4
Phil,2.93e-4
Stewart,2.86e-4
Salvatore,2.86e-4
Lorenzo,2.86e-4
Jody,2.84e-4
Vince,2.82e-4
Javier,2.78e-4
Mickey,2.78e-4
Felix,2.77e-4
Monte,2.76e-4
Ed,2.73e-4
Max,2.73e-4
Gabriel,2.72e-4
Teddy,2.71e-4
Rafael,2.71e-4
Tod,2.7e-4
Rocky,2.66e-4
Virgil,2.64e-4
Blake,2.59e-4
Alonzo,2.56e-4
Scot,2.56e-4
Bradford,2.54e-4
Alberto,2.49e-4
Stephan,2.49e-4
Malcolm,2.47e-4
Laurence,2.47e-4
Rusty,2.47e-4
Erik,2.46e-4
Casey,2.46e-4
Bennie,2.44e-4
Kris,2.44e-4
Justin,2.43e-4
Rory,2.41e-4
Shannon,2.39e-4
Ira,2.38e-4
Arturo,2.38e-4
Delbert,2.38e-4
Earnest,2.36e-4
Cameron,2.35e-4
Evan,2.35e-4
Sherman,2.34e-4
Marion,2.33e-4
Damon,2.32e-4
Monty,2.32e-4
Rob,2.32e-4
Preston,2.31e-4
Van,2.3e-4
Isaac,2.29e-4
Alton,2.28e-4
Julian,2.27e-4
Jacob,2.26e-4
Eduardo,2.26e-4
Jeffry,2.26e-4
Otis,2.26e-4
Alfredo,2.25e-4
Edmund,2.23e-4
Chad,2.22e-4
Sylvester,2.2e-4
Jerald,2.19e-4
Luther,2.19e-4
Willard,2.18e-4
Dexter,2.16e-4
Bryant,2.14e-4
Forrest,2.14e-4
Cory,2.09e-4
Drew,2.09e-4
Corey,2.08e-4
Sheldon,2.07e-4
Blaine,2.07e-4
Elmer,2.05e-4
Kendall,2.05e-4
Vance,2.05e-4
Dominic,2.05e-4
Doyle,2.04e-4
Luke,2.03e-4
Julius,2.02e-4
Rod,2.02e-4
Roosevelt,2.02e-4
Noel,2e-4
Lowell,1.99e-4
Rickie,1.98e-4
Stacy,1.98e-4
Rudolph,1.97e-4
Rodger,1.96e-4
Lionel,1.94e-4
Boyd,1.93e-4
Ryan,1.91e-4
Stacey,1.91e-4
Darwin,1.9e-4
Archie,1.85e-4
Ernie,1.85e-4
Leland,1.84e-4
Shaun,1.84e-4
Miles,1.82e-4
Spencer,1.81e-4
Scotty,1.8e-4
Enrique,1.79e-4
Stevie,1.77e-4
Trent,1.77e-4
Willis,1.77e-4
Clint,1.76e-4
Ernesto,1.74e-4
Tommie,1.73e-4
Robby,1.72e-4
Toby,1.72e-4
Bert,1.72e-4
Ty,1.7e-4
Darnell,1.7e-4
Mitch,1.68e-4
Alfonso,1.68e-4
Dallas,1.67e-4
Colin,1.66e-4
Owen,1.66e-4
Wilbert,1.65e-4
Horace,1.64e-4
Zachary,1.63e-4
Grady,1.62e-4
Al,1.61e-4
Joshua,1.61e-4
Julio,1.6e-4
Buddy,1.6e-4
Gerry,1.56e-4
Carey,1.55e-4
Denis,1.55e-4
Ervin,1.54e-4
Mathew,1.54e-4
Ronny,1.54e-4
Rodolfo,1.52e-4
Alphonso,1.51e-4
Seth,1.5e-4
Bryon,1.49e-4
Dirk,1.49e-4
Oliver,1.49e-4
Marco,1.48e-4
Dino,1.48e-4
Hubert,1.48e-4
Homer,1.47e-4
Stan,1.47e-4
Wilbur,1.47e-4
Darrin,1.46e-4
Tracey,1.46e-4
Blair,1.45e-4
Gilberto,1.43e-4
Russ,1.43e-4
Dominick,1.42e-4
Donny,1.42e-4
Mack,1.42e-4
Freddy,1.41e-4
Jess,1.39e-4
Marlon,1.38e-4
Sterling,1.38e-4
Royce,1.38e-4
Jan,1.37e-4
Randell,1.37e-4
Wilson,1.37e-4
Sergio,1.37e-4
Salvador,1.36e-4
Ian,1.34e-4
Dane,1.33e-4
Dewey,1.33e-4
Abraham,1.32e-4
Kirby,1.32e-4
Pablo,1.32e-4
Ellis,1.31e-4
Rufus,1.29e-4
Lane,1.29e-4
Lamont,1.28e-4
Rolando,1.27e-4
Cornelius,1.26e-4
Dion,1.26e-4
Louie,1.26e-4
Ward,1.25e-4
Donnell,1.25e-4
Irvin,1.24e-4
Denny,1.23e-4
Lamar,1.23e-4
Abel,1.23e-4
Elliott,1.23e-4
Aubrey,1.22e-4
Rich,1.22e-4
Gerardo,1.21e-4
Joesph,1.21e-4
Vaughn,1.21e-4
Garland,1.21e-4
Morgan,1.21e-4
Conrad,1.2e-4
Garrett,1.2e-4
Percy,1.18e-4
Reynaldo,1.17e-4
Alejandro,1.16e-4
Reggie,1.16e-4
Sammie,1.16e-4
Cornell,1.15e-4
Brendan,1.15e-4
Guadalupe,1.14e-4
Moses,1.14e-4
Harlan,1.13e-4
Emanuel,1.12e-4
Felipe,1.12e-4
Carroll,1.11e-4
Emmett,1.11e-4
Tyler,1.11e-4
Edmond,1.11e-4
Ismael,1.11e-4
Sandy,1.11e-4
Wilfred,1.11e-4
Johnathan,1.1e-4
Amos,1.09e-4
Andres,1.09e-4
Cliff,1.09e-4
Hal,1.09e-4
Israel,1.09e-4
Elbert,1.08e-4
Kip,1.08e-4
Kurtis,1.08e-4
Terrell,1.08e-4
Tomas,1.08e-4
Marlin,1.06e-4
Norris,1.06e-4
Ramiro,1.06e-4
Jonathon,1.03e-4
Bennett,1.03e-4
Daren,1.03e-4
Kennith,1.03e-4
Elton,1.02e-4
Galen,1.02e-4
Reuben,1.02e-4
Barton,1.02e-4
Jefferson,1.01e-4
Barney,1e-4
Thaddeus,1e-4
Hans,9.9e-5
Simon,9.8e-5
Bryce,9.8e-5
Kraig,9.7e-5
Bernie,9.7e-5
Murray,9.7e-5
Danial,9.6e-5
Mitchel,9.6e-5
Will,9.6e-5
Woodrow,9.6e-5
Austin,9.6e-5
Michel,9.5e-5
Russel,9.5e-5
Cleveland,9.5e-5
Nicky,9.4e-5
Reed,9.3e-5
Erick,9.3e-5
Ned,9.3e-5
Brandon,9.2e-5
Eddy,9.2e-5
Lon,9.1e-5
Roman,9e-5
Avery,9e-5
Demetrius,9e-5
Billie,8.9e-5
Devin,8.9e-5
Marcos,8.9e-5
Rocco,8.9e-5
Pierre,8.8e-5
Garth,8.8e-5
Guillermo,8.8e-5
Rogelio,8.7e-5
Jordan,8.6e-5
Carmen,8.6e-5
Kirt,8.6e-5
Merle,8.6e-5
Junior,8.4e-5
Winston,8.4e-5
Elijah,8.4e-5
Gustavo,8.4e-5
Lenny,8.4e-5
Scottie,8.4e-5
Stefan,8.4e-5
Elias,8.3e-5
Gus,8.2e-5
Jeremy,8.2e-5
Elvis,8.1e-5
Kermit,8.1e-5
Lorne,8.1e-5
Chip,8e-5
Harrison,8e-5
Irving,8e-5
Jed,8e-5
Eldon,7.9e-5
Damian,7.9e-5
Linwood,7.9e-5
Santos,7.9e-5
Cesar,7.8e-5
Levi,7.8e-5
Richie,7.8e-5
Lonny,7.7e-5
Gino,7.7e-5
Vito,7.6e-5
Grover,7.6e-5
Jasper,7.6e-5
Wally,7.6e-5
Mary,7.5e-5
Sanford,7.5e-5
Bobbie,7.5e-5
Domingo,7.5e-5
Tad,7.5e-5
Xavier,7.5e-5
Elliot,7.4e-5
Erwin,7.4e-5
Toney,7.4e-5
Wilfredo,7.4e-5
Burton,7.3e-5
Chet,7.3e-5
Gavin,7.3e-5
Timmie,7.3e-5
Kenton,7.2e-5
Dwain,7.2e-5
Hank,7.2e-5
Emilio,7.1e-5
Erich,7.1e-5
Quintin,7.1e-5
Sebastian,7.1e-5
Lyndon,7e-5
Zane,7e-5
Jake,7e-5
Theron,7e-5
Keven,6.9e-5
Loyd,6.9e-5
Art,6.9e-5
Dick,6.9e-5
Emery,6.9e-5
Emil,6.9e-5
Brady,6.9e-5
Saul,6.9e-5
Elvin,6.8e-5
Lincoln,6.8e-5
Duncan,6.8e-5
Efrain,6.7e-5
Quentin,6.7e-5
Cody,6.7e-5
Frederic,6.7e-5
Leonardo,6.7e-5
Mikel,6.7e-5
Noah,6.7e-5
Shelton,6.7e-5
Anton,6.6e-5
Layne,6.6e-5
Nolan,6.6e-5
Eli,6.6e-5
Harley,6.6e-5
Ignacio,6.6e-5
Lindsey,6.6e-5
Dannie,6.5e-5
Kelley,6.5e-5
Roscoe,6.5e-5
Winfred,6.5e-5
Norbert,6.4e-5
Thurman,6.4e-5
Dudley,6.3e-5
Ethan,6.3e-5
Jean,6.3e-5
Stephon,6.3e-5
Carlo,6.3e-5
Marcel,6.3e-5
Carter,6.2e-5
Ulysses,6.2e-5
Antoine,6.2e-5
Benito,6.2e-5
Greggory,6.2e-5
Wes,6.2e-5
Jeremiah,6.1e-5
Reid,6.1e-5
Hiram,6.1e-5
Pernell,6.1e-5
Vern,6.1e-5
Emmanuel,6e-5
Sonny,6e-5
Brooks,6e-5
Les,6e-5
Emory,5.9e-5
Lanny,5.9e-5
Otto,5.9e-5
Raynard,5.9e-5
August,5.8e-5
Derick,5.8e-5
Fabian,5.8e-5
Orville,5.8e-5
Thad,5.8e-5
Jefferey,5.7e-5
Jerold,5.7e-5
Quinton,5.7e-5
Santiago,5.7e-5
Timmothy,5.7e-5
Coy,5.7e-5
Hugo,5.7e-5
Noe,5.7e-5
Everette,5.6e-5
Shelby,5.6e-5
Solomon,5.6e-5
Errol,5.6e-5
Lindsay,5.6e-5
Rodrick,5.6e-5
Britt,5.5e-5
Carmine,5.5e-5
Ashley,5.4e-5
Edwardo,5.4e-5
Gil,5.4e-5
Humberto,5.4e-5
Myles,5.4e-5
Odell,5.4e-5
Riley,5.4e-5
Stanford,5.4e-5
Nicolas,5.3e-5
Randel,5.3e-5
Wiley,5.3e-5
Davis,5.3e-5
Butch,5.2e-5
Eloy,5.2e-5
Micah,5.2e-5
Omar,5.2e-5
Burt,5.2e-5
Del,5.2e-5
Heriberto,5.2e-5
Jerrold,5.2e-5
Elwood,5.1e-5
Graham,5.1e-5
Kristopher,5.1e-5
Charley,5.1e-5
Raphael,5.1e-5
Von,5.1e-5
Darius,5e-5
Ollie,5e-5
Weldon,5e-5
Lisa,5e-5
Unknown,5e-5
Vicente,5e-5
Derwin,4.9e-5
Jackson,4.9e-5
Dante,4.9e-5
Darron,4.9e-5
Donovan,4.9e-5
Douglass,4.9e-5
Josh,4.9e-5
Val,4.9e-5
Denver,4.9e-5
Donn,4.9e-5
Mervin,4.9e-5
Sal,4.9e-5
Adolfo,4.8e-5
Courtney,4.8e-5
Ivory,4.8e-5
Jacky,4.8e-5
Jacques,4.8e-5
Rhett,4.8e-5
Armand,4.7e-5
Curtiss,4.7e-5
Desmond,4.7e-5
Hollis,4.7e-5
Barrett,4.7e-5
Keenan,4.6e-5
Millard,4.6e-5
Cris,4.6e-5
Jude,4.6e-5
Parrish,4.6e-5
Ritchie,4.6e-5
Andrea,4.5e-5
Antony,4.5e-5
Basil,4.5e-5
Fredric,4.5e-5
Merlin,4.5e-5
Adan,4.5e-5
Gale,4.5e-5
Isaiah,4.5e-5
Jarvis,4.5e-5
Joaquin,4.5e-5
Lars,4.5e-5
Lemuel,4.5e-5
Len,4.5e-5
Lenard,4.5e-5
Bradly,4.4e-5
Brock,4.4e-5
Delmar,4.4e-5
Dwaine,4.4e-5
Garret,4.4e-5
Domenic,4.3e-5
Forest,4.3e-5
Nickolas,4.3e-5
Pasquale,4.3e-5
Emerson,4.3e-5
Johnie,4.3e-5
Benedict,4.2e-5
Blane,4.2e-5
Kennth,4.2e-5
Mason,4.2e-5
Augustine,4.2e-5
Cyrus,4.2e-5
Merrill,4.2e-5
Robb,4.2e-5
Adolph,4.1e-5
Brook,4.1e-5
Bruno,4.1e-5
Esteban,4.1e-5
Huey,4.1e-5
Lucas,4.1e-5
Lupe,4.1e-5
Taylor,4.1e-5
Carson,4.1e-5
Clement,4.1e-5
Dalton,4.1e-5
Jamey,4.1e-5
Judson,4.1e-5
Moises,4.1e-5
Susan,4.1e-5
Brant,4e-5
Fritz,4e-5
Kennedy,4e-5
Linda,4e-5
Darrick,4e-5
Fidel,4e-5
Audie,3.9e-5
Berry,3.9e-5
Cole,3.9e-5
Dee,3.9e-5
Deon,3.9e-5
Devon,3.9e-5
Lesley,3.9e-5
Maynard,3.9e-5
Anderson,3.9e-5
Harris,3.9e-5
Herschel,3.9e-5
Elroy,3.9e-5
Glynn,3.9e-5
Patricia,3.9e-5
Warner,3.9e-5
Faron,3.8e-5
Trevor,3.8e-5
Cyril,3.8e-5
Kimberly,3.8e-5
Mel,3.8e-5
Rayford,3.8e-5
Royal,3.8e-5
Monroe,3.7e-5
Robbin,3.7e-5
Shayne,3.7e-5
Silas,3.7e-5
Stanton,3.7e-5
Barron,3.7e-5
Booker,3.7e-5
Carmelo,3.7e-5
Chauncey,3.7e-5
Eliot,3.7e-5
Gregorio,3.7e-5
Kory,3.7e-5
Reinaldo,3.7e-5
Alexis,3.6e-5
Barbara,3.6e-5
Boris,3.6e-5
Cruz,3.6e-5
Duke,3.6e-5
Jared,3.6e-5
Leigh,3.6e-5
Rock,3.6e-5
Rogers,3.6e-5
Whitney,3.6e-5
Alec,3.6e-5
Artie,3.6e-5
Bernardo,3.6e-5
Coleman,3.6e-5
Federico,3.6e-5
Hunter,3.6e-5
Karen,3.6e-5
Leif,3.6e-5
Olin,3.6e-5
Rubin,3.6e-5
Carol,3.5e-5
Freeman,3.5e-5
Maury,3.5e-5
Raymundo,3.5e-5
Vic,3.5e-5
Felton,3.5e-5
Fletcher,3.5e-5
Raleigh,3.5e-5
Bud,3.4e-5
Hershel,3.4e-5
Jame,3.4e-5
Napoleon,3.4e-5
Wyatt,3.4e-5
Brien,3.4e-5
Derrell,3.4e-5
Donna,3.4e-5
Dusty,3.4e-5
Isiah,3.4e-5
Alvaro,3.3e-5
Arlen,3.3e-5
Artis,3.3e-5
Benton,3.3e-5
Davey,3.3e-5
Dwane,3.3e-5
Woody,3.3e-5
Baron,3.3e-5
Cordell,3.3e-5
Darry,3.3e-5
Donell,3.3e-5
Dorian,3.3e-5
Gaylon,3.3e-5
Leander,3.3e-5
Rolf,3.3e-5
Aldo,3.2e-5
Andra,3.2e-5
Lorin,3.2e-5
Mac,3.2e-5
Wilton,3.2e-5
Bentley,3.2e-5
Buford,3.2e-5
Kerwin,3.2e-5
Major,3.2e-5
Quincy,3.2e-5
Skip,3.2e-5
Wilford,3.2e-5
Carnell,3.1e-5
Gail,3.1e-5
Hilton,3.1e-5
Isidro,3.1e-5
Lavern,3.1e-5
Montgomery,3.1e-5
Otha,3.1e-5
Quinn,3.1e-5
Brenda,3.1e-5
Drake,3.1e-5
Edgardo,3.1e-5
Geoff,3.1e-5
Prince,3.1e-5
Aron,3e-5
Daron,3e-5
Dell,3e-5
Lennie,3e-5
Lyman,3e-5
Michale,3e-5
Roel,3e-5
Romeo,3e-5
Sandra,3e-5
Tammy,3e-5
Titus,3e-5
Wardell,3e-5
Alfonzo,3e-5
Bertram,3e-5
Brice,3e-5
Clair,3e-5
Constantine,3e-5
Darold,3e-5
Dickie,3e-5
Duwayne,3e-5
Emile,3e-5
Kevan,3e-5
Rand,3e-5
Daryle,3e-5
Dewitt,3e-5
Emmitt,3e-5
Haywood,3e-5
Jonas,3e-5
Walt,3e-5
Wilmer,3e-5
Broderick,2.9e-5
Darryle,2.9e-5
Earle,2.9e-5
Enoch,2.9e-5
Hoyt,2.9e-5
Jayson,2.9e-5
Jere,2.9e-5
Maxie,2.9e-5
Mckinley,2.9e-5
Rodrigo,2.9e-5
Waymon,2.9e-5
Agustin,2.9e-5
Alden,2.9e-5
Blaise,2.9e-5
Laverne,2.9e-5
Logan,2.9e-5
Tyron,2.9e-5
Wilburn,2.9e-5
Arlie,2.8e-5
Delton,2.8e-5
Dwyane,2.8e-5
Eliseo,2.8e-5
Foster,2.8e-5
Gonzalo,2.8e-5
Issac,2.8e-5
King,2.8e-5
