name,percent
Michael,0.040569
John,0.038086
David,0.038009
James,0.034535
Robert,0.033906
Mark,0.023896
William,0.021539
Richard,0.019743
Thomas,0.017188
Jeffrey,0.015364
Kevin,0.014825
Scott,0.014729
Joseph,0.014573
Steven,0.014225
Timothy,0.013169
Charles,0.012979
Paul,0.012919
Kenneth,0.012227
Daniel,0.012027
Brian,0.011683
Gregory,0.010378
Anthony,0.009795
Ronald,0.009577
Gary,0.009166
Donald,0.009164
Christopher,0.00893
Edward,0.007418
Douglas,0.007309
Stephen,0.007257
Todd,0.007166
Eric,0.00643
Terry,0.006034
Keith,0.005922
George,0.005852
Patrick,0.005844
Larry,0.005653
Randy,0.005102
Jerry,0.004931
Dennis,0.004764
Peter,0.004659
Frank,0.004613
Andrew,0.004605
Bruce,0.004496
Mike,0.00438
Raymond,0.004251
Jeffery,0.00411
Ricky,0.003926
Jeff,0.00392
Steve,0.003894
Matthew,0.003894
Craig,0.003828
Tony,0.003814
Roger,0.003759
Carl,0.00345
Danny,0.003441
Alan,0.00336
Russell,0.003248
Joe,0.003089
Chris,0.00307
Vincent,0.002982
Gerald,0.002981
Martin,0.002941
Wayne,0.002922
Troy,0.002896
Glenn,0.002895
Randall,0.002893
Barry,0.002887
Lawrence,0.002765
Dale,0.002759
Phillip,0.002736
Johnny,0.002624
Curtis,0.002601
Bryan,0.00255
Billy,0.002534
Bobby,0.002523
Rodney,0.002513
Walter,0.002455
Jimmy,0.002441
Tim,0.002426
Darryl,0.002424
Greg,0.00235
Bradley,0.002307
Philip,0.002304
Jon,0.002301
Jay,0.002287
Dean,0.002235
Samuel,0.002186
Jonathan,0.002168
Roy,0.002149
Allen,0.002106
Arthur,0.00207
Jim,0.002052
Willie,0.002031
Henry,0.002029
Harold,0.001985
Darrell,0.00198
Victor,0.001965
Jose,0.001944
Ralph,0.001903
Albert,0.001885
Ronnie,0.00185
Jack,0.001847
Tom,0.001791
Louis,0.001752
Stanley,0.001716
Micheal,0.001709
Tommy,0.001691
Shawn,0.001675
Eddie,0.001626
Joel,0.001567
Rick,0.00156
Eugene,0.001558
Bill,0.001548
Howard,0.001529
Dwayne,0.00152
Frederick,0.001516
Kurt,0.001513
Leonard,0.001476
Lee,0.001462
Marvin,0.00144
Tracy,0.001415
Ernest,0.001409
Marc,0.001404
Dan,0.001369
Brent,0.001363
Kelly,0.00132
Mitchell,0.00131
Jerome,0.001291
Brett,0.001264
Duane,0.001257
Ray,0.00125
Reginald,0.001246
Melvin,0.001232
Don,0.001224
Fred,0.001224
Karl,0.001217
Harry,0.001208
Kirk,0.001203
Norman,0.001201
Kent,0.001163
Calvin,0.001161
Theodore,0.001154
Glen,0.001142
Benjamin,0.001137
Adam,0.001135
Brad,0.001102
Juan,0.001085
Edwin,0.001084
Jesse,0.001078
Clifford,0.001065
Sean,0.001065
Warren,0.001061
Francis,0.001054
Earl,0.001045
Nicholas,0.001035
Carlos,0.001024
Wesley,0.001016
Darren,0.00101
Gordon,0.001006
Aaron,0.001004
Dave,9.67e-4
Alfred,9.64e-4
Clarence,9.47e-4
Derrick,9.43e-4
Bernard,9.39e-4
Lance,9.06e-4
Bob,8.95e-4
Gregg,8.48e-4
Guy,8.46e-4
Kerry,8.34e-4
Perry,8.3e-4
Andre,8.25e-4
Antonio,8.22e-4
Doug,8.17e-4
Rickey,8.13e-4
Derek,7.93e-4
Leroy,7.93e-4
Ken,7.92e-4
Kyle,7.89e-4
Gilbert,7.89e-4
Dana,7.87e-4
Manuel,7.83e-4
Tyrone,7.79e-4
Daryl,7.77e-4
Ron,7.71e-4
Stuart,7.7e-4
Marty,7.69e-4
Ted,7.63e-4
Lonnie,7.62e-4
Vernon,7.62e-4
Gene,7.57e-4
Leslie,7.52e-4
Lloyd,7.51e-4
Nathan,7.46e-4
Franklin,7.38e-4
Jason,7.3e-4
Herbert,7.29e-4
Alvin,7.26e-4
Maurice,7.22e-4
Andy,7.2e-4
Leon,7.14e-4
Kenny,7.03e-4
Luis,7.03e-4
Dwight,7.02e-4
Neil,7.01e-4
Wade,6.8e-4
Joey,6.71e-4
Timmy,6.66e-4
Robin,6.57e-4
Kelvin,6.44e-4
Ricardo,6.41e-4
Marcus,6.39e-4
Mario,6.37e-4
Alex,6.34e-4
Alexander,6.32e-4
Floyd,6.29e-4
Lewis,6.21e-4
Ruben,6.1e-4
Byron,6.02e-4
Allan,5.92e-4
Charlie,5.64e-4
Donnie,5.57e-4
Arnold,5.53e-4
Ross,5.45e-4
Jimmie,5.41e-4
Lester,5.35e-4
Neal,5.28e-4
Wendell,5.23e-4
Gerard,5.21e-4
Roland,5.17e-4
Jackie,5.13e-4
Roberto,5.05e-4
Nathaniel,4.96e-4
Clayton,4.94e-4
Oscar,4.94e-4
Leo,4.93e-4
Sam,4.92e-4
Terrence,4.92e-4
Johnnie,4.91e-4
Clyde,4.87e-4
Jesus,4.83e-4
Milton,4.81e-4
Roderick,4.79e-4
Clinton,4.78e-4
Rex,4.75e-4
Nelson,4.74e-4
Chuck,4.71e-4
Hector,4.66e-4
Ben,4.57e-4
Randolph,4.44e-4
Randal,4.44e-4
Freddie,4.42e-4
Matt,4.39e-4
Jessie,4.38e-4
Jamie,4.36e-4
Garry,4.34e-4
Harvey,4.3e-4
Travis,4.3e-4
Robbie,4.29e-4
Miguel,4.28e-4
Nick,4.21e-4
Shane,4.12e-4
Raul,4.11e-4
Kim,4.11e-4
Herman,4.1e-4
Cecil,3.99e-4
Geoffrey,3.98e-4
Fredrick,3.93e-4
Terence,3.91e-4
Terrance,3.91e-4
Ramon,3.87e-4
Hugh,3.86e-4
Clifton,3.83e-4
Bret,3.82e-4
Marshall,3.8e-4
Angelo,3.78e-4
Grant,3.77e-4
Francisco,3.73e-4
Cary,3.71e-4
Carlton,3.68e-4
Damon,3.64e-4
Claude,3.59e-4
Frankie,3.56e-4
Pat,3.56e-4
Jody,3.55e-4
Chester,3.55e-4
Clark,3.54e-4
Lynn,3.47e-4
Rene,3.45e-4
Darin,3.45e-4
Rudy,3.42e-4
Sammy,3.41e-4
Everett,3.41e-4
Cedric,3.36e-4
Loren,3.35e-4
Orlando,3.29e-4
Jorge,3.26e-4
Erik,3.25e-4
Sidney,3.25e-4
Christian,3.25e-4
Bart,3.2e-4
Ivan,3.19e-4
Wallace,3.19e-4
Clay,3.17e-4
Adrian,3.16e-4
Angel,3.15e-4
Chad,3.15e-4
Edgar,3.15e-4
Dewayne,3.13e-4
Myron,3.13e-4
Ryan,3.12e-4
Jaime,3.12e-4
Pedro,3.1e-4
Armando,3.08e-4
Benny,3.08e-4
Lorenzo,3.07e-4
Curt,3.07e-4
Shannon,3.03e-4
Felix,2.97e-4
Bradford,2.97e-4
Pete,2.93e-4
Fernando,2.89e-4
Vince,2.88e-4
Monte,2.87e-4
Morris,2.85e-4
Javier,2.84e-4
Darrel,2.83e-4
Gabriel,2.81e-4
Lyle,2.78e-4
Blake,2.76e-4
Salvatore,2.73e-4
Virgil,2.72e-4
Tod,2.7e-4
Rob,2.67e-4
Max,2.66e-4
Teddy,2.63e-4
Rafael,2.56e-4
Stewart,2.54e-4
Rocky,2.53e-4
Bennie,2.52e-4
Otis,2.47e-4
Kris,2.45e-4
Bryant,2.44e-4
Laurence,2.44e-4
Scot,2.44e-4
Dominic,2.44e-4
Ed,2.44e-4
Justin,2.44e-4
Mickey,2.41e-4
Rusty,2.41e-4
Willard,2.4e-4
Jacob,2.39e-4
Trent,2.37e-4
Malcolm,2.35e-4
Shaun,2.32e-4
Preston,2.3e-4
Phil,2.3e-4
Isaac,2.29e-4
Edmund,2.28e-4
Julian,2.28e-4
Stacy,2.28e-4
Julius,2.27e-4
Arturo,2.27e-4
Earnest,2.27e-4
Kendall,2.26e-4
Alfredo,2.23e-4
Alonzo,2.23e-4
Marion,2.23e-4
Alberto,2.22e-4
Alton,2.22e-4
Evan,2.21e-4
Monty,2.21e-4
Sylvester,2.21e-4
Vance,2.2e-4
Jeffry,2.19e-4
Sherman,2.18e-4
Van,2.17e-4
Eduardo,2.16e-4
Luther,2.14e-4
Roosevelt,2.13e-4
Stephan,2.11e-4
Delbert,2.1e-4
Stacey,2.09e-4
Corey,2.08e-4
Dexter,2.06e-4
Jerald,2.05e-4
Stevie,2.05e-4
Drew,2.04e-4
Luke,2.03e-4
Ira,2.01e-4
Mathew,2.01e-4
Rickie,2.01e-4
Rodger,2e-4
Archie,2e-4
Enrique,1.99e-4
Rudolph,1.99e-4
Spencer,1.99e-4
Elmer,1.98e-4
Clint,1.97e-4
Rod,1.96e-4
Forrest,1.95e-4
Julio,1.95e-4
Sheldon,1.93e-4
Alfonso,1.92e-4
Cory,1.92e-4
Colin,1.9e-4
Blaine,1.9e-4
Robby,1.88e-4
Toby,1.88e-4
Rory,1.87e-4
Lionel,1.85e-4
Noel,1.85e-4
Ernie,1.83e-4
Cameron,1.81e-4
Scotty,1.8e-4
Tommie,1.8e-4
Ty,1.8e-4
Joshua,1.79e-4
Casey,1.78e-4
Ernesto,1.78e-4
Doyle,1.76e-4
Ian,1.75e-4
Darnell,1.74e-4
Oliver,1.74e-4
Dallas,1.73e-4
Lowell,1.73e-4
Leland,1.73e-4
Marlon,1.7e-4
Darwin,1.68e-4
Wilbert,1.68e-4
Hubert,1.66e-4
Willis,1.65e-4
Boyd,1.64e-4
Dominick,1.64e-4
Dirk,1.63e-4
Carey,1.62e-4
Marco,1.61e-4
Miles,1.61e-4
Blair,1.6e-4
Zachary,1.58e-4
Bert,1.58e-4
Bryon,1.57e-4
Freddy,1.56e-4
Salvador,1.55e-4
Horace,1.55e-4
Tracey,1.54e-4
Garrett,1.54e-4
Dane,1.53e-4
Dion,1.52e-4
Darrin,1.51e-4
Ervin,1.49e-4
Mack,1.48e-4
Denis,1.47e-4
Mitch,1.47e-4
Buddy,1.46e-4
Rufus,1.46e-4
Sergio,1.44e-4
Lamont,1.43e-4
Al,1.42e-4
Seth,1.41e-4
Dewey,1.41e-4
Gerry,1.41e-4
Russ,1.41e-4
Sterling,1.39e-4
Grady,1.38e-4
Jess,1.38e-4
Reynaldo,1.38e-4
Gerardo,1.38e-4
Wilson,1.37e-4
Stan,1.37e-4
Tyler,1.37e-4
Ward,1.36e-4
Gilberto,1.36e-4
Rodolfo,1.36e-4
Cornelius,1.35e-4
Kurtis,1.35e-4
Owen,1.35e-4
Hal,1.35e-4
Royce,1.34e-4
Denny,1.34e-4
Conrad,1.33e-4
Abel,1.32e-4
Abraham,1.32e-4
Joesph,1.32e-4
Elbert,1.31e-4
Randell,1.31e-4
Donny,1.3e-4
Louie,1.3e-4
Wilbur,1.29e-4
Ellis,1.29e-4
Vaughn,1.29e-4
Carroll,1.27e-4
Alphonso,1.27e-4
Dino,1.27e-4
Alejandro,1.26e-4
Cliff,1.26e-4
Duncan,1.26e-4
Brandon,1.25e-4
Kip,1.25e-4
Stoney,1.25e-4
Elliott,1.24e-4
Ronny,1.24e-4
Edmond,1.24e-4
Homer,1.24e-4
Terrell,1.24e-4
Kirby,1.23e-4
Daren,1.22e-4
Rolando,1.22e-4
Irvin,1.2e-4
Pablo,1.2e-4
Aubrey,1.2e-4
Reuben,1.19e-4
Sammie,1.19e-4
Brendan,1.18e-4
Garland,1.17e-4
Ramiro,1.17e-4
Will,1.17e-4
Jonathon,1.16e-4
Hans,1.15e-4
Pierre,1.15e-4
Emanuel,1.14e-4
Percy,1.13e-4
Wilfred,1.13e-4
Eddy,1.11e-4
Michel,1.11e-4
Rich,1.11e-4
Jan,1.11e-4
Sandy,1.09e-4
Lamar,1.09e-4
Andres,1.08e-4
Bennett,1.08e-4
Israel,1.08e-4
Quentin,1.08e-4
Austin,1.07e-4
Barton,1.06e-4
Guadalupe,1.06e-4
Morgan,1.06e-4
Reggie,1.05e-4
Felipe,1.04e-4
Marlin,1.04e-4
Moses,1.04e-4
Thaddeus,1.04e-4
Donnell,1.03e-4
Ismael,1.03e-4
Quintin,1.03e-4
Lane,1.02e-4
Amos,1.02e-4
Johnathan,1.02e-4
Simon,1.02e-4
Garth,1.01e-4
Gustavo,1.01e-4
Winston,1.01e-4
Murray,9.9e-5
Erich,9.9e-5
Harlan,9.8e-5
Bryce,9.8e-5
Jeremy,9.8e-5
Cleveland,9.7e-5
Galen,9.7e-5
Tomas,9.7e-5
Burton,9.6e-5
Emmett,9.6e-5
Erick,9.6e-5
Mitchel,9.6e-5
Devin,9.5e-5
Russel,9.5e-5
Guillermo,9.4e-5
Lincoln,9.3e-5
Lonny,9.3e-5
Nicky,9.3e-5
Woodrow,9.3e-5
Billie,9.1e-5
Danial,9.1e-5
Demetrius,9.1e-5
Ned,9.1e-5
Norris,9.1e-5
Richie,9.1e-5
Rocco,9.1e-5
Wilfredo,9.1e-5
Kennith,9.1e-5
Merle,9.1e-5
Elias,9e-5
Marcos,9e-5
Stefan,8.9e-5
Roman,8.8e-5
Xavier,8.8e-5
Kraig,8.8e-5
Avery,8.7e-5
Dwain,8.6e-5
Jefferson,8.6e-5
Lon,8.6e-5
Lyndon,8.6e-5
Elton,8.5e-5
Hank,8.5e-5
Cody,8.5e-5
Brady,8.4e-5
Kenton,8.4e-5
Lenny,8.4e-5
Quinton,8.3e-5
Chip,8.3e-5
Cesar,8.2e-5
Damian,8.2e-5
Tad,8.2e-5
Carmen,8.1e-5
Greggory,8.1e-5
Barney,8.1e-5
Domingo,8.1e-5
Reed,8.1e-5
Scottie,8.1e-5
Chet,8e-5
Cornell,7.9e-5
Kermit,7.9e-5
Elvin,7.8e-5
Bernie,7.8e-5
Rogelio,7.8e-5
Gavin,7.7e-5
Irving,7.7e-5
Lorne,7.7e-5
Anton,7.7e-5
Carter,7.7e-5
Harrison,7.7e-5
Junior,7.7e-5
Kennedy,7.7e-5
Emilio,7.6e-5
Nolan,7.6e-5
Jordan,7.6e-5
Wes,7.6e-5
Erwin,7.5e-5
Jake,7.5e-5
Loyd,7.5e-5
Toney,7.5e-5
Bobbie,7.5e-5
Levi,7.5e-5
Elijah,7.4e-5
Gino,7.4e-5
Vito,7.4e-5
Gus,7.4e-5
Reid,7.4e-5
Jean,7.3e-5
Shelton,7.3e-5
Charley,7.3e-5
Art,7.2e-5
Linwood,7.2e-5
Pernell,7.2e-5
Santiago,7.2e-5
Santos,7.2e-5
Keven,7.2e-5
Courtney,7.1e-5
Dannie,7.1e-5
Efrain,7.1e-5
Norbert,7.1e-5
Antoine,7e-5
Eldon,7e-5
Saul,7e-5
Trevor,6.9e-5
Zane,6.9e-5
Jasper,6.9e-5
Benito,6.8e-5
Jacques,6.8e-5
Kirt,6.8e-5
Sanford,6.8e-5
Wally,6.8e-5
Elvis,6.7e-5
Emory,6.7e-5
Jeremiah,6.7e-5
Leonardo,6.7e-5
Eli,6.6e-5
Elliot,6.6e-5
Ethan,6.6e-5
Grover,6.6e-5
Mary,6.6e-5
Shelby,6.6e-5
Timmie,6.6e-5
Dudley,6.5e-5
Carmine,6.5e-5
Harley,6.5e-5
Orville,6.5e-5
Derick,6.4e-5
Fabian,6.4e-5
August,6.3e-5
Ashley,6.3e-5
Emmanuel,6.3e-5
Errol,6.3e-5
Dick,6.2e-5
Sonny,6.2e-5
Darius,6.2e-5
Jerold,6.2e-5
Frederic,6.2e-5
Hiram,6.2e-5
Ulysses,6.2e-5
Emil,6.1e-5
Otto,6.1e-5
Noah,6.1e-5
Theron,6.1e-5
Wiley,6.1e-5
Davis,6e-5
Lindsey,6e-5
Marcel,6e-5
Weldon,6e-5
Ignacio,6e-5
Roscoe,6e-5
Adolfo,5.9e-5
Brooks,5.9e-5
Del,5.9e-5
Thad,5.9e-5
Carlo,5.9e-5
Emery,5.9e-5
Les,5.9e-5
Lisa,5.9e-5
Ritchie,5.9e-5
Thurman,5.9e-5
Brock,5.8e-5
Edwardo,5.8e-5
Keenan,5.8e-5
Myles,5.8e-5
Noe,5.8e-5
Rodrick,5.8e-5
Solomon,5.8e-5
Nicolas,5.8e-5
Omar,5.8e-5
Heriberto,5.7e-5
Everette,5.7e-5
Jefferey,5.7e-5
Lanny,5.7e-5
Vern,5.7e-5
Desmond,5.6e-5
Humberto,5.6e-5
Jerrold,5.6e-5
Kelley,5.6e-5
Kristopher,5.6e-5
Graham,5.5e-5
Josh,5.5e-5
Ivory,5.5e-5
Jackson,5.4e-5
Mikel,5.4e-5
Vicente,5.4e-5
Coy,5.4e-5
Curtiss,5.4e-5
Mervin,5.4e-5
Stephon,5.4e-5
Britt,5.3e-5
Gil,5.3e-5
Hugo,5.3e-5
Brant,5.3e-5
Merlin,5.3e-5
Berry,5.2e-5
Derwin,5.2e-5
Joaquin,5.2e-5
Sebastian,5.2e-5
Antony,5.2e-5
Darrick,5.2e-5
Winfred,5.2e-5
Lenard,5.1e-5
Delmar,5.1e-5
Burt,5e-5
Garret,5e-5
Lemuel,5e-5
Bruno,5e-5
Layne,5e-5
Devon,4.9e-5
Donovan,4.9e-5
Dwane,4.9e-5
Basil,4.9e-5
Quinn,4.9e-5
Duke,4.8e-5
Brien,4.8e-5
Harris,4.8e-5
Raphael,4.8e-5
Raynard,4.8e-5
Riley,4.8e-5
Sal,4.8e-5
Andrea,4.7e-5
Lupe,4.7e-5
Rhett,4.7e-5
Val,4.7e-5
Armand,4.7e-5
Bradly,4.7e-5
Denver,4.7e-5
Donn,4.7e-5
Silas,4.7e-5
Butch,4.6e-5
Jed,4.6e-5
Merrill,4.6e-5
Micah,4.6e-5
Von,4.6e-5
Blane,4.6e-5
Jarvis,4.6e-5
Mason,4.6e-5
Timmothy,4.6e-5
Dee,4.5e-5
Elwood,4.5e-5
Millard,4.5e-5
Stanford,4.5e-5
Taylor,4.5e-5
Dante,4.4e-5
Fredric,4.4e-5
Gale,4.4e-5
Jacky,4.4e-5
Johnie,4.4e-5
Lindsay,4.4e-5
Jared,4.4e-5
Carmelo,4.3e-5
Darron,4.3e-5
Kimberly,4.3e-5
Len,4.3e-5
Lesley,4.3e-5
Moises,4.3e-5
Emerson,4.3e-5
Monroe,4.3e-5
Odell,4.3e-5
Stanton,4.3e-5
Carson,4.2e-5
Maury,4.2e-5
Reinaldo,4.2e-5
Robb,4.2e-5
Augustine,4.2e-5
Clement,4.2e-5
Eloy,4.2e-5
Leif,4.2e-5
Tal,4.2e-5
Esteban,4.1e-5
Jaimie,4.1e-5
Linda,4.1e-5
Shayne,4.1e-5
Alden,4.1e-5
Collin,4.1e-5
Cris,4.1e-5
Douglass,4.1e-5
Forest,4.1e-5
Dalton,4e-5
Karen,4e-5
Randel,4e-5
Rolf,4e-5
Adolph,4e-5
Chauncey,4e-5
Dwaine,4e-5
Kieth,4e-5
Kory,4e-5
Agustin,3.9e-5
Barrett,3.9e-5
Benedict,3.9e-5
Brook,3.9e-5
Gregorio,3.9e-5
Hollis,3.9e-5
Ollie,3.9e-5
Jude,3.9e-5
Lars,3.9e-5
Susan,3.9e-5
Whitney,3.9e-5
Adan,3.8e-5
Barron,3.8e-5
Domenic,3.8e-5
Felton,3.8e-5
Nickolas,3.8e-5
Cyrus,3.8e-5
Elroy,3.8e-5
Alec,3.7e-5
Bernardo,3.7e-5
Derrell,3.7e-5
Freeman,3.7e-5
Fritz,3.7e-5
Glynn,3.7e-5
Major,3.7e-5
Baron,3.7e-5
Leigh,3.7e-5
Brice,3.6e-5
Darell,3.6e-5
Fidel,3.6e-5
Fletcher,3.6e-5
Andra,3.6e-5
Aron,3.6e-5
Hilton,3.6e-5
Cruz,3.5e-5
Darvin,3.5e-5
Deon,3.5e-5
Maynard,3.5e-5
Pasquale,3.5e-5
Titus,3.5e-5
Trenton,3.5e-5
Woody,3.5e-5
Daron,3.5e-5
Faron,3.5e-5
Haywood,3.5e-5
Lucas,3.5e-5
Patricia,3.5e-5
Quincy,3.5e-5
Raymundo,3.5e-5
Unknown,3.5e-5
Bud,3.4e-5
Constantine,3.4e-5
Farrell,3.4e-5
Kennth,3.4e-5
Rubin,3.4e-5
Audie,3.4e-5
Houston,3.4e-5
Huey,3.4e-5
Napoleon,3.4e-5
Warner,3.4e-5
Benton,3.3e-5
Clair,3.3e-5
Darcy,3.3e-5
Jere,3.3e-5
Judson,3.3e-5
Kerwin,3.3e-5
Royal,3.3e-5
Darryle,3.3e-5
Donell,3.3e-5
Dorian,3.3e-5
Hunter,3.3e-5
Jonas,3.3e-5
Markus,3.3e-5
Cal,3.2e-5
Donna,3.2e-5
Enrico,3.2e-5
Ezra,3.2e-5
Hershel,3.2e-5
Jame,3.2e-5
Laverne,3.2e-5
Wyatt,3.2e-5
Alexis,3.2e-5
Andreas,3.2e-5
Eliot,3.2e-5
Gearld,3.2e-5
Irwin,3.2e-5
Issac,3.2e-5
Landon,3.2e-5
Laura,3.2e-5
Lorin,3.2e-5
Augustus,3.1e-5
Dusty,3.1e-5
Federico,3.1e-5
Gaylon,3.1e-5
Rodrigo,3.1e-5
Tyron,3.1e-5
Aldo,3.1e-5
Barbara,3.1e-5
Connie,3.1e-5
Emmitt,3.1e-5
Herschel,3.1e-5
Isiah,3.1e-5
Jamey,3.1e-5
Maxwell,3.1e-5
Mel,3.1e-5
Prince,3.1e-5
Vinson,3.1e-5
Alvaro,3.1e-5
Booker,3.1e-5
Cole,3.1e-5
Cyril,3.1e-5
Giovanni,3.1e-5
Gonzalo,3.1e-5
Isaiah,3.1e-5
Marcelino,3.1e-5
Pamela,3.1e-5
Wilford,3.1e-5
Wilmer,3.1e-5
Boris,3e-5
Cletus,3e-5
Dell,3e-5
Duwayne,3e-5
Parrish,3e-5
Darold,3e-5
Davey,3e-5
Kenney,3e-5
Lauren,3e-5
Lennie,3e-5
Mariano,3e-5
Rayford,3e-5
Alfonzo,2.9e-5
Arlen,2.9e-5
Cordell,2.9e-5
Darry,2.9e-5
Hosea,2.9e-5
Kevan,2.9e-5
Lacy,2.9e-5
Luciano,2.9e-5
Montgomery,2.9e-5
Paris,2.9e-5
Raymon,2.9e-5
Regan,2.9e-5
Sandra,2.9e-5
Vic,2.9e-5
Alphonse,2.9e-5
Aurelio,2.9e-5
Bertram,2.9e-5
Carnell,2.9e-5
Dennie,2.9e-5
Diego,2.9e-5
Franz,2.9e-5
Robbin,2.9e-5
Romeo,2.9e-5
Erin,2.8e-5
Isidro,2.8e-5
Lyman,2.8e-5
Mac,2.8e-5
Mauricio,2.8e-5
Mckinley,2.8e-5
Rigoberto,2.8e-5
Roderic,2.8e-5
Sherwood,2.8e-5
