name,percent
Michael,0.040776
John,0.040709
David,0.037025
James,0.036028
Robert,0.034531
Mark,0.022344
William,0.021825
Richard,0.019785
Thomas,0.017
Jeffrey,0.015159
Joseph,0.015076
Steven,0.014659
Kevin,0.014485
Scott,0.014066
Timothy,0.013859
Paul,0.013259
Charles,0.012776
Kenneth,0.012265
Daniel,0.012009
Brian,0.011941
Anthony,0.009928
Gregory,0.009813
Christopher,0.009723
Ronald,0.009298
Donald,0.008904
Gary,0.008486
Edward,0.007694
Todd,0.007575
Stephen,0.007389
Patrick,0.00725
Douglas,0.007209
Eric,0.007177
George,0.005819
Keith,0.0057539999999999996
Terry,0.005353
Larry,0.005268
Andrew,0.00518
Randy,0.005078
Peter,0.004885
Jerry,0.004743
Frank,0.004606
Dennis,0.004601
Matthew,0.004433
Raymond,0.00424
Jeffery,0.004122
Bruce,0.003895
Mike,0.00383
Craig,0.003822
Roger,0.003647
Tony,0.003553
Steve,0.003501
Jeff,0.003422
Alan,0.003359
Ricky,0.00333
Carl,0.003288
Danny,0.003193
Troy,0.003109
Russell,0.003076
Rodney,0.002994
Gerald,0.002897
Wayne,0.0028769999999999998
Joe,0.002867
Martin,0.002824
Vincent,0.0028
Chris,0.002782
Randall,0.002721
Phillip,0.002712
Lawrence,0.002693
Barry,0.002645
Bryan,0.002602
Billy,0.002559
Dale,0.002545
Bobby,0.002509
Curtis,0.002496
Johnny,0.002496
Philip,0.002456
Bradley,0.002448
Jimmy,0.002424
Jon,0.002423
Walter,0.002389
Glenn,0.002343
Tim,0.002318
Jonathan,0.002288
Jay,0.002256
Dean,0.002226
Samuel,0.002206
Darryl,0.002184
Shawn,0.002167
Willie,0.002049
Arthur,0.002048
Roy,0.002046
Henry,0.002037
Allen,0.002023
Jose,0.00196
Greg,0.001959
Darrell,0.001956
Victor,0.001946
Harold,0.001913
Jack,0.001878
Albert,0.001854
Jim,0.001799
Louis,0.001769
Ralph,0.001757
Ronnie,0.001733
Frederick,0.001655
Eddie,0.001636
Tom,0.001624
Tommy,0.001582
Kurt,0.001555
Joel,0.00155
Stanley,0.001547
Micheal,0.001522
Marc,0.001518
Eugene,0.001516
Leonard,0.001515
Howard,0.001512
Lee,0.001498
Sean,0.001483
Marvin,0.001466
Dwayne,0.001416
Rick,0.001406
Adam,0.001405
Tracy,0.001399
Ernest,0.00139
Brent,0.001355
Bill,0.001351
Darren,0.001304
Reginald,0.001289
Brett,0.001258
Duane,0.001247
Benjamin,0.001238
Kelly,0.001231
Fred,0.001213
Melvin,0.001198
Karl,0.001185
Harry,0.001183
Aaron,0.001177
Mitchell,0.001176
Dan,0.001168
Jerome,0.001144
Don,0.001136
Brad,0.001124
Ray,0.001122
Calvin,0.001111
Norman,0.001111
Kent,0.001108
Juan,0.001102
Kirk,0.001102
Earl,0.001082
Jesse,0.00108
Carlos,0.001076
Edwin,0.001072
Theodore,0.001071
Glen,0.001049
Jason,0.001042
Derrick,0.001033
Lance,0.001031
Nicholas,0.001021
Francis,0.00102
Warren,0.001002
Clifford,9.99e-4
Wesley,9.71e-4
Alfred,9.67e-4
Andre,9.36e-4
Bernard,9.25e-4
Clarence,8.74e-4
Gordon,8.74e-4
Antonio,8.65e-4
Manuel,8.06e-4
Guy,7.91e-4
Lonnie,7.91e-4
Derek,7.83e-4
Leroy,7.83e-4
Vernon,7.76e-4
Luis,7.73e-4
Kerry,7.72e-4
Tyrone,7.65e-4
Perry,7.63e-4
Daryl,7.57e-4
Dave,7.57e-4
Neil,7.54e-4
Gene,7.54e-4
Gilbert,7.49e-4
Stuart,7.45e-4
Ted,7.44e-4
Gregg,7.42e-4
Nathan,7.41e-4
Maurice,7.38e-4
Franklin,7.38e-4
Leon,7.3e-4
Kyle,7.29e-4
Ken,7.27e-4
Andy,7.24e-4
Alvin,7.2e-4
Lloyd,7.19e-4
Leslie,7.15e-4
Marty,7.13e-4
Bob,7.07e-4
Doug,6.96e-4
Kenny,6.91e-4
Herbert,6.87e-4
Wade,6.8e-4
Joey,6.75e-4
Rickey,6.71e-4
Mario,6.7e-4
Marcus,6.7e-4
Dana,6.69e-4
Ruben,6.61e-4
Ron,6.56e-4
Ricardo,0.00064899999999999995
Timmy,6.41e-4
Alexander,6.37e-4
Byron,6.35e-4
Terrence,6.24e-4
Kelvin,6.2e-4
Dwight,6.2e-4
Lewis,6.17e-4
Alex,6.13e-4
Floyd,5.92e-4
Allan,5.78e-4
Erik,5.75e-4
Robin,5.72e-4
Neal,5.58e-4
Terrance,5.53e-4
Donnie,5.48e-4
Jamie,5.48e-4
Roland,5.36e-4
Jesus,5.32e-4
Charlie,5.27e-4
Roberto,5.23e-4
Jimmie,5.21e-4
Arnold,5.14e-4
Gerard,5.07e-4
Roderick,5.07e-4
Travis,5.07e-4
Leo,5.05e-4
Ross,5.05e-4
Nathaniel,5.04e-4
Darin,5.04e-4
Clinton,5.02e-4
Terence,5.01e-4
Wendell,5e-4
Oscar,4.92e-4
Lester,4.91e-4
Jackie,4.84e-4
Milton,4.82e-4
Rex,4.73e-4
Sam,4.72e-4
Miguel,4.67e-4
Hector,4.65e-4
Clayton,4.6e-4
Johnnie,4.59e-4
Herman,4.52e-4
Freddie,4.48e-4
Jessie,4.47e-4
Shane,4.46e-4
Clyde,4.4e-4
Matt,4.36e-4
Chad,4.34e-4
Fredrick,4.29e-4
Ben,4.28e-4
Harvey,4.27e-4
Geoffrey,4.18e-4
Robbie,4.18e-4
Raul,4.14e-4
Clifton,4.12e-4
Marshall,4.08e-4
Nelson,4.07e-4
Randal,4.06e-4
Francisco,4.05e-4
Randolph,4.03e-4
Darrin,3.96e-4
Nick,3.93e-4
Chuck,3.92e-4
Adrian,3.88e-4
Bret,3.88e-4
Carlton,3.84e-4
Kim,3.84e-4
Rene,3.82e-4
Ramon,3.77e-4
Shannon,3.74e-4
Cary,3.69e-4
Pat,3.69e-4
Cedric,3.66e-4
Frankie,3.65e-4
Jody,3.65e-4
Sammy,3.64e-4
Garry,3.63e-4
Sidney,3.61e-4
Cecil,3.6e-4
Edgar,3.55e-4
Hugh,3.55e-4
Claude,3.54e-4
Chester,3.51e-4
Loren,3.49e-4
Pedro,3.49e-4
Christian,3.49e-4
Damon,3.46e-4
Angel,3.42e-4
Angelo,3.42e-4
Jaime,3.42e-4
Everett,3.41e-4
Clark,3.31e-4
Grant,3.29e-4
Curt,3.29e-4
Lorenzo,3.22e-4
Lynn,3.19e-4
Wallace,3.1e-4
Armando,3.09e-4
Fernando,3.05e-4
Gabriel,3.03e-4
Dewayne,3.02e-4
Jorge,3e-4
Ivan,2.99e-4
Evan,2.98e-4
Orlando,2.98e-4
Rudy,2.98e-4
Bradford,2.97e-4
Darrel,2.93e-4
Benny,2.92e-4
Morris,2.91e-4
Dominic,2.89e-4
Javier,2.88e-4
Rafael,2.86e-4
Bart,2.85e-4
Clay,2.83e-4
Myron,2.83e-4
Shaun,2.83e-4
Scot,2.81e-4
Monte,2.81e-4
Felix,2.8e-4
Teddy,2.74e-4
Pete,2.7e-4
Virgil,2.7e-4
Rob,2.69e-4
Salvatore,2.69e-4
Trent,2.69e-4
Tod,2.68e-4
Kendall,2.65e-4
Stacy,2.63e-4
Otis,2.63e-4
Alfredo,2.62e-4
Jacob,2.59e-4
Max,2.59e-4
Ryan,2.57e-4
Lyle,2.54e-4
Lyndon,2.53e-4
Bennie,2.52e-4
Julian,2.51e-4
Mickey,2.51e-4
Stewart,2.48e-4
Isaac,2.44e-4
Justin,2.44e-4
Alberto,2.43e-4
Bryant,2.41e-4
Edmund,2.4e-4
Phil,2.36e-4
Clint,2.35e-4
Malcolm,2.34e-4
Blake,2.33e-4
Eduardo,2.32e-4
Alton,2.28e-4
Corey,2.26e-4
Laurence,2.25e-4
Marion,2.24e-4
Rocky,2.24e-4
Monty,2.23e-4
Preston,2.23e-4
Alonzo,2.22e-4
Luther,2.22e-4
Mathew,2.21e-4
Arturo,2.2e-4
Sherman,2.2e-4
Luke,2.19e-4
Stephan,2.18e-4
Jerald,2.18e-4
Vince,2.18e-4
Ed,2.17e-4
Willard,2.15e-4
Ian,2.14e-4
Kris,2.14e-4
Cory,2.12e-4
Dexter,2.11e-4
Enrique,2.11e-4
Spencer,2.09e-4
Jeffry,2.08e-4
Scotty,2.07e-4
Drew,2.07e-4
Ira,2.07e-4
Rusty,2.07e-4
Julius,2.06e-4
Earnest,2.05e-4
Robby,2.03e-4
Sheldon,2.02e-4
Stevie,2.01e-4
Vance,2.01e-4
Leland,1.97e-4
Delbert,1.97e-4
Blaine,1.95e-4
Casey,1.95e-4
Colin,1.94e-4
Van,1.94e-4
Roosevelt,1.93e-4
Alfonso,1.93e-4
Archie,1.93e-4
Elmer,1.93e-4
Joshua,1.93e-4
Julio,1.93e-4
Sylvester,1.91e-4
Darnell,1.9e-4
Forrest,1.88e-4
Rodger,1.87e-4
Rudolph,1.87e-4
Stacey,1.87e-4
Doyle,1.87e-4
Toby,1.86e-4
Ernesto,1.85e-4
Noel,1.85e-4
Ty,1.84e-4
Lionel,1.82e-4
Oliver,1.82e-4
Tommie,1.82e-4
Rod,1.81e-4
Rory,1.8e-4
Darwin,1.74e-4
Lowell,1.74e-4
Marco,1.73e-4
Horace,1.72e-4
Seth,1.72e-4
Bryon,1.7e-4
Dane,1.69e-4
Tracey,1.69e-4
Lamont,1.68e-4
Boyd,1.66e-4
Dallas,1.66e-4
Hubert,1.66e-4
Bert,1.65e-4
Zachary,1.65e-4
Dirk,1.64e-4
Kip,1.64e-4
Rickie,1.64e-4
Carey,1.64e-4
Mack,1.63e-4
Rodolfo,1.6e-4
Wilbert,1.6e-4
Willis,1.6e-4
Grady,1.57e-4
Miles,1.56e-4
Daren,1.55e-4
Dominick,1.54e-4
Ernie,1.54e-4
Sergio,1.54e-4
Tyler,1.53e-4
Garrett,1.53e-4
Brandon,1.5e-4
Rufus,1.5e-4
Salvador,1.49e-4
Cameron,1.49e-4
Devin,1.48e-4
Kurtis,1.47e-4
Alejandro,1.47e-4
Gerry,1.47e-4
Ronny,1.45e-4
Owen,1.44e-4
Brendan,1.43e-4
Donny,1.42e-4
Erick,1.41e-4
Ellis,1.41e-4
Freddy,1.4e-4
Gilberto,1.4e-4
Sterling,1.39e-4
Dewey,1.39e-4
Buddy,1.38e-4
Vaughn,1.38e-4
Lane,1.37e-4
Wilbur,1.36e-4
Denis,1.36e-4
Abel,1.35e-4
Abraham,1.35e-4
Dion,1.34e-4
Al,1.33e-4
Joesph,1.31e-4
Russ,1.31e-4
Marlon,1.31e-4
Gerardo,1.3e-4
Homer,1.3e-4
Reynaldo,1.29e-4
Cornelius,1.29e-4
Louie,1.29e-4
Wilson,1.29e-4
Andres,1.28e-4
Pablo,1.28e-4
Lamar,1.27e-4
Ervin,1.26e-4
Randell,1.25e-4
Conrad,1.24e-4
Royce,1.24e-4
Rolando,1.24e-4
Hans,1.23e-4
Stan,1.23e-4
Guadalupe,1.22e-4
Ward,1.21e-4
Aubrey,1.2e-4
Donnell,1.19e-4
Israel,1.19e-4
Elbert,1.18e-4
Garth,1.18e-4
Quentin,1.18e-4
Will,1.16e-4
Alphonso,1.16e-4
Reuben,1.16e-4
Jonathon,1.15e-4
Scottie,1.15e-4
Cliff,1.14e-4
Blair,1.13e-4
Kennedy,1.13e-4
Garland,1.13e-4
Kirby,1.13e-4
Denny,1.12e-4
Marlin,1.12e-4
Pierre,1.12e-4
Morgan,1.11e-4
Rich,1.11e-4
Jess,1.1e-4
Johnathan,1.1e-4
Elliott,1.09e-4
Simon,1.09e-4
Marcos,1.09e-4
Richie,1.09e-4
Thaddeus,1.09e-4
Ismael,1.08e-4
Terrell,1.08e-4
Cleveland,1.08e-4
Felipe,1.08e-4
Galen,1.06e-4
Jan,1.06e-4
Dino,1.05e-4
Jeremy,1.05e-4
Ramiro,1.05e-4
Austin,1.04e-4
Cesar,1.04e-4
Demetrius,1.04e-4
Quintin,1.04e-4
Kennith,1.04e-4
Edmond,1.03e-4
Emanuel,1.03e-4
Percy,1.03e-4
Reggie,1.03e-4
Sammie,1.03e-4
Jefferson,1.02e-4
Irvin,1.01e-4
Carroll,1.01e-4
Emmett,1.01e-4
Cornell,1e-4
Ethan,1e-4
Lincoln,1e-4
Danial,9.9e-5
Lon,9.9e-5
Wilfred,9.9e-5
Winston,9.9e-5
Amos,9.8e-5
Erich,9.8e-5
Hal,9.8e-5
Michel,9.7e-5
Tomas,9.7e-5
Woodrow,9.7e-5
Bryce,9.6e-5
Harlan,9.6e-5
Rocco,9.6e-5
Sandy,9.6e-5
Guillermo,9.5e-5
Billie,9.4e-5
Cody,9.4e-5
Quinton,9.4e-5
Barton,9.3e-5
Bennett,9.3e-5
Brock,9.3e-5
Avery,9.2e-5
Barney,9.2e-5
Lonny,9.2e-5
Tad,9.2e-5
Hank,9.2e-5
Mitch,9.2e-5
Reed,9.1e-5
Kraig,9.1e-5
Damian,9e-5
Roman,9e-5
Elias,9e-5
Eddy,8.9e-5
Lorne,8.9e-5
Gustavo,8.8e-5
Carmen,8.8e-5
Mitchel,8.8e-5
Pernell,8.7e-5
Rogelio,8.7e-5
Murray,8.7e-5
Xavier,8.7e-5
Kermit,8.6e-5
Moses,8.6e-5
Elton,8.6e-5
Junior,8.5e-5
Erwin,8.5e-5
Darron,8.4e-5
Antoine,8.4e-5
Benito,8.3e-5
Nicky,8.3e-5
Bernie,8.2e-5
Keven,8.2e-5
Merle,8.2e-5
Jean,8.1e-5
Jordan,8.1e-5
Nolan,8e-5
Wilfredo,8e-5
Chip,8e-5
Levi,8e-5
Burton,7.9e-5
Elijah,7.9e-5
Gino,7.9e-5
Vito,7.9e-5
Norris,7.8e-5
Santos,7.8e-5
Elvin,7.7e-5
Grover,7.6e-5
Brady,7.6e-5
Anton,7.5e-5
Duncan,7.5e-5
Ritchie,7.5e-5
Shelton,7.5e-5
Bobbie,7.5e-5
Lenny,7.5e-5
Linwood,7.5e-5
Gavin,7.5e-5
Kenton,7.5e-5
Emilio,7.4e-5
Derick,7.4e-5
Destry,7.4e-5
Emory,7.4e-5
Kristopher,7.4e-5
Harley,7.3e-5
Russel,7.3e-5
Courtney,7.3e-5
Marcel,7.3e-5
Ned,7.3e-5
Efrain,7.2e-5
Santiago,7.2e-5
Thurman,7.2e-5
Eldon,7.1e-5
Reid,7.1e-5
Chet,7.1e-5
Domingo,7.1e-5
Gus,7e-5
Errol,7e-5
Sanford,7e-5
Dwain,6.9e-5
Fabian,6.9e-5
Jasper,6.9e-5
Kirt,6.9e-5
Irving,6.9e-5
Omar,6.9e-5
Noah,6.8e-5
Toney,6.8e-5
Stefan,6.8e-5
Theron,6.8e-5
Frederic,6.7e-5
Jake,6.7e-5
Desmond,6.7e-5
Mary,6.6e-5
Carter,6.6e-5
Harrison,6.6e-5
Sonny,6.6e-5
Emil,6.5e-5
Ignacio,6.5e-5
Solomon,6.5e-5
Elliot,6.5e-5
Lisa,6.5e-5
Sebastian,6.5e-5
Thad,6.5e-5
Elvis,6.4e-5
Leonardo,6.4e-5
Rodrick,6.4e-5
Deron,6.3e-5
August,6.3e-5
Nicolas,6.3e-5
Wes,6.3e-5
Derwin,6.2e-5
Greggory,6.2e-5
Norbert,6.2e-5
Darius,6.2e-5
Emery,6.2e-5
Fitzgerald,6.2e-5
Art,6.1e-5
Denver,6.1e-5
Hiram,6.1e-5
Humberto,6.1e-5
Bradly,6.1e-5
Jerrold,6.1e-5
Kelley,6.1e-5
Saul,6.1e-5
Ulysses,6.1e-5
Whitney,6.1e-5
Emmanuel,6e-5
Jeremiah,6e-5
Timmie,6e-5
Britt,6e-5
Dante,6e-5
Eli,6e-5
Quinn,5.9e-5
Donovan,5.9e-5
Otto,5.9e-5
Dannie,5.8e-5
Joaquin,5.8e-5
Trevor,5.8e-5
Wiley,5.8e-5
Coy,5.8e-5
Daron,5.8e-5
Shelby,5.8e-5
Carlo,5.7e-5
Carmine,5.7e-5
Everette,5.7e-5
Zane,5.7e-5
Devon,5.6e-5
Heriberto,5.6e-5
Lanny,5.6e-5
Adolfo,5.5e-5
Alec,5.5e-5
Donn,5.5e-5
Myles,5.5e-5
Orville,5.5e-5
Roscoe,5.5e-5
Antony,5.5e-5
Edwardo,5.5e-5
Loyd,5.5e-5
Weldon,5.5e-5
Ashley,5.4e-5
Jefferey,5.4e-5
Odell,5.4e-5
Dick,5.4e-5
Noe,5.4e-5
Stoney,5.4e-5
Mikel,5.3e-5
Augustine,5.3e-5
Davis,5.3e-5
Gil,5.3e-5
Jacques,5.3e-5
Jude,5.3e-5
Jerold,5.2e-5
Rhett,5.2e-5
Riley,5.2e-5
Dudley,5.2e-5
Timmothy,5.2e-5
Brooks,5.1e-5
Hugo,5.1e-5
Les,5.1e-5
Elwood,5.1e-5
Layne,5.1e-5
Vern,5.1e-5
Wally,5.1e-5
Dalton,5e-5
Jackson,5e-5
Robb,5e-5
Charley,5e-5
Garret,5e-5
Darrick,4.9e-5
Del,4.9e-5
Esteban,4.9e-5
Graham,4.9e-5
Shayne,4.9e-5
Kimberly,4.8e-5
Mason,4.8e-5
Lindsey,4.8e-5
Raphael,4.8e-5
Hollis,4.7e-5
Micah,4.7e-5
Armand,4.7e-5
Lorin,4.7e-5
Merlin,4.7e-5
Winfred,4.7e-5
Josh,4.6e-5
Ollie,4.6e-5
Vicente,4.6e-5
Linda,4.6e-5
Fredric,4.5e-5
Lemuel,4.5e-5
Adolph,4.5e-5
Andrea,4.5e-5
Collin,4.5e-5
Fritz,4.5e-5
Isiah,4.5e-5
Karen,4.5e-5
Keenan,4.5e-5
Lars,4.5e-5
Lenard,4.5e-5
Millard,4.5e-5
Basil,4.4e-5
Jonas,4.4e-5
Len,4.4e-5
Taylor,4.4e-5
Barrett,4.4e-5
Burt,4.4e-5
Duke,4.4e-5
Gale,4.4e-5
Ivory,4.4e-5
Jarvis,4.4e-5
Kieth,4.4e-5
Lucas,4.4e-5
Mervin,4.4e-5
Emerson,4.3e-5
Jaimie,4.3e-5
Stephon,4.3e-5
Alexis,4.2e-5
Baron,4.2e-5
Eloy,4.2e-5
Moises,4.2e-5
Quint,4.2e-5
Trenton,4.2e-5
Andra,4.2e-5
Fletcher,4.2e-5
Pasquale,4.2e-5
Raynard,4.2e-5
Regan,4.2e-5
Barron,4.1e-5
Berry,4.1e-5
Brant,4.1e-5
Bruno,4.1e-5
Carson,4.1e-5
Cruz,4.1e-5
Elroy,4.1e-5
Felton,4.1e-5
Jacky,4.1e-5
Kipp,4.1e-5
Mel,4.1e-5
Nickolas,4.1e-5
Patricia,4.1e-5
Trey,4.1e-5
Cris,4.1e-5
Dwane,4.1e-5
Major,4.1e-5
Maury,4.1e-5
Quincy,4.1e-5
Susan,4.1e-5
Brien,4e-5
Derrell,4e-5
Forest,4e-5
Jared,4e-5
Jed,4e-5
Anderson,4e-5
Bernardo,4e-5
Gregorio,3.9e-5
Jamey,3.9e-5
Judson,3.9e-5
Von,3.9e-5
Agustin,3.9e-5
Benedict,3.9e-5
Carmelo,3.9e-5
Clement,3.9e-5
Donell,3.9e-5
Leif,3.9e-5
Stanford,3.9e-5
Adan,3.8e-5
Cassius,3.8e-5
Delmar,3.8e-5
Douglass,3.8e-5
Harris,3.8e-5
Hershel,3.8e-5
King,3.8e-5
Lesley,3.8e-5
Reinaldo,3.8e-5
Andreas,3.8e-5
Cordell,3.8e-5
Curtiss,3.8e-5
Johnie,3.8e-5
Leigh,3.8e-5
Royal,3.8e-5
Val,3.8e-5
Alden,3.8e-5
Booker,3.8e-5
Chauncey,3.8e-5
Hunter,3.8e-5
Monroe,3.8e-5
Sandra,3.8e-5
Tammy,3.8e-5
Titus,3.8e-5
Butch,3.7e-5
Fidel,3.7e-5
Leonel,3.7e-5
Aron,3.7e-5
Blane,3.7e-5
Domenic,3.7e-5
Houston,3.7e-5
Mckinley,3.7e-5
Raymundo,3.7e-5
Erin,3.6e-5
Kory,3.6e-5
Mauricio,3.6e-5
Montgomery,3.6e-5
Norberto,3.6e-5
Arlen,3.6e-5
Dee,3.6e-5
Parrish,3.6e-5
Alfonzo,3.5e-5
Dwaine,3.5e-5
Freeman,3.5e-5
Paris,3.5e-5
Tobin,3.5e-5
Tyron,3.5e-5
Wyatt,3.5e-5
Brice,3.5e-5
Kennth,3.5e-5
Lennie,3.5e-5
Merrill,3.5e-5
Prince,3.5e-5
Rodrigo,3.5e-5
Silas,3.5e-5
Bertram,3.4e-5
Dusty,3.4e-5
Federico,3.4e-5
Gonzalo,3.4e-5
Isidro,3.4e-5
Maynard,3.4e-5
Napoleon,3.4e-5
Alphonse,3.4e-5
Lindsay,3.4e-5
Marcellus,3.4e-5
Randel,3.4e-5
Roel,3.4e-5
Sal,3.4e-5
Wilburn,3.4e-5
Wilmer,3.4e-5
Aldo,3.3e-5
Arnoldo,3.3e-5
Deon,3.3e-5
Dorian,3.3e-5
Faron,3.3e-5
Jame,3.3e-5
Landon,3.3e-5
Adrain,3.3e-5
Cletus,3.3e-5
Cyrus,3.3e-5
Daryle,3.3e-5
Dewitt,3.3e-5
Glynn,3.3e-5
Lupe,3.3e-5
Markus,3.3e-5
Rolf,3.3e-5
Sydney,3.3e-5
Darell,3.2e-5
Diego,3.2e-5
Irwin,3.2e-5
Isaiah,3.2e-5
Logan,3.2e-5
Rolland,3.2e-5
Arnulfo,3.2e-5
Cole,3.2e-5
Rayford,3.2e-5
Raymon,3.2e-5
Roddy,3.2e-5
Wilford,3.2e-5
Wilton,3.2e-5
Augustus,3.1e-5
Boris,3.1e-5
Brook,3.1e-5
Bud,3.1e-5
Deborah,3.1e-5
Issac,3.1e-5
Kendrick,3.1e-5
Maxwell,3.1e-5
Stanton,3.1e-5
Vic,3.1e-5
Buford,3.1e-5
Carnell,3.1e-5
Deric,3.1e-5
Hilton,3.1e-5
Milo,3.1e-5
Benton,3e-5
Darold,3e-5
Darryle,3e-5
Drake,3e-5
Odis,3e-5
Terance,3e-5
Charlton,3e-5
Constantine,3e-5
Jere,3e-5
Alvaro,2.9e-5
Antonia,2.9e-5
Darryll,2.9e-5
Dell,2.9e-5
Eliseo,2.9e-5
Olin,2.9e-5
Randle,2.9e-5
Rosendo,2.9e-5
Rubin,2.9e-5
Delton,2.9e-5
Dennie,2.9e-5
Josef,2.9e-5
Kenney,2.9e-5
Regis,2.9e-5
Shon,2.9e-5
Audie,2.8e-5
Burke,2.8e-5
Caleb,2.8e-5
