name,percent
Michael,0.042762
John,0.037764
David,0.035813
James,0.035714
Robert,0.033312
William,0.021186
Mark,0.020194
Richard,0.019449
Thomas,0.016689
Jeffrey,0.015616
Joseph,0.015127
Timothy,0.014954
Kevin,0.014873
Steven,0.01477
Scott,0.01343
Paul,0.013161
Daniel,0.013105
Christopher,0.013052
Brian,0.01296
Charles,0.012393
Kenneth,0.011966
Anthony,0.010733
Gregory,0.009608
Ronald,0.009305
Eric,0.008882
Donald,0.008466
Gary,0.00807
Stephen,0.007729
Edward,0.007599
Todd,0.007355
Patrick,0.006834
Douglas,0.006742
Rodney,0.005845
George,0.00564
Keith,0.005635
Matthew,0.005274
Andrew,0.005111
Larry,0.004967
Peter,0.004958
Terry,0.0048
Jerry,0.00476
Randy,0.004677
Frank,0.004388
Dennis,0.004332
Raymond,0.004244
Craig,0.004152
Jeffery,0.004082
Tony,0.003597
Roger,0.00339
Bruce,0.003336
Mike,0.003185
Darren,0.003129
Troy,0.003091
Carl,0.003061
Steve,0.003001
Danny,0.002994
Ricky,0.002985
Russell,0.002983
Alan,0.002964
Chris,0.002898
Vincent,0.002865
Jeff,0.002858
Bryan,0.002822
Gerald,0.002773
Wayne,0.0027
Lawrence,0.002617
Martin,0.002607
Shawn,0.002599
Darryl,0.0025959999999999998
Phillip,0.002582
Joe,0.002553
Bradley,0.002528
Randall,0.00251
Jonathan,0.002495
Curtis,0.002475
Johnny,0.002472
Billy,0.002456
Jon,0.002427
Sean,0.002427
Bobby,0.00242
Jimmy,0.002388
Walter,0.002367
Dale,0.00232
Samuel,0.00232
Glenn,0.002302
Barry,0.002283
Philip,0.002256
Dean,0.00216
Jose,0.002089
Jay,0.002082
Darrell,0.002054
Allen,0.002026
Willie,0.002006
Henry,0.002004
Roy,0.002001
Arthur,0.001991
Tim,0.001964
Victor,0.001943
Harold,0.001866
Albert,0.001804
Louis,0.001726
Darrin,0.001716
Ralph,0.001703
Jack,0.001691
Greg,0.00168
Frederick,0.001665
Ronnie,0.00166
Marc,0.001612
Marvin,0.001567
Tracy,0.001546
Jason,0.00153
Kurt,0.00152
Eddie,0.001512
Joel,0.001509
Stanley,0.001481
Lee,0.001464
Jim,0.001463
Micheal,0.001457
Tommy,0.001439
Eugene,0.001434
Leonard,0.001431
Howard,0.001416
Darin,0.001379
Ernest,0.00136
Adam,0.001356
Dwayne,0.001332
Tom,0.00132
Reginald,0.001304
Derrick,0.001276
Aaron,0.001274
Brent,0.00127
Brett,0.00124
Benjamin,0.001233
Norman,0.001217
Duane,0.001199
Kelly,0.001192
Rick,0.001189
Melvin,0.001177
Jesse,0.001165
Juan,0.001159
Fred,0.001135
Theodore,0.001131
Jerome,0.001128
Carlos,0.001122
Erik,0.001119
Harry,0.001114
Brad,0.001101
Ray,0.001101
Nicholas,0.001093
Glen,0.001092
Bill,0.001089
Kirk,0.001085
Calvin,0.001081
Karl,0.001066
Dan,0.001052
Earl,0.00103
Don,0.001008
Edwin,0.001004
Mitchell,9.95e-4
Wesley,9.83e-4
Kent,9.74e-4
Warren,9.61e-4
Clifford,9.6e-4
Francis,9.59e-4
Derek,9.51e-4
Clarence,9.5e-4
Andre,9.5e-4
Antonio,9.37e-4
Lance,9.25e-4
Bernard,8.83e-4
Alfred,8.74e-4
Tyrone,8.29e-4
Leroy,8.11e-4
Luis,8.04e-4
Manuel,7.92e-4
Lonnie,7.91e-4
Kerry,7.79e-4
Gordon,7.62e-4
Daryl,7.53e-4
Maurice,7.48e-4
Nathan,7.48e-4
Leslie,7.46e-4
Herbert,7.28e-4
Marcus,7.25e-4
Franklin,7.24e-4
Perry,7.22e-4
Guy,7.18e-4
Vernon,7.17e-4
Gilbert,7.11e-4
Alexander,7.02e-4
Alvin,7.01e-4
Neil,6.95e-4
Gene,6.92e-4
Wade,6.85e-4
Stuart,6.84e-4
Lloyd,6.83e-4
Mario,6.8e-4
Ricardo,6.75e-4
Leon,6.65e-4
Alex,6.58e-4
Ted,6.56e-4
Gregg,6.52e-4
Dwight,6.5e-4
Byron,6.46e-4
Marty,6.43e-4
Dana,6.42e-4
Kelvin,6.31e-4
Chad,6.22e-4
Andy,6.2e-4
Kyle,6.18e-4
Dave,6.11e-4
Ruben,6.07e-4
Ron,6.04e-4
Joey,5.9e-4
Rickey,5.9e-4
Lewis,5.89e-4
Kenny,5.84e-4
Ken,5.8e-4
Allan,5.78e-4
Timmy,5.76e-4
Ryan,5.75e-4
Travis,5.68e-4
Nathaniel,5.65e-4
Roberto,5.57e-4
Floyd,5.54e-4
Terrence,5.48e-4
Doug,5.44e-4
Shane,5.41e-4
Jesus,5.36e-4
Bob,5.28e-4
Roderick,5.26e-4
Oscar,5.23e-4
Ross,5.2e-4
Donnie,5.12e-4
Hector,5.11e-4
Charlie,5.09e-4
Lester,5.03e-4
Miguel,5.02e-4
Jimmie,5e-4
Terrance,4.99e-4
Arnold,4.99e-4
Jamie,4.98e-4
Shannon,4.96e-4
Roland,4.92e-4
Clinton,4.85e-4
Robin,4.84e-4
Leo,4.77e-4
Johnnie,4.69e-4
Clayton,4.66e-4
Jackie,4.66e-4
Neal,4.66e-4
Jessie,4.6e-4
Geoffrey,4.58e-4
Wendell,4.55e-4
Freddie,4.45e-4
Gerard,4.36e-4
Milton,4.36e-4
Fredrick,4.32e-4
Nelson,4.31e-4
Matt,4.22e-4
Herman,4.19e-4
Raul,4.18e-4
Francisco,4.18e-4
Rex,4.16e-4
Marshall,4.12e-4
Randolph,4.12e-4
Sam,4.08e-4
Adrian,4.06e-4
Clyde,4.06e-4
Terence,4.05e-4
Daren,4.02e-4
Ramon,3.95e-4
Rene,3.93e-4
Bret,3.93e-4
Cecil,3.85e-4
Ben,3.84e-4
Christian,3.84e-4
Harvey,3.82e-4
Angel,3.8e-4
Nick,3.8e-4
Damon,3.79e-4
Robbie,3.75e-4
Cedric,3.69e-4
Pedro,3.68e-4
Cary,3.65e-4
Randal,3.64e-4
Clifton,3.61e-4
Frankie,3.58e-4
Jaime,3.58e-4
Jody,3.57e-4
Angelo,3.48e-4
Hugh,3.47e-4
Jorge,3.46e-4
Everett,3.45e-4
Loren,3.45e-4
Sidney,3.38e-4
Carlton,3.37e-4
Ivan,3.37e-4
Chester,3.31e-4
Clark,3.3e-4
Gabriel,3.28e-4
Grant,3.27e-4
Sammy,3.27e-4
Rafael,3.25e-4
Kim,3.23e-4
Malcolm,3.22e-4
Stacy,3.19e-4
Claude,3.19e-4
Edgar,3.17e-4
Armando,3.17e-4
Chuck,3.14e-4
Rudy,3.12e-4
Felix,3.12e-4
Lorenzo,3.12e-4
Dewayne,3.09e-4
Bradford,3.07e-4
Orlando,3.06e-4
Curt,3.06e-4
Javier,3.03e-4
Salvatore,2.97e-4
Evan,2.96e-4
Shaun,2.94e-4
Garry,2.92e-4
Trent,2.92e-4
Fernando,2.88e-4
Wallace,2.84e-4
Bryant,2.82e-4
Alberto,2.78e-4
Teddy,2.76e-4
Eduardo,2.75e-4
Pat,2.74e-4
Morris,2.73e-4
Scot,2.72e-4
Benny,2.72e-4
Lynn,2.72e-4
Dexter,2.68e-4
Corey,2.66e-4
Virgil,2.66e-4
Darrel,2.64e-4
Dominic,2.63e-4
Myron,2.63e-4
Rod,2.61e-4
Stacey,2.61e-4
Bart,2.6e-4
Ian,2.59e-4
Alfredo,2.58e-4
Jacob,2.56e-4
Mickey,2.53e-4
Monte,2.51e-4
Otis,2.49e-4
Toby,2.49e-4
Joshua,2.44e-4
Julian,2.43e-4
Lyle,2.42e-4
Justin,2.42e-4
Erick,2.41e-4
Preston,2.41e-4
Stewart,2.41e-4
Spencer,2.41e-4
Colin,2.39e-4
Cory,2.37e-4
Pete,2.37e-4
Bennie,2.36e-4
Blake,2.36e-4
Mathew,2.35e-4
Arturo,2.34e-4
Earnest,2.33e-4
Casey,2.33e-4
Clay,2.32e-4
Rob,2.3e-4
Edmund,2.28e-4
Scotty,2.28e-4
Kendall,2.27e-4
Marion,2.27e-4
Isaac,2.26e-4
Max,2.23e-4
Alonzo,2.22e-4
Monty,2.22e-4
Kip,2.21e-4
Julius,2.2e-4
Willard,2.19e-4
Drew,2.17e-4
Rusty,2.17e-4
Ira,2.16e-4
Sherman,2.16e-4
Kris,2.15e-4
Van,2.15e-4
Alton,2.13e-4
Clint,2.13e-4
Stephan,2.13e-4
Jerald,2.12e-4
Luke,2.12e-4
Brandon,2.11e-4
Sheldon,2.1e-4
Luther,2.08e-4
Stevie,2.06e-4
Sylvester,2.05e-4
Vince,2.05e-4
Noel,2.04e-4
Marco,2.03e-4
Alfonso,2.02e-4
Jeffry,2.02e-4
Darwin,2.01e-4
Vance,2.01e-4
Elmer,1.98e-4
Delbert,1.97e-4
Rocky,1.97e-4
Julio,1.96e-4
Enrique,1.95e-4
Darron,1.95e-4
Laurence,1.93e-4
Phil,1.89e-4
Ernesto,1.89e-4
Leland,1.88e-4
Roosevelt,1.87e-4
Tracey,1.87e-4
Robby,1.86e-4
Rory,1.86e-4
Forrest,1.83e-4
Blaine,1.82e-4
Rodger,1.82e-4
Darnell,1.79e-4
Tod,1.77e-4
Lamont,1.77e-4
Bryon,1.74e-4
Rudolph,1.74e-4
Tommie,1.74e-4
Seth,1.71e-4
Cameron,1.71e-4
Gerardo,1.71e-4
Lowell,1.7e-4
Salvador,1.69e-4
Dallas,1.68e-4
Rodolfo,1.68e-4
Devin,1.67e-4
Doyle,1.65e-4
Archie,1.64e-4
Zachary,1.64e-4
Brendan,1.63e-4
Dominick,1.63e-4
Ed,1.61e-4
Lyndon,1.61e-4
Hubert,1.61e-4
Horace,1.6e-4
Sergio,1.59e-4
Ty,1.58e-4
Dirk,1.58e-4
Oliver,1.58e-4
Willis,1.58e-4
Tyler,1.57e-4
Ervin,1.57e-4
Gerry,1.56e-4
Rolando,1.54e-4
Miles,1.54e-4
Lionel,1.53e-4
Garrett,1.53e-4
Vaughn,1.53e-4
Demetrius,1.52e-4
Grady,1.52e-4
Alejandro,1.5e-4
Boyd,1.5e-4
Dion,1.5e-4
Carey,1.5e-4
Cornelius,1.48e-4
Gilberto,1.48e-4
Rickie,1.48e-4
Abel,1.47e-4
Jeremy,1.47e-4
Abraham,1.45e-4
Mack,1.44e-4
Owen,1.44e-4
Denis,1.44e-4
Dewey,1.43e-4
Reynaldo,1.43e-4
Freddy,1.42e-4
Kurtis,1.42e-4
Wilbert,1.41e-4
Ernie,1.4e-4
Bert,1.38e-4
Deron,1.38e-4
Marlon,1.38e-4
Buddy,1.37e-4
Israel,1.37e-4
Elliott,1.34e-4
Wilbur,1.34e-4
Louie,1.34e-4
Andres,1.33e-4
Guadalupe,1.33e-4
Wilson,1.31e-4
Marcos,1.29e-4
Ronny,1.28e-4
Daron,1.27e-4
Terrell,1.27e-4
Jonathon,1.26e-4
Lamar,1.26e-4
Elbert,1.26e-4
Scottie,1.26e-4
Denny,1.25e-4
Pablo,1.24e-4
Winston,1.23e-4
Homer,1.22e-4
Ellis,1.21e-4
Moses,1.21e-4
Pierre,1.21e-4
Rufus,1.2e-4
Conrad,1.19e-4
Amos,1.19e-4
Lane,1.19e-4
Hans,1.18e-4
Tad,1.18e-4
Felipe,1.17e-4
Irvin,1.17e-4
Royce,1.17e-4
Joesph,1.16e-4
Alphonso,1.16e-4
Cesar,1.16e-4
Jan,1.16e-4
Marlin,1.16e-4
Randell,1.16e-4
Cleveland,1.15e-4
Dane,1.15e-4
Sterling,1.13e-4
Kirby,1.13e-4
Reuben,1.13e-4
Dino,1.12e-4
Garland,1.12e-4
Donnell,1.12e-4
Trevor,1.12e-4
Al,1.11e-4
Danial,1.11e-4
Erich,1.11e-4
Sandy,1.11e-4
Austin,1.1e-4
Johnathan,1.1e-4
Edmond,1.1e-4
Avery,1.09e-4
Morgan,1.09e-4
Emanuel,1.08e-4
Michel,1.07e-4
Blair,1.06e-4
Guillermo,1.06e-4
Hal,1.06e-4
Ismael,1.06e-4
Sammie,1.06e-4
Jean,1.05e-4
Wilfred,1.05e-4
Ramiro,1.03e-4
Will,1.03e-4
Emmett,1.02e-4
Percy,1.02e-4
Aubrey,1.02e-4
Richie,1.02e-4
Stan,1.02e-4
Tomas,1.02e-4
Kraig,1.01e-4
Bryce,1e-4
Simon,1e-4
Brock,9.9e-5
Hank,9.8e-5
Roman,9.8e-5
Courtney,9.7e-5
Gustavo,9.7e-5
Kristopher,9.7e-5
Jess,9.7e-5
Quentin,9.7e-5
Gino,9.6e-5
Lorne,9.6e-5
Donny,9.6e-5
Ethan,9.6e-5
Russ,9.6e-5
Thaddeus,9.5e-5
Derick,9.4e-5
Jordan,9.4e-5
Wilfredo,9.4e-5
Carroll,9.3e-5
Kennith,9.3e-5
Lisa,9.3e-5
Barton,9.2e-5
Elton,9.2e-5
Cliff,9.2e-5
Domingo,9.1e-5
Ward,9.1e-5
Eddy,9e-5
Rocco,9e-5
Elias,9e-5
Jefferson,9e-5
Cody,8.8e-5
Harlan,8.8e-5
Saul,8.8e-5
Woodrow,8.8e-5
Rich,8.8e-5
Marcel,8.7e-5
Cornell,8.6e-5
Damian,8.6e-5
Elliot,8.6e-5
Galen,8.6e-5
Nicky,8.6e-5
Fabian,8.5e-5
Rogelio,8.5e-5
Billie,8.5e-5
Gavin,8.5e-5
Antoine,8.4e-5
Burton,8.4e-5
Garth,8.4e-5
Merle,8.4e-5
Reggie,8.4e-5
Lonny,8.4e-5
Carmen,8.3e-5
Efrain,8.3e-5
Reed,8.3e-5
Elvis,8.3e-5
Rodrick,8.3e-5
Shelton,8.3e-5
Emilio,8.2e-5
Quintin,8.2e-5
Xavier,8.2e-5
Norris,8.1e-5
Lon,8.1e-5
Stefan,8.1e-5
Russel,8e-5
Omar,7.9e-5
Junior,7.9e-5
Quinton,7.9e-5
Bobbie,7.8e-5
Pernell,7.8e-5
Santiago,7.8e-5
Benito,7.7e-5
Emil,7.7e-5
Brady,7.7e-5
Keven,7.7e-5
Jake,7.6e-5
Kirt,7.6e-5
Gus,7.5e-5
Frederic,7.5e-5
Linwood,7.4e-5
Santos,7.4e-5
Solomon,7.4e-5
Derwin,7.3e-5
Erwin,7.3e-5
Thurman,7.2e-5
Mary,7.2e-5
Murray,7.2e-5
Nicolas,7.2e-5
Thad,7.2e-5
Eldon,7.1e-5
Emmanuel,7e-5
Toney,7e-5
Donovan,7e-5
Lenny,7e-5
Mitch,7e-5
Barney,6.9e-5
Darrick,6.9e-5
Grover,6.9e-5
Kenton,6.9e-5
Mitchel,6.9e-5
Noe,6.8e-5
Lincoln,6.8e-5
Ned,6.8e-5
Bennett,6.7e-5
Duncan,6.6e-5
Jacques,6.6e-5
Adolfo,6.6e-5
Errol,6.6e-5
Wiley,6.6e-5
Darius,6.5e-5
Harley,6.5e-5
Leonardo,6.5e-5
Sonny,6.5e-5
Carlo,6.5e-5
Desmond,6.5e-5
Dwain,6.5e-5
Greggory,6.4e-5
Kennedy,6.4e-5
Noah,6.4e-5
Elijah,6.4e-5
Elvin,6.4e-5
Kimberly,6.4e-5
Vito,6.4e-5
Ashley,6.3e-5
Hugo,6.3e-5
Jasper,6.3e-5
Bernie,6.3e-5
Bradly,6.3e-5
Dannie,6.3e-5
Andrea,6.2e-5
Reid,6.2e-5
Ritchie,6.2e-5
Eli,6.2e-5
Micah,6.2e-5
Alec,6.1e-5
Davis,6.1e-5
Harrison,6.1e-5
Jefferey,6.1e-5
Kermit,6.1e-5
Carter,6.1e-5
Edwardo,6.1e-5
Chet,6e-5
Dante,6e-5
Anton,6e-5
Ignacio,6e-5
Shelby,6e-5
Lanny,5.9e-5
Nolan,5.9e-5
Everette,5.9e-5
Humberto,5.9e-5
Irving,5.9e-5
Joaquin,5.9e-5
Lorin,5.9e-5
Norbert,5.9e-5
Shayne,5.9e-5
August,5.8e-5
Kelley,5.8e-5
Ulysses,5.8e-5
Chip,5.8e-5
Antony,5.7e-5
Heriberto,5.7e-5
Loyd,5.7e-5
Daryn,5.6e-5
Emery,5.6e-5
Jackson,5.6e-5
Jerold,5.6e-5
Hiram,5.6e-5
Levi,5.6e-5
Alexis,5.5e-5
Coy,5.5e-5
Darien,5.5e-5
Del,5.5e-5
Devon,5.5e-5
Kory,5.5e-5
Josh,5.5e-5
Quinn,5.5e-5
Sebastian,5.5e-5
Jerrold,5.4e-5
Mikel,5.4e-5
Zane,5.4e-5
Esteban,5.3e-5
Jeremiah,5.3e-5
Myles,5.3e-5
Orville,5.3e-5
Sanford,5.3e-5
Dick,5.3e-5
Jared,5.3e-5
Lenard,5.3e-5
Wes,5.3e-5
Brooks,5.2e-5
Stanford,5.2e-5
Vicente,5.2e-5
Weldon,5.2e-5
Dudley,5.2e-5
Stoney,5.2e-5
Baron,5.1e-5
Trenton,5.1e-5
Lesley,5.1e-5
Theron,5.1e-5
Timmie,5.1e-5
Wally,5.1e-5
Garret,5e-5
Raphael,5e-5
Vern,5e-5
Augustine,5e-5
Carmine,5e-5
Eloy,5e-5
Robb,5e-5
Timmothy,5e-5
Charley,4.9e-5
Les,4.9e-5
Armand,4.9e-5
Art,4.9e-5
Lindsey,4.9e-5
Quincy,4.9e-5
Von,4.9e-5
Burt,4.8e-5
Cordell,4.8e-5
Erin,4.8e-5
Fidel,4.8e-5
Gil,4.8e-5
Jarvis,4.8e-5
Jayson,4.8e-5
Mervin,4.8e-5
Raynard,4.8e-5
Roscoe,4.8e-5
Fredric,4.7e-5
Jamey,4.7e-5
Silas,4.7e-5
Cyrus,4.7e-5
Emory,4.7e-5
Moises,4.7e-5
Otto,4.7e-5
Winfred,4.7e-5
Barron,4.6e-5
Carson,4.6e-5
Graham,4.6e-5
Ivory,4.6e-5
Jonas,4.6e-5
Jude,4.6e-5
Odell,4.6e-5
Carmelo,4.6e-5
Felton,4.6e-5
Agustin,4.5e-5
Bruno,4.5e-5
Forest,4.5e-5
Gregorio,4.5e-5
Hollis,4.5e-5
Whitney,4.5e-5
Clement,4.5e-5
Layne,4.5e-5
Lemuel,4.5e-5
Brant,4.4e-5
Leif,4.4e-5
Pasquale,4.4e-5
Basil,4.4e-5
Bernardo,4.4e-5
Lars,4.4e-5
Shon,4.4e-5
Tyron,4.4e-5
Andra,4.3e-5
Darryn,4.3e-5
Napoleon,4.3e-5
Titus,4.3e-5
Anderson,4.3e-5
Berry,4.3e-5
Gale,4.3e-5
Karen,4.3e-5
Lucas,4.3e-5
Merlin,4.3e-5
Collin,4.2e-5
Taylor,4.2e-5
Donell,4.2e-5
Fletcher,4.2e-5
Kipp,4.2e-5
Major,4.2e-5
Constantine,4.1e-5
Dusty,4.1e-5
Parrish,4.1e-5
Raymundo,4.1e-5
Royal,4.1e-5
Wyatt,4.1e-5
Delmar,4.1e-5
Denver,4.1e-5
Federico,4.1e-5
Freeman,4.1e-5
Johnie,4.1e-5
Alden,4e-5
Aron,4e-5
Domenic,4e-5
Len,4e-5
Millard,4e-5
Nickolas,4e-5
Barrett,4e-5
Britt,4e-5
Dee,4e-5
Elwood,4e-5
Emerson,4e-5
Mason,4e-5
Randel,4e-5
Regan,4e-5
Reinaldo,4e-5
Trey,4e-5
Judson,3.9e-5
Lindsay,3.9e-5
Val,3.9e-5
Bud,3.9e-5
Darryle,3.9e-5
Duwayne,3.9e-5
Houston,3.9e-5
Mac,3.9e-5
Riley,3.9e-5
Brice,3.8e-5
Deon,3.8e-5
Landon,3.8e-5
Raleigh,3.8e-5
Adan,3.7e-5
Fritz,3.7e-5
Trace,3.7e-5
Aldo,3.7e-5
Brien,3.7e-5
Donn,3.7e-5
Drake,3.7e-5
Duke,3.7e-5
Malcom,3.7e-5
Tobias,3.7e-5
Cris,3.6e-5
Dwaine,3.6e-5
Harris,3.6e-5
Hoyt,3.6e-5
Issac,3.6e-5
Leonel,3.6e-5
Markus,3.6e-5
Merrill,3.6e-5
Adolph,3.6e-5
Blane,3.6e-5
Dwane,3.6e-5
Hunter,3.6e-5
Keenan,3.6e-5
Monroe,3.6e-5
Rhett,3.6e-5
Roderic,3.6e-5
Artie,3.5e-5
Augustus,3.5e-5
Cole,3.5e-5
Darian,3.5e-5
Faron,3.5e-5
Farrell,3.5e-5
Gonzalo,3.5e-5
Isaiah,3.5e-5
Josef,3.5e-5
Maynard,3.5e-5
Roddy,3.5e-5
Stanton,3.5e-5
Alfonzo,3.5e-5
Andreas,3.5e-5
Buford,3.5e-5
Darry,3.5e-5
Diego,3.5e-5
Jed,3.5e-5
Kennth,3.5e-5
Ollie,3.5e-5
Roel,3.5e-5
Truman,3.5e-5
Benedict,3.4e-5
Booker,3.4e-5
Kendrick,3.4e-5
Maxwell,3.4e-5
Rolf,3.4e-5
Cruz,3.4e-5
Douglass,3.4e-5
Alvaro,3.3e-5
Daryle,3.3e-5
Derrell,3.3e-5
Genaro,3.3e-5
Linda,3.3e-5
Mel,3.3e-5
Patricia,3.3e-5
Bertram,3.3e-5
Butch,3.3e-5
Dario,3.3e-5
Sal,3.3e-5
Chadwick,3.2e-5
Cynthia,3.2e-5
Darell,3.2e-5
Deric,3.2e-5
Emmitt,3.2e-5
Lacy,3.2e-5
Mauricio,3.2e-5
Renard,3.2e-5
Rogers,3.2e-5
Chauncey,3.2e-5
Darcy,3.2e-5
Haywood,3.2e-5
Leigh,3.2e-5
Lupe,3.2e-5
Maury,3.2e-5
Paris,3.2e-5
Parker,3.2e-5
Reese,3.2e-5
Brain,3.1e-5
Cyril,3.1e-5
Ezra,3.1e-5
Kieth,3.1e-5
Marcellus,3.1e-5
Michale,3.1e-5
Raymon,3.1e-5
Terance,3.1e-5
Thor,3.1e-5
Vinson,3.1e-5
Darryll,3.1e-5
Dennie,3.1e-5
Dorian,3.1e-5
Fitzgerald,3.1e-5
Jacky,3.1e-5
Mckinley,3.1e-5
Reginal,3.1e-5
Wilford,3.1e-5
Carol,3e-5
Clair,3e-5
Darold,3e-5
Edgardo,3e-5
Elroy,3e-5
Giovanni,3e-5
Hershel,3e-5
Irwin,3e-5
Lennie,3e-5
Marcelino,3e-5
Montgomery,3e-5
Quint,3e-5
Rodrigo,3e-5
Brenda,3e-5
Broderick,3e-5
Darvin,3e-5
Elizabeth,3e-5
Milo,3e-5
Rayford,3e-5
Stephon,3e-5
Woody,3e-5
Arnulfo,2.9e-5
Dalton,2.9e-5
Franz,2.9e-5
Isidro,2.9e-5
Boris,2.8e-5
Boyce,2.8e-5
