name,percent
Michael,0.046329
David,0.037529
James,0.03467
John,0.034624
Robert,0.031686
William,0.021142
Mark,0.01963
Richard,0.018875
Christopher,0.016569
Brian,0.016104
Timothy,0.016073
Thomas,0.015882
Jeffrey,0.015788
Steven,0.015193
Joseph,0.014573
Scott,0.014358
Kevin,0.013832
Paul,0.012835
Daniel,0.012482
Charles,0.011966
Anthony,0.011739
Kenneth,0.010833
Eric,0.01002
Ronald,0.00924
Gregory,0.008873
Stephen,0.008479
Donald,0.007997
Matthew,0.00763
Todd,0.007559
Patrick,0.007289
Edward,0.007123
Gary,0.007088
Douglas,0.006423
Keith,0.006179
Andrew,0.005602
George,0.005447
Rodney,0.004741
Larry,0.004681
Peter,0.004674
Troy,0.004463
Jerry,0.00437
Terry,0.004315
Dennis,0.004296
Sean,0.004223
Frank,0.004173
Craig,0.004108
Jeffery,0.004062
Raymond,0.003974
Randy,0.003818
Tony,0.003494
Shawn,0.003451
Bryan,0.003381
Roger,0.003216
Jason,0.002997
Bruce,0.002851
Jonathan,0.002765
Carl,0.002751
Russell,0.002746
Gerald,0.002737
Chris,0.002598
Alan,0.002566
Wayne,0.002509
Darren,0.002493
Jose,0.00248
Vincent,0.002466
Lawrence,0.002442
Bradley,0.00244
Danny,0.00242
Samuel,0.00238
Johnny,0.002341
Jon,0.002337
Randall,0.002285
Phillip,0.002277
Jimmy,0.002264
Ricky,0.002255
Billy,0.002237
Curtis,0.002228
Dean,0.002201
Steve,0.002199
Martin,0.002154
Walter,0.002144
Philip,0.002131
Bobby,0.002125
Mike,0.002112
Joe,0.002087
Darrell,0.002049
Jay,0.002033
Jeff,0.002019
Dale,0.001986
Joel,0.001954
Glenn,0.001935
Willie,0.001905
Henry,0.001873
Arthur,0.001858
Roy,0.001838
Barry,0.0018
Victor,0.001793
Tracy,0.001783
Albert,0.001779
Allen,0.001756
Marc,0.001743
Kelly,0.00174
Harold,0.001663
Lee,0.001662
Chad,0.001654
Aaron,0.001636
Louis,0.001632
Brent,0.001607
Darryl,0.001589
Frederick,0.001583
Brett,0.001571
Jack,0.001565
Kurt,0.001546
Ronnie,0.001523
Micheal,0.001521
Tim,0.001473
Ralph,0.001432
Adam,0.001421
Benjamin,0.001408
Derrick,0.001407
Juan,0.001388
Eugene,0.001379
Derek,0.001373
Marvin,0.001364
Leonard,0.001356
Reginald,0.001351
Tommy,0.001329
Ernest,0.001319
Carlos,0.001288
Nicholas,0.001285
Howard,0.001282
Eddie,0.001278
Erik,0.001263
Stanley,0.00126
Jesse,0.001229
Dwayne,0.001211
Andre,0.001207
Kyle,0.001204
Duane,0.001186
Greg,0.00118
Darrin,0.00114
Darin,0.001133
Kirk,0.001117
Antonio,0.001114
Shane,0.001108
Norman,0.001098
Ryan,0.001085
Harry,0.001054
Theodore,0.001046
Melvin,0.001037
Jim,0.001017
Lance,0.001013
Jerome,0.001008
Calvin,0.001
Brad,9.92e-4
Luis,9.78e-4
Glen,9.62e-4
Mitchell,9.54e-4
Karl,9.52e-4
Fred,9.5e-4
Edwin,9.35e-4
Stacy,9.32e-4
Earl,9.28e-4
Alfred,9.19e-4
Ray,9.12e-4
Travis,9.02e-4
Wesley,8.95e-4
Rick,8.93e-4
Francis,8.92e-4
Manuel,8.85e-4
Tyrone,8.82e-4
Warren,8.75e-4
Maurice,8.58e-4
Clifford,8.54e-4
Tom,8.37e-4
Don,8.27e-4
Marcus,8.26e-4
Alexander,8.22e-4
Bernard,8.1e-4
Nathan,8.07e-4
Kent,7.84e-4
Clarence,7.74e-4
Daryl,7.55e-4
Dan,7.48e-4
Lonnie,7.44e-4
Christian,7.4e-4
Mario,7.39e-4
Ricardo,7.28e-4
Leroy,7.18e-4
Bill,7.17e-4
Gilbert,7.12e-4
Wade,6.99e-4
Alvin,6.89e-4
Franklin,6.74e-4
Leon,6.74e-4
Byron,6.63e-4
Ruben,6.59e-4
Shannon,6.56e-4
Guy,6.55e-4
Neil,6.5e-4
Herbert,6.46e-4
Vernon,6.44e-4
Roberto,6.42e-4
Jesus,6.4e-4
Alex,6.35e-4
Kerry,6.31e-4
Gordon,6.27e-4
Lloyd,6.07e-4
Joey,6.01e-4
Gene,5.99e-4
Leslie,5.98e-4
Terrence,5.97e-4
Lewis,5.96e-4
Kelvin,5.96e-4
Jody,5.94e-4
Miguel,5.92e-4
Dana,5.79e-4
Jamie,5.79e-4
Stacey,5.74e-4
Perry,5.72e-4
Roderick,5.66e-4
Terrance,5.58e-4
Dwight,5.52e-4
Marty,5.51e-4
Damon,5.5e-4
Nathaniel,5.49e-4
Timmy,5.43e-4
Stuart,5.42e-4
Gregg,5.38e-4
Ted,5.33e-4
Francisco,5.32e-4
Andy,5.29e-4
Hector,5.25e-4
Oscar,5.24e-4
Clinton,5.11e-4
Geoffrey,4.97e-4
Floyd,4.9e-4
Jimmie,4.87e-4
Allan,4.83e-4
Raul,4.79e-4
Ron,4.73e-4
Donnie,4.71e-4
Ramon,4.7e-4
Bret,4.7e-4
Jorge,4.63e-4
Kenny,4.61e-4
Adrian,4.6e-4
Charlie,4.55e-4
Jackie,4.55e-4
Trevor,4.51e-4
Roland,4.49e-4
Ross,4.49e-4
Jessie,4.48e-4
Javier,4.47e-4
Fredrick,4.44e-4
Nelson,4.42e-4
Arnold,4.38e-4
Ian,4.36e-4
Dave,4.33e-4
Angel,4.33e-4
Leo,4.32e-4
Freddie,4.31e-4
Terence,4.31e-4
Rickey,4.3e-4
Rene,4.29e-4
Clayton,4.19e-4
Johnnie,4.18e-4
Neal,4.16e-4
Pedro,4.13e-4
Lester,4.11e-4
Shaun,4.08e-4
Cedric,4.02e-4
Jaime,4.02e-4
Milton,4.01e-4
Matt,3.96e-4
Nick,3.82e-4
Marshall,3.79e-4
Rafael,3.76e-4
Wendell,3.75e-4
Clifton,3.74e-4
Gerard,3.74e-4
Herman,3.73e-4
Randal,3.71e-4
Ken,3.65e-4
Gabriel,3.61e-4
Clyde,3.58e-4
Angelo,3.56e-4
Frankie,3.55e-4
Trent,3.54e-4
Robin,3.54e-4
Cary,3.53e-4
Justin,3.52e-4
Doug,3.5e-4
Harvey,3.5e-4
Armando,3.49e-4
Randolph,3.45e-4
Carlton,3.43e-4
Ivan,3.43e-4
Sam,3.43e-4
Bryant,3.36e-4
Mathew,3.34e-4
Sidney,3.31e-4
Edgar,3.3e-4
Fernando,3.3e-4
Orlando,3.29e-4
Rex,3.27e-4
Grant,3.24e-4
Scotty,3.2e-4
Noel,3.2e-4
Rudy,3.19e-4
Daren,3.18e-4
Joshua,3.17e-4
Loren,3.16e-4
Robbie,3.16e-4
Bradford,3.14e-4
Alberto,3.13e-4
Ben,3.12e-4
Tracey,3.1e-4
Sammy,3.07e-4
Everett,3.05e-4
Cecil,3.03e-4
Bart,3.01e-4
Chester,3e-4
Dominic,3e-4
Bob,3e-4
Mickey,2.96e-4
Eduardo,2.96e-4
Alfredo,2.95e-4
Heath,2.89e-4
Salvatore,2.89e-4
Lorenzo,2.87e-4
Scot,2.87e-4
Dewayne,2.87e-4
Curt,2.84e-4
Hugh,2.83e-4
Casey,2.83e-4
Claude,2.82e-4
Evan,2.78e-4
Felix,2.74e-4
Wallace,2.74e-4
Brandon,2.72e-4
Garry,2.72e-4
Darrel,2.71e-4
Clark,2.64e-4
Corey,2.61e-4
Julio,2.61e-4
Erick,2.59e-4
Preston,2.57e-4
Kim,2.56e-4
Enrique,2.55e-4
Teddy,2.53e-4
Julian,2.52e-4
Jacob,2.52e-4
Colin,2.51e-4
Virgil,2.5e-4
Brendan,2.5e-4
Cory,2.47e-4
Arturo,2.47e-4
Dexter,2.46e-4
Lynn,2.46e-4
Marco,2.44e-4
Toby,2.42e-4
Malcolm,2.41e-4
Blake,2.37e-4
Clint,2.37e-4
Tyler,2.35e-4
Monte,2.34e-4
Otis,2.32e-4
Morris,2.3e-4
Myron,2.3e-4
Alonzo,2.28e-4
Alton,2.26e-4
Jeffry,2.25e-4
Benny,2.23e-4
Jeremy,2.23e-4
Kendall,2.23e-4
Max,2.22e-4
Willard,2.22e-4
Isaac,2.21e-4
Seth,2.21e-4
Sheldon,2.2e-4
Darnell,2.19e-4
Stephan,2.18e-4
Demetrius,2.17e-4
Alfonso,2.14e-4
Earnest,2.14e-4
Pete,2.14e-4
Lyle,2.13e-4
Drew,2.12e-4
Jerald,2.11e-4
Spencer,2.11e-4
Stewart,2.11e-4
Chuck,2.11e-4
Lamont,2.11e-4
Ira,2.09e-4
Edmund,2.08e-4
Bennie,2.07e-4
Sherman,2.07e-4
Scottie,2.06e-4
Ty,2.06e-4
Thad,2.05e-4
Clay,2.04e-4
Zachary,2.03e-4
Julius,2.02e-4
Dion,2.02e-4
Pat,1.99e-4
Jared,1.96e-4
Laurence,1.96e-4
Luke,1.96e-4
Ernesto,1.94e-4
Sergio,1.94e-4
Marion,1.93e-4
Bryon,1.93e-4
Devin,1.92e-4
Cameron,1.89e-4
Stevie,1.89e-4
Garrett,1.88e-4
Rod,1.88e-4
Rodolfo,1.85e-4
Gerardo,1.85e-4
Terrell,1.84e-4
Monty,1.82e-4
Carey,1.82e-4
Delbert,1.82e-4
Kris,1.81e-4
Van,1.81e-4
Salvador,1.78e-4
Leland,1.78e-4
Dirk,1.75e-4
Alejandro,1.75e-4
Marlon,1.75e-4
Rodger,1.73e-4
Rusty,1.73e-4
Elmer,1.71e-4
Tod,1.7e-4
Forrest,1.7e-4
Darwin,1.68e-4
Andres,1.66e-4
Kip,1.66e-4
Sylvester,1.66e-4
Gilberto,1.65e-4
Roosevelt,1.65e-4
Lionel,1.64e-4
Oliver,1.62e-4
Vance,1.62e-4
Jonathon,1.61e-4
Luther,1.6e-4
Dino,1.6e-4
Reynaldo,1.6e-4
Blaine,1.58e-4
Doyle,1.57e-4
Darron,1.55e-4
Rudolph,1.55e-4
Rob,1.55e-4
Archie,1.54e-4
Dallas,1.53e-4
Rocky,1.53e-4
Horace,1.53e-4
Lowell,1.53e-4
Tommie,1.53e-4
Israel,1.52e-4
Morgan,1.52e-4
Johnathan,1.51e-4
Pablo,1.5e-4
Hans,1.5e-4
Rolando,1.49e-4
Vince,1.48e-4
Cornelius,1.48e-4
Jarrod,1.48e-4
Lamar,1.47e-4
Dominick,1.45e-4
Hubert,1.44e-4
Abel,1.43e-4
Robby,1.42e-4
Boyd,1.42e-4
Wilson,1.42e-4
Cesar,1.39e-4
Marcos,1.39e-4
Vaughn,1.39e-4
Omar,1.38e-4
Bert,1.38e-4
Donnell,1.37e-4
Guillermo,1.36e-4
Guadalupe,1.35e-4
Willis,1.35e-4
Conrad,1.33e-4
Mack,1.33e-4
Wilbert,1.33e-4
Kurtis,1.32e-4
Gerry,1.31e-4
Grady,1.31e-4
Ervin,1.3e-4
Rufus,1.3e-4
Ernie,1.29e-4
Owen,1.29e-4
Freddy,1.29e-4
Donovan,1.28e-4
Royce,1.28e-4
Thaddeus,1.28e-4
Abraham,1.28e-4
Derick,1.27e-4
Daron,1.26e-4
Simon,1.26e-4
Jordan,1.26e-4
Dane,1.25e-4
Tad,1.24e-4
Ismael,1.24e-4
Felipe,1.23e-4
Lane,1.23e-4
Alphonso,1.22e-4
Sterling,1.21e-4
Buddy,1.21e-4
Ellis,1.21e-4
Pierre,1.2e-4
Deron,1.19e-4
Denis,1.19e-4
Phil,1.17e-4
Jefferson,1.17e-4
Austin,1.16e-4
Rickie,1.16e-4
Dewey,1.16e-4
Jean,1.16e-4
Emanuel,1.15e-4
Miles,1.15e-4
Rory,1.14e-4
Blair,1.14e-4
Tomas,1.12e-4
Ramiro,1.11e-4
Elliott,1.11e-4
Cleveland,1.1e-4
Ronny,1.1e-4
Denny,1.1e-4
Gustavo,1.1e-4
Aubrey,1.09e-4
Antoine,1.08e-4
Randell,1.08e-4
Reggie,1.08e-4
Cody,1.07e-4
Emmett,1.07e-4
Kirby,1.07e-4
Kristopher,1.07e-4
Donny,1.07e-4
Elbert,1.06e-4
Amos,1.06e-4
Ethan,1.06e-4
Winston,1.05e-4
Erich,1.04e-4
Jess,1.04e-4
Anton,1.03e-4
Carroll,1.03e-4
Sandy,1.03e-4
Ward,1.03e-4
Edmond,1.02e-4
Richie,1.02e-4
Joesph,1.02e-4
Xavier,1.02e-4
Bryce,1.01e-4
Avery,1.01e-4
Courtney,1.01e-4
Ed,1e-4
Percy,1e-4
Reuben,1e-4
Rogelio,9.9e-5
Wilbur,9.9e-5
Efrain,9.8e-5
Louie,9.8e-5
Stefan,9.8e-5
Wilfredo,9.8e-5
Galen,9.8e-5
Homer,9.8e-5
Jan,9.8e-5
Marlin,9.8e-5
Damian,9.7e-5
Cornell,9.7e-5
Fabian,9.7e-5
Gavin,9.7e-5
Kraig,9.7e-5
Moses,9.7e-5
Emilio,9.6e-5
Nicolas,9.6e-5
Sammie,9.5e-5
Michel,9.4e-5
Quentin,9.4e-5
Elvis,9.4e-5
Garland,9.4e-5
Will,9.4e-5
Al,9.3e-5
Darius,9.3e-5
Marcel,9.3e-5
Brady,9.2e-5
Danial,9.2e-5
Theron,9.2e-5
Keven,9.1e-5
Lon,9.1e-5
Elias,9e-5
Saul,8.9e-5
Santos,8.9e-5
Dante,8.8e-5
Garth,8.7e-5
Kirt,8.7e-5
Noah,8.7e-5
Russel,8.7e-5
Sonny,8.7e-5
Roman,8.6e-5
Deon,8.5e-5
Harlan,8.5e-5
Irvin,8.5e-5
Rocco,8.5e-5
Hal,8.5e-5
Leonardo,8.5e-5
Nicky,8.5e-5
Woodrow,8.5e-5
Levi,8.4e-5
Devon,8.4e-5
Domingo,8.3e-5
Reed,8.3e-5
Darrick,8.3e-5
Desmond,8.3e-5
Gino,8.3e-5
Hank,8.3e-5
Kennith,8.2e-5
Stan,8.2e-5
Lonny,8.1e-5
Santiago,8.1e-5
Billie,8.1e-5
Brock,8.1e-5
Lorne,8.1e-5
Ulysses,8.1e-5
Chadwick,8e-5
Eddy,8e-5
Wilfred,8e-5
Shelton,8e-5
Carter,7.9e-5
Toney,7.9e-5
Alexis,7.9e-5
Shon,7.8e-5
Barton,7.8e-5
Ashley,7.7e-5
Erwin,7.6e-5
Quinn,7.6e-5
Carmen,7.6e-5
Elijah,7.6e-5
Elliot,7.6e-5
Reid,7.6e-5
Andrea,7.5e-5
Frederic,7.5e-5
Bobbie,7.5e-5
Irving,7.5e-5
Harrison,7.4e-5
Kelley,7.4e-5
Ritchie,7.4e-5
Sanford,7.4e-5
Benito,7.3e-5
Linwood,7.3e-5
Norris,7.3e-5
Burton,7.3e-5
Cliff,7.3e-5
Micah,7.3e-5
Nolan,7.3e-5
Shelby,7.3e-5
Errol,7.2e-5
Jeremiah,7.2e-5
Rodrick,7.2e-5
Brant,7.1e-5
Antony,7.1e-5
Eli,7.1e-5
Elvin,7.1e-5
Mary,7.1e-5
Harley,7e-5
Jasper,7e-5
Rich,6.9e-5
Russ,6.9e-5
Bradly,6.9e-5
Britt,6.9e-5
Ignacio,6.9e-5
Kermit,6.9e-5
Adolfo,6.8e-5
Kenton,6.8e-5
Carlo,6.7e-5
Jefferey,6.7e-5
Murray,6.7e-5
August,6.7e-5
Joaquin,6.7e-5
Lenny,6.7e-5
Lisa,6.7e-5
Baron,6.6e-5
Gus,6.6e-5
Hugo,6.6e-5
Kimberly,6.6e-5
Vito,6.6e-5
Bennett,6.5e-5
Sebastian,6.5e-5
Wiley,6.5e-5
Jayson,6.5e-5
Davis,6.4e-5
Elton,6.4e-5
Trenton,6.4e-5
Eldon,6.4e-5
Humberto,6.4e-5
Noe,6.4e-5
Solomon,6.4e-5
Emmanuel,6.2e-5
Brooks,6.2e-5
Collin,6.2e-5
Jamey,6.2e-5
Junior,6.2e-5
Michelle,6.2e-5
Otto,6.2e-5
Shayne,6.2e-5
Edwardo,6.1e-5
Erin,6.1e-5
Grover,6.1e-5
Mitchel,6.1e-5
Agustin,6.1e-5
Zane,6.1e-5
Derwin,6e-5
Graham,6e-5
Quintin,6e-5
Timmothy,6e-5
Carmine,6e-5
Chance,6e-5
Esteban,6e-5
Josh,6e-5
Dwain,5.8e-5
Jake,5.8e-5
Loyd,5.8e-5
Mikel,5.8e-5
Quinton,5.8e-5
Raphael,5.8e-5
Emil,5.7e-5
Jacques,5.7e-5
Lyndon,5.7e-5
Timmie,5.7e-5
Vicente,5.7e-5
Bernie,5.6e-5
Greggory,5.6e-5
Jerold,5.6e-5
Parrish,5.6e-5
Dannie,5.6e-5
Lesley,5.6e-5
Lincoln,5.6e-5
Nickolas,5.6e-5
Barney,5.5e-5
Brain,5.5e-5
Denver,5.5e-5
Ned,5.5e-5
Norbert,5.5e-5
Thurman,5.5e-5
Coy,5.5e-5
Hiram,5.5e-5
Kendrick,5.5e-5
Armand,5.4e-5
Burt,5.4e-5
Jackson,5.4e-5
Lars,5.4e-5
Tyron,5.4e-5
Garret,5.3e-5
Heriberto,5.3e-5
Leif,5.3e-5
Alec,5.3e-5
Andra,5.3e-5
Chet,5.3e-5
Jerrold,5.2e-5
Eloy,5.1e-5
Merle,5.1e-5
Roscoe,5.1e-5
Federico,5.1e-5
Jarvis,5.1e-5
Lanny,5.1e-5
Moises,5.1e-5
Robb,5.1e-5
Brien,5e-5
Bruno,5e-5
Carmelo,5e-5
Myles,5e-5
Napoleon,5e-5
Dalton,4.9e-5
Kory,4.9e-5
Leigh,4.9e-5
Lindsey,4.9e-5
Jarrett,4.9e-5
Mason,4.9e-5
Mervin,4.9e-5
Odell,4.9e-5
Ollie,4.9e-5
Pasquale,4.9e-5
Dorian,4.8e-5
Adan,4.8e-5
Bernardo,4.8e-5
Donn,4.8e-5
Lemuel,4.8e-5
Markus,4.8e-5
Aldo,4.7e-5
Aron,4.7e-5
Barrett,4.7e-5
Constantine,4.7e-5
Duncan,4.7e-5
Ivory,4.7e-5
Jerrod,4.7e-5
Dudley,4.7e-5
Stanford,4.7e-5
Weldon,4.7e-5
Brenton,4.6e-5
Raymundo,4.6e-5
Emory,4.6e-5
Everette,4.6e-5
Fredric,4.6e-5
Hunter,4.6e-5
Orville,4.6e-5
Quincy,4.6e-5
Rhett,4.6e-5
Taylor,4.5e-5
Trey,4.5e-5
Andreas,4.4e-5
Efrem,4.4e-5
Houston,4.4e-5
Keenan,4.4e-5
Mauricio,4.4e-5
Micky,4.4e-5
Anderson,4.3e-5
Isiah,4.3e-5
Layne,4.3e-5
Tyson,4.3e-5
Charley,4.3e-5
Fidel,4.3e-5
Gil,4.3e-5
Chip,4.2e-5
Delmar,4.2e-5
Edgardo,4.2e-5
Gregorio,4.2e-5
Harris,4.2e-5
Wes,4.2e-5
Augustine,4.2e-5
Dick,4.2e-5
Merlin,4.2e-5
Mitch,4.2e-5
Von,4.2e-5
Adolph,4.1e-5
Duke,4.1e-5
Michale,4.1e-5
Riley,4.1e-5
Tammy,4.1e-5
Whitney,4.1e-5
Basil,4e-5
Del,4e-5
Fletcher,4e-5
Kieth,4e-5
Terrill,4e-5
Carson,4e-5
Domenic,4e-5
Faron,4e-5
Jude,4e-5
Les,4e-5
Marcellus,4e-5
Rayford,4e-5
Alfonzo,3.9e-5
Clement,3.9e-5
Cyrus,3.9e-5
Judson,3.9e-5
Len,3.9e-5
Barron,3.9e-5
Elwood,3.9e-5
Emery,3.9e-5
Garrick,3.9e-5
Monroe,3.9e-5
Val,3.9e-5
Arnoldo,3.8e-5
Cordell,3.8e-5
Emerson,3.8e-5
Jed,3.8e-5
Leonel,3.8e-5
Major,3.8e-5
Reese,3.8e-5
Alvaro,3.8e-5
Darell,3.8e-5
Dell,3.8e-5
Felton,3.8e-5
Hollis,3.8e-5
Jennifer,3.8e-5
Jonas,3.8e-5
Michele,3.8e-5
Berry,3.7e-5
Cedrick,3.7e-5
Darien,3.7e-5
Douglass,3.7e-5
Gale,3.7e-5
Landon,3.7e-5
Lenard,3.7e-5
Reginal,3.7e-5
Royal,3.7e-5
Wally,3.7e-5
Angela,3.7e-5
Benedict,3.7e-5
Diego,3.7e-5
Norberto,3.7e-5
Stanton,3.7e-5
Vern,3.7e-5
Weston,3.7e-5
Chauncey,3.6e-5
Donell,3.6e-5
Freeman,3.6e-5
Patricia,3.6e-5
Raynard,3.6e-5
Reinaldo,3.6e-5
Susan,3.6e-5
Claudio,3.5e-5
Darcy,3.5e-5
Derik,3.5e-5
Dylan,3.5e-5
Gonzalo,3.5e-5
Kennedy,3.5e-5
Kipp,3.5e-5
Octavio,3.5e-5
Paris,3.5e-5
Alden,3.5e-5
Alfie,3.5e-5
Brendon,3.5e-5
Daryle,3.5e-5
Johnie,3.5e-5
Kristian,3.5e-5
Merrill,3.5e-5
Randel,3.5e-5
Shad,3.5e-5
Bertram,3.4e-5
Curtiss,3.4e-5
Maury,3.4e-5
Millard,3.4e-5
Osvaldo,3.4e-5
Roel,3.4e-5
Art,3.4e-5
Augustus,3.4e-5
Darvin,3.4e-5
Daryn,3.4e-5
Forest,3.4e-5
Rodrigo,3.4e-5
Ariel,3.3e-5
Cruz,3.3e-5
Fritz,3.3e-5
Jacky,3.3e-5
Lucas,3.3e-5
Pernell,3.3e-5
Dennie,3.3e-5
Deric,3.3e-5
Eliseo,3.3e-5
Giovanni,3.3e-5
Hoyt,3.3e-5
Jere,3.3e-5
Liam,3.3e-5
Lorin,3.3e-5
Luigi,3.3e-5
Mariano,3.3e-5
Sal,3.3e-5
Tobin,3.3e-5
Benton,3.2e-5
Brice,3.2e-5
Dusty,3.2e-5
Eugenio,3.2e-5
Farrell,3.2e-5
Jame,3.2e-5
Judd,3.2e-5
Lafayette,3.2e-5
Maxwell,3.2e-5
Stoney,3.2e-5
Tina,3.2e-5
Truman,3.2e-5
Wyatt,3.2e-5
Beau,3.1e-5
Boris,3.1e-5
Broderick,3.1e-5
Dwaine,3.1e-5
Elgin,3.1e-5
Giuseppe,3.1e-5
Marcelino,3.1e-5
Nestor,3.1e-5
Sydney,3.1e-5
Tobias,3.1e-5
Cris,3.1e-5
Duwayne,3.1e-5
Francesco,3.1e-5
Illya,3.1e-5
Isaiah,3.1e-5
Lucius,3.1e-5
Maria,3.1e-5
Rosendo,3.1e-5
Rubin,3.1e-5
Sharon,3.1e-5
Anibal,3e-5
Artie,3e-5
Cynthia,3e-5
Donna,3e-5
Karen,3e-5
Montgomery,3e-5
Brennan,3e-5
Cole,3e-5
Dereck,3e-5
Derrell,3e-5
Dickie,3e-5
Ferdinand,3e-5
Franco,3e-5
Titus,3e-5
