name,percent
Michael,0.046184
David,0.035889
John,0.034299
James,0.034203
Robert,0.032774
William,0.020821
Mark,0.019945
Richard,0.018585
Christopher,0.017756
Brian,0.01686
Jeffrey,0.015978
Thomas,0.015461
Timothy,0.014931
Scott,0.01465
Steven,0.01436
Joseph,0.014296
Kevin,0.013447
Daniel,0.012397
Paul,0.012322
Charles,0.012151
Anthony,0.011386
Eric,0.010421
Kenneth,0.010188
Matthew,0.008907
Ronald,0.008692
Gregory,0.008679
Stephen,0.008319
Todd,0.008257
Donald,0.007529
Patrick,0.007347
Edward,0.006918
Gary,0.006739
Douglas,0.006432
Andrew,0.005946
Keith,0.005555
George,0.005285
Sean,0.005175
Larry,0.004635
Peter,0.004575
Troy,0.004495
Craig,0.004436
Rodney,0.004229
Shawn,0.00421
Jerry,0.004195
Dennis,0.004169
Jeffery,0.004066
Jason,0.004029
Terry,0.003994
Frank,0.003883
Raymond,0.003878
Bryan,0.00352
Tony,0.003313
Jonathan,0.003275
Randy,0.00322
Roger,0.002922
Russell,0.00287
Bradley,0.002707
Jose,0.002701
Darren,0.002618
Carl,0.002617
Bruce,0.002531
Gerald,0.002521
Wayne,0.002402
Chris,0.002391
Jon,0.002372
Samuel,0.00232
Lawrence,0.00231
Martin,0.002296
Johnny,0.002281
Ricky,0.002277
Alan,0.002245
Phillip,0.002245
Vincent,0.002244
Danny,0.002243
Curtis,0.00217
Billy,0.002149
Jimmy,0.002143
Dean,0.002141
Randall,0.002115
Joel,0.002073
Bobby,0.002043
Philip,0.002038
Walter,0.002025
Marc,0.001992
Joe,0.001984
Darrell,0.001943
Jay,0.001932
Aaron,0.001928
Steve,0.001918
Jeff,0.001851
Dale,0.001834
Glenn,0.001828
Mike,0.001812
Roy,0.001792
Henry,0.001761
Willie,0.001751
Kelly,0.001723
Arthur,0.001712
Benjamin,0.0017
Allen,0.001669
Victor,0.001653
Brent,0.001645
Albert,0.001645
Chad,0.001643
Brett,0.001633
Lee,0.001618
Barry,0.001609
Harold,0.001598
Louis,0.001521
Jack,0.00152
Tracy,0.001494
Juan,0.001478
Frederick,0.001469
Micheal,0.001463
Ronnie,0.00146
Derrick,0.001457
Nicholas,0.001439
Reginald,0.001439
Adam,0.001432
Shane,0.001414
Carlos,0.001405
Derek,0.001387
Kurt,0.00138
Eugene,0.001331
Tommy,0.001331
Erik,0.00133
Ralph,0.001307
Leonard,0.001272
Marvin,0.001269
Ernest,0.001264
Ryan,0.001224
Eddie,0.001222
Howard,0.001216
Jesse,0.001212
Antonio,0.001209
Stanley,0.001209
Dwayne,0.001176
Darrin,0.00117
Tim,0.001168
Darryl,0.001166
Travis,0.001162
Greg,0.001152
Kirk,0.001135
Lance,0.001124
Andre,0.00111
Duane,0.001107
Darin,0.0011
Kyle,0.001094
Theodore,0.001065
Melvin,0.001012
Luis,0.001003
Harry,0.001001
Christian,0.001
Alexander,9.97e-4
Norman,9.93e-4
Calvin,9.91e-4
Stacy,9.77e-4
Brad,9.63e-4
Shannon,9.63e-4
Jerome,9.5e-4
Edwin,9.5e-4
Glen,9.41e-4
Nathan,9.31e-4
Earl,0.00093000000000000005
Wesley,9.25e-4
Mitchell,9.16e-4
Clifford,9.05e-4
Karl,9.01e-4
Manuel,8.95e-4
Ray,8.95e-4
Corey,8.89e-4
Fred,8.83e-4
Warren,8.72e-4
Marcus,8.69e-4
Daryl,8.52e-4
Francis,8.52e-4
Jim,8.48e-4
Alfred,8.42e-4
Maurice,8.31e-4
Tyrone,8.16e-4
Lonnie,8.14e-4
Rick,8.06e-4
Don,7.9e-4
Clarence,7.77e-4
Tom,7.67e-4
Mario,7.63e-4
Ricardo,7.58e-4
Damon,7.5e-4
Bernard,7.36e-4
Jody,7.31e-4
Dan,7.16e-4
Jesus,6.91e-4
Jamie,6.89e-4
Kent,6.86e-4
Roberto,6.82e-4
Leroy,6.76e-4
Leon,6.74e-4
Franklin,6.67e-4
Gilbert,6.59e-4
Bill,6.54e-4
Alex,6.51e-4
Guy,6.45e-4
Vernon,6.44e-4
Ruben,6.42e-4
Terrence,6.38e-4
Byron,6.34e-4
Clinton,6.34e-4
Wade,6.33e-4
Joey,6.25e-4
Alvin,6.25e-4
Justin,6.23e-4
Miguel,6.22e-4
Gordon,6.16e-4
Kerry,6.12e-4
Stacey,6.05e-4
Gene,6.03e-4
Herbert,5.96e-4
Neil,5.93e-4
Ted,5.92e-4
Hector,5.84e-4
Terrance,5.74e-4
Dana,5.72e-4
Leslie,5.7e-4
Marty,5.66e-4
Lloyd,5.64e-4
Roderick,5.62e-4
Kelvin,5.62e-4
Francisco,5.55e-4
Timmy,5.45e-4
Lewis,5.43e-4
Adrian,5.4e-4
Geoffrey,5.35e-4
Gregg,5.32e-4
Dwight,5.31e-4
Nathaniel,5.18e-4
Andy,5.11e-4
Oscar,5.09e-4
Jorge,5.07e-4
Perry,5.01e-4
Stuart,5.01e-4
Raul,4.98e-4
Donnie,4.93e-4
Allan,4.92e-4
Ross,4.78e-4
Shaun,4.78e-4
Bret,4.75e-4
Jimmie,4.72e-4
Angel,4.67e-4
Floyd,4.66e-4
Fredrick,4.63e-4
Ramon,4.61e-4
Ron,4.6e-4
Roland,4.49e-4
Pedro,4.43e-4
Terence,4.42e-4
Trevor,4.42e-4
Jaime,4.41e-4
Matt,4.4e-4
Rafael,4.33e-4
Rickey,4.33e-4
Nelson,4.3e-4
Dexter,4.28e-4
Brandon,4.26e-4
Clayton,4.26e-4
Kenny,4.23e-4
Lester,4.22e-4
Charlie,4.17e-4
Javier,4.16e-4
Johnnie,4.15e-4
Joshua,4.14e-4
Gabriel,4.13e-4
Freddie,4.06e-4
Jackie,4.06e-4
Ian,4.04e-4
Cory,4.03e-4
Jessie,4.01e-4
Rene,4e-4
Marshall,3.99e-4
Cedric,3.89e-4
Leo,3.89e-4
Clifton,3.86e-4
Milton,3.83e-4
Bryant,3.81e-4
Dave,3.77e-4
Nick,3.74e-4
Cary,3.73e-4
Herman,3.73e-4
Trent,3.72e-4
Arnold,3.71e-4
Robbie,3.68e-4
Neal,3.67e-4
Fernando,3.65e-4
Orlando,3.64e-4
Armando,3.6e-4
Ivan,3.6e-4
Noel,3.6e-4
Jeremy,3.6e-4
Alberto,3.59e-4
Harvey,3.56e-4
Ben,3.55e-4
Clyde,3.53e-4
Mathew,3.49e-4
Wendell,3.43e-4
Randolph,3.39e-4
Carlton,3.39e-4
Ken,3.39e-4
Edgar,3.37e-4
Frankie,3.36e-4
Robin,3.35e-4
Eduardo,3.33e-4
Randal,3.32e-4
Gerard,3.29e-4
Scotty,3.29e-4
Doug,3.28e-4
Sidney,3.24e-4
Bart,3.23e-4
Grant,3.23e-4
Felix,3.22e-4
Loren,3.22e-4
Sam,3.18e-4
Cecil,3.18e-4
Scot,3.12e-4
Jacob,3.11e-4
Toby,3.11e-4
Casey,3.1e-4
Dominic,3.08e-4
Heath,3.08e-4
Spencer,3.04e-4
Curt,3.02e-4
Bradford,3.01e-4
Claude,3e-4
Salvatore,2.99e-4
Dewayne,2.95e-4
Seth,2.95e-4
Clint,2.93e-4
Jared,2.93e-4
Angelo,2.92e-4
Rudy,2.92e-4
Sammy,2.89e-4
Lorenzo,2.88e-4
Rex,2.88e-4
Daren,2.83e-4
Chester,2.83e-4
Arturo,2.82e-4
Colin,2.82e-4
Brendan,2.81e-4
Preston,2.81e-4
Otis,2.8e-4
Everett,2.8e-4
Hugh,2.8e-4
Alfredo,2.79e-4
Darrel,2.73e-4
Marco,2.72e-4
Bob,2.69e-4
Julian,2.65e-4
Teddy,2.65e-4
Mickey,2.64e-4
Dion,2.63e-4
Erick,2.63e-4
Julio,2.63e-4
Wallace,2.62e-4
Lynn,2.57e-4
Enrique,2.57e-4
Ty,2.56e-4
Evan,2.54e-4
Monte,2.54e-4
Tracey,2.53e-4
Dustin,2.52e-4
Myron,2.51e-4
Sergio,2.5e-4
Virgil,2.47e-4
Tyler,2.46e-4
Lyle,2.45e-4
Isaac,2.41e-4
Morris,2.41e-4
Cameron,2.4e-4
Clark,2.4e-4
Garry,2.38e-4
Lamont,2.38e-4
Malcolm,2.38e-4
Alejandro,2.37e-4
Max,2.33e-4
Kendall,2.31e-4
Kim,2.3e-4
Ernesto,2.3e-4
Benny,2.28e-4
Blake,2.27e-4
Sheldon,2.27e-4
Bryon,2.26e-4
Drew,2.26e-4
Demetrius,2.24e-4
Scottie,2.21e-4
Clay,2.2e-4
Devin,2.19e-4
Earnest,2.19e-4
Darnell,2.18e-4
Luke,2.18e-4
Garrett,2.17e-4
Stephan,2.17e-4
Alonzo,2.16e-4
Alton,2.14e-4
Bennie,2.12e-4
Marion,2.06e-4
Chuck,2.04e-4
Johnathan,2.04e-4
Julius,2.03e-4
Jeffry,2.02e-4
Pete,2.02e-4
Alfonso,2.01e-4
Jarrod,1.98e-4
Edmund,1.96e-4
Gerardo,1.96e-4
Sherman,1.96e-4
Robby,1.95e-4
Zachary,1.93e-4
Jerald,1.92e-4
Willard,1.91e-4
Carey,1.9e-4
Ira,1.89e-4
Israel,1.88e-4
Rob,1.88e-4
Salvador,1.88e-4
Stewart,1.88e-4
Dirk,1.86e-4
Jonathon,1.86e-4
Vance,1.86e-4
Rusty,1.85e-4
Laurence,1.81e-4
Thad,1.81e-4
Oliver,1.8e-4
Luther,1.8e-4
Rodolfo,1.78e-4
Omar,1.77e-4
Archie,1.76e-4
Elmer,1.73e-4
Pablo,1.73e-4
Dallas,1.7e-4
Lamar,1.7e-4
Tod,1.7e-4
Monty,1.7e-4
Blaine,1.69e-4
Andres,1.68e-4
Lowell,1.68e-4
Roosevelt,1.68e-4
Forrest,1.67e-4
Terrell,1.67e-4
Rodger,1.66e-4
Darwin,1.66e-4
Guillermo,1.65e-4
Tommie,1.64e-4
Gilberto,1.63e-4
Pat,1.62e-4
Doyle,1.61e-4
Damian,1.6e-4
Kris,1.59e-4
Rolando,1.59e-4
Delbert,1.58e-4
Donovan,1.58e-4
Stevie,1.58e-4
Dominick,1.58e-4
Van,1.56e-4
Boyd,1.53e-4
Rudolph,1.52e-4
Cesar,1.52e-4
Lionel,1.5e-4
Marcos,1.49e-4
Abel,1.49e-4
Dino,1.48e-4
Morgan,1.48e-4
Hubert,1.45e-4
Abraham,1.45e-4
Felipe,1.45e-4
Sylvester,1.45e-4
Wilbert,1.44e-4
Dane,1.44e-4
Simon,1.44e-4
Leland,1.43e-4
Ismael,1.42e-4
Horace,1.41e-4
Darron,1.4e-4
Donnell,1.4e-4
Kip,1.4e-4
Vaughn,1.4e-4
Sterling,1.39e-4
Cornelius,1.39e-4
Antoine,1.38e-4
Kurtis,1.37e-4
Rocky,1.37e-4
Guadalupe,1.37e-4
Hans,1.36e-4
Reynaldo,1.36e-4
Conrad,1.34e-4
Erich,1.32e-4
Marlon,1.32e-4
Grady,1.32e-4
Rod,1.31e-4
Jean,1.3e-4
Willis,1.3e-4
Ramiro,1.3e-4
Mack,1.29e-4
Wilson,1.27e-4
Rogelio,1.27e-4
Denis,1.26e-4
Dewey,1.26e-4
Louie,1.26e-4
Tomas,1.26e-4
Vince,1.26e-4
Rickie,1.25e-4
Emanuel,1.24e-4
Ervin,1.23e-4
Bert,1.22e-4
Deon,1.22e-4
Derick,1.22e-4
Roman,1.22e-4
Lane,1.21e-4
Alphonso,1.21e-4
Blair,1.21e-4
Owen,1.21e-4
Jefferson,1.2e-4
Robb,1.2e-4
Will,1.2e-4
Elliott,1.19e-4
Kraig,1.19e-4
Cody,1.19e-4
Miles,1.19e-4
Gerry,1.18e-4
Gustavo,1.18e-4
Aubrey,1.17e-4
Kristopher,1.17e-4
Xavier,1.17e-4
Daron,1.17e-4
Ronny,1.17e-4
Denny,1.15e-4
Lonny,1.15e-4
Thaddeus,1.15e-4
Ellis,1.14e-4
Tad,1.14e-4
Brady,1.12e-4
Bryce,1.1e-4
Shon,1.1e-4
Rufus,1.1e-4
Austin,1.09e-4
Freddy,1.09e-4
Homer,1.08e-4
Phil,1.08e-4
Buddy,1.08e-4
Kirby,1.08e-4
Garland,1.07e-4
Gavin,1.06e-4
Reggie,1.06e-4
Emmett,1.06e-4
Jordan,1.06e-4
Royce,1.05e-4
Joesph,1.05e-4
Pierre,1.05e-4
Anton,1.04e-4
Courtney,1.04e-4
Deron,1.04e-4
Elbert,1.04e-4
Ernie,1.04e-4
Edmond,1.03e-4
Fabian,1.03e-4
Galen,1.03e-4
Chadwick,1.02e-4
Marlin,1.02e-4
Percy,1.02e-4
Wilbur,1.02e-4
Reuben,1.01e-4
Donny,1e-4
Quentin,9.9e-5
Wilfredo,9.9e-5
Darius,9.8e-5
Jan,9.8e-5
Noah,9.8e-5
Richie,9.8e-5
Randell,9.7e-5
Carroll,9.7e-5
Lisa,9.6e-5
Ethan,9.6e-5
Rory,9.6e-5
Ashley,9.5e-5
Cornell,9.5e-5
Ed,9.5e-5
Sonny,9.5e-5
Kelley,9.5e-5
Moses,9.5e-5
Jess,9.4e-5
Michel,9.4e-5
Nicolas,9.4e-5
Al,9.3e-5
Efrain,9.3e-5
Barton,9.3e-5
Elias,9.3e-5
Stefan,9.2e-5
Devon,9.1e-5
Russel,9.1e-5
Theron,9.1e-5
Winston,9.1e-5
Cleveland,9.1e-5
Marcel,9.1e-5
Shayne,9e-5
Irvin,9e-5
Saul,9e-5
Benito,8.9e-5
Emilio,8.9e-5
Erin,8.9e-5
Lon,8.8e-5
Brenton,8.8e-5
Hugo,8.8e-5
Santos,8.7e-5
Amos,8.7e-5
Rocco,8.7e-5
Avery,8.6e-5
Billie,8.6e-5
Carmen,8.6e-5
Santiago,8.6e-5
Rodrick,8.5e-5
Antony,8.4e-5
Danial,8.4e-5
Woodrow,8.4e-5
Eddy,8.3e-5
Brant,8.3e-5
Lorne,8.3e-5
Sandy,8.3e-5
Dante,8.2e-5
Darrick,8.2e-5
Domingo,8.2e-5
Nolan,8.2e-5
Kennith,8.1e-5
Keven,8.1e-5
Sammie,8.1e-5
Shelby,8.1e-5
Trenton,8.1e-5
Kirt,8.1e-5
Nicky,8.1e-5
Leonardo,8e-5
Reed,8e-5
Andrea,7.9e-5
Harlan,7.9e-5
Ward,7.9e-5
Gino,7.9e-5
Eli,7.8e-5
Elvis,7.8e-5
Ignacio,7.8e-5
Levi,7.8e-5
Elliot,7.7e-5
Humberto,7.7e-5
Shelton,7.7e-5
Jayson,7.7e-5
Merle,7.7e-5
Taylor,7.6e-5
Edwardo,7.5e-5
Frederic,7.5e-5
Garth,7.5e-5
Hank,7.5e-5
Jacques,7.5e-5
Josh,7.5e-5
Noe,7.5e-5
Quinton,7.5e-5
Jeremiah,7.3e-5
Micah,7.3e-5
Raphael,7.3e-5
Michelle,7.3e-5
Mitchel,7.3e-5
Brock,7.2e-5
Desmond,7.2e-5
Jake,7.2e-5
Wilfred,7.2e-5
Esteban,7.1e-5
Errol,7e-5
Jarrett,7e-5
Sanford,7e-5
Solomon,7e-5
Carlo,7e-5
Carter,7e-5
Cliff,7e-5
Hal,7e-5
Russ,7e-5
Harley,6.9e-5
Zane,6.9e-5
Adolfo,6.9e-5
Irving,6.9e-5
Kenton,6.9e-5
Norris,6.9e-5
Stan,6.9e-5
Nickolas,6.8e-5
Vicente,6.8e-5
Bradly,6.8e-5
Burton,6.8e-5
Elijah,6.8e-5
Kory,6.8e-5
Dylan,6.7e-5
Emmanuel,6.7e-5
Reid,6.7e-5
Brendon,6.6e-5
Lenny,6.6e-5
Vito,6.6e-5
Brain,6.6e-5
Bobbie,6.5e-5
Brooks,6.5e-5
Kermit,6.5e-5
Rich,6.5e-5
Sebastian,6.5e-5
Quinn,6.5e-5
Rhett,6.5e-5
Ulysses,6.5e-5
Derwin,6.4e-5
Joaquin,6.4e-5
Jamey,6.4e-5
Jerrod,6.4e-5
Ned,6.4e-5
Britt,6.3e-5
Tyron,6.3e-5
Graham,6.3e-5
Harrison,6.3e-5
Kimberly,6.3e-5
Toney,6.3e-5
Alexis,6.2e-5
Jackson,6.1e-5
Odell,6.1e-5
Bennett,6.1e-5
Elton,6.1e-5
Mason,6.1e-5
Douglass,6e-5
Linwood,6e-5
Mikel,6e-5
Elvin,6e-5
Jarvis,6e-5
Kendrick,6e-5
Agustin,5.9e-5
Heriberto,5.9e-5
Ritchie,5.9e-5
Collin,5.9e-5
Dwain,5.9e-5
Junior,5.8e-5
Lanny,5.8e-5
Timmothy,5.8e-5
Coy,5.7e-5
Eldon,5.7e-5
Orville,5.7e-5
August,5.7e-5
Grover,5.7e-5
Jerold,5.7e-5
Leif,5.7e-5
Mary,5.7e-5
Jefferey,5.6e-5
Duncan,5.6e-5
Moises,5.5e-5
Aron,5.5e-5
Davis,5.5e-5
Emil,5.5e-5
Everette,5.5e-5
Stanford,5.5e-5
Trey,5.5e-5
Alec,5.4e-5
Barney,5.4e-5
Cyrus,5.4e-5
Lucas,5.4e-5
Parrish,5.4e-5
Von,5.4e-5
Bruno,5.4e-5
Daryle,5.4e-5
Judd,5.4e-5
Greggory,5.3e-5
Jasper,5.3e-5
Murray,5.3e-5
Wiley,5.3e-5
Denver,5.2e-5
Gus,5.2e-5
Hunter,5.2e-5
Layne,5.2e-5
Riley,5.2e-5
Pasquale,5.2e-5
Quincy,5.2e-5
Dannie,5.1e-5
Dorian,5.1e-5
Erwin,5.1e-5
Loyd,5.1e-5
Timmie,5.1e-5
Carmine,5.1e-5
Chet,5.1e-5
Constantine,5.1e-5
Emery,5.1e-5
Emory,5.1e-5
Brien,5e-5
Donn,5e-5
Garret,5e-5
Jed,5e-5
Baron,5e-5
Carson,5e-5
Jamal,5e-5
Judson,5e-5
Augustine,4.9e-5
Carmelo,4.9e-5
Chauncey,4.9e-5
Hiram,4.9e-5
Andra,4.8e-5
Bernie,4.8e-5
Hollis,4.8e-5
Lars,4.8e-5
Len,4.8e-5
Lesley,4.8e-5
Lyndon,4.8e-5
Markus,4.8e-5
Otto,4.8e-5
Gregorio,4.8e-5
Myles,4.8e-5
Adan,4.7e-5
Damien,4.7e-5
Tyson,4.7e-5
Weldon,4.7e-5
Whitney,4.7e-5
Jerrold,4.7e-5
Jude,4.7e-5
Marcellus,4.7e-5
Raymundo,4.7e-5
Roscoe,4.7e-5
Barrett,4.6e-5
Leigh,4.6e-5
Thurman,4.6e-5
Ariel,4.6e-5
Charley,4.6e-5
Del,4.6e-5
Tobin,4.6e-5
Wyatt,4.6e-5
Dalton,4.5e-5
Mitch,4.5e-5
Waylon,4.4e-5
Armand,4.4e-5
Burt,4.4e-5
Donell,4.4e-5
Forest,4.4e-5
Gonzalo,4.3e-5
Lemuel,4.3e-5
Eloy,4.3e-5
Mauricio,4.3e-5
Monroe,4.3e-5
Wes,4.3e-5
Bernardo,4.2e-5
Chip,4.2e-5
Cruz,4.2e-5
Deric,4.2e-5
Kristian,4.2e-5
Colby,4.2e-5
Damion,4.2e-5
Federico,4.2e-5
Giovanni,4.2e-5
Lindsey,4.2e-5
Napoleon,4.2e-5
Ollie,4.2e-5
Wally,4.2e-5
Aldo,4.1e-5
Edgardo,4.1e-5
Houston,4.1e-5
Josef,4.1e-5
Lenard,4.1e-5
Tammy,4.1e-5
Arron,4.1e-5
Cordell,4.1e-5
Fredric,4.1e-5
Kipp,4.1e-5
Dusty,4e-5
Hershel,4e-5
Lincoln,4e-5
Micky,4e-5
Cole,3.9e-5
Delmar,3.9e-5
Darcy,3.9e-5
Landon,3.9e-5
Maxwell,3.9e-5
Patricia,3.9e-5
Quintin,3.9e-5
Darell,3.8e-5
Efrem,3.8e-5
Lacy,3.8e-5
Artis,3.8e-5
Coleman,3.8e-5
Darien,3.8e-5
Fidel,3.8e-5
Reinaldo,3.8e-5
Rigoberto,3.8e-5
Thor,3.8e-5
Brook,3.7e-5
Daryn,3.7e-5
Elwood,3.7e-5
Jacky,3.7e-5
Keenan,3.7e-5
Kieth,3.7e-5
Reese,3.7e-5
Stanton,3.7e-5
Barron,3.7e-5
Dereck,3.7e-5
Francesco,3.7e-5
Isiah,3.7e-5
Jennifer,3.7e-5
Leonel,3.7e-5
Merlin,3.7e-5
Mervin,3.7e-5
Reginal,3.7e-5
Alfonzo,3.6e-5
Brenden,3.6e-5
Emerson,3.6e-5
Isaiah,3.6e-5
Korey,3.6e-5
Merrill,3.6e-5
Norbert,3.6e-5
Tye,3.6e-5
Alvaro,3.5e-5
Chance,3.5e-5
Derrell,3.5e-5
Fritz,3.5e-5
Giuseppe,3.5e-5
Les,3.5e-5
Parker,3.5e-5
Rico,3.5e-5
Shad,3.5e-5
Vern,3.5e-5
Dick,3.5e-5
Duke,3.5e-5
Dwaine,3.5e-5
Eugenio,3.5e-5
Felton,3.5e-5
Fletcher,3.5e-5
Logan,3.5e-5
Michele,3.5e-5
Paris,3.5e-5
Silas,3.5e-5
Stoney,3.5e-5
Wilford,3.5e-5
Andreas,3.4e-5
Arnulfo,3.4e-5
Berry,3.4e-5
Brice,3.4e-5
Caleb,3.4e-5
Darby,3.4e-5
Domenic,3.4e-5
Dudley,3.4e-5
Melissa,3.4e-5
Weston,3.4e-5
Adolph,3.4e-5
Anthoney,3.4e-5
Carnell,3.4e-5
Harris,3.4e-5
Jade,3.4e-5
Lamonte,3.4e-5
Buck,3.3e-5
Curtiss,3.3e-5
Marcelino,3.3e-5
Millard,3.3e-5
Montgomery,3.3e-5
Shan,3.3e-5
Terrill,3.3e-5
Tobias,3.3e-5
Bertram,3.3e-5
Boris,3.3e-5
Brennan,3.3e-5
Burke,3.3e-5
Clement,3.3e-5
Duwayne,3.3e-5
Garrick,3.3e-5
Johnie,3.3e-5
Lucius,3.3e-5
Michale,3.3e-5
Nestor,3.3e-5
Osvaldo,3.3e-5
Rayford,3.3e-5
Rodrigo,3.3e-5
Truman,3.3e-5
Alfie,3.2e-5
Antonia,3.2e-5
Basil,3.2e-5
Benedict,3.2e-5
Claudio,3.2e-5
Cris,3.2e-5
Davy,3.2e-5
Earle,3.2e-5
Ferdinand,3.2e-5
Issac,3.2e-5
Johnathon,3.2e-5
Jonas,3.2e-5
Laura,3.2e-5
Mariano,3.2e-5
Susan,3.2e-5
Tory,3.2e-5
Benton,3.2e-5
Darian,3.2e-5
Darold,3.2e-5
Diego,3.2e-5
Kennedy,3.2e-5
Norberto,3.2e-5
Raleigh,3.2e-5
Rosendo,3.2e-5
Trever,3.2e-5
Darryn,3.1e-5
Drake,3.1e-5
Ezra,3.1e-5
Lazaro,3.1e-5
Major,3.1e-5
Octavio,3.1e-5
Prince,3.1e-5
