name,percent
Michael,0.046564
David,0.034811
James,0.03276
John,0.032121
Robert,0.03188
William,0.020553
Christopher,0.019568
Mark,0.018259
Brian,0.017322
Richard,0.016985
Jeffrey,0.015842
Scott,0.015673
Thomas,0.015015
Steven,0.014513
Joseph,0.014322
Kevin,0.012889
Timothy,0.012771
Daniel,0.012681
Charles,0.011853
Anthony,0.011431
Eric,0.011344
Paul,0.011311
Kenneth,0.009594
Matthew,0.009554
Jason,0.009017
Gregory,0.008839
Stephen,0.008254
Todd,0.008067
Ronald,0.007988
Donald,0.006985
Patrick,0.006936
Edward,0.006811
Andrew,0.006173
Douglas,0.006154
Gary,0.006098
Keith,0.005164
Sean,0.005111
George,0.005028
Craig,0.0048
Larry,0.004532
Shawn,0.004523
Troy,0.004422
Peter,0.004284
Dennis,0.004021
Jerry,0.003983
Jonathan,0.003868
Frank,0.00378
Jeffery,0.003688
Rodney,0.003644
Raymond,0.003629
Bryan,0.003539
Terry,0.003508
Bradley,0.003497
Tony,0.003013
Randy,0.002882
Jose,0.002829
Russell,0.002818
Corey,0.002691
Roger,0.002683
Darren,0.002548
Aaron,0.002515
Carl,0.002473
Marc,0.002458
Samuel,0.002423
Gerald,0.002403
Chris,0.002341
Jon,0.002305
Johnny,0.002302
Vincent,0.002219
Chad,0.002216
Lawrence,0.002214
Bruce,0.002212
Danny,0.002197
Phillip,0.002191
Wayne,0.002133
Alan,0.002111
Billy,0.002062
Martin,0.002057
Jimmy,0.002056
Curtis,0.002014
Joel,0.002008
Bobby,0.001996
Joe,0.001979
Randall,0.00195
Walter,0.00195
Philip,0.001936
Shane,0.001934
Glenn,0.001897
Dean,0.001884
Ricky,0.001871
Benjamin,0.001847
Brent,0.001834
Darrell,0.001776
Jay,0.001743
Brett,0.001741
Dale,0.001726
Arthur,0.001716
Steve,0.001677
Barry,0.001673
Henry,0.001668
Willie,0.001668
Victor,0.001662
Lance,0.001655
Juan,0.001649
Roy,0.001643
Jeff,0.001626
Derrick,0.001609
Albert,0.001603
Derek,0.0016
Allen,0.001581
Carlos,0.001581
Mike,0.00157
Travis,0.001567
Adam,0.001565
Kelly,0.001523
Frederick,0.001515
Harold,0.001514
Lee,0.001511
Micheal,0.001491
Erik,0.001486
Louis,0.001434
Jack,0.001428
Nicholas,0.001415
Antonio,0.001329
Reginald,0.001324
Ronnie,0.001322
Ralph,0.00132
Jesse,0.001299
Shannon,0.001293
Ernest,0.001289
Eugene,0.001284
Kurt,0.001249
Leonard,0.001239
Tommy,0.00123
Ryan,0.001228
Glen,0.001227
Marcus,0.001212
Tyrone,0.001212
Marvin,0.001204
Christian,0.001196
Tracy,0.001186
Howard,0.001172
Kyle,0.001168
Dwayne,0.001155
Brad,0.001153
Eddie,0.001146
Kirk,0.001138
Jeremy,0.001137
Andre,0.001128
Alexander,0.001105
Greg,0.001088
Luis,0.001084
Theodore,0.001063
Nathan,0.001042
Stanley,0.00104
Duane,0.001033
Wesley,0.001013
Darrin,9.91e-4
Darin,9.78e-4
Cory,9.74e-4
Edwin,9.72e-4
Melvin,9.7e-4
Calvin,9.36e-4
Neil,9.19e-4
Manuel,9.17e-4
Jerome,9.13e-4
Justin,9.11e-4
Mitchell,9.04e-4
Norman,9.02e-4
Harry,8.9e-4
Mario,8.89e-4
Earl,8.88e-4
Daryl,8.76e-4
Darryl,8.7e-4
Jody,8.69e-4
Ricardo,8.61e-4
Fred,8.6e-4
Maurice,8.59e-4
Jamie,8.57e-4
Karl,8.55e-4
Tim,8.45e-4
Ray,8.35e-4
Warren,8.33e-4
Clifford,8.25e-4
Alfred,8.17e-4
Stacy,8.16e-4
Clinton,8.08e-4
Damon,7.96e-4
Francis,7.83e-4
Jim,7.81e-4
Jesus,7.67e-4
Lonnie,7.59e-4
Wade,7.46e-4
Don,7.37e-4
Clarence,7.32e-4
Roberto,7.22e-4
Joshua,7.22e-4
Miguel,7.09e-4
Bernard,7e-4
Rick,6.94e-4
Ruben,6.76e-4
Leroy,6.73e-4
Franklin,6.67e-4
Kent,6.67e-4
Terrence,6.64e-4
Alex,6.64e-4
Tom,6.64e-4
Byron,6.59e-4
Dwight,6.55e-4
Joey,6.52e-4
Guy,6.39e-4
Dan,6.35e-4
Leon,6.3e-4
Geoffrey,6.21e-4
Hector,6.15e-4
Gilbert,6.06e-4
Francisco,6.05e-4
Brandon,6.04e-4
Bill,5.89e-4
Alvin,5.83e-4
Vernon,5.83e-4
Ted,5.76e-4
Leslie,5.71e-4
Adrian,5.68e-4
Gene,5.68e-4
Gordon,5.54e-4
Dana,5.52e-4
Herbert,5.52e-4
Oscar,5.5e-4
Ron,5.48e-4
Nathaniel,5.43e-4
Jorge,5.37e-4
Terrance,5.37e-4
Roderick,5.35e-4
Kerry,5.34e-4
Lloyd,5.29e-4
Marty,5.27e-4
Andy,5.16e-4
Kelvin,5.16e-4
Lewis,5.15e-4
Angel,5.14e-4
Ramon,4.92e-4
Perry,4.89e-4
Gregg,4.84e-4
Ross,4.83e-4
Shaun,4.8e-4
Gabriel,4.71e-4
Raul,4.61e-4
Pedro,4.59e-4
Stuart,4.58e-4
Donnie,4.54e-4
Stacey,4.54e-4
Jimmie,4.53e-4
Ian,4.51e-4
Rafael,4.48e-4
Rene,4.45e-4
Allan,4.44e-4
Javier,4.42e-4
Trevor,4.42e-4
Matt,4.38e-4
Jaime,4.37e-4
Floyd,4.36e-4
Clayton,4.34e-4
Bret,4.31e-4
Fredrick,4.29e-4
Jessie,4.25e-4
Johnnie,4.25e-4
Charlie,4.2e-4
Roland,4.2e-4
Nelson,4.18e-4
Dustin,4.14e-4
Toby,4.12e-4
Leo,4.07e-4
Bryant,4.01e-4
Jackie,4e-4
Marshall,3.95e-4
Lester,3.92e-4
Robbie,3.89e-4
Alberto,3.88e-4
Spencer,3.87e-4
Armando,3.85e-4
Trent,3.85e-4
Neal,3.84e-4
Timmy,3.84e-4
Cedric,3.83e-4
Jared,3.76e-4
Casey,3.72e-4
Fernando,3.72e-4
Kenny,3.7e-4
Clint,3.69e-4
Clifton,3.65e-4
Eduardo,3.65e-4
Herman,3.64e-4
Freddie,3.61e-4
Mathew,3.59e-4
Grant,3.59e-4
Jacob,3.59e-4
Nick,3.57e-4
Milton,3.56e-4
Ivan,3.49e-4
Edgar,3.49e-4
Orlando,3.42e-4
Terence,3.41e-4
Cary,3.4e-4
Loren,3.36e-4
Arnold,3.33e-4
Scotty,3.32e-4
Clyde,3.32e-4
Dexter,3.31e-4
Noel,3.29e-4
Bradford,3.28e-4
Dominic,3.28e-4
Rickey,3.25e-4
Marco,3.24e-4
Randolph,3.22e-4
Frankie,3.22e-4
Scot,3.21e-4
Sam,3.19e-4
Colin,3.18e-4
Seth,3.18e-4
Ben,3.17e-4
Harvey,3.15e-4
Julio,3.15e-4
Randal,3.14e-4
Felix,3.12e-4
Wendell,3.08e-4
Dave,3.06e-4
Vance,3.04e-4
Cecil,3.02e-4
Bart,3.01e-4
Sidney,2.99e-4
Gerard,2.98e-4
Chester,2.97e-4
Evan,2.96e-4
Enrique,2.94e-4
Dewayne,2.94e-4
Angelo,2.92e-4
Otis,2.91e-4
Erick,2.9e-4
Dion,2.9e-4
Lorenzo,2.89e-4
Rudy,2.89e-4
Alfredo,2.88e-4
Heath,2.87e-4
Robin,2.87e-4
Blake,2.86e-4
Julian,2.86e-4
Alejandro,2.82e-4
Isaac,2.82e-4
Carlton,2.8e-4
Curt,2.79e-4
Doug,2.79e-4
Sammy,2.78e-4
Preston,2.78e-4
Ken,2.71e-4
Salvatore,2.71e-4
Tyler,2.69e-4
Garrett,2.67e-4
Arturo,2.63e-4
Cameron,2.62e-4
Donovan,2.62e-4
Rex,2.61e-4
Sergio,2.6e-4
Brendan,2.57e-4
Everett,2.54e-4
Hugh,2.51e-4
Omar,2.46e-4
Claude,2.45e-4
Luke,2.45e-4
Teddy,2.45e-4
Demetrius,2.44e-4
Lamont,2.42e-4
Darnell,2.41e-4
Malcolm,2.41e-4
Stephan,2.38e-4
Lyle,2.37e-4
Clay,2.36e-4
Devin,2.36e-4
Lynn,2.36e-4
Bob,2.32e-4
Ty,2.32e-4
Myron,2.28e-4
Zachary,2.27e-4
Alonzo,2.26e-4
Garry,2.26e-4
Jerald,2.26e-4
Ira,2.24e-4
Wallace,2.24e-4
Clark,2.24e-4
Chuck,2.23e-4
Sheldon,2.23e-4
Jonathon,2.22e-4
Bryon,2.21e-4
Rob,2.21e-4
Kendall,2.19e-4
Darrel,2.18e-4
Morris,2.18e-4
Scottie,2.18e-4
Benny,2.18e-4
Tracey,2.17e-4
Johnathan,2.16e-4
Monte,2.15e-4
Daren,2.14e-4
Ernesto,2.14e-4
Mickey,2.11e-4
Sherman,2.11e-4
Virgil,2.1e-4
Jeffry,2.09e-4
Earnest,2.08e-4
Max,2.07e-4
Robby,2.04e-4
Drew,2.04e-4
Julius,2.03e-4
Salvador,2e-4
Kris,2e-4
Kim,1.98e-4
Alfonso,1.97e-4
Israel,1.96e-4
Cesar,1.95e-4
Alton,1.93e-4
Gilberto,1.92e-4
Rory,1.92e-4
Carey,1.88e-4
Gerardo,1.88e-4
Antoine,1.87e-4
Pete,1.87e-4
Dirk,1.86e-4
Marion,1.86e-4
Rusty,1.86e-4
Blaine,1.85e-4
Dominick,1.84e-4
Luther,1.83e-4
Andres,1.83e-4
Edmund,1.83e-4
Morgan,1.81e-4
Bennie,1.81e-4
Pablo,1.79e-4
Oliver,1.78e-4
Stewart,1.77e-4
Thad,1.77e-4
Archie,1.75e-4
Terrell,1.75e-4
Jarrod,1.74e-4
Lamar,1.71e-4
Willard,1.7e-4
Marcos,1.68e-4
Laurence,1.65e-4
Abraham,1.65e-4
Elmer,1.65e-4
Dallas,1.64e-4
Monty,1.63e-4
Tod,1.61e-4
Kurtis,1.56e-4
Leland,1.55e-4
Lionel,1.55e-4
Rodolfo,1.54e-4
Damian,1.54e-4
Abel,1.52e-4
Forrest,1.51e-4
Cornelius,1.5e-4
Doyle,1.5e-4
Tommie,1.5e-4
Wilbert,1.49e-4
Guadalupe,1.49e-4
Owen,1.48e-4
Grady,1.47e-4
Delbert,1.46e-4
Quentin,1.46e-4
Brady,1.46e-4
Rocky,1.46e-4
Denny,1.45e-4
Rodger,1.45e-4
Kristopher,1.44e-4
Darwin,1.43e-4
Roosevelt,1.42e-4
Felipe,1.4e-4
Donnell,1.4e-4
Hans,1.4e-4
Rogelio,1.4e-4
Darrick,1.39e-4
Jamal,1.39e-4
Boyd,1.38e-4
Cody,1.38e-4
Rolando,1.38e-4
Chadwick,1.37e-4
Rudolph,1.37e-4
Van,1.36e-4
Ismael,1.35e-4
Noah,1.35e-4
Roman,1.35e-4
Dane,1.34e-4
Jayson,1.34e-4
Jefferson,1.34e-4
Lane,1.34e-4
Guillermo,1.33e-4
Ramiro,1.33e-4
Wilson,1.33e-4
Sylvester,1.32e-4
Shon,1.32e-4
Simon,1.32e-4
Gustavo,1.31e-4
Robb,1.31e-4
Erich,1.29e-4
Hubert,1.29e-4
Lowell,1.29e-4
Vaughn,1.29e-4
Sterling,1.28e-4
Jean,1.28e-4
Stevie,1.28e-4
Elliott,1.27e-4
Gerry,1.27e-4
Royce,1.27e-4
Marlon,1.26e-4
Pat,1.25e-4
Dylan,1.25e-4
Willis,1.24e-4
Darron,1.24e-4
Dino,1.24e-4
Miles,1.24e-4
Reynaldo,1.23e-4
Xavier,1.23e-4
Horace,1.22e-4
Conrad,1.21e-4
Reggie,1.21e-4
Ernie,1.21e-4
Jordan,1.21e-4
Bryce,1.2e-4
Rod,1.2e-4
Erin,1.2e-4
Ethan,1.2e-4
Darius,1.19e-4
Gavin,1.19e-4
Stefan,1.19e-4
Dewey,1.18e-4
Ervin,1.18e-4
Vince,1.18e-4
Bert,1.16e-4
Buddy,1.16e-4
Anton,1.15e-4
Derick,1.15e-4
Kip,1.15e-4
Alphonso,1.15e-4
Tomas,1.14e-4
Deon,1.13e-4
Kory,1.13e-4
Courtney,1.13e-4
Wilbur,1.13e-4
Ellis,1.12e-4
Jemal,1.12e-4
Rufus,1.12e-4
Thaddeus,1.12e-4
Emanuel,1.11e-4
Freddy,1.11e-4
Elias,1.1e-4
Denis,1.09e-4
Percy,1.08e-4
Aubrey,1.07e-4
Phil,1.07e-4
Wilfredo,1.07e-4
Rickie,1.07e-4
Ashley,1.05e-4
Efrain,1.05e-4
Homer,1.05e-4
Saul,1.05e-4
Josh,1.05e-4
Will,1.05e-4
Fabian,1.04e-4
Garth,1.04e-4
Winston,1.04e-4
Jess,1.04e-4
Kraig,1.03e-4
Emmett,1.03e-4
Galen,1.02e-4
Moses,1.02e-4
Pierre,1.02e-4
Emilio,1.02e-4
Edmond,1.01e-4
Austin,1.01e-4
Cleveland,9.9e-5
Blair,9.9e-5
Amos,9.8e-5
Nicolas,9.8e-5
Joesph,9.8e-5
Elbert,9.6e-5
Louie,9.6e-5
Bradly,9.6e-5
Daron,9.6e-5
Sonny,9.6e-5
Trenton,9.6e-5
Marcel,9.5e-5
Cornell,9.5e-5
Garland,9.5e-5
Jarrett,9.5e-5
Micah,9.5e-5
Shelby,9.5e-5
Kirby,9.4e-5
Ignacio,9.3e-5
Mack,9.3e-5
Dante,9.3e-5
Jacques,9.3e-5
Jamey,9.3e-5
Ronny,9.3e-5
Tad,9.3e-5
Devon,9.2e-5
Randell,9.2e-5
Brant,9.1e-5
Al,9.1e-5
Russel,9.1e-5
Shayne,9e-5
Donny,9e-5
Jan,8.9e-5
Richie,8.9e-5
Irvin,8.9e-5
Michel,8.9e-5
Santos,8.9e-5
Shelton,8.9e-5
Marlin,8.8e-5
Rodrick,8.8e-5
Gino,8.7e-5
Antony,8.7e-5
Carlo,8.7e-5
Graham,8.7e-5
Theron,8.7e-5
Jeremiah,8.6e-5
Lonny,8.6e-5
Reuben,8.6e-5
Santiago,8.6e-5
Darian,8.6e-5
Deron,8.6e-5
Leonardo,8.6e-5
Nolan,8.6e-5
Reid,8.6e-5
Woodrow,8.6e-5
Barton,8.5e-5
Carroll,8.5e-5
Mason,8.5e-5
Reed,8.5e-5
Rocco,8.5e-5
Sammie,8.5e-5
Elliot,8.5e-5
Hugo,8.5e-5
Kennith,8.4e-5
Raphael,8.4e-5
Avery,8.3e-5
Carter,8.3e-5
Rhett,8.3e-5
Lisa,8.1e-5
Elvis,8.1e-5
Cliff,8e-5
Esteban,8e-5
Kelley,8e-5
Noe,8e-5
Domingo,8e-5
Wilfred,8e-5
Benito,7.9e-5
Brain,7.9e-5
Elijah,7.9e-5
Brock,7.9e-5
Danial,7.9e-5
Quinton,7.9e-5
Brenton,7.8e-5
Carmen,7.8e-5
Errol,7.8e-5
Solomon,7.7e-5
Vicente,7.7e-5
Elvin,7.7e-5
Jefferey,7.7e-5
Jude,7.7e-5
Keven,7.7e-5
Kristian,7.6e-5
Nicky,7.6e-5
Sandy,7.6e-5
Michelle,7.5e-5
Jake,7.5e-5
Jonas,7.4e-5
Ed,7.4e-5
Humberto,7.4e-5
Joaquin,7.4e-5
Junior,7.4e-5
Leif,7.4e-5
Dorian,7.3e-5
Douglass,7.3e-5
Eddy,7.3e-5
Alexis,7.2e-5
Desmond,7.2e-5
Jerrold,7.2e-5
Levi,7.2e-5
Bobbie,7.2e-5
Chance,7.2e-5
Edwardo,7.2e-5
Emmanuel,7.2e-5
Lorne,7.2e-5
Vito,7.2e-5
Barrett,7.1e-5
Collin,7.1e-5
Kirt,7.1e-5
Lon,7.1e-5
Ward,7.1e-5
Frederic,7.1e-5
Eli,7e-5
Mauricio,7e-5
Korey,6.9e-5
Kendrick,6.9e-5
Ulysses,6.8e-5
Norris,6.8e-5
Andrea,6.7e-5
Billie,6.7e-5
Heriberto,6.7e-5
Thurman,6.7e-5
Harlan,6.6e-5
Jamison,6.6e-5
Judd,6.6e-5
Dwain,6.6e-5
Erwin,6.6e-5
Mikel,6.6e-5
Ned,6.6e-5
Lucas,6.5e-5
Adolfo,6.4e-5
Burton,6.4e-5
Kermit,6.4e-5
Hank,6.3e-5
Harrison,6.3e-5
Jasper,6.3e-5
Kimberly,6.3e-5
Russ,6.3e-5
Sebastian,6.3e-5
Taylor,6.3e-5
Eldon,6.3e-5
Lenny,6.3e-5
Quinn,6.3e-5
Irving,6.2e-5
Zane,6.2e-5
Dusty,6.2e-5
Harley,6.2e-5
Hiram,6.2e-5
Linwood,6.2e-5
Murray,6.2e-5
Tobin,6.2e-5
Toney,6.2e-5
Brendon,6.1e-5
Trey,6.1e-5
Bennett,6.1e-5
Judson,6.1e-5
Kenton,6.1e-5
Merle,6.1e-5
August,6e-5
Emil,6e-5
Jerrod,6e-5
Landon,6e-5
Sanford,6e-5
Carmelo,5.9e-5
Derwin,5.9e-5
Mary,5.9e-5
Dalton,5.8e-5
Dannie,5.8e-5
Jarvis,5.8e-5
Aron,5.8e-5
Gregorio,5.8e-5
Jerold,5.8e-5
Lanny,5.8e-5
Tyron,5.8e-5
Tyson,5.8e-5
Grover,5.7e-5
Hal,5.7e-5
Jed,5.7e-5
Markus,5.7e-5
Lincoln,5.7e-5
Agustin,5.6e-5
Mitchel,5.6e-5
Darby,5.6e-5
Nickolas,5.6e-5
Timmothy,5.6e-5
Moises,5.5e-5
Tobias,5.5e-5
Britt,5.5e-5
Quincy,5.5e-5
Stan,5.5e-5
Adan,5.4e-5
Jennifer,5.4e-5
Tory,5.4e-5
Waylon,5.4e-5
Barney,5.3e-5
Brien,5.3e-5
Davis,5.3e-5
Emory,5.3e-5
Hunter,5.3e-5
Orville,5.3e-5
Shad,5.3e-5
Wyatt,5.3e-5
Charley,5.2e-5
Coy,5.2e-5
Denver,5.2e-5
Duncan,5.2e-5
Aric,5.2e-5
Brooks,5.2e-5
Damien,5.2e-5
Eloy,5.2e-5
Alec,5.1e-5
Giovanni,5.1e-5
Ari,5.1e-5
Bernardo,5.1e-5
Lars,5.1e-5
Deric,5e-5
Donavan,5e-5
Everette,5e-5
Torrey,5e-5
Wiley,5e-5
Beau,5e-5
Bernie,5e-5
Emery,5e-5
Gus,5e-5
Layne,5e-5
Rich,5e-5
Torrance,5e-5
Greggory,4.9e-5
Napoleon,4.9e-5
Ritchie,4.9e-5
Elton,4.9e-5
Len,4.9e-5
Lyndon,4.9e-5
Shanon,4.9e-5
Arnulfo,4.8e-5
Constantine,4.8e-5
Daryle,4.8e-5
Garret,4.8e-5
Alvaro,4.8e-5
Augustine,4.8e-5
Cordell,4.8e-5
Cruz,4.8e-5
Marcellus,4.8e-5
Norbert,4.8e-5
Jackson,4.7e-5
Keenan,4.7e-5
Pasquale,4.6e-5
Chet,4.6e-5
Federico,4.6e-5
Giuseppe,4.6e-5
Loyd,4.6e-5
Parrish,4.6e-5
Chandler,4.5e-5
Chip,4.5e-5
Colby,4.5e-5
Diego,4.5e-5
Wes,4.5e-5
Aldo,4.5e-5
Andreas,4.5e-5
Cole,4.5e-5
Donn,4.5e-5
Edgardo,4.5e-5
Fidel,4.5e-5
Michele,4.5e-5
Ariel,4.4e-5
Baron,4.4e-5
Broderick,4.4e-5
Carson,4.4e-5
Mervin,4.4e-5
Otto,4.4e-5
Derrell,4.4e-5
Lenard,4.4e-5
Myles,4.4e-5
Odell,4.4e-5
Cedrick,4.3e-5
Curtiss,4.3e-5
Maxwell,4.3e-5
Tammy,4.3e-5
Timmie,4.3e-5
Weldon,4.3e-5
Arron,4.3e-5
Barron,4.3e-5
Michale,4.3e-5
Raymundo,4.3e-5
Riley,4.3e-5
Caleb,4.2e-5
Carmine,4.2e-5
Del,4.2e-5
Leigh,4.2e-5
Roscoe,4.2e-5
Bartholomew,4.2e-5
Duke,4.2e-5
Reinaldo,4.2e-5
Vinson,4.2e-5
Darell,4.1e-5
Hollis,4.1e-5
Luigi,4.1e-5
Millard,4.1e-5
Roel,4.1e-5
Brook,4e-5
Burt,4e-5
Cyrus,4e-5
Johnathon,4e-5
Karen,4e-5
Lamonte,4e-5
Stanton,4e-5
Ezra,4e-5
Francesco,4e-5
Merlin,4e-5
Rodrigo,4e-5
Shan,4e-5
Stanford,4e-5
Alden,3.9e-5
Dereck,3.9e-5
Dwaine,3.9e-5
Lemuel,3.9e-5
Reginal,3.9e-5
Anderson,3.9e-5
Brion,3.9e-5
Domenic,3.9e-5
Garrick,3.9e-5
Leonel,3.9e-5
Rico,3.9e-5
Stevan,3.9e-5
Von,3.9e-5
Chauncey,3.8e-5
Derik,3.8e-5
Fredric,3.8e-5
Armand,3.8e-5
Major,3.8e-5
Melissa,3.8e-5
Alfonzo,3.7e-5
Ali,3.7e-5
Andra,3.7e-5
Berry,3.7e-5
Corwin,3.7e-5
Darcy,3.7e-5
Dudley,3.7e-5
Dwane,3.7e-5
Elgin,3.7e-5
Gale,3.7e-5
Maria,3.7e-5
Mitch,3.7e-5
Monroe,3.7e-5
Amy,3.7e-5
Arnoldo,3.7e-5
Dennie,3.7e-5
Donell,3.7e-5
Genaro,3.7e-5
Ivory,3.7e-5
Johnie,3.7e-5
Luciano,3.7e-5
Quintin,3.7e-5
Terrill,3.7e-5
Weston,3.7e-5
Whitney,3.7e-5
Brennan,3.6e-5
Lesley,3.6e-5
Paris,3.6e-5
Silas,3.6e-5
Boris,3.6e-5
Elwood,3.6e-5
Enrico,3.6e-5
Jameson,3.6e-5
Jerel,3.6e-5
Patricia,3.6e-5
Rigoberto,3.6e-5
Royal,3.6e-5
Thor,3.6e-5
Aurelio,3.5e-5
Delmar,3.5e-5
Demetrios,3.5e-5
Fletcher,3.5e-5
Jasen,3.5e-5
Jodie,3.5e-5
Josef,3.5e-5
Lindsey,3.5e-5
Lorin,3.5e-5
Benson,3.4e-5
Bertram,3.4e-5
Issac,3.4e-5
Octavio,3.4e-5
Valentin,3.4e-5
Antonia,3.4e-5
Carnell,3.4e-5
Davin,3.4e-5
Elizabeth,3.4e-5
Eugenio,3.4e-5
Gil,3.4e-5
Leander,3.4e-5
Truman,3.4e-5
Clement,3.3e-5
Eliseo,3.3e-5
Geoff,3.3e-5
Gonzalo,3.3e-5
Leopoldo,3.3e-5
Reyes,3.3e-5
Val,3.3e-5
Brice,3.3e-5
Cris,3.3e-5
Dario,3.3e-5
Efren,3.3e-5
Enoch,3.3e-5
Franklyn,3.3e-5
Herschel,3.3e-5
Jade,3.3e-5
Lazaro,3.3e-5
Nestor,3.3e-5
Pamela,3.3e-5
Titus,3.3e-5
Antone,3.2e-5
Basil,3.2e-5
Cale,3.2e-5
