name,percent
Michael,0.044784
James,0.032425
David,0.032416
John,0.030718
Robert,0.030031
Christopher,0.02198
William,0.020422
Brian,0.016767
Mark,0.016534
Richard,0.015991
Jeffrey,0.015828
Scott,0.015008
Jason,0.014319
Kevin,0.014163
Steven,0.014068
Joseph,0.014034
Thomas,0.014003
Eric,0.01238
Daniel,0.01235
Timothy,0.011785
Charles,0.011771
Anthony,0.011128
Paul,0.010606
Matthew,0.0106
Kenneth,0.008829
Gregory,0.008551
Stephen,0.007753
Todd,0.00757
Ronald,0.007151
Donald,0.006512
Edward,0.006455
Andrew,0.006292
Patrick,0.006157
Shawn,0.005749
Gary,0.005631
Douglas,0.005464
Sean,0.005433
Keith,0.005046
Craig,0.004923
George,0.004683
Troy,0.004433
Jonathan,0.004301
Larry,0.004257
Peter,0.004229
Jerry,0.003901
Dennis,0.003843
Bradley,0.003581
Frank,0.003567
Raymond,0.003564
Jeffery,0.003523
Chad,0.003488
Aaron,0.003456
Bryan,0.003391
Terry,0.003248
Rodney,0.003077
Jose,0.002987
Tony,0.002876
Russell,0.002687
Randy,0.002642
Marc,0.002635
Roger,0.002408
Samuel,0.002392
Chris,0.002342
Shane,0.002339
Johnny,0.002334
Carl,0.002308
Gerald,0.002307
Jon,0.002296
Travis,0.00227
Jeremy,0.00227
Adam,0.002263
Marcus,0.00226
Phillip,0.002248
Brent,0.002241
Darren,0.002203
Lance,0.002184
Derek,0.002178
Billy,0.002166
Vincent,0.002111
Wayne,0.002102
Benjamin,0.002061
Joel,0.002016
Lawrence,0.002007
Corey,0.002001
Danny,0.001976
Jimmy,0.001917
Bobby,0.001906
Curtis,0.0019
Walter,0.001883
Joe,0.001876
Alan,0.001866
Philip,0.001847
Martin,0.001841
Bruce,0.00183
Juan,0.00182
Derrick,0.001812
Jay,0.001793
Carlos,0.001774
Brett,0.001772
Randall,0.001718
Erik,0.001704
Darrell,0.001655
Willie,0.00165
Henry,0.001641
Ricky,0.00162
Victor,0.001616
Albert,0.001614
Roy,0.001593
Glenn,0.0015790000000000001
Dale,0.001577
Arthur,0.001565
Dean,0.001545
Allen,0.001541
Steve,0.00154
Frederick,0.001518
Jeff,0.001514
Barry,0.001469
Lee,0.001469
Jesse,0.001456
Kyle,0.001449
Antonio,0.001436
Harold,0.001431
Nicholas,0.001418
Louis,0.001388
Jamie,0.001388
Micheal,0.001383
Christian,0.001377
Shannon,0.001352
Jack,0.001348
Nathan,0.001341
Brandon,0.001336
Tyrone,0.001329
Ronnie,0.00132
Andre,0.001317
Kelly,0.001313
Mike,0.001296
Alexander,0.001294
Justin,0.001249
Brad,0.001222
Ryan,0.001222
Dwayne,0.001214
Ernest,0.001211
Reginald,0.001211
Leonard,0.001205
Luis,0.001195
Eugene,0.00119
Ralph,0.00118
Tommy,0.001166
Kurt,0.001152
Joshua,0.001141
Eddie,0.001132
Wesley,0.001082
Marvin,0.001069
Greg,0.001051
Glen,0.001049
Howard,0.001048
Stanley,0.001024
Kirk,0.001007
Mario,9.98e-4
Theodore,9.61e-4
Daryl,9.42e-4
Tracy,9.32e-4
Duane,9.31e-4
Cory,9.24e-4
Maurice,9.14e-4
Calvin,9.08e-4
Edwin,9.06e-4
Jerome,9.02e-4
Harry,8.91e-4
Manuel,8.89e-4
Melvin,8.83e-4
Ricardo,8.66e-4
Earl,8.53e-4
Damon,8.51e-4
Clinton,8.39e-4
Clifford,8.3e-4
Karl,8.27e-4
Neil,8.24e-4
Mitchell,8.09e-4
Darrin,8.01e-4
Norman,7.99e-4
Warren,7.89e-4
Fred,7.89e-4
Jody,7.88e-4
Jesus,7.78e-4
Terrence,7.68e-4
Ray,7.67e-4
Darin,7.57e-4
Wade,7.46e-4
Alfred,7.4e-4
Alex,7.37e-4
Francis,7.29e-4
Clarence,7.26e-4
Lonnie,7.26e-4
Darryl,7.17e-4
Roberto,7.15e-4
Miguel,7.07e-4
Tim,6.96e-4
Ruben,6.96e-4
Adrian,6.81e-4
Geoffrey,6.76e-4
Dustin,6.74e-4
Don,6.71e-4
Jim,6.6e-4
Gabriel,6.52e-4
Byron,6.46e-4
Leon,6.41e-4
Franklin,6.39e-4
Francisco,6.39e-4
Bernard,6.25e-4
Stacy,6.2e-4
Terrance,6.19e-4
Rick,6.19e-4
Leroy,6.14e-4
Gilbert,6.11e-4
Kent,6.06e-4
Joey,5.99e-4
Nathaniel,5.96e-4
Tom,5.92e-4
Hector,5.92e-4
Ian,5.88e-4
Jorge,5.87e-4
Vernon,5.71e-4
Alvin,5.68e-4
Oscar,5.49e-4
Dana,5.46e-4
Roderick,5.46e-4
Angel,5.45e-4
Herbert,5.42e-4
Raul,5.42e-4
Dwight,5.39e-4
Dan,5.36e-4
Bill,5.35e-4
Leslie,5.31e-4
Guy,5.3e-4
Lewis,5.27e-4
Ramon,5.22e-4
Gordon,5.21e-4
Lloyd,5.21e-4
Shaun,5.19e-4
Trevor,5.18e-4
Toby,5.15e-4
Kerry,5.09e-4
Andy,5e-4
Rafael,4.96e-4
Gregg,4.95e-4
Fredrick,4.95e-4
Ted,4.95e-4
Jaime,4.91e-4
Gene,4.89e-4
Marty,4.82e-4
Donnie,4.81e-4
Javier,4.79e-4
Kelvin,4.78e-4
Jacob,4.77e-4
Casey,4.7e-4
Pedro,4.64e-4
Cedric,4.62e-4
Ross,4.62e-4
Bret,4.57e-4
Rene,4.56e-4
Trent,4.53e-4
Perry,4.45e-4
Clayton,4.38e-4
Mathew,4.35e-4
Jimmie,4.3e-4
Clint,4.23e-4
Allan,4.22e-4
Seth,4.17e-4
Grant,4.12e-4
Ron,4.12e-4
Bryant,4.11e-4
Charlie,4.04e-4
Fernando,4.02e-4
Stuart,4.02e-4
Johnnie,4.01e-4
Eduardo,3.97e-4
Heath,3.97e-4
Jackie,3.95e-4
Nelson,3.95e-4
Marshall,3.94e-4
Floyd,3.93e-4
Jared,3.92e-4
Tyler,3.92e-4
Matt,3.88e-4
Roland,3.88e-4
Armando,3.82e-4
Jessie,3.82e-4
Spencer,3.77e-4
Neal,3.77e-4
Orlando,3.77e-4
Alberto,3.75e-4
Marco,3.7e-4
Leo,3.69e-4
Dexter,3.64e-4
Stacey,3.61e-4
Lester,3.57e-4
Ivan,3.55e-4
Noel,3.55e-4
Clifton,3.53e-4
Robbie,3.52e-4
Nick,3.5e-4
Kenny,3.5e-4
Edgar,3.49e-4
Freddie,3.47e-4
Timmy,3.4e-4
Julio,3.37e-4
Felix,3.34e-4
Julian,3.33e-4
Scot,3.32e-4
Dominic,3.31e-4
Milton,3.31e-4
Erick,3.29e-4
Ben,3.26e-4
Colin,3.26e-4
Clyde,3.24e-4
Herman,3.24e-4
Bradford,3.21e-4
Robin,3.21e-4
Garrett,3.16e-4
Sam,3.16e-4
Frankie,3.14e-4
Evan,3.12e-4
Terence,3.12e-4
Angelo,3.1e-4
Alejandro,3.09e-4
Carlton,3.07e-4
Enrique,3.06e-4
Scotty,3.03e-4
Alfredo,3.01e-4
Randolph,3e-4
Arturo,2.99e-4
Cary,2.98e-4
Arnold,2.98e-4
Brendan,2.97e-4
Isaac,2.97e-4
Loren,2.97e-4
Cecil,2.96e-4
Lorenzo,2.94e-4
Rickey,2.93e-4
Randal,2.93e-4
Dewayne,2.91e-4
Dion,2.91e-4
Zachary,2.9e-4
Omar,2.89e-4
Gerard,2.87e-4
Harvey,2.84e-4
Malcolm,2.83e-4
Wendell,2.83e-4
Sergio,2.82e-4
Luke,2.81e-4
Lamont,2.8e-4
Jonathon,2.76e-4
Blake,2.75e-4
Dave,2.75e-4
Preston,2.75e-4
Brady,2.74e-4
Devin,2.74e-4
Chester,2.7e-4
Sidney,2.69e-4
Salvatore,2.68e-4
Cameron,2.66e-4
Rex,2.66e-4
Johnathan,2.65e-4
Donovan,2.63e-4
Bart,2.62e-4
Otis,2.6e-4
Max,2.56e-4
Hugh,2.55e-4
Ken,2.55e-4
Darnell,2.53e-4
Rudy,2.53e-4
Sammy,2.49e-4
Demetrius,2.45e-4
Curt,2.45e-4
Garry,2.45e-4
Lyle,2.45e-4
Clay,2.4e-4
Marlon,2.4e-4
Everett,2.38e-4
Ernesto,2.37e-4
Bryon,2.35e-4
Gerardo,2.34e-4
Claude,2.34e-4
Doug,2.29e-4
Ty,2.29e-4
Kendall,2.28e-4
Jerald,2.25e-4
Israel,2.23e-4
Monte,2.22e-4
Cesar,2.22e-4
Sheldon,2.19e-4
Kris,2.18e-4
Quentin,2.16e-4
Stephan,2.16e-4
Virgil,2.14e-4
Drew,2.13e-4
Bob,2.13e-4
Salvador,2.13e-4
Vance,2.13e-4
Alonzo,2.12e-4
Scottie,2.12e-4
Alfonso,2.12e-4
Jayson,2.11e-4
Wallace,2.11e-4
Morris,2.1e-4
Myron,2.1e-4
Antoine,2.09e-4
Lamar,2.09e-4
Jarrod,2.07e-4
Mickey,2.06e-4
Rodolfo,2.06e-4
Darrel,2.06e-4
Sherman,2.03e-4
Benny,2.01e-4
Earnest,2.01e-4
Clark,2.01e-4
Cody,2e-4
Lynn,2e-4
Rusty,2e-4
Pablo,1.98e-4
Teddy,1.97e-4
Pete,1.96e-4
Roman,1.96e-4
Chadwick,1.94e-4
Tracey,1.94e-4
Marcos,1.93e-4
Oliver,1.93e-4
Kristopher,1.91e-4
Dallas,1.88e-4
Julius,1.87e-4
Abraham,1.86e-4
Bennie,1.85e-4
Terrell,1.85e-4
Ira,1.84e-4
Willard,1.83e-4
Luther,1.82e-4
Daren,1.82e-4
Alton,1.81e-4
Andres,1.81e-4
Chuck,1.81e-4
Dirk,1.8e-4
Stewart,1.8e-4
Gilberto,1.79e-4
Damian,1.78e-4
Archie,1.78e-4
Morgan,1.78e-4
Noah,1.78e-4
Darrick,1.77e-4
Rob,1.74e-4
Blaine,1.74e-4
Monty,1.73e-4
Carey,1.7e-4
Rolando,1.69e-4
Stefan,1.69e-4
Kim,1.66e-4
Jeffry,1.65e-4
Dylan,1.64e-4
Robby,1.64e-4
Tommie,1.64e-4
Forrest,1.63e-4
Rudolph,1.62e-4
Cornelius,1.61e-4
Erich,1.6e-4
Laurence,1.6e-4
Marion,1.6e-4
Dominick,1.58e-4
Ismael,1.57e-4
Edmund,1.57e-4
Jamey,1.54e-4
Grady,1.53e-4
Felipe,1.52e-4
Guillermo,1.51e-4
Roosevelt,1.51e-4
Wilson,1.51e-4
Tod,1.5e-4
Elmer,1.5e-4
Stevie,1.49e-4
Abel,1.49e-4
Derick,1.48e-4
Jamal,1.48e-4
Rory,1.48e-4
Shon,1.47e-4
Reynaldo,1.47e-4
Deon,1.46e-4
Jordan,1.46e-4
Bryce,1.45e-4
Jefferson,1.45e-4
Simon,1.45e-4
Boyd,1.43e-4
Jean,1.43e-4
Donnell,1.42e-4
Gustavo,1.42e-4
Leland,1.41e-4
Kurtis,1.4e-4
Ethan,1.4e-4
Hans,1.4e-4
Erin,1.38e-4
Rogelio,1.38e-4
Darius,1.37e-4
Willis,1.37e-4
Thad,1.36e-4
Wilbert,1.36e-4
Rodger,1.34e-4
Delbert,1.34e-4
Rocky,1.33e-4
Ashley,1.33e-4
Austin,1.31e-4
Reuben,1.31e-4
Josh,1.3e-4
Tomas,1.3e-4
Vince,1.3e-4
Guadalupe,1.3e-4
Robb,1.29e-4
Sylvester,1.29e-4
Hubert,1.29e-4
Denny,1.28e-4
Horace,1.27e-4
Brant,1.27e-4
Owen,1.27e-4
Bert,1.26e-4
Lionel,1.26e-4
Lowell,1.26e-4
Van,1.26e-4
Dino,1.24e-4
Elliott,1.24e-4
Dane,1.23e-4
Emanuel,1.23e-4
Doyle,1.22e-4
Eli,1.22e-4
Lane,1.21e-4
Vaughn,1.21e-4
Will,1.21e-4
Miles,1.2e-4
Dewey,1.2e-4
Trenton,1.2e-4
Elias,1.19e-4
Joesph,1.19e-4
Micah,1.18e-4
Ramiro,1.18e-4
Shayne,1.18e-4
Conrad,1.18e-4
Kendrick,1.18e-4
Dante,1.17e-4
Thaddeus,1.17e-4
Nicolas,1.16e-4
Xavier,1.16e-4
Kory,1.16e-4
Freddy,1.15e-4
Saul,1.15e-4
Sterling,1.15e-4
Alphonso,1.13e-4
Fabian,1.13e-4
Jeremiah,1.13e-4
Royce,1.12e-4
Ernie,1.11e-4
Galen,1.11e-4
Kraig,1.11e-4
Anton,1.1e-4
Courtney,1.1e-4
Rodrick,1.1e-4
Darian,1.09e-4
Darwin,1.09e-4
Louie,1.09e-4
Ervin,1.08e-4
Gavin,1.08e-4
Reid,1.08e-4
Aubrey,1.07e-4
Denis,1.06e-4
Devon,1.06e-4
Reggie,1.05e-4
Mack,1.05e-4
Pierre,1.04e-4
Cleveland,1.03e-4
Tad,1.03e-4
Rod,1.03e-4
Jonas,1.02e-4
Leonardo,1.02e-4
Cornell,1.02e-4
Gerry,1.02e-4
Jamison,1.02e-4
Darron,1.01e-4
Pat,1.01e-4
Santiago,1.01e-4
Sonny,1.01e-4
Efrain,1e-4
Garth,1e-4
Jess,1e-4
Aron,9.9e-5
Brock,9.9e-5
Buddy,9.9e-5
Edmond,9.9e-5
Bradly,9.8e-5
Ellis,9.8e-5
Elijah,9.7e-5
Brenton,9.7e-5
Kip,9.7e-5
Moses,9.7e-5
Domingo,9.6e-5
Marcel,9.6e-5
Wilfredo,9.6e-5
Blair,9.6e-5
Marlin,9.6e-5
Rufus,9.6e-5
Homer,9.5e-5
Quinton,9.5e-5
Mason,9.5e-5
Nolan,9.5e-5
Winston,9.5e-5
Jarrett,9.4e-5
Antony,9.3e-5
Graham,9.2e-5
Percy,9.2e-5
Emilio,9.2e-5
Shad,9.2e-5
Santos,9.1e-5
Emmett,9.1e-5
Reed,9.1e-5
Jerrold,9e-5
Tyson,9e-5
Avery,8.9e-5
Carlo,8.9e-5
Jermaine,8.9e-5
Richie,8.9e-5
Kristian,8.8e-5
Beau,8.8e-5
Keven,8.8e-5
Raphael,8.8e-5
Michel,8.7e-5
Desmond,8.7e-5
Garland,8.7e-5
Ignacio,8.7e-5
Ronny,8.6e-5
Sebastian,8.6e-5
Benito,8.6e-5
Daron,8.6e-5
Joaquin,8.6e-5
Randell,8.6e-5
Elbert,8.5e-5
Hugo,8.5e-5
Irvin,8.5e-5
Quinn,8.5e-5
Jan,8.4e-5
Lucas,8.4e-5
Gino,8.4e-5
Lonny,8.4e-5
Shelby,8.4e-5
Chet,8.3e-5
Humberto,8.3e-5
Judd,8.3e-5
Leif,8.3e-5
Quincy,8.3e-5
Rhett,8.3e-5
Cliff,8.2e-5
Esteban,8.2e-5
Danial,8.1e-5
Phil,8.1e-5
Sammie,8.1e-5
Jacques,8.1e-5
Hank,8e-5
Jerrod,8e-5
Theron,8e-5
Billie,8e-5
Carter,8e-5
Judson,8e-5
Edwardo,7.9e-5
Donny,7.9e-5
Eddy,7.9e-5
Jake,7.9e-5
Lon,7.9e-5
Al,7.8e-5
Carroll,7.8e-5
Collin,7.8e-5
Kirby,7.8e-5
Rickie,7.8e-5
Wilbur,7.8e-5
Amos,7.7e-5
Barton,7.7e-5
Brooks,7.7e-5
Jude,7.7e-5
Woodrow,7.7e-5
Aric,7.7e-5
Deron,7.7e-5
Elliot,7.7e-5
Frederic,7.7e-5
Dorian,7.6e-5
Levi,7.6e-5
Lincoln,7.6e-5
Wilfred,7.6e-5
Zane,7.6e-5
Brain,7.5e-5
Jarvis,7.5e-5
Russel,7.5e-5
Solomon,7.5e-5
Daryle,7.5e-5
Nicky,7.5e-5
Rico,7.5e-5
Shelton,7.5e-5
Andrea,7.4e-5
Colby,7.4e-5
Tobias,7.4e-5
Errol,7.4e-5
Korey,7.4e-5
Emmanuel,7.3e-5
Harlan,7.3e-5
Kennith,7.3e-5
Rocco,7.3e-5
Dusty,7.2e-5
Douglass,7.2e-5
Eldon,7.2e-5
Lisa,7.2e-5
Damion,7e-5
Duncan,7e-5
Kelley,6.9e-5
Britt,6.9e-5
Davis,6.9e-5
Elvin,6.9e-5
Elvis,6.9e-5
Irving,6.9e-5
Merle,6.9e-5
Ward,6.9e-5
Darby,6.8e-5
Coy,6.8e-5
Harley,6.8e-5
Jefferey,6.8e-5
Nickolas,6.8e-5
Ed,6.7e-5
Carmen,6.7e-5
Russ,6.7e-5
Adolfo,6.6e-5
Brendon,6.6e-5
Chance,6.6e-5
Mikel,6.6e-5
Hal,6.6e-5
Malik,6.6e-5
Michelle,6.6e-5
Sandy,6.6e-5
Alexis,6.5e-5
Elton,6.5e-5
Emil,6.5e-5
Wyatt,6.5e-5
Ari,6.5e-5
Kirt,6.5e-5
Vicente,6.5e-5
Damien,6.4e-5
Tobin,6.4e-5
Torrey,6.4e-5
Burton,6.4e-5
Tyron,6.4e-5
Harrison,6.3e-5
Markus,6.3e-5
Paris,6.3e-5
Jennifer,6.2e-5
Kermit,6.2e-5
Torrance,6.2e-5
Vito,6.2e-5
Waylon,6.2e-5
Jade,6.2e-5
Lenny,6.2e-5
Moises,6.2e-5
Taylor,6.2e-5
Deric,6.1e-5
Heriberto,6.1e-5
Linwood,6.1e-5
Noe,6.1e-5
Baron,6.1e-5
Bobbie,6.1e-5
Dwain,6.1e-5
Gregorio,6.1e-5
Lorne,6.1e-5
Trey,6.1e-5
Lanny,6e-5
Kimberly,6e-5
Toney,6e-5
Jed,5.9e-5
Len,5.9e-5
Brook,5.9e-5
Carmine,5.9e-5
Norris,5.9e-5
Tory,5.9e-5
August,5.8e-5
Bennett,5.8e-5
Greggory,5.8e-5
Ulysses,5.8e-5
Adan,5.7e-5
Agustin,5.7e-5
Arron,5.7e-5
Hunter,5.7e-5
Keenan,5.7e-5
Murray,5.7e-5
Erwin,5.7e-5
Jackson,5.7e-5
Landon,5.7e-5
Mauricio,5.7e-5
Rodrigo,5.7e-5
Alec,5.5e-5
Loyd,5.5e-5
Chandler,5.4e-5
Diego,5.4e-5
Junior,5.4e-5
Lars,5.4e-5
Jasen,5.4e-5
Jerold,5.4e-5
Brice,5.3e-5
Carmelo,5.3e-5
Carson,5.3e-5
Eloy,5.3e-5
Hiram,5.3e-5
Odell,5.3e-5
Cole,5.3e-5
Cyrus,5.3e-5
Garret,5.3e-5
Jasper,5.2e-5
Jeromy,5.2e-5
Mary,5.2e-5
Stan,5.2e-5
Chauncey,5.1e-5
Grover,5.1e-5
Marcellus,5.1e-5
Ned,5.1e-5
Barrett,5.1e-5
Kenton,5.1e-5
Mitchel,5.1e-5
Sanford,5.1e-5
Dannie,5e-5
Fidel,5e-5
Thurman,5e-5
Timmothy,5e-5
Armand,4.9e-5
Charley,4.9e-5
Edgardo,4.9e-5
Giovanni,4.9e-5
Wiley,4.9e-5
Bernardo,4.9e-5
Derwin,4.9e-5
Jerel,4.9e-5
Josef,4.9e-5
Federico,4.8e-5
Jammie,4.8e-5
Otto,4.8e-5
Reginal,4.8e-5
Caleb,4.8e-5
Cedrick,4.8e-5
Che,4.8e-5
Enrico,4.8e-5
Everette,4.8e-5
Alfonzo,4.7e-5
Augustine,4.7e-5
Chip,4.7e-5
Constantine,4.7e-5
Davin,4.7e-5
Dereck,4.7e-5
Leonel,4.7e-5
Rigoberto,4.7e-5
Garrick,4.7e-5
Roscoe,4.7e-5
Shanon,4.7e-5
Bernie,4.6e-5
Myles,4.6e-5
Parrish,4.6e-5
Bronson,4.6e-5
Dalton,4.6e-5
Dax,4.6e-5
Leigh,4.6e-5
Marquis,4.6e-5
Ritchie,4.6e-5
Tammy,4.6e-5
Ivory,4.5e-5
Mervin,4.5e-5
Orville,4.5e-5
Wes,4.5e-5
Andreas,4.5e-5
Brandt,4.5e-5
Denver,4.5e-5
Donavan,4.5e-5
Barney,4.4e-5
Brien,4.4e-5
Cordell,4.4e-5
Donn,4.4e-5
Gus,4.4e-5
Lenard,4.4e-5
Norberto,4.4e-5
Angela,4.4e-5
Ariel,4.4e-5
Barron,4.4e-5
Emory,4.4e-5
Gonzalo,4.4e-5
Norbert,4.4e-5
Broderick,4.3e-5
Derik,4.3e-5
Pasquale,4.3e-5
Raymundo,4.3e-5
Boris,4.3e-5
Del,4.3e-5
Delmar,4.3e-5
Erie,4.3e-5
Issac,4.3e-5
Layne,4.3e-5
Darcy,4.2e-5
Francesco,4.2e-5
Kenyatta,4.2e-5
Whitney,4.2e-5
Antione,4.1e-5
Nestor,4.1e-5
Duke,4.1e-5
Giuseppe,4.1e-5
Hollis,4.1e-5
Johnie,4.1e-5
Quintin,4.1e-5
Terrill,4.1e-5
Ali,4e-5
Andra,4e-5
Riley,4e-5
Weldon,4e-5
Aldo,4e-5
Burt,4e-5
Claudio,4e-5
Dario,4e-5
Fletcher,4e-5
Laron,4e-5
Lindsey,4e-5
Alvaro,3.9e-5
Bruno,3.9e-5
Lesley,3.9e-5
Adolph,3.9e-5
Anderson,3.9e-5
Antwan,3.9e-5
Cale,3.9e-5
Mitch,3.9e-5
Berry,3.8e-5
Brennan,3.8e-5
Buck,3.8e-5
Dwaine,3.8e-5
Efren,3.8e-5
Johnathon,3.8e-5
Lemuel,3.8e-5
Millard,3.8e-5
Royal,3.8e-5
Adrain,3.8e-5
Branden,3.8e-5
Corwin,3.8e-5
Curtiss,3.8e-5
Dedric,3.8e-5
Jayme,3.8e-5
Kelsey,3.8e-5
Major,3.8e-5
Romeo,3.8e-5
Torrence,3.8e-5
Emerson,3.7e-5
Forest,3.7e-5
Isidro,3.7e-5
Michale,3.7e-5
Monroe,3.7e-5
Patricia,3.7e-5
Reinaldo,3.7e-5
Shea,3.7e-5
Antonia,3.7e-5
Ezra,3.7e-5
Fredric,3.7e-5
Jonah,3.7e-5
Maxwell,3.7e-5
Melissa,3.7e-5
Michele,3.7e-5
Octavio,3.7e-5
Stanford,3.7e-5
Arnulfo,3.6e-5
Darien,3.6e-5
Kenyon,3.6e-5
Kristin,3.6e-5
Luigi,3.6e-5
Marcelino,3.6e-5
Ollie,3.6e-5
Reese,3.6e-5
Shay,3.6e-5
Silas,3.6e-5
Titus,3.6e-5
Brion,3.6e-5
Corbin,3.6e-5
Cristopher,3.6e-5
Cruz,3.6e-5
Derrell,3.6e-5
Emery,3.6e-5
Genaro,3.6e-5
Jeramy,3.6e-5
Timmie,3.6e-5
Vinson,3.6e-5
Bertram,3.5e-5
Braden,3.5e-5
Desi,3.5e-5
Elgin,3.5e-5
Freeman,3.5e-5
Jacky,3.5e-5
Kenya,3.5e-5
Yancy,3.5e-5
Augustus,3.5e-5
Dedrick,3.5e-5
Dwane,3.5e-5
Elizabeth,3.5e-5
Fritz,3.5e-5
Harris,3.5e-5
