name,percent
Michael,0.042687
James,0.030042
David,0.029229
John,0.028342
Robert,0.027869
Christopher,0.026578
William,0.0195
Jason,0.018808
Brian,0.017959
Scott,0.017009
Richard,0.014395
Jeffrey,0.014222
Mark,0.013828
Kevin,0.013681
Joseph,0.013477
Steven,0.013034
Thomas,0.012742
Eric,0.012641
Matthew,0.012412
Daniel,0.011983
Timothy,0.011051
Charles,0.010919
Anthony,0.010569
Paul,0.009614
Gregory,0.008125
Kenneth,0.008121
Stephen,0.007213
Shawn,0.007053
Chad,0.006671
Todd,0.006638
Ronald,0.0064
Edward,0.006085
Andrew,0.006009
Donald,0.005984
Patrick,0.005941
Sean,0.00578
Keith,0.005423
Gary,0.005059
Douglas,0.00481
Jonathan,0.004749
Aaron,0.004626
George,0.004527
Craig,0.004382
Larry,0.004274
Jeremy,0.00412
Troy,0.004038
Peter,0.003867
Bryan,0.003639
Dennis,0.003627
Jerry,0.003617
Ryan,0.00341
Raymond,0.003358
Jeffery,0.003354
Frank,0.003349
Jose,0.003302
Terry,0.003222
Adam,0.003218
Bradley,0.003184
Rodney,0.002862
Shane,0.0028
Travis,0.002762
Tony,0.00269
Derek,0.002568
Russell,0.002495
Marcus,0.002428
Samuel,0.002423
Randy,0.002391
Chris,0.00236
Benjamin,0.002337
Marc,0.002315
Roger,0.002272
Carl,0.002233
Brent,0.002229
Johnny,0.002166
Billy,0.00215
Phillip,0.002118
Corey,0.002076
Jon,0.002043
Bobby,0.002011
Joshua,0.002007
Juan,0.002001
Danny,0.001985
Gerald,0.001977
Derrick,0.001967
Lawrence,0.001942
Joel,0.001922
Vincent,0.001889
Curtis,0.001885
Carlos,0.001882
Walter,0.001847
Brett,0.001845
Wayne,0.001834
Jimmy,0.001824
Philip,0.001818
Brandon,0.001796
Jamie,0.001781
Erik,0.001764
Lance,0.001749
Alan,0.001743
Darren,0.001738
Joe,0.001732
Randall,0.001704
Justin,0.001681
Nathan,0.001677
Martin,0.001657
Shannon,0.001653
Jesse,0.001651
Bruce,0.001637
Frederick,0.001636
Roy,0.001627
Antonio,0.001621
Henry,0.001617
Victor,0.001589
Jay,0.001577
Willie,0.001573
Kyle,0.001557
Darrell,0.001551
Arthur,0.00155
Albert,0.001474
Allen,0.001471
Ricky,0.001458
Christian,0.001454
Nicholas,0.001436
Micheal,0.001405
Dale,0.001399
Louis,0.001387
Glenn,0.001362
Lee,0.001361
Andre,0.001329
Harold,0.001314
Jack,0.001302
Steve,0.001301
Barry,0.001299
Alexander,0.001297
Ronnie,0.001267
Kelly,0.001246
Dean,0.001236
Luis,0.001227
Brad,0.001192
Jeff,0.001186
Reginald,0.001165
Tyrone,0.001163
Ernest,0.001155
Tracy,0.001142
Eugene,0.001133
Leonard,0.001122
Eddie,0.00111
Ralph,0.001097
Tommy,0.001095
Cory,0.001094
Wesley,0.001078
Marvin,0.001061
Mike,0.001057
Mario,0.001044
Kurt,0.001031
Howard,0.001013
Dwayne,0.001005
Stanley,9.71e-4
Kirk,9.6e-4
Jerome,9.41e-4
Greg,9.39e-4
Jody,9.36e-4
Maurice,9.36e-4
Manuel,9.24e-4
Ricardo,9.18e-4
Theodore,9.17e-4
Duane,8.89e-4
Calvin,8.78e-4
Daryl,8.76e-4
Damon,8.72e-4
Jesus,8.7e-4
Melvin,8.69e-4
Gabriel,8.66e-4
Glen,8.42e-4
Harry,8.42e-4
Edwin,8.38e-4
Earl,8.28e-4
Adrian,8.27e-4
Clinton,8.16e-4
Miguel,8.1e-4
Dustin,8.08e-4
Neil,7.81e-4
Warren,7.68e-4
Roberto,7.65e-4
Clifford,7.59e-4
Alfred,7.54e-4
Clarence,7.54e-4
Alex,7.51e-4
Norman,7.39e-4
Mitchell,7.37e-4
Karl,7.28e-4
Ruben,7.26e-4
Darin,7.11e-4
Fred,7.04e-4
Lonnie,7e-4
Darrin,6.95e-4
Ray,6.95e-4
Terrence,6.83e-4
Francisco,6.72e-4
Francis,6.66e-4
Nathaniel,6.66e-4
Geoffrey,6.58e-4
Ian,6.57e-4
Hector,6.46e-4
Bernard,6.43e-4
Wade,6.34e-4
Jorge,6.32e-4
Franklin,6.2e-4
Casey,6.19e-4
Scotty,6.14e-4
Raul,6.14e-4
Terrance,6.06e-4
Dana,6.04e-4
Don,6.02e-4
Trevor,6.02e-4
Shaun,5.98e-4
Byron,5.93e-4
Jared,5.9e-4
Joey,5.9e-4
Darryl,5.87e-4
Oscar,5.86e-4
Gilbert,5.86e-4
Roderick,5.8e-4
Heath,5.8e-4
Jacob,5.79e-4
Tim,5.77e-4
Leon,5.71e-4
Jaime,5.68e-4
Toby,5.68e-4
Alvin,5.67e-4
Stacy,5.65e-4
Fredrick,5.64e-4
Jermaine,5.59e-4
Leroy,5.57e-4
Kent,5.52e-4
Angel,5.49e-4
Ramon,5.49e-4
Leslie,5.43e-4
Clayton,5.32e-4
Javier,5.3e-4
Herbert,5.22e-4
Lloyd,5.21e-4
Vernon,5.19e-4
Mathew,5.16e-4
Jim,5.15e-4
Lewis,5.13e-4
Gordon,5.03e-4
Pedro,5.01e-4
Dwight,5e-4
Dan,4.97e-4
Donnie,4.88e-4
Kelvin,4.85e-4
Kerry,4.84e-4
Gene,4.83e-4
Bill,4.82e-4
Rafael,4.76e-4
Tom,4.76e-4
Guy,4.75e-4
Rick,4.73e-4
Cedric,4.72e-4
Ross,4.72e-4
Andy,4.66e-4
Trent,4.61e-4
Marty,4.54e-4
Fernando,4.52e-4
Matt,4.43e-4
Ted,4.41e-4
Armando,4.34e-4
Stuart,4.33e-4
Johnnie,4.3e-4
Allan,4.28e-4
Seth,4.27e-4
Gregg,4.26e-4
Jimmie,4.26e-4
Nelson,4.26e-4
Erick,4.24e-4
Marlon,4.22e-4
Jessie,4.19e-4
Rene,4.15e-4
Marco,4.09e-4
Floyd,4.05e-4
Bret,4.04e-4
Eduardo,4.03e-4
Perry,4.03e-4
Jackie,4.03e-4
Tyler,3.98e-4
Bryant,3.96e-4
Isaac,3.91e-4
Zachary,3.85e-4
Charlie,3.83e-4
Ivan,3.83e-4
Alejandro,3.73e-4
Clint,3.73e-4
Orlando,3.73e-4
Edgar,3.71e-4
Marshall,3.71e-4
Alberto,3.68e-4
Ron,3.67e-4
Colin,3.62e-4
Grant,3.62e-4
Robbie,3.62e-4
Leo,3.58e-4
Julian,3.56e-4
Clifton,3.53e-4
Roland,3.53e-4
Noel,3.52e-4
Scottie,3.49e-4
Lester,3.45e-4
Spencer,3.39e-4
Timmy,3.39e-4
Kenny,3.32e-4
Garrett,3.32e-4
Neal,3.31e-4
Felix,3.3e-4
Julio,3.3e-4
Carlton,3.29e-4
Alfredo,3.28e-4
Milton,3.25e-4
Sergio,3.25e-4
Freddie,3.21e-4
Dominic,3.21e-4
Johnathan,3.18e-4
Ben,3.17e-4
Jonathon,3.17e-4
Scot,3.17e-4
Frankie,3.15e-4
Bradford,3.14e-4
Lorenzo,3.13e-4
Chadwick,3.12e-4
Nick,3.1e-4
Robin,3.1e-4
Arturo,3.04e-4
Dexter,3.02e-4
Cary,3e-4
Evan,3e-4
Herman,3e-4
Dewayne,2.99e-4
Brendan,2.99e-4
Preston,2.99e-4
Omar,2.97e-4
Sam,2.97e-4
Terence,2.97e-4
Demetrius,2.96e-4
Enrique,2.96e-4
Cecil,2.95e-4
Wendell,2.92e-4
Luke,2.91e-4
Angelo,2.91e-4
Rickey,2.9e-4
Lamont,2.89e-4
Stacey,2.88e-4
Clyde,2.87e-4
Clay,2.86e-4
Gerard,2.85e-4
Malcolm,2.85e-4
Chester,2.8e-4
Jarrod,2.8e-4
Ernesto,2.76e-4
Sammy,2.76e-4
Arnold,2.75e-4
Harvey,2.74e-4
Cameron,2.73e-4
Dion,2.72e-4
Devin,2.71e-4
Ty,2.71e-4
Donovan,2.64e-4
Noah,2.62e-4
Rex,2.61e-4
Darnell,2.6e-4
Blake,2.6e-4
Brady,2.59e-4
Loren,2.59e-4
Israel,2.58e-4
Salvatore,2.57e-4
Gerardo,2.53e-4
Kristopher,2.53e-4
Bart,2.52e-4
Rudy,2.5e-4
Randal,2.49e-4
Everett,2.45e-4
Sidney,2.44e-4
Salvador,2.42e-4
Randolph,2.41e-4
Monte,2.4e-4
Bryon,2.39e-4
Hugh,2.39e-4
Cesar,2.38e-4
Jayson,2.37e-4
Kendall,2.35e-4
Myron,2.34e-4
Claude,2.33e-4
Virgil,2.32e-4
Antoine,2.31e-4
Alfonso,2.29e-4
Oliver,2.29e-4
Alonzo,2.28e-4
Otis,2.28e-4
Jamal,2.27e-4
Cody,2.26e-4
Dave,2.26e-4
Garry,2.25e-4
Max,2.24e-4
Shad,2.23e-4
Kris,2.19e-4
Andres,2.17e-4
Darrick,2.16e-4
Lyle,2.16e-4
Lamar,2.15e-4
Roman,2.15e-4
Quentin,2.12e-4
Sherman,2.11e-4
Sheldon,2.09e-4
Curt,2.08e-4
Tracey,2.08e-4
Teddy,2.05e-4
Damian,2.04e-4
Kendrick,2.04e-4
Benny,2.04e-4
Morris,2.04e-4
Julius,2.01e-4
Abraham,2e-4
Gilberto,2e-4
Alton,2e-4
Earnest,2e-4
Ken,2e-4
Ethan,1.99e-4
Marcos,1.99e-4
Pete,1.98e-4
Stephan,1.96e-4
Robby,1.95e-4
Rusty,1.95e-4
Wallace,1.95e-4
Pablo,1.95e-4
Darrel,1.94e-4
Rodolfo,1.93e-4
Carey,1.92e-4
Dallas,1.92e-4
Rolando,1.92e-4
Marion,1.9e-4
Terrell,1.9e-4
Erich,1.89e-4
Stewart,1.89e-4
Mickey,1.88e-4
Lynn,1.87e-4
Doug,1.87e-4
Vance,1.86e-4
Ira,1.84e-4
Simon,1.84e-4
Bob,1.79e-4
Josh,1.79e-4
Jeremiah,1.77e-4
Thaddeus,1.77e-4
Clark,1.77e-4
Jerald,1.76e-4
Erin,1.76e-4
Archie,1.74e-4
Forrest,1.74e-4
Luther,1.74e-4
Jamey,1.73e-4
Drew,1.73e-4
Felipe,1.72e-4
Guillermo,1.72e-4
Morgan,1.71e-4
Abel,1.7e-4
Blaine,1.7e-4
Bennie,1.68e-4
Cornelius,1.67e-4
Willard,1.67e-4
Shon,1.66e-4
Monty,1.65e-4
Daren,1.65e-4
Reynaldo,1.61e-4
Jean,1.6e-4
Jeffry,1.6e-4
Jordan,1.6e-4
Sylvester,1.6e-4
Ismael,1.59e-4
Kirby,1.59e-4
Edmund,1.56e-4
Kurtis,1.54e-4
Gustavo,1.53e-4
Stevie,1.53e-4
Dirk,1.51e-4
Rudolph,1.5e-4
Rob,1.5e-4
Elmer,1.49e-4
Donnell,1.48e-4
Guadalupe,1.48e-4
Eli,1.48e-4
Micah,1.48e-4
Wilson,1.48e-4
Xavier,1.48e-4
Chuck,1.47e-4
Jefferson,1.47e-4
Kim,1.46e-4
Thad,1.46e-4
Derick,1.46e-4
Hans,1.46e-4
Ashley,1.45e-4
Austin,1.45e-4
Grady,1.45e-4
Bryce,1.44e-4
Elliott,1.44e-4
Lionel,1.44e-4
Conrad,1.43e-4
Darius,1.43e-4
Roosevelt,1.43e-4
Reuben,1.42e-4
Dylan,1.41e-4
Stefan,1.41e-4
Dominick,1.4e-4
Horace,1.4e-4
Rogelio,1.4e-4
Willis,1.39e-4
Delbert,1.38e-4
Deon,1.38e-4
Marlin,1.37e-4
Owen,1.37e-4
Leland,1.37e-4
Tommie,1.36e-4
Rodger,1.34e-4
Hubert,1.33e-4
Sterling,1.33e-4
Tyson,1.33e-4
Rocky,1.3e-4
Jess,1.28e-4
Trenton,1.28e-4
Tomas,1.27e-4
Jonas,1.26e-4
Laurence,1.26e-4
Ramiro,1.26e-4
Royce,1.26e-4
Courtney,1.24e-4
Desmond,1.24e-4
Fabian,1.23e-4
Elias,1.23e-4
Donny,1.22e-4
Emanuel,1.22e-4
Kristian,1.22e-4
Dewey,1.21e-4
Ervin,1.21e-4
Brant,1.21e-4
Aric,1.2e-4
Aubrey,1.2e-4
Denny,1.2e-4
Quincy,1.2e-4
Gavin,1.19e-4
Leonardo,1.19e-4
Buddy,1.18e-4
Efrain,1.18e-4
Dino,1.17e-4
Doyle,1.17e-4
Ernie,1.17e-4
Van,1.17e-4
Darian,1.17e-4
Joesph,1.17e-4
Lowell,1.17e-4
Nicolas,1.17e-4
Vaughn,1.16e-4
Colby,1.15e-4
Amos,1.14e-4
Bert,1.14e-4
Shayne,1.14e-4
Will,1.14e-4
Winston,1.14e-4
Dane,1.14e-4
Kory,1.14e-4
Graham,1.13e-4
Miles,1.13e-4
Sonny,1.13e-4
Ellis,1.12e-4
Hugo,1.12e-4
Tod,1.12e-4
Carlo,1.12e-4
Rory,1.11e-4
Aron,1.11e-4
Reggie,1.11e-4
Lucas,1.1e-4
Nolan,1.1e-4
Gerry,1.1e-4
Jarrett,1.1e-4
Moses,1.1e-4
Elbert,1.09e-4
Levi,1.09e-4
Chance,1.08e-4
Dante,1.08e-4
Freddy,1.08e-4
Wilbert,1.08e-4
Alphonso,1.08e-4
Carter,1.08e-4
Rufus,1.08e-4
Jennifer,1.07e-4
Rodrick,1.07e-4
Elijah,1.07e-4
Lane,1.07e-4
Louie,1.06e-4
Santiago,1.06e-4
Anton,1.06e-4
Saul,1.06e-4
Wilbur,1.06e-4
Darwin,1.05e-4
Devon,1.05e-4
Galen,1.05e-4
Homer,1.05e-4
Cleveland,1.04e-4
Rico,1.04e-4
Shelby,1.04e-4
Percy,1.03e-4
Dorian,1.03e-4
Wilfredo,1.03e-4
Mack,1.02e-4
Raphael,1.02e-4
Santos,1.02e-4
Boyd,1.02e-4
Emilio,1.02e-4
Sebastian,1.01e-4
Tad,1.01e-4
Lincoln,1e-4
Joaquin,9.9e-5
Marcel,9.9e-5
Kraig,9.9e-5
Russel,9.7e-5
Brock,9.7e-5
Solomon,9.7e-5
Beau,9.6e-5
Cornell,9.6e-5
Jamison,9.6e-5
Jake,9.6e-5
Brenton,9.5e-5
Pierre,9.5e-5
Collin,9.5e-5
Vince,9.5e-5
Jarvis,9.4e-5
Denis,9.2e-5
Kip,9.2e-5
Rickie,9.2e-5
Ari,9.1e-5
Gino,9.1e-5
Shelton,9.1e-5
Esteban,9.1e-5
Michel,9.1e-5
Avery,9e-5
Brooks,9e-5
Garland,9e-5
Mason,9e-5
Brain,8.9e-5
Edmond,8.9e-5
Elliot,8.9e-5
Darron,8.8e-5
Jonah,8.8e-5
Jeromy,8.8e-5
Bradly,8.7e-5
Emmanuel,8.7e-5
Reid,8.7e-5
Alexis,8.6e-5
Jerrod,8.6e-5
Benito,8.6e-5
Merle,8.6e-5
Rod,8.6e-5
Sammie,8.5e-5
Vicente,8.5e-5
Domingo,8.5e-5
Humberto,8.5e-5
Jacques,8.5e-5
Quinton,8.5e-5
Rhett,8.5e-5
Ronny,8.5e-5
Adolfo,8.4e-5
Andrea,8.4e-5
Elton,8.4e-5
Theron,8.4e-5
Randell,8.4e-5
Al,8.3e-5
Blair,8.3e-5
Torrey,8.3e-5
Emmett,8.3e-5
Irvin,8.3e-5
Michelle,8.3e-5
Robb,8.2e-5
Rocco,8.2e-5
Damien,8.1e-5
Daron,8e-5
Garth,8e-5
Lon,8e-5
Phil,8e-5
Quinn,8e-5
Wilfred,8e-5
Antony,8e-5
Carroll,8e-5
Nicky,8e-5
Woodrow,8e-5
Jed,7.9e-5
Jan,7.9e-5
Noe,7.9e-5
Richie,7.9e-5
Wyatt,7.9e-5
Deron,7.8e-5
Jasen,7.8e-5
Kelley,7.7e-5
Taylor,7.7e-5
Danial,7.7e-5
Ignacio,7.7e-5
Pat,7.7e-5
Jude,7.6e-5
Arron,7.5e-5
Jerrold,7.5e-5
Damion,7.5e-5
Vito,7.5e-5
Ali,7.4e-5
Kennith,7.4e-5
Norris,7.4e-5
Billie,7.4e-5
Korey,7.4e-5
Lonny,7.4e-5
Chet,7.3e-5
Frederic,7.3e-5
Harley,7.3e-5
Keven,7.3e-5
Malik,7.3e-5
Tobin,7.3e-5
Elvis,7.2e-5
Zane,7.2e-5
Cliff,7.2e-5
Eddy,7.2e-5
Lisa,7.2e-5
Mauricio,7.1e-5
Agustin,7e-5
Moises,7e-5
Brice,7e-5
Carmen,7e-5
Paris,7e-5
Reed,7e-5
Edwardo,6.9e-5
Heriberto,6.9e-5
Mikel,6.9e-5
Hal,6.9e-5
Barton,6.8e-5
Elvin,6.8e-5
Gus,6.8e-5
Tobias,6.8e-5
Jefferey,6.8e-5
Markus,6.7e-5
Douglass,6.7e-5
Lenny,6.7e-5
Marcellus,6.7e-5
Tyron,6.7e-5
Dax,6.6e-5
Jammie,6.6e-5
Burton,6.6e-5
Daryle,6.6e-5
Dusty,6.6e-5
Sandy,6.6e-5
Torrance,6.6e-5
August,6.5e-5
Brook,6.5e-5
Davis,6.5e-5
Eldon,6.5e-5
Judd,6.5e-5
Adan,6.4e-5
Errol,6.4e-5
Ulysses,6.4e-5
Bobbie,6.4e-5
Kenton,6.4e-5
Augustine,6.3e-5
Britt,6.3e-5
Tory,6.3e-5
Barrett,6.3e-5
Junior,6.3e-5
Leif,6.3e-5
Ned,6.3e-5
Tate,6.2e-5
Sanford,6.2e-5
Nickolas,6.1e-5
Waylon,6.1e-5
Harlan,6.1e-5
Judson,6.1e-5
Loyd,6.1e-5
Eloy,6e-5
Erwin,6e-5
Gregorio,5.9e-5
Hank,5.9e-5
Jasper,5.9e-5
Jackson,5.9e-5
Alvaro,5.8e-5
Landon,5.8e-5
Bernardo,5.8e-5
Kenyatta,5.8e-5
Caleb,5.7e-5
Alec,5.7e-5
Brendon,5.7e-5
Denver,5.7e-5
Ed,5.7e-5
Fidel,5.7e-5
Irving,5.7e-5
Myles,5.7e-5
Russ,5.7e-5
Terrill,5.7e-5
Kimberly,5.6e-5
Diego,5.6e-5
Dwain,5.6e-5
Trey,5.6e-5
Barney,5.5e-5
Coy,5.5e-5
Edgardo,5.5e-5
Garrick,5.5e-5
Hunter,5.5e-5
Issac,5.5e-5
Linwood,5.5e-5
Mitchel,5.5e-5
Whitney,5.5e-5
Chandler,5.4e-5
Emil,5.4e-5
Grover,5.4e-5
Antione,5.4e-5
Cedrick,5.4e-5
Cole,5.4e-5
Harrison,5.4e-5
Keenan,5.4e-5
Kirt,5.4e-5
Dedric,5.3e-5
Federico,5.3e-5
Baron,5.3e-5
Broderick,5.3e-5
Darby,5.3e-5
Ezra,5.3e-5
Parrish,5.3e-5
Riley,5.3e-5
Carmine,5.2e-5
Deric,5.2e-5
Duncan,5.2e-5
Germaine,5.2e-5
Leonel,5.2e-5
Stanford,5.2e-5
Wiley,5.2e-5
Greggory,5.2e-5
Hiram,5.2e-5
Nigel,5.2e-5
Otto,5.2e-5
Timmothy,5.2e-5
Giovanni,5.1e-5
Jerod,5.1e-5
Lamonte,5.1e-5
Murray,5.1e-5
Rodrigo,5.1e-5
Ward,5.1e-5
Angela,5.1e-5
Dalton,5.1e-5
Jade,5.1e-5
Johnathon,5.1e-5
Laron,5.1e-5
Lorne,5.1e-5
Odell,5.1e-5
Osvaldo,5.1e-5
Thurman,5.1e-5
Antwan,5e-5
Christoper,5e-5
Kermit,5e-5
Andra,5e-5
Derik,5e-5
Emory,5e-5
Chadd,4.9e-5
Everette,4.9e-5
Giuseppe,4.9e-5
Jeramy,4.9e-5
Josef,4.9e-5
Lars,4.9e-5
Marquis,4.9e-5
Jarod,4.8e-5
Shanon,4.8e-5
Tristan,4.8e-5
Lenard,4.8e-5
Raymundo,4.8e-5
Ariel,4.7e-5
Brannon,4.7e-5
Brien,4.7e-5
Che,4.7e-5
Davin,4.7e-5
Forest,4.7e-5
Mary,4.7e-5
Rigoberto,4.7e-5
Ritchie,4.7e-5
Weldon,4.7e-5
Bennett,4.7e-5
Isaiah,4.7e-5
Antonia,4.6e-5
Carson,4.6e-5
Charley,4.6e-5
Gonzalo,4.6e-5
Jeremey,4.6e-5
Lanny,4.6e-5
Alfonzo,4.6e-5
Chip,4.6e-5
Cristopher,4.6e-5
Titus,4.6e-5
Wes,4.6e-5
Weston,4.6e-5
Anderson,4.5e-5
Andreas,4.5e-5
Charlton,4.5e-5
Deandre,4.5e-5
Dedrick,4.5e-5
Cordell,4.5e-5
Cyrus,4.5e-5
Kiley,4.5e-5
Orville,4.5e-5
Armand,4.4e-5
Carmelo,4.4e-5
Lazaro,4.4e-5
Reinaldo,4.4e-5
Dannie,4.3e-5
Donavon,4.3e-5
Fredric,4.3e-5
Hollis,4.3e-5
Ivory,4.3e-5
Pasquale,4.3e-5
Rich,4.3e-5
Sedrick,4.3e-5
Thor,4.3e-5
Branden,4.3e-5
Brennan,4.3e-5
Constantine,4.3e-5
Emery,4.3e-5
Hassan,4.3e-5
Jamel,4.3e-5
Jeramie,4.3e-5
Marcelo,4.3e-5
Coby,4.2e-5
Deshawn,4.2e-5
Toriano,4.2e-5
Truman,4.2e-5
Barron,4.2e-5
Bruno,4.2e-5
Cale,4.2e-5
Dereck,4.2e-5
Kenyon,4.2e-5
Kwame,4.2e-5
Norbert,4.2e-5
Stoney,4.2e-5
Torrence,4.2e-5
Amy,4.1e-5
Chauncey,4.1e-5
Donavan,4.1e-5
Jerold,4.1e-5
Melissa,4.1e-5
Audie,4.1e-5
Bernie,4.1e-5
Duke,4.1e-5
Francesco,4.1e-5
Johnie,4.1e-5
Kasey,4.1e-5
Leigh,4.1e-5
Michale,4.1e-5
Monroe,4.1e-5
Stan,4.1e-5
Eugenio,4e-5
Roscoe,4e-5
Silas,4e-5
Bartholomew,4e-5
Demian,4e-5
Donell,4e-5
Kristofer,4e-5
Len,4e-5
Paulo,4e-5
Toney,4e-5
Aldo,3.9e-5
Berry,3.9e-5
Donte,3.9e-5
Efren,3.9e-5
Kelsey,3.9e-5
Kieth,3.9e-5
Lesley,3.9e-5
Norberto,3.9e-5
Ollie,3.9e-5
Derwin,3.9e-5
Vincenzo,3.9e-5
Vinson,3.9e-5
Von,3.9e-5
Brandt,3.8e-5
Domenic,3.8e-5
Freeman,3.8e-5
Jameson,3.8e-5
Mariano,3.8e-5
Reginal,3.8e-5
Tye,3.8e-5
Burt,3.7e-5
Ferdinand,3.7e-5
Fletcher,3.7e-5
Gil,3.7e-5
Roel,3.7e-5
Yancy,3.7e-5
Arnulfo,3.7e-5
Aurelio,3.7e-5
Darell,3.7e-5
Luciano,3.7e-5
Major,3.7e-5
Royal,3.7e-5
Adrain,3.6e-5
Basil,3.6e-5
Jarred,3.6e-5
Jayme,3.6e-5
