name,percent
Michael,0.042659
Christopher,0.031235
James,0.02812
David,0.027686
John,0.025775
Robert,0.0257
Jason,0.022366
Brian,0.021699
William,0.018227
Matthew,0.013694
Scott,0.013653
Joseph,0.013417
Kevin,0.013356
Richard,0.013327
Daniel,0.013203
Eric,0.01316
Jeffrey,0.01295
Mark,0.012851
Steven,0.011865
Thomas,0.011681
Timothy,0.010519
Anthony,0.010431
Charles,0.010142
Paul,0.008704
Chad,0.008004
Gregory,0.007805
Kenneth,0.007371
Shawn,0.006742
Stephen,0.006598
Andrew,0.006046
Todd,0.005966
Ronald,0.00568
Sean,0.005642
Edward,0.005555
Patrick,0.005541
Donald,0.005535
Jonathan,0.005507
Keith,0.00547
Ryan,0.005308
Aaron,0.004699
Gary,0.004637
Jeremy,0.004423
Douglas,0.004417
George,0.004273
Bryan,0.004202
Craig,0.004018
Larry,0.003947
Peter,0.003867
Troy,0.003795
Jose,0.003542
Adam,0.003432
Dennis,0.00335
Jerry,0.003342
Raymond,0.003251
Shane,0.00313
Frank,0.003083
Travis,0.003068
Jeffery,0.003031
Joshua,0.00301
Justin,0.002968
Bradley,0.002884
Terry,0.002852
Brandon,0.002765
Benjamin,0.002688
Rodney,0.002603
Samuel,0.002512
Derek,0.002475
Tony,0.002387
Russell,0.002262
Randy,0.002235
Marcus,0.002205
Jamie,0.002196
Juan,0.00219
Johnny,0.002128
Brent,0.002113
Joel,0.002112
Roger,0.002109
Phillip,0.002109
Nathan,0.002101
Brett,0.002095
Chris,0.002076
Billy,0.002075
Marc,0.002068
Carlos,0.00205
Carl,0.002036
Erik,0.00203
Danny,0.001974
Jesse,0.001929
Jon,0.001925
Bobby,0.001899
Derrick,0.001843
Curtis,0.001838
Antonio,0.001804
Shannon,0.001802
Corey,0.00179
Christian,0.001766
Jimmy,0.00175
Walter,0.00174
Nicholas,0.001696
Lawrence,0.001687
Joe,0.001684
Gerald,0.001684
Wayne,0.001667
Philip,0.001655
Vincent,0.00164
Darren,0.0016
Victor,0.001562
Micheal,0.001558
Willie,0.00155
Alan,0.001539
Tracy,0.001515
Albert,0.0015
Roy,0.001479
Kyle,0.001478
Frederick,0.001462
Jay,0.001457
Martin,0.001448
Henry,0.001448
Arthur,0.001432
Randall,0.001408
Bruce,0.001386
Darrell,0.001383
Allen,0.001376
Luis,0.001359
Lee,0.001352
Lance,0.001349
Ricky,0.001341
Andre,0.001286
Alexander,0.001267
Louis,0.001258
Dale,0.001233
Harold,0.001215
Ronnie,0.001197
Glenn,0.001182
Jermaine,0.00117
Cory,0.001169
Damon,0.00115
Mario,0.00115
Kelly,0.001147
Gabriel,0.001144
Reginald,0.001143
Jack,0.001132
Steve,0.001105
Tyrone,0.001099
Eugene,0.001081
Tommy,0.001061
Ernest,0.001058
Barry,0.001047
Brad,0.001047
Eddie,0.001041
Leonard,0.001025
Manuel,0.001017
Ricardo,0.001012
Wesley,0.001012
Dean,0.001006
Jacob,0.001003
Duane,0.001001
Adrian,0.001
Ralph,9.98e-4
Maurice,9.8e-4
Jesus,9.64e-4
Marvin,9.55e-4
Dwayne,9.51e-4
Kurt,9.47e-4
Dustin,9.35e-4
Jerome,9.26e-4
Jeff,9.21e-4
Howard,8.94e-4
Clinton,8.85e-4
Stanley,8.84e-4
Melvin,8.7e-4
Calvin,8.66e-4
Greg,8.6e-4
Miguel,8.48e-4
Theodore,8.47e-4
Roberto,8.33e-4
Edwin,8.32e-4
Mike,8.29e-4
Mitchell,8.19e-4
Kirk,8.06e-4
Jody,8.02e-4
Francisco,7.98e-4
Harry,7.95e-4
Ruben,7.89e-4
Neil,7.79e-4
Clifford,7.56e-4
Jared,7.52e-4
Earl,7.47e-4
Ian,7.46e-4
Heath,7.36e-4
Clarence,7.27e-4
Nathaniel,7.22e-4
Daryl,7.17e-4
Jorge,7.15e-4
Casey,7.11e-4
Alex,7.09e-4
Ray,7.04e-4
Norman,7.03e-4
Karl,6.99e-4
Alfred,6.97e-4
Terrence,6.94e-4
Glen,6.88e-4
Darin,6.75e-4
Hector,6.65e-4
Oscar,6.64e-4
Terrance,6.62e-4
Lonnie,6.57e-4
Trevor,6.54e-4
Warren,6.54e-4
Geoffrey,6.31e-4
Wade,6.29e-4
Bernard,6.27e-4
Raul,6.27e-4
Fred,6.21e-4
Lamont,6.2e-4
Dana,6.16e-4
Leon,6.15e-4
Marlon,6.14e-4
Jaime,6.03e-4
Ramon,5.98e-4
Zachary,5.98e-4
Francis,5.9e-4
Don,5.84e-4
Gilbert,5.75e-4
Angel,5.69e-4
Shaun,5.66e-4
Byron,5.65e-4
Fredrick,5.62e-4
Roderick,5.62e-4
Clayton,5.56e-4
Franklin,5.54e-4
Rafael,5.53e-4
Leroy,5.49e-4
Stacy,5.46e-4
Clint,5.44e-4
Mathew,5.43e-4
Joey,5.42e-4
Darryl,5.38e-4
Javier,5.37e-4
Cedric,5.37e-4
Toby,5.31e-4
Alvin,5.28e-4
Kelvin,5.28e-4
Seth,5.18e-4
Vernon,5.15e-4
Donnie,5.14e-4
Darrin,5.14e-4
Pedro,5.04e-4
Leslie,5.01e-4
Tyler,4.98e-4
Isaac,4.83e-4
Herbert,4.82e-4
Lewis,4.8e-4
Kent,4.7e-4
Fernando,4.68e-4
Armando,4.63e-4
Dwight,4.61e-4
Andy,4.58e-4
Rene,4.58e-4
Scotty,4.53e-4
Jessie,4.51e-4
Lloyd,4.49e-4
Erick,4.47e-4
Gene,4.45e-4
Kerry,4.39e-4
Tim,4.37e-4
Guy,4.35e-4
Marco,4.32e-4
Gordon,4.3e-4
Bryant,4.28e-4
Kristopher,4.26e-4
Eduardo,4.24e-4
Trent,4.24e-4
Jim,4.23e-4
Ross,4.21e-4
Alejandro,4.18e-4
Ivan,4.13e-4
Johnnie,4.12e-4
Bill,4.09e-4
Rick,4.08e-4
Dan,4.05e-4
Jackie,4.03e-4
Alberto,4.03e-4
Ted,4e-4
Jimmie,3.96e-4
Johnathan,3.91e-4
Marshall,3.85e-4
Omar,3.84e-4
Sergio,3.83e-4
Charlie,3.82e-4
Edgar,3.78e-4
Bret,3.76e-4
Gregg,3.75e-4
Orlando,3.75e-4
Allan,3.75e-4
Julian,3.74e-4
Damian,3.73e-4
Clifton,3.73e-4
Nelson,3.7e-4
Chadwick,3.7e-4
Spencer,3.69e-4
Julio,3.67e-4
Marty,3.66e-4
Floyd,3.64e-4
Demetrius,3.57e-4
Arturo,3.56e-4
Enrique,3.56e-4
Freddie,3.55e-4
Ben,3.54e-4
Lester,3.52e-4
Alfredo,3.51e-4
Stuart,3.51e-4
Matt,3.5e-4
Robbie,3.5e-4
Dominic,3.47e-4
Tom,3.47e-4
Grant,3.44e-4
Roland,3.44e-4
Luke,3.42e-4
Colin,3.41e-4
Preston,3.39e-4
Evan,3.35e-4
Jonathon,3.34e-4
Cameron,3.31e-4
Herman,3.29e-4
Leo,3.29e-4
Nick,3.29e-4
Perry,3.24e-4
Stacey,3.24e-4
Garrett,3.23e-4
Noel,3.21e-4
Angelo,3.19e-4
Neal,3.19e-4
Dewayne,3.17e-4
Terence,3.16e-4
Antoine,3.15e-4
Felix,3.12e-4
Lorenzo,3.11e-4
Jarrod,3.11e-4
Robin,3.08e-4
Ethan,3.07e-4
Rickey,3.04e-4
Brendan,3.01e-4
Kenny,3e-4
Ron,2.96e-4
Frankie,2.96e-4
Sam,2.96e-4
Cesar,2.93e-4
Clyde,2.9e-4
Israel,2.9e-4
Milton,2.9e-4
Cody,2.89e-4
Dexter,2.89e-4
Cecil,2.84e-4
Arnold,2.83e-4
Rudy,2.82e-4
Bradford,2.81e-4
Devin,2.81e-4
Darnell,2.8e-4
Tracey,2.78e-4
Bryce,2.78e-4
Timmy,2.77e-4
Sammy,2.77e-4
Carlton,2.76e-4
Sidney,2.76e-4
Blake,2.75e-4
Jayson,2.75e-4
Gerardo,2.73e-4
Brady,2.71e-4
Salvador,2.69e-4
Malcolm,2.68e-4
Ernesto,2.68e-4
Harvey,2.66e-4
Clay,2.63e-4
Scot,2.62e-4
Scottie,2.61e-4
Jamal,2.59e-4
Wendell,2.59e-4
Loren,2.58e-4
Everett,2.55e-4
Ty,2.54e-4
Lamar,2.53e-4
Bryon,2.52e-4
Noah,2.52e-4
Salvatore,2.5e-4
Dion,2.49e-4
Chester,2.47e-4
Randolph,2.47e-4
Cary,2.46e-4
Marcos,2.43e-4
Hugh,2.41e-4
Demond,2.41e-4
Donovan,2.41e-4
Kris,2.4e-4
Gerard,2.37e-4
Max,2.32e-4
Abraham,2.31e-4
Jamey,2.31e-4
Rodolfo,2.31e-4
Alfonso,2.3e-4
Randal,2.28e-4
Curt,2.27e-4
Otis,2.27e-4
Shad,2.27e-4
Myron,2.25e-4
Kareem,2.25e-4
Rex,2.24e-4
Micah,2.22e-4
Alonzo,2.21e-4
Andres,2.21e-4
Sherman,2.2e-4
Garry,2.19e-4
Virgil,2.19e-4
Cornelius,2.19e-4
Oliver,2.19e-4
Claude,2.16e-4
Roman,2.16e-4
Thaddeus,2.16e-4
Monte,2.15e-4
Josh,2.14e-4
Stephan,2.1e-4
Pablo,2.09e-4
Terrell,2.09e-4
Benny,2.08e-4
Ira,2.07e-4
Derick,2.06e-4
Quentin,2.06e-4
Bart,2.05e-4
Darrel,2.05e-4
Jeremiah,2.05e-4
Gilberto,2.04e-4
Quincy,2.03e-4
Simon,2.03e-4
Teddy,2e-4
Earnest,1.99e-4
Julius,1.97e-4
Kendall,1.97e-4
Rusty,1.95e-4
Wallace,1.95e-4
Mickey,1.95e-4
Sheldon,1.94e-4
Abel,1.93e-4
Drew,1.92e-4
Rolando,1.9e-4
Owen,1.89e-4
Robby,1.88e-4
Darrick,1.88e-4
Lyle,1.88e-4
Pete,1.87e-4
Dave,1.86e-4
Morris,1.83e-4
Dallas,1.82e-4
Dylan,1.8e-4
Kendrick,1.8e-4
Morgan,1.8e-4
Marion,1.79e-4
Alton,1.75e-4
Luther,1.75e-4
Lynn,1.75e-4
Jerald,1.74e-4
Darius,1.74e-4
Erich,1.73e-4
Erin,1.72e-4
Felipe,1.72e-4
Ken,1.72e-4
Willard,1.71e-4
Carey,1.69e-4
Ismael,1.67e-4
Guillermo,1.67e-4
Ramiro,1.67e-4
Rogelio,1.67e-4
Dominick,1.64e-4
Ashley,1.64e-4
Damien,1.64e-4
Forrest,1.63e-4
Bennie,1.63e-4
Stevie,1.62e-4
Clark,1.61e-4
Tyson,1.6e-4
Archie,1.6e-4
Eli,1.59e-4
Kirby,1.59e-4
Monty,1.58e-4
Sonny,1.57e-4
Stewart,1.57e-4
Gustavo,1.57e-4
Jake,1.56e-4
Blaine,1.55e-4
Jordan,1.55e-4
Grady,1.54e-4
Stefan,1.53e-4
Doug,1.52e-4
Xavier,1.52e-4
Dante,1.52e-4
Shon,1.52e-4
Elias,1.51e-4
Leland,1.51e-4
Tomas,1.51e-4
Guadalupe,1.5e-4
Desmond,1.47e-4
Edmund,1.46e-4
Saul,1.46e-4
Willis,1.46e-4
Deon,1.46e-4
Elmer,1.46e-4
Leonardo,1.46e-4
Jess,1.45e-4
Reynaldo,1.43e-4
Donnell,1.42e-4
Damion,1.42e-4
Tommie,1.42e-4
Donny,1.41e-4
Marlin,1.41e-4
Jefferson,1.4e-4
Lucas,1.39e-4
Austin,1.39e-4
Buddy,1.39e-4
Rudolph,1.38e-4
Conrad,1.37e-4
Freddy,1.37e-4
Reuben,1.37e-4
Rocky,1.37e-4
Roosevelt,1.37e-4
Wilson,1.36e-4
Jean,1.36e-4
Chuck,1.35e-4
Vance,1.35e-4
Hans,1.34e-4
Jamison,1.34e-4
Denny,1.34e-4
Sylvester,1.34e-4
Thad,1.34e-4
Bob,1.33e-4
Ervin,1.33e-4
Jeffry,1.33e-4
Brant,1.32e-4
Trenton,1.32e-4
Kim,1.31e-4
Delbert,1.3e-4
Emanuel,1.3e-4
Daren,1.28e-4
Lionel,1.28e-4
Laurence,1.28e-4
Anton,1.27e-4
Efrain,1.27e-4
Fabian,1.27e-4
Kristian,1.27e-4
Louie,1.27e-4
Colby,1.26e-4
Joesph,1.26e-4
Levi,1.26e-4
Jerrod,1.25e-4
Elijah,1.25e-4
Kurtis,1.24e-4
Dorian,1.23e-4
Kory,1.23e-4
Courtney,1.22e-4
Carlo,1.22e-4
Horace,1.22e-4
Miles,1.22e-4
Reggie,1.22e-4
Dane,1.21e-4
Nicolas,1.21e-4
Garrick,1.2e-4
Marcel,1.2e-4
Bert,1.2e-4
Elliott,1.19e-4
Rob,1.19e-4
Devon,1.18e-4
Moses,1.18e-4
Shayne,1.18e-4
Graham,1.17e-4
Emilio,1.16e-4
Jasen,1.15e-4
Rodger,1.15e-4
Esteban,1.15e-4
Vaughn,1.15e-4
Jennifer,1.14e-4
Alphonso,1.12e-4
Brice,1.12e-4
Rodrick,1.12e-4
Rory,1.12e-4
Galen,1.11e-4
Joaquin,1.11e-4
Van,1.11e-4
Royce,1.1e-4
Sterling,1.1e-4
Wilbert,1.1e-4
Will,1.1e-4
Jarrett,1.09e-4
Dewey,1.09e-4
Hubert,1.09e-4
Aron,1.08e-4
Jeromy,1.08e-4
Raphael,1.08e-4
Aubrey,1.08e-4
Rufus,1.08e-4
Brain,1.06e-4
Santiago,1.06e-4
Shelton,1.06e-4
Percy,1.05e-4
Brock,1.05e-4
Hugo,1.04e-4
Gavin,1.03e-4
Shelby,1.03e-4
Ignacio,1.02e-4
Avery,1.02e-4
Garland,1.01e-4
Chance,1e-4
Emmanuel,1e-4
Dino,1e-4
Elton,9.9e-5
Torrey,9.9e-5
Jonas,9.9e-5
Carter,9.8e-5
Dirk,9.8e-5
Winston,9.8e-5
Tory,9.7e-5
Al,9.7e-5
Doyle,9.6e-5
Vidal,9.6e-5
Tad,9.6e-5
Gerry,9.5e-5
Santos,9.5e-5
Denis,9.4e-5
Jarvis,9.4e-5
Theron,9.4e-5
Amos,9.4e-5
Germaine,9.4e-5
Ronny,9.4e-5
Vicente,9.4e-5
Mack,9.3e-5
Robb,9.3e-5
Wilfredo,9.3e-5
Beau,9.3e-5
Jacques,9.3e-5
Reid,9.3e-5
Danial,9.2e-5
Brenton,9.1e-5
Collin,9.1e-5
Elliot,9.1e-5
Jonah,9.1e-5
Boyd,9.1e-5
Ellis,9.1e-5
Garth,9.1e-5
Lane,9.1e-5
Lowell,9.1e-5
Rico,9.1e-5
Aric,9e-5
Kraig,9e-5
Pierre,9e-5
Sammie,9e-5
Tod,9e-5
Sebastian,9e-5
Wyatt,9e-5
Darian,8.9e-5
Emmett,8.9e-5
Humberto,8.9e-5
Kip,8.9e-5
Rickie,8.9e-5
Michel,8.8e-5
Cornell,8.8e-5
Ernie,8.8e-5
Elbert,8.7e-5
Cleveland,8.7e-5
Issac,8.7e-5
Noe,8.7e-5
Benito,8.6e-5
Nolan,8.6e-5
Solomon,8.6e-5
Homer,8.5e-5
Jude,8.5e-5
Lonny,8.5e-5
Richie,8.5e-5
Darwin,8.5e-5
Bradly,8.4e-5
Zane,8.4e-5
Lincoln,8.4e-5
Rhett,8.4e-5
Tobias,8.4e-5
Andrea,8.3e-5
Barrett,8.3e-5
Keven,8.3e-5
Mauricio,8.3e-5
Woodrow,8.2e-5
Cole,8.1e-5
Adolfo,8.1e-5
Alexis,8.1e-5
Domingo,8.1e-5
Malik,8.1e-5
Michelle,8.1e-5
Toriano,8.1e-5
Zachariah,8.1e-5
Antwan,8e-5
Carroll,8e-5
Dusty,8e-5
Harley,8e-5
Jammie,7.9e-5
Daron,7.9e-5
Edwardo,7.9e-5
Mason,7.9e-5
Quinton,7.9e-5
Wilbur,7.9e-5
Blair,7.8e-5
Jed,7.8e-5
Antony,7.7e-5
Rocco,7.7e-5
Arron,7.6e-5
Edmond,7.6e-5
Nicky,7.6e-5
Heriberto,7.6e-5
Jan,7.6e-5
Taylor,7.6e-5
Brooks,7.5e-5
Moises,7.5e-5
Barton,7.4e-5
Darron,7.4e-5
Carmelo,7.3e-5
Carmen,7.3e-5
Jefferey,7.3e-5
Elvin,7.3e-5
Giovanni,7.3e-5
Reed,7.3e-5
Rod,7.2e-5
Tyron,7.2e-5
Vito,7.2e-5
Phil,7.2e-5
Ali,7.1e-5
Elvis,7.1e-5
Judson,7.1e-5
Nickolas,7.1e-5
Vince,7.1e-5
Judd,7e-5
Federico,6.9e-5
Irvin,6.9e-5
Quinn,6.9e-5
Hal,6.9e-5
Harlan,6.9e-5
Jerod,6.9e-5
Cedrick,6.8e-5
Deron,6.8e-5
Harrison,6.8e-5
Torrance,6.8e-5
Trey,6.8e-5
Caleb,6.8e-5
Coy,6.8e-5
Rodrigo,6.8e-5
Russel,6.8e-5
Antione,6.7e-5
Burton,6.7e-5
Johnathon,6.7e-5
Landon,6.7e-5
Merle,6.7e-5
Mikel,6.7e-5
Jackson,6.6e-5
Kenyatta,6.6e-5
Ari,6.6e-5
Kirt,6.6e-5
Leif,6.6e-5
Wilfred,6.6e-5
Adan,6.5e-5
Brendon,6.5e-5
Errol,6.5e-5
Gino,6.5e-5
Kennith,6.5e-5
Sandy,6.5e-5
Bobbie,6.5e-5
Jamar,6.5e-5
Billie,6.4e-5
Branden,6.4e-5
Hank,6.4e-5
Kristofer,6.4e-5
Lenny,6.4e-5
Mitchel,6.4e-5
Bernardo,6.3e-5
Erwin,6.3e-5
Raymundo,6.3e-5
Gregorio,6.3e-5
Jerrold,6.3e-5
Randell,6.3e-5
Carson,6.2e-5
Ezra,6.2e-5
Jasper,6.2e-5
Keenan,6.2e-5
Kenya,6.2e-5
Kwame,6.2e-5
Ulysses,6.2e-5
Cliff,6.2e-5
Dedrick,6.2e-5
Diego,6.2e-5
Irving,6.2e-5
Chet,6.1e-5
Kelley,6.1e-5
Jade,6e-5
Korey,6e-5
Ariel,6e-5
Augustine,6e-5
Deshawn,6e-5
Kenyon,6e-5
Linwood,6e-5
Marquis,6e-5
Paris,6e-5
Broderick,5.9e-5
Dax,5.9e-5
Kermit,5.9e-5
Lon,5.9e-5
Abdul,5.9e-5
August,5.9e-5
Britt,5.9e-5
Douglass,5.9e-5
Giuseppe,5.9e-5
Hiram,5.9e-5
Agustin,5.8e-5
Alvaro,5.7e-5
Chadd,5.7e-5
Davis,5.7e-5
Deric,5.7e-5
Jeramy,5.7e-5
Marcellus,5.7e-5
Markus,5.7e-5
Deandre,5.7e-5
Eddy,5.7e-5
Gus,5.7e-5
Lorne,5.7e-5
Osvaldo,5.7e-5
Aurelio,5.6e-5
Denver,5.6e-5
Jermain,5.6e-5
Lisa,5.6e-5
Norris,5.6e-5
Pat,5.6e-5
Toney,5.6e-5
Tremayne,5.6e-5
Ward,5.6e-5
Chandler,5.6e-5
Jamel,5.6e-5
Emil,5.5e-5
Jarod,5.5e-5
Lanny,5.5e-5
Odell,5.5e-5
Everette,5.4e-5
Kimberly,5.4e-5
Barney,5.4e-5
Chase,5.4e-5
Donte,5.4e-5
Eldon,5.4e-5
Eloy,5.4e-5
Lamonte,5.4e-5
Nigel,5.4e-5
Sedrick,5.4e-5
Tobin,5.4e-5
Donavan,5.3e-5
Donell,5.3e-5
Rigoberto,5.3e-5
Antonia,5.3e-5
Bennett,5.3e-5
Darby,5.3e-5
Derik,5.3e-5
Alec,5.2e-5
Duncan,5.2e-5
Dwain,5.2e-5
Frederic,5.2e-5
Gonzalo,5.2e-5
Leonel,5.2e-5
Myles,5.2e-5
Shanon,5.2e-5
Weston,5.2e-5
Adrain,5.1e-5
Brook,5.1e-5
Cyrus,5.1e-5
Garret,5.1e-5
Jeremie,5.1e-5
Lars,5.1e-5
Waylon,5.1e-5
Greggory,5.1e-5
Otto,5.1e-5
Bernie,5e-5
Dannie,5e-5
Hunter,5e-5
Junior,5e-5
Kenton,5e-5
Marlo,5e-5
Melissa,5e-5
Riley,5e-5
Titus,5e-5
Thurman,5e-5
Alfonzo,4.9e-5
Chauncey,4.9e-5
Grover,4.9e-5
Isaiah,4.9e-5
Lashawn,4.8e-5
Lenard,4.8e-5
Tate,4.8e-5
Weldon,4.8e-5
Brandy,4.8e-5
Fidel,4.8e-5
Genaro,4.8e-5
Josef,4.8e-5
Josue,4.8e-5
Chaim,4.7e-5
Che,4.7e-5
Christoper,4.7e-5
Jayme,4.7e-5
Laron,4.7e-5
Andreas,4.7e-5
Bruno,4.7e-5
Edgardo,4.7e-5
Parrish,4.7e-5
Sanford,4.7e-5
Wiley,4.7e-5
Dereck,4.6e-5
Jabbar,4.6e-5
Kristin,4.6e-5
Kristoffer,4.6e-5
Tristan,4.6e-5
Anderson,4.5e-5
Diallo,4.5e-5
Pasquale,4.5e-5
Tito,4.5e-5
Andra,4.5e-5
Coby,4.5e-5
Ed,4.5e-5
Jeramie,4.5e-5
Maxwell,4.5e-5
Michale,4.5e-5
Octavio,4.5e-5
Roscoe,4.5e-5
Damond,4.4e-5
Francesco,4.4e-5
Jarred,4.4e-5
Mary,4.4e-5
Nicole,4.4e-5
Ollie,4.4e-5
Orville,4.4e-5
Stanford,4.4e-5
Terrill,4.4e-5
Trever,4.4e-5
Brannon,4.4e-5
Charley,4.4e-5
Cruz,4.4e-5
Dalton,4.4e-5
Jameson,4.4e-5
Kelsey,4.4e-5
Ned,4.4e-5
Russ,4.4e-5
Silas,4.4e-5
Stan,4.4e-5
Timmothy,4.4e-5
Torrence,4.4e-5
Amy,4.3e-5
Arnoldo,4.3e-5
Cristopher,4.3e-5
Dameon,4.3e-5
Emery,4.3e-5
Marcelo,4.3e-5
Norberto,4.3e-5
Ritchie,4.3e-5
Constantine,4.2e-5
Daryle,4.2e-5
Harris,4.2e-5
Jerel,4.2e-5
Jeremey,4.2e-5
Kiley,4.2e-5
Lazaro,4.2e-5
Merlin,4.2e-5
Rahsaan,4.2e-5
Shea,4.2e-5
Claudio,4.2e-5
Demetrios,4.2e-5
Enrico,4.2e-5
Lemuel,4.2e-5
Loyd,4.2e-5
Mariano,4.2e-5
Napoleon,4.2e-5
Vinson,4.2e-5
Angela,4.1e-5
Brien,4.1e-5
Corbin,4.1e-5
Davin,4.1e-5
Fredric,4.1e-5
Hollis,4.1e-5
Nathanael,4.1e-5
Abelardo,4.1e-5
Dedric,4.1e-5
Donavon,4.1e-5
Buck,4e-5
Cade,4e-5
Carmine,4e-5
Cortez,4e-5
Jerold,4e-5
Kasey,4e-5
Leopoldo,4e-5
Murray,4e-5
Tye,4e-5
Emerson,3.9e-5
Hassan,3.9e-5
Michele,3.9e-5
Nestor,3.9e-5
Wes,3.9e-5
Basil,3.9e-5
