name,percent
Michael,0.042178
Jason,0.032167
Christopher,0.028743
James,0.024402
David,0.024140000000000002
Robert,0.021779
John,0.021625
Brian,0.018863
Matthew,0.017597
William,0.015764
Daniel,0.014685
Joseph,0.013638
Eric,0.012216
Jeffrey,0.01129
Kevin,0.011143
Richard,0.010902
Scott,0.010674
Steven,0.010509
Mark,0.010319
Thomas,0.010198
Anthony,0.01016
Timothy,0.00983
Ryan,0.009427
Jeremy,0.009374
Charles,0.008988
Joshua,0.008982
Chad,0.007919
Andrew,0.007871
Paul,0.007404
Jonathan,0.006726
Shawn,0.006587
Aaron,0.006498
Gregory,0.006417
Stephen,0.006007
Kenneth,0.005939
Benjamin,0.005883
Justin,0.005479
Adam,0.005333
Patrick,0.004972
Sean,0.004684
Edward,0.004551
Donald,0.004436
Todd,0.004414
Brandon,0.004367
Ronald,0.004358
Nathan,0.004356
Bryan,0.004316
Jose,0.004292
Keith,0.004209
Gary,0.003775
Travis,0.003674
Bradley,0.003634
George,0.003598
Peter,0.003514
Douglas,0.003294
Larry,0.003276
Shane,0.003212
Craig,0.003152
Dennis,0.002916
Juan,0.002891
Samuel,0.002848
Jamie,0.002819
Raymond,0.002793
Jesse,0.002734
Jerry,0.002663
Frank,0.0025959999999999998
Terry,0.00245
Marcus,0.002447
Troy,0.002433
Jeffery,0.002411
Corey,0.002393
Phillip,0.002373
Carlos,0.002333
Joel,0.002299
Jacob,0.002231
Rodney,0.002207
Antonio,0.002145
Randy,0.0020830000000000002
Brent,0.002074
Tony,0.00205
Nicholas,0.002045
Russell,0.00199
Derek,0.001965
Billy,0.00192
Philip,0.001853
Johnny,0.001831
Erik,0.001765
Kyle,0.001747
Marc,0.00174
Derrick,0.001737
Carl,0.001734
Brett,0.00171
Bobby,0.00171
Danny,0.001689
Dustin,0.001652
Victor,0.001651
Roger,0.001616
Brad,0.001608
Cory,0.001584
Jared,0.001576
Shannon,0.00156
Jon,0.001554
Christian,0.001517
Micheal,0.001507
Alexander,0.001502
Gabriel,0.001496
Luis,0.001493
Gerald,0.001478
Vincent,0.001468
Lawrence,0.001459
Jimmy,0.001454
Walter,0.001453
Curtis,0.001436
Damon,0.001406
Alan,0.001387
Joe,0.001377
Willie,0.00134
Jay,0.001339
Martin,0.001332
Wayne,0.001312
Randall,0.00131
Roy,0.001308
Andre,0.001296
Henry,0.001282
Mario,0.001265
Allen,0.001255
Darren,0.001253
Arthur,0.001248
Albert,0.00124
Chris,0.001208
Casey,0.001208
Nathaniel,0.001206
Adrian,0.0012
Jesus,0.001185
Ricky,0.001179
Seth,0.001149
Lee,0.001147
Louis,0.001117
Manuel,0.001108
Bruce,0.001105
Frederick,0.001102
Jack,0.001073
Ricardo,0.001063
Ian,0.001059
Zachary,0.001037
Tyrone,0.001037
Darrell,0.001031
Miguel,0.001023
Jeremiah,0.001017
Kelly,0.001013
Ronnie,0.001006
Francisco,9.94e-4
Harold,9.84e-4
Clinton,9.72e-4
Roberto,9.58e-4
Tommy,9.56e-4
Jorge,9.47e-4
Wesley,9.46e-4
Dale,9.46e-4
Ernest,9.37e-4
Eugene,9.37e-4
Reginald,9.25e-4
Lance,9.21e-4
Barry,9.12e-4
Jerome,8.86e-4
Leonard,8.84e-4
Geoffrey,8.6e-4
Eddie,8.57e-4
Maurice,8.55e-4
Glenn,8.53e-4
Steve,8.53e-4
Ruben,8.46e-4
Ralph,8.28e-4
Neil,8.23e-4
Alex,8.14e-4
Jermaine,8.13e-4
Marvin,8.08e-4
Calvin,7.91e-4
Jaime,7.83e-4
Trevor,7.77e-4
Hector,7.7e-4
Dwayne,7.69e-4
Edwin,7.65e-4
Kristopher,7.61e-4
Oscar,7.56e-4
Clifton,7.48e-4
Melvin,7.44e-4
Heath,7.42e-4
Theodore,7.38e-4
Toby,7.35e-4
Terrance,7.27e-4
Mitchell,7.26e-4
Clayton,7.25e-4
Stanley,7.2e-4
Howard,7.19e-4
Terrence,7.08e-4
Wade,6.96e-4
Mathew,6.96e-4
Clifford,6.93e-4
Javier,6.86e-4
Angel,6.72e-4
Kurt,6.71e-4
Ramon,6.67e-4
Harry,6.61e-4
Tyler,6.51e-4
Tracy,6.48e-4
Duane,6.43e-4
Raul,6.37e-4
Cameron,6.32e-4
Dean,6.32e-4
Earl,6.31e-4
Alejandro,6.3e-4
Isaac,6.24e-4
Kirk,6.16e-4
Rafael,6.07e-4
Pedro,6.06e-4
Francis,5.9e-4
Greg,5.89e-4
Alfred,5.83e-4
Jody,5.79e-4
Andy,5.72e-4
Armando,5.7e-4
Byron,5.63e-4
Fernando,5.62e-4
Clarence,5.61e-4
Karl,5.58e-4
Cody,5.55e-4
Ray,5.52e-4
Warren,5.51e-4
Damian,5.5e-4
Lucas,5.49e-4
Omar,5.48e-4
Jeff,5.45e-4
Leon,5.45e-4
Gilbert,5.42e-4
Lonnie,5.38e-4
Cedric,5.37e-4
Franklin,5.34e-4
Dana,5.29e-4
Alvin,5.27e-4
Norman,5.24e-4
Bernard,5.21e-4
Clint,5.21e-4
Darin,5.21e-4
Fred,5.2e-4
Orlando,5.19e-4
Daryl,5.19e-4
Eduardo,5.19e-4
Joey,5.19e-4
Glen,4.98e-4
Leroy,4.94e-4
Johnathan,4.92e-4
Roderick,4.89e-4
Micah,4.87e-4
Stacy,4.84e-4
Luke,4.78e-4
Jessie,4.76e-4
Don,4.7e-4
Julio,4.69e-4
Sergio,4.68e-4
Marco,4.63e-4
Julian,4.58e-4
Gerardo,4.55e-4
Donnie,4.55e-4
Jonathon,4.53e-4
Kelvin,4.49e-4
Ivan,4.47e-4
Grant,4.43e-4
Fredrick,4.43e-4
Alberto,4.42e-4
Edgar,4.4e-4
Chadwick,4.35e-4
Colin,4.34e-4
Alfredo,4.34e-4
Shaun,4.33e-4
Spencer,4.29e-4
Nelson,4.27e-4
Rene,4.24e-4
Vernon,4.24e-4
Leslie,4.21e-4
Mike,4.2e-4
Ross,4.2e-4
Cesar,4.18e-4
Dominic,4.17e-4
Herbert,4.15e-4
Darryl,4.14e-4
Dwight,4.13e-4
Jarrod,4.13e-4
Trent,4.11e-4
Lewis,4.07e-4
Lamont,4.06e-4
Brendan,4.05e-4
Neal,4e-4
Kerry,3.98e-4
Arturo,3.97e-4
Enrique,3.95e-4
Marlon,3.95e-4
Demetrius,3.93e-4
Tyson,3.93e-4
Lloyd,3.92e-4
Erick,3.87e-4
Evan,3.85e-4
Marshall,3.85e-4
Antoine,3.81e-4
Brock,3.81e-4
Jayson,3.79e-4
Ben,3.7e-4
Darrin,3.63e-4
Jackie,3.62e-4
Gordon,3.61e-4
Jimmie,3.59e-4
Noah,3.57e-4
Allan,3.55e-4
Marty,3.53e-4
Garrett,3.48e-4
Stuart,3.48e-4
Scotty,3.47e-4
Charlie,3.47e-4
Devin,3.45e-4
Lorenzo,3.45e-4
Salvador,3.44e-4
Gene,3.42e-4
Bradford,3.42e-4
Freddie,3.38e-4
Angelo,3.36e-4
Ethan,3.36e-4
Damien,3.35e-4
Felix,3.3e-4
Guy,3.29e-4
Rickey,3.28e-4
Israel,3.27e-4
Johnnie,3.24e-4
Blake,3.23e-4
Floyd,3.21e-4
Marcos,3.21e-4
Leo,3.18e-4
Roland,3.18e-4
Nakia,3.17e-4
Ernesto,3.1e-4
Kent,3.1e-4
Noel,3.09e-4
Abraham,3.07e-4
Carlton,3.07e-4
Rick,3.07e-4
Andres,3.07e-4
Bryant,3.05e-4
Lester,3.05e-4
Terrell,3.05e-4
Gregg,3.02e-4
Perry,3e-4
Quincy,2.98e-4
Terence,2.97e-4
Dewayne,2.93e-4
Bryce,2.91e-4
Rudy,2.91e-4
Stacey,2.91e-4
Brady,2.89e-4
Jamal,2.89e-4
Bret,2.85e-4
Herman,2.82e-4
Josh,2.81e-4
Darnell,2.81e-4
Dion,2.8e-4
Ted,2.8e-4
Clay,2.79e-4
Dylan,2.79e-4
Rodolfo,2.78e-4
Preston,2.78e-4
Dan,2.76e-4
Nick,2.74e-4
Frankie,2.72e-4
Jim,2.72e-4
Milton,2.7e-4
Alfonso,2.66e-4
Rolando,2.61e-4
Ashley,2.58e-4
Austin,2.58e-4
Cornelius,2.58e-4
Sam,2.58e-4
Kareem,2.57e-4
Max,2.56e-4
Caleb,2.54e-4
Quentin,2.54e-4
Pablo,2.53e-4
Courtney,2.52e-4
Matt,2.52e-4
Bill,2.52e-4
Robin,2.51e-4
Jamey,2.49e-4
Gerard,2.46e-4
Clyde,2.45e-4
Robbie,2.45e-4
Jordan,2.44e-4
Salvatore,2.43e-4
Levi,2.42e-4
Abel,2.36e-4
Drew,2.31e-4
Felipe,2.28e-4
Sheldon,2.27e-4
Damion,2.26e-4
Malcolm,2.26e-4
Kendrick,2.26e-4
Rusty,2.24e-4
Myron,2.23e-4
Cary,2.21e-4
Bryon,2.21e-4
Randolph,2.2e-4
Chester,2.19e-4
Oliver,2.19e-4
Everett,2.18e-4
Kenny,2.18e-4
Roman,2.17e-4
Sammy,2.17e-4
Colby,2.16e-4
Scottie,2.16e-4
Guillermo,2.16e-4
Cecil,2.15e-4
Sidney,2.14e-4
Dallas,2.12e-4
Gilberto,2.12e-4
Moses,2.11e-4
Loren,2.1e-4
Simon,2.1e-4
Garry,2.08e-4
Donovan,2.08e-4
Harvey,2.08e-4
Eli,2.07e-4
Sonny,2.07e-4
Rocky,2.06e-4
Sherman,2.05e-4
Guadalupe,2.04e-4
Scot,2.04e-4
Otis,2.04e-4
Alonzo,2.03e-4
Jake,2.03e-4
Tim,2.01e-4
Benny,1.99e-4
Julius,1.99e-4
Kris,1.99e-4
Lamar,1.99e-4
Mickey,1.99e-4
Wendell,1.99e-4
Ira,1.98e-4
Ty,1.98e-4
Erin,1.97e-4
Ron,1.97e-4
Arnold,1.97e-4
Rogelio,1.94e-4
Claude,1.94e-4
Devon,1.92e-4
Dante,1.92e-4
Virgil,1.92e-4
Demond,1.91e-4
Xavier,1.91e-4
Nicolas,1.89e-4
Timmy,1.89e-4
Darius,1.89e-4
Gustavo,1.89e-4
Ismael,1.89e-4
Mason,1.89e-4
Ramiro,1.89e-4
Elias,1.87e-4
Tom,1.87e-4
Randal,1.86e-4
Carey,1.86e-4
Dexter,1.84e-4
Kendall,1.84e-4
Owen,1.83e-4
Darrick,1.82e-4
Rex,1.82e-4
Wallace,1.81e-4
Dominick,1.79e-4
Earnest,1.76e-4
Elton,1.76e-4
Jess,1.75e-4
Morgan,1.75e-4
Hugh,1.73e-4
Stephan,1.73e-4
Saul,1.72e-4
Leonardo,1.71e-4
Forrest,1.71e-4
Bart,1.7e-4
Jamison,1.7e-4
Teddy,1.7e-4
Telly,1.7e-4
Kristian,1.68e-4
Derick,1.67e-4
Donnell,1.66e-4
Trenton,1.65e-4
Elijah,1.62e-4
Tomas,1.62e-4
Monte,1.62e-4
Bennie,1.61e-4
Esteban,1.6e-4
Shad,1.6e-4
Gavin,1.6e-4
Efrain,1.59e-4
Pete,1.59e-4
Erich,1.58e-4
Jerrod,1.58e-4
Kory,1.57e-4
Reynaldo,1.57e-4
Donny,1.55e-4
Lionel,1.55e-4
Thaddeus,1.55e-4
Beau,1.54e-4
Joaquin,1.53e-4
Aron,1.52e-4
Fabian,1.52e-4
Lyle,1.52e-4
Marion,1.51e-4
Emanuel,1.5e-4
Joesph,1.5e-4
Blaine,1.5e-4
Hugo,1.49e-4
Jeffry,1.49e-4
Morris,1.49e-4
Rodrick,1.49e-4
Alton,1.48e-4
Deon,1.48e-4
Desmond,1.48e-4
Tobias,1.47e-4
Anton,1.46e-4
Jarrett,1.46e-4
Luther,1.46e-4
Stewart,1.45e-4
Curt,1.44e-4
Graham,1.43e-4
Antwan,1.42e-4
Reuben,1.42e-4
Willard,1.41e-4
Miles,1.39e-4
Kenyatta,1.39e-4
Clark,1.38e-4
Reggie,1.38e-4
Will,1.38e-4
Jennifer,1.38e-4
Dorian,1.37e-4
Rico,1.37e-4
Tracey,1.37e-4
Jeromy,1.36e-4
Stefan,1.35e-4
Emmanuel,1.34e-4
Sylvester,1.34e-4
Alexis,1.34e-4
Avery,1.34e-4
Darrel,1.34e-4
Moises,1.34e-4
Wilson,1.34e-4
Elliott,1.31e-4
Jed,1.31e-4
Elliot,1.31e-4
Jarvis,1.31e-4
Landon,1.31e-4
Shon,1.31e-4
Vicente,1.3e-4
Aric,1.3e-4
Brant,1.3e-4
Jerald,1.3e-4
Edmund,1.29e-4
Grady,1.29e-4
Chuck,1.28e-4
Santiago,1.27e-4
Branden,1.26e-4
Amos,1.25e-4
Willis,1.25e-4
Archie,1.25e-4
Leland,1.25e-4
Nolan,1.24e-4
Denny,1.23e-4
Roosevelt,1.23e-4
Aubrey,1.23e-4
Robby,1.23e-4
Tory,1.23e-4
Shelby,1.22e-4
Emilio,1.21e-4
Hans,1.21e-4
Humberto,1.2e-4
Daren,1.2e-4
Freddy,1.2e-4
Collin,1.19e-4
Jean,1.19e-4
Lynn,1.19e-4
Tommie,1.19e-4
Santos,1.18e-4
Ignacio,1.17e-4
Quinton,1.17e-4
Wilfredo,1.17e-4
Rudolph,1.16e-4
Dave,1.15e-4
Elmer,1.15e-4
Zachariah,1.15e-4
Jamel,1.14e-4
Brendon,1.13e-4
Brain,1.13e-4
Kurtis,1.13e-4
Marcel,1.13e-4
Noe,1.13e-4
Shayne,1.13e-4
Taylor,1.13e-4
Galen,1.12e-4
Monty,1.12e-4
Sterling,1.12e-4
Raphael,1.12e-4
Jasen,1.11e-4
Buddy,1.1e-4
Torrey,1.1e-4
Tremayne,1.1e-4
Wyatt,1.1e-4
Chance,1.1e-4
Laurence,1.1e-4
Andrea,1.09e-4
Ariel,1.09e-4
Jefferson,1.09e-4
Jerod,1.09e-4
Carlo,1.08e-4
Kristofer,1.08e-4
Solomon,1.07e-4
Domingo,1.06e-4
Tad,1.05e-4
Benji,1.04e-4
Jonas,1.04e-4
Arron,1.04e-4
Bob,1.04e-4
Shelton,1.04e-4
Delbert,1.03e-4
Deandre,1.02e-4
Reid,1.02e-4
Vance,1.02e-4
Dewey,1.01e-4
Jamar,1.01e-4
Kim,1.01e-4
Mack,1.01e-4
Nathanael,1.01e-4
Bert,1e-4
Bradly,1e-4
Deshawn,1e-4
Jarod,1e-4
Jeramy,1e-4
Tavares,1e-4
Conrad,9.9e-5
Dirk,9.9e-5
Rickie,9.9e-5
Ali,9.9e-5
Dane,9.9e-5
Jeremie,9.9e-5
Mauricio,9.9e-5
Rory,9.9e-5
Wilbert,9.9e-5
Winston,9.9e-5
Hubert,9.8e-5
Josue,9.8e-5
Carter,9.7e-5
Korey,9.7e-5
Louie,9.7e-5
Abdul,9.7e-5
Cole,9.7e-5
Johnathon,9.7e-5
Marlin,9.7e-5
Ervin,9.6e-5
Marquis,9.6e-5
Stevie,9.6e-5
Thad,9.6e-5
Alphonso,9.6e-5
Ken,9.4e-5
Barrett,9.4e-5
Quinn,9.4e-5
Rodrigo,9.4e-5
Van,9.4e-5
Blair,9.3e-5
Pierre,9.3e-5
Benito,9.3e-5
Cleveland,9.3e-5
Giovanni,9.2e-5
Antione,9.1e-5
Dusty,9.1e-5
Theron,9.1e-5
Lincoln,9.1e-5
Rufus,9.1e-5
Vaughn,9.1e-5
Diego,9e-5
Heriberto,9e-5
Horace,9e-5
Kirby,9e-5
Lane,9e-5
Brenton,8.9e-5
Ezra,8.9e-5
Rigoberto,8.9e-5
Royce,8.9e-5
Darian,8.8e-5
Donte,8.8e-5
Jeramie,8.8e-5
Tyron,8.8e-5
Garland,8.8e-5
Kenyon,8.8e-5
Michel,8.8e-5
Percy,8.8e-5
Rhett,8.8e-5
Harley,8.7e-5
Lenny,8.7e-5
Adan,8.6e-5
Danial,8.6e-5
Jackson,8.6e-5
Alvaro,8.5e-5
Cedrick,8.5e-5
Ellis,8.5e-5
Nickolas,8.5e-5
Boyd,8.4e-5
Cornell,8.4e-5
Garth,8.4e-5
Ahmad,8.3e-5
Al,8.3e-5
Chet,8.3e-5
Jammie,8.3e-5
Osvaldo,8.3e-5
Tyree,8.3e-5
Edmond,8.3e-5
Isaiah,8.3e-5
Mikel,8.2e-5
Adolfo,8.1e-5
Agustin,8.1e-5
Ernie,8.1e-5
Jonah,8.1e-5
Judd,8.1e-5
Kasey,8.1e-5
Lowell,8.1e-5
Markus,8e-5
Nigel,8e-5
Daron,8e-5
Kenya,8e-5
Reed,8e-5
Rodger,8e-5
Ronny,8e-5
Brice,7.9e-5
Issac,7.8e-5
Nicky,7.8e-5
Octavio,7.8e-5
Russel,7.8e-5
Tobin,7.8e-5
Darwin,7.8e-5
Judson,7.8e-5
Sebastian,7.8e-5
Zane,7.8e-5
Doug,7.7e-5
Elbert,7.7e-5
Keenan,7.7e-5
Chase,7.6e-5
Doyle,7.6e-5
Emmett,7.6e-5
Giuseppe,7.6e-5
Wilbur,7.6e-5
Carson,7.5e-5
Denis,7.5e-5
Leonel,7.5e-5
Terrill,7.5e-5
Denver,7.5e-5
Deron,7.5e-5
Malik,7.5e-5
Chauncey,7.4e-5
Rashad,7.3e-5
Jasper,7.3e-5
Antony,7.2e-5
Dameon,7.2e-5
Glendon,7.2e-5
Jacques,7.2e-5
Kip,7.2e-5
Sedrick,7.2e-5
Vito,7.2e-5
Dax,7.2e-5
Waylon,7.2e-5
Francesco,7.1e-5
Rocco,7.1e-5
Carmen,7e-5
Elvin,7e-5
Federico,7e-5
Gerry,7e-5
Richie,7e-5
Brooks,7e-5
Jeremey,7e-5
Trinity,7e-5
Fidel,6.9e-5
Garrick,6.9e-5
Harrison,6.9e-5
Michelle,6.9e-5
Titus,6.9e-5
Tristan,6.9e-5
Bernardo,6.8e-5
Homer,6.8e-5
Jarred,6.8e-5
Kristoffer,6.8e-5
Shea,6.8e-5
Silas,6.8e-5
Elvis,6.8e-5
Kraig,6.8e-5
Torrance,6.8e-5
Edwardo,6.7e-5
Eloy,6.7e-5
Leif,6.7e-5
Cordell,6.7e-5
Jayme,6.7e-5
Tarik,6.7e-5
Trey,6.7e-5
Ulysses,6.7e-5
Brannon,6.6e-5
Hunter,6.6e-5
Josef,6.6e-5
Jude,6.6e-5
Jade,6.5e-5
Riley,6.5e-5
Taurus,6.5e-5
Ari,6.5e-5
Mac,6.5e-5
Randell,6.5e-5
August,6.4e-5
Darron,6.4e-5
Gino,6.4e-5
Rob,6.4e-5
Brandy,6.4e-5
Chadrick,6.4e-5
Marques,6.4e-5
Maxwell,6.4e-5
Antwon,6.3e-5
Brennan,6.3e-5
Coy,6.3e-5
Eldon,6.3e-5
Hiram,6.3e-5
Jevon,6.3e-5
Kelley,6.2e-5
Lashawn,6.2e-5
Lonny,6.2e-5
Billie,6.2e-5
Sammie,6.2e-5
Woodrow,6.2e-5
Bobbie,6.1e-5
Shanon,6.1e-5
Abram,6e-5
Antonia,6e-5
Emil,6e-5
Gregorio,6e-5
Davis,6e-5
Donta,6e-5
Germaine,6e-5
Gus,6e-5
Irvin,6e-5
Kelsey,6e-5
Adrain,5.9e-5
Brook,5.9e-5
Dejuan,5.9e-5
Dino,5.9e-5
Hank,5.9e-5
Jan,5.9e-5
Kennith,5.9e-5
Coby,5.9e-5
Jerrold,5.9e-5
Laron,5.9e-5
Mitchel,5.9e-5
Raymundo,5.9e-5
Dedrick,5.8e-5
Errol,5.8e-5
Harlan,5.8e-5
Myles,5.8e-5
Carroll,5.7e-5
Cyrus,5.7e-5
Jamil,5.7e-5
Marcellus,5.7e-5
Broderick,5.7e-5
Demarcus,5.7e-5
Melissa,5.7e-5
Genaro,5.6e-5
Gonzalo,5.6e-5
Kenton,5.6e-5
Nathanial,5.6e-5
Norris,5.6e-5
Sandy,5.6e-5
Weston,5.6e-5
Angela,5.6e-5
Rasheed,5.6e-5
Amy,5.5e-5
Franco,5.5e-5
Dominique,5.4e-5
Eliseo,5.4e-5
Ezekiel,5.4e-5
German,5.4e-5
Barton,5.4e-5
Dedric,5.4e-5
Kermit,5.4e-5
Cortez,5.3e-5
Davin,5.3e-5
Efren,5.3e-5
Greggory,5.3e-5
Josiah,5.3e-5
Moshe,5.3e-5
Tate,5.3e-5
Alfonzo,5.2e-5
Arnulfo,5.2e-5
Braden,5.2e-5
Zachery,5.2e-5
Augustine,5.2e-5
Carnell,5.2e-5
Duncan,5.2e-5
Hassan,5.2e-5
Robb,5.2e-5
Jereme,5.1e-5
Vince,5.1e-5
Che,5.1e-5
Damond,5.1e-5
Irving,5.1e-5
Kimberly,5.1e-5
Carmelo,5e-5
Jefferey,5e-5
Trever,5e-5
Alec,4.9e-5
Andra,4.9e-5
Britt,4.9e-5
Donell,4.9e-5
Hal,4.9e-5
Ned,4.9e-5
Paris,4.9e-5
Rahsaan,4.9e-5
Burton,4.9e-5
Cliff,4.9e-5
Junior,4.9e-5
Logan,4.9e-5
Deric,4.8e-5
Jerad,4.8e-5
Keven,4.8e-5
Michale,4.8e-5
Wilfred,4.8e-5
Eddy,4.7e-5
Erwin,4.7e-5
Jered,4.7e-5
Kristin,4.7e-5
Liam,4.7e-5
Linwood,4.7e-5
Maria,4.7e-5
Rod,4.7e-5
Roel,4.7e-5
Chaim,4.7e-5
Charlton,4.7e-5
Emery,4.7e-5
Forest,4.7e-5
Jameson,4.7e-5
Regan,4.7e-5
Bennett,4.6e-5
Bronson,4.6e-5
Lars,4.6e-5
Marcelino,4.6e-5
Timmothy,4.6e-5
Torrence,4.6e-5
Armand,4.6e-5
Corry,4.6e-5
Cristobal,4.6e-5
Deangelo,4.6e-5
Edgardo,4.6e-5
Mariano,4.6e-5
Thurman,4.6e-5
Karim,4.5e-5
Lon,4.5e-5
Merle,4.5e-5
Sharif,4.5e-5
Shay,4.5e-5
Chadd,4.4e-5
Christoper,4.4e-5
Dereck,4.4e-5
Leopoldo,4.4e-5
Shedrick,4.4e-5
Stephanie,4.4e-5
Andreas,4.4e-5
Arnoldo,4.4e-5
Benjiman,4.4e-5
Constantine,4.4e-5
Cruz,4.4e-5
Demarco,4.4e-5
Derik,4.4e-5
Jabari,4.4e-5
Jermain,4.4e-5
Kristen,4.4e-5
Lemuel,4.4e-5
Orville,4.4e-5
Tito,4.4e-5
Vincenzo,4.4e-5
Kareen,4.3e-5
Rebecca,4.3e-5
Valentin,4.3e-5
Baron,4.3e-5
Brion,4.3e-5
Delmar,4.3e-5
Elisha,4.3e-5
Harris,4.3e-5
Isidro,4.3e-5
Ivory,4.3e-5
Lisa,4.3e-5
Phil,4.3e-5
Raheem,4.3e-5
Brien,4.2e-5
Loyd,4.2e-5
Murray,4.2e-5
Aurelio,4.1e-5
Jory,4.1e-5
Kirt,4.1e-5
