name,percent
Jennifer,0.037843
Amy,0.019946
Melissa,0.015967
Heather,0.015398
Angela,0.01403
Michelle,0.01244
Kimberly,0.012069
Jessica,0.011689
Lisa,0.011039
Amanda,0.009924
Stephanie,0.009653
Rebecca,0.009222
Nicole,0.0092
Christina,0.008931
Sarah,0.008903
Elizabeth,0.00862
Shannon,0.008505
Jamie,0.00798
Kelly,0.007504
Laura,0.007157
Julie,0.006901
Mary,0.006572
Rachel,0.005384
Erin,0.005333
Andrea,0.005316
Christine,0.005161
Sara,0.005104
Carrie,0.005088
Jaime,0.004985
April,0.004942
Karen,0.004773
Tiffany,0.004761
Danielle,0.004685
Maria,0.004666
Dawn,0.004487
Crystal,0.004421
Tracy,0.004343
Stacy,0.004152
Wendy,0.004117
Susan,0.004078
Tammy,0.003964
Patricia,0.003831
Tara,0.003829
Cynthia,0.003824
Monica,0.003803
Misty,0.003761
Lori,0.003722
Tina,0.00366
Amber,0.003595
Emily,0.003527
Stacey,0.003432
Jill,0.003361
Melanie,0.003337
Brandy,0.00333
Erica,0.00333
Holly,0.003294
Katherine,0.003212
Tonya,0.003161
Sandra,0.003092
Christy,0.003087
Tanya,0.003066
Megan,0.002839
Michele,0.002827
Dana,0.002804
Leslie,0.00274
Teresa,0.002582
Allison,0.002562
Veronica,0.002559
Denise,0.002539
Heidi,0.002475
Alicia,0.002411
Catherine,0.002404
Kristen,0.002326
Kristin,0.002308
Robin,0.002306
Courtney,0.002303
Brenda,0.002282
Anna,0.002277
Brandi,0.00225
Natalie,0.002226
Sharon,0.002197
Kathleen,0.002168
Valerie,0.002152
Pamela,0.002142
Samantha,0.002129
Renee,0.002108
Nancy,0.002089
Kathryn,0.002077
Theresa,0.002018
Linda,0.001999
Tamara,0.001965
Donna,0.00193
Victoria,0.00193
Gina,0.001916
Deborah,0.001905
Melinda,0.001905
Barbara,0.001893
Kristina,0.001891
Jacqueline,0.001874
Mandy,0.001862
Diana,0.001753
Jodi,0.001701
Margaret,0.001692
Kristi,0.001603
Cheryl,0.001586
Rhonda,0.001566
Vanessa,0.001565
Ann,0.001549
Jenny,0.001544
Katrina,0.001506
Sherry,0.001501
Erika,0.001488
Kristy,0.001481
Beth,0.001468
Ashley,0.001456
Alison,0.001447
Regina,0.001447
Leah,0.001445
Yolanda,0.001444
Cindy,0.001438
Paula,0.001435
Carla,0.001431
Aimee,0.00143
Anne,0.001417
Lauren,0.001413
Suzanne,0.001401
Kari,0.001389
Deanna,0.001348
Carolyn,0.001347
Felicia,0.001336
Natasha,0.001332
Joy,0.001321
Debra,0.001319
Lindsay,0.001318
Latoya,0.001304
Colleen,0.001302
Laurie,0.0012979999999999999
Kara,0.001295
Christie,0.001282
Tracey,0.001236
Julia,0.001219
Janet,0.001196
Sheila,0.001191
Tamika,0.001189
Shelly,0.001184
Sabrina,0.001182
Kelli,0.001159
Nichole,0.001127
Marie,0.001115
Molly,0.0011
Stacie,0.001098
Joanna,0.001093
Bridget,0.001087
Angie,0.001086
Diane,0.001077
Angel,0.001045
Kendra,0.001035
Kristie,0.001033
Virginia,0.001029
Carmen,0.001028
Martha,0.001018
Krista,0.001014
Katie,0.001011
Jody,9.97e-4
Sonia,9.85e-4
Sonya,9.69e-4
Shawna,9.6e-4
Anita,9.6e-4
Kerri,9.6e-4
Monique,9.52e-4
Carol,9.51e-4
Keri,9.33e-4
Meredith,9.33e-4
Brooke,9.32e-4
Trisha,9.32e-4
Kerry,9.22e-4
Rachael,9.15e-4
Adrienne,9.11e-4
Robyn,9.09e-4
Tricia,9.09e-4
Traci,9.04e-4
Claudia,8.95e-4
Toni,8.91e-4
Terri,8.83e-4
Kathy,8.81e-4
Latasha,8.81e-4
Kristine,8.65e-4
Cassandra,8.64e-4
Shana,8.42e-4
Connie,8.35e-4
Annette,8.26e-4
Bethany,8.24e-4
Yvonne,8.21e-4
Shelley,8.11e-4
Kim,7.94e-4
Olivia,7.84e-4
Caroline,7.78e-4
Gretchen,7.78e-4
Melody,7.73e-4
Angelica,7.71e-4
Candace,7.7e-4
Candice,7.68e-4
Bonnie,7.67e-4
Charity,7.66e-4
Ruth,7.62e-4
Becky,7.62e-4
Rebekah,7.55e-4
Gloria,7.47e-4
Kellie,7.47e-4
Mindy,7.43e-4
Ana,7.4e-4
Rosa,7.36e-4
Janice,7.35e-4
Hope,7.33e-4
Lynn,7.31e-4
Sherri,7.29e-4
Jeanette,7.19e-4
Tasha,7.05e-4
Cara,7.02e-4
Kelley,7.01e-4
Sheri,6.96e-4
Marisa,6.95e-4
Latonya,6.91e-4
Amie,6.9e-4
Ginger,6.88e-4
Charlene,6.87e-4
Summer,6.82e-4
Sylvia,6.71e-4
Bobbie,6.68e-4
Belinda,6.67e-4
Miranda,6.64e-4
Leticia,6.61e-4
Keisha,6.53e-4
Tracie,0.00064899999999999995
Nikki,6.42e-4
Tabitha,6.38e-4
Billie,6.36e-4
Yvette,6.36e-4
Audrey,6.29e-4
Dorothy,6.25e-4
Jami,6.24e-4
Karla,6.22e-4
Cristina,6.19e-4
Rose,6.16e-4
Charlotte,6.08e-4
Alice,6.06e-4
Joyce,6.03e-4
Frances,6.03e-4
Joanne,6.02e-4
Ellen,5.99e-4
Helen,5.99e-4
Chasity,5.96e-4
Christa,5.96e-4
Alisha,5.93e-4
Beverly,5.93e-4
Leigh,5.93e-4
Autumn,5.91e-4
Norma,5.87e-4
Naomi,5.86e-4
Tameka,5.82e-4
Lakisha,5.8e-4
Betty,5.79e-4
Marsha,5.78e-4
Sally,5.72e-4
Ebony,5.71e-4
Trina,5.7e-4
Lindsey,5.55e-4
Penny,5.53e-4
Staci,5.53e-4
Meghan,5.51e-4
Rita,5.47e-4
Wanda,5.45e-4
Juanita,5.37e-4
Jodie,5.34e-4
Desiree,5.33e-4
Farrah,5.31e-4
Shirley,5.31e-4
Darlene,5.28e-4
Abigail,5.26e-4
Evelyn,5.23e-4
Casey,5.16e-4
Jean,5.15e-4
Tonia,5.14e-4
Cathy,5.14e-4
Maureen,5.14e-4
Jennie,5.11e-4
Joann,5.09e-4
Raquel,5.09e-4
Jana,5.08e-4
Priscilla,5.02e-4
Sandy,5e-4
Elaine,4.97e-4
Christi,4.93e-4
Lara,4.93e-4
Eva,4.92e-4
Jenifer,4.92e-4
Shawn,4.92e-4
Irene,4.91e-4
Tennille,4.89e-4
Rachelle,4.89e-4
Jolene,4.87e-4
Janelle,4.84e-4
Peggy,4.84e-4
Lesley,4.79e-4
Marcia,4.79e-4
Chastity,4.75e-4
Judith,4.75e-4
Latisha,4.75e-4
Stefanie,4.74e-4
Lydia,4.73e-4
Rochelle,4.7e-4
Jackie,4.66e-4
Gwendolyn,4.65e-4
Tania,4.65e-4
Kimberley,4.58e-4
Kirsten,4.54e-4
Kenya,4.54e-4
Tami,4.51e-4
Debbie,4.46e-4
Vicki,4.44e-4
Jane,4.42e-4
Carey,4.41e-4
Alexandra,4.4e-4
Alexis,4.4e-4
Shanna,4.39e-4
Chandra,4.34e-4
Alyssa,4.33e-4
Lakeisha,4.32e-4
Roxanne,4.32e-4
Brandie,4.31e-4
Dena,4.3e-4
Adriana,4.3e-4
Loretta,4.27e-4
Angelina,4.21e-4
Teri,4.2e-4
Esther,4.19e-4
Lora,4.17e-4
Tanisha,4.17e-4
Bobbi,4.17e-4
Tammie,4.16e-4
Marilyn,4.12e-4
Faith,4.05e-4
Mandi,4.03e-4
Johanna,3.95e-4
Miriam,3.93e-4
Tabatha,3.93e-4
Marissa,3.93e-4
Judy,3.92e-4
Roberta,3.92e-4
Ruby,3.91e-4
Betsy,3.9e-4
Antoinette,3.89e-4
Lorena,3.85e-4
Tori,3.83e-4
Anitra,3.78e-4
Lakesha,3.74e-4
Alisa,3.74e-4
Joni,3.72e-4
Marisol,3.72e-4
Nadia,3.72e-4
Sonja,3.71e-4
Lynette,3.7e-4
Alma,3.68e-4
Cheri,3.68e-4
Hollie,3.66e-4
Shelby,3.66e-4
Ericka,3.65e-4
Nina,3.58e-4
Eileen,3.57e-4
Guadalupe,3.56e-4
Candy,3.54e-4
Jeanne,3.54e-4
Jacquelyn,3.53e-4
Dina,3.51e-4
Krystal,3.51e-4
Celeste,3.48e-4
Melisa,3.47e-4
Lorraine,3.46e-4
Cari,3.44e-4
Aisha,3.44e-4
Bernadette,3.44e-4
Shauna,3.43e-4
Elisa,3.42e-4
Hannah,3.4e-4
Lee,3.39e-4
Whitney,3.39e-4
Kate,3.37e-4
Maribel,3.36e-4
Elena,3.35e-4
Grace,3.34e-4
Jasmine,3.34e-4
Angelia,3.33e-4
Tia,3.33e-4
Amelia,3.32e-4
Misti,3.32e-4
Nora,3.29e-4
Cecilia,3.28e-4
Michael,3.28e-4
Jeannie,3.26e-4
Vickie,3.26e-4
Camille,3.22e-4
Margarita,3.2e-4
Elisabeth,3.17e-4
Deana,3.16e-4
Lashonda,3.16e-4
Ronda,3.16e-4
Rosemary,3.16e-4
Chrystal,3.15e-4
Cherie,3.14e-4
Janine,3.14e-4
Lawanda,3.14e-4
Audra,3.12e-4
Marlene,3.12e-4
Nakia,3.12e-4
Shari,3.09e-4
Terra,3.09e-4
Marla,3.09e-4
Jenna,3.08e-4
Allyson,3.05e-4
Esmeralda,3.05e-4
Jayme,3.05e-4
Blanca,3.05e-4
Lillian,3.05e-4
Angelique,3.04e-4
Carissa,3.02e-4
Gail,3.02e-4
Wendi,3.02e-4
Marcy,2.98e-4
Latanya,2.96e-4
Annie,2.95e-4
Jaimie,2.95e-4
Selena,2.95e-4
Joan,2.93e-4
Yesenia,2.92e-4
Karin,2.91e-4
Glenda,2.9e-4
Serena,2.88e-4
Sheryl,2.88e-4
Dianna,2.84e-4
Jessie,2.84e-4
Lena,2.84e-4
Chelsea,2.81e-4
Daphne,2.8e-4
Ramona,2.79e-4
Hilary,2.78e-4
Darcy,2.77e-4
Gabriela,2.76e-4
Liza,2.75e-4
Sherrie,2.74e-4
Iris,2.74e-4
Josephine,2.74e-4
Karrie,2.72e-4
Marianne,2.72e-4
Bridgette,2.7e-4
Marcie,2.7e-4
Jocelyn,2.69e-4
Susana,2.69e-4
Shonda,2.67e-4
Edith,2.67e-4
Chanda,2.66e-4
Jo,2.65e-4
Emma,2.65e-4
Arlene,2.63e-4
Isabel,2.62e-4
Tisha,2.6e-4
Alissa,2.58e-4
Jeannette,2.58e-4
Leanne,2.58e-4
Maricela,2.58e-4
Maggie,2.58e-4
Dora,2.55e-4
Genevieve,2.55e-4
Bianca,2.5e-4
Lorie,2.48e-4
Tomeka,2.46e-4
Katina,2.45e-4
Lana,2.45e-4
Terry,2.45e-4
Clarissa,2.44e-4
Darla,2.43e-4
Paige,2.43e-4
Malinda,2.42e-4
Patrice,2.41e-4
Kisha,2.4e-4
Alyson,2.39e-4
Luz,2.39e-4
Vivian,2.39e-4
Claire,2.37e-4
Irma,2.36e-4
Alana,2.35e-4
Jeanine,2.35e-4
Cassie,2.34e-4
Gabrielle,2.34e-4
Katharine,2.34e-4
Sophia,2.34e-4
Olga,2.31e-4
Janie,2.3e-4
Marci,2.3e-4
Vicky,2.3e-4
Marjorie,2.27e-4
Tawana,2.27e-4
Shanda,2.27e-4
Larissa,2.25e-4
Latosha,2.25e-4
Brittany,2.25e-4
Mia,2.25e-4
Doris,2.24e-4
Tera,2.24e-4
Lea,2.23e-4
Tammi,2.23e-4
Constance,2.21e-4
Nadine,2.21e-4
Kerrie,2.21e-4
Janel,2.2e-4
Annmarie,2.2e-4
Carly,2.2e-4
Leann,2.2e-4
Lucy,2.19e-4
Maryann,2.19e-4
Kimberlee,2.17e-4
Georgia,2.16e-4
Myra,2.16e-4
Tessa,2.16e-4
Randi,2.15e-4
Shelia,2.15e-4
Ingrid,2.14e-4
Ami,2.11e-4
Corrie,2.11e-4
Hillary,2.11e-4
Cristy,2.1e-4
Karyn,2.1e-4
Laurel,2.1e-4
Silvia,2.1e-4
Karina,2.09e-4
Marcella,2.08e-4
Charmaine,2.07e-4
Delia,2.07e-4
Dolores,2.06e-4
Jaclyn,2.06e-4
Pauline,2.06e-4
Cortney,2.06e-4
Noelle,2.06e-4
Liberty,2.04e-4
Daisy,2.03e-4
Bridgett,2.02e-4
Luciana,2.02e-4
Catrina,2e-4
Janette,2e-4
Carie,1.99e-4
Kesha,1.99e-4
Araceli,1.97e-4
Clara,1.97e-4
Sunny,1.97e-4
Janna,1.95e-4
Ladonna,1.95e-4
Kasey,1.94e-4
Cori,1.93e-4
Tanika,1.92e-4
Christal,1.92e-4
Elisha,1.91e-4
Valarie,1.91e-4
Sunshine,1.9e-4
Antonia,1.9e-4
Maritza,1.9e-4
Lynda,1.89e-4
Janell,1.86e-4
Jason,1.86e-4
Alejandra,1.85e-4
Chantel,1.85e-4
Lashanda,1.84e-4
Tiffani,1.84e-4
Lucinda,1.83e-4
June,1.81e-4
Mara,1.81e-4
Marina,1.81e-4
Corinne,1.81e-4
Corey,1.8e-4
Dominique,1.8e-4
Marisela,1.8e-4
Meagan,1.8e-4
Taryn,1.8e-4
Beatrice,1.79e-4
Dusty,1.79e-4
Caryn,1.78e-4
Hilda,1.78e-4
Lashawn,1.77e-4
Lucia,1.76e-4
Edna,1.75e-4
Gwen,1.75e-4
Rene,1.75e-4
Christopher,1.74e-4
Karie,1.74e-4
Rhiannon,1.73e-4
Jeannine,1.72e-4
Tiana,1.72e-4
Corina,1.71e-4
Deirdre,1.71e-4
Elsa,1.71e-4
Gena,1.71e-4
Tomika,1.71e-4
Demetria,1.7e-4
Jeri,1.69e-4
Tosha,1.68e-4
Aubrey,1.67e-4
Kami,1.67e-4
Kristal,1.67e-4
Latrice,1.66e-4
Mona,1.65e-4
Gladys,1.64e-4
Abby,1.63e-4
Adrianne,1.62e-4
Deidre,1.62e-4
Bernice,1.62e-4
Dara,1.62e-4
Eleanor,1.62e-4
Jan,1.62e-4
Shellie,1.62e-4
James,1.61e-4
Madeline,1.61e-4
Jillian,1.6e-4
Susanne,1.6e-4
Windy,1.6e-4
Jammie,1.59e-4
Spring,1.59e-4
Tamiko,1.59e-4
Geneva,1.58e-4
Sasha,1.58e-4
Sheree,1.58e-4
Carolina,1.57e-4
Holli,1.57e-4
Tamra,1.57e-4
Brandee,1.55e-4
Elise,1.55e-4
Felecia,1.55e-4
Cory,1.55e-4
Lynnette,1.55e-4
Susie,1.55e-4
Brook,1.54e-4
Dionne,1.54e-4
Lacey,1.54e-4
Phyllis,1.54e-4
Bree,1.53e-4
Rena,1.53e-4
Renae,1.53e-4
Sue,1.53e-4
Susanna,1.53e-4
Anissa,1.52e-4
Francine,1.52e-4
Lakeshia,1.52e-4
Tiffanie,1.52e-4
Anastasia,1.51e-4
Mildred,1.51e-4
Danelle,1.5e-4
Robert,1.5e-4
Shanon,1.5e-4
Harmony,1.5e-4
Georgina,1.48e-4
Latonia,1.48e-4
Shannan,1.48e-4
Athena,1.48e-4
Julianne,1.48e-4
Consuelo,1.47e-4
Graciela,1.46e-4
Malissa,1.46e-4
Shameka,1.46e-4
Letitia,1.46e-4
Ursula,1.46e-4
David,1.45e-4
Shalonda,1.45e-4
Tawanda,1.45e-4
Tawnya,1.45e-4
Francesca,1.44e-4
Sondra,1.44e-4
Toya,1.44e-4
Dayna,1.44e-4
Deena,1.44e-4
Sharonda,1.4e-4
Katy,1.39e-4
Sadie,1.39e-4
Danette,1.38e-4
Dianne,1.38e-4
Ida,1.38e-4
Mayra,1.38e-4
Mitzi,1.38e-4
Venus,1.38e-4
Alecia,1.37e-4
Bertha,1.37e-4
Elissa,1.37e-4
Lourdes,1.37e-4
Marian,1.37e-4
Josie,1.37e-4
Rosalinda,1.37e-4
Cathleen,1.36e-4
Jerri,1.36e-4
Lorrie,1.36e-4
Buffy,1.35e-4
Cora,1.35e-4
Doreen,1.35e-4
Rosemarie,1.35e-4
Celia,1.34e-4
Eve,1.34e-4
Maya,1.34e-4
Stacia,1.34e-4
John,1.34e-4
Adrian,1.33e-4
Liliana,1.33e-4
Racheal,1.32e-4
Ivy,1.31e-4
Jeana,1.31e-4
Jeanna,1.31e-4
Rocio,1.31e-4
Trudy,1.31e-4
Jamila,1.3e-4
January,1.3e-4
Juana,1.3e-4
Lynne,1.3e-4
Niki,1.3e-4
Khalilah,1.3e-4
Mollie,1.3e-4
Stella,1.3e-4
Louise,1.29e-4
Shantel,1.29e-4
Joey,1.29e-4
Karri,1.29e-4
Kayla,1.29e-4
Leanna,1.29e-4
Mercedes,1.29e-4
Rashida,1.29e-4
Rosalind,1.29e-4
Beatriz,1.28e-4
Janae,1.28e-4
Leeann,1.28e-4
Martina,1.28e-4
William,1.28e-4
Alexa,1.27e-4
Justine,1.27e-4
Lola,1.27e-4
Selina,1.27e-4
Briana,1.27e-4
Eliza,1.27e-4
Jeanie,1.26e-4
Rosalyn,1.26e-4
Celina,1.25e-4
Chiquita,1.25e-4
Mindi,1.25e-4
Maura,1.24e-4
Monika,1.24e-4
Stephenie,1.24e-4
Griselda,1.23e-4
Deanne,1.23e-4
Gayle,1.23e-4
Thelma,1.23e-4
Florence,1.22e-4
Kay,1.22e-4
Patty,1.22e-4
Charla,1.22e-4
Colette,1.22e-4
Marion,1.22e-4
Callie,1.21e-4
Mariah,1.21e-4
Marta,1.21e-4
Andria,1.2e-4
Nikia,1.2e-4
Deidra,1.2e-4
Lois,1.2e-4
Ayana,1.19e-4
Casandra,1.19e-4
Chris,1.19e-4
Davina,1.19e-4
Kori,1.19e-4
Maranda,1.19e-4
Candi,1.18e-4
Helena,1.18e-4
Destiny,1.18e-4
Jaimee,1.18e-4
Aurora,1.17e-4
Brenna,1.17e-4
Deann,1.17e-4
Cary,1.16e-4
Eugenia,1.16e-4
Noemi,1.16e-4
Simone,1.16e-4
Vera,1.16e-4
Michell,1.16e-4
Paulette,1.16e-4
Ella,1.15e-4
Tyra,1.15e-4
Christin,1.15e-4
Tamica,1.15e-4
Rosanna,1.14e-4
Shayla,1.14e-4
Tawanna,1.14e-4
Greta,1.13e-4
Kia,1.13e-4
Latricia,1.13e-4
Christen,1.12e-4
Mandie,1.12e-4
Margo,1.11e-4
Therese,1.11e-4
Margie,1.11e-4
Octavia,1.11e-4
Shamika,1.11e-4
Joleen,1.1e-4
Nikita,1.1e-4
Tana,1.1e-4
Daniel,1.09e-4
Dixie,1.09e-4
Farah,1.09e-4
Layla,1.09e-4
Lindy,1.09e-4
Rosalie,1.09e-4
Sandi,1.09e-4
Christian,1.09e-4
Janis,1.09e-4
Jena,1.09e-4
Latarsha,1.09e-4
Nakisha,1.09e-4
Sharla,1.09e-4
Chana,1.08e-4
Corinna,1.08e-4
Eunice,1.08e-4
Mellissa,1.08e-4
Regan,1.08e-4
Tamera,1.08e-4
Marlena,1.07e-4
Tanesha,1.07e-4
Ada,1.06e-4
Daniela,1.06e-4
Danita,1.06e-4
Marlo,1.06e-4
Richelle,1.06e-4
Carisa,1.06e-4
Kyla,1.06e-4
Takisha,1.06e-4
Annemarie,1.05e-4
Tarsha,1.05e-4
Christel,1.04e-4
Mackenzie,1.04e-4
Rosie,1.04e-4
Suzette,1.04e-4
Delores,1.04e-4
Jasmin,1.04e-4
Ryan,1.04e-4
Shanta,1.04e-4
Suzanna,1.04e-4
Geraldine,1.03e-4
Nikole,1.03e-4
Shawanda,1.03e-4
Kenyatta,1.02e-4
Magdalena,1.02e-4
Mellisa,1.02e-4
Salina,1.02e-4
Sommer,1.02e-4
Fawn,1.02e-4
Sofia,1.02e-4
Terrie,1.02e-4
Leila,1.01e-4
Noel,1.01e-4
Shayna,1.01e-4
Catina,1.01e-4
Juliet,1.01e-4
Shasta,1.01e-4
Trista,1.01e-4
Alysia,1e-4
Joelle,1e-4
Juliana,1e-4
Leona,1e-4
Fatima,9.9e-5
Michaela,9.9e-5
Danyelle,9.9e-5
Angelita,9.8e-5
Brian,9.8e-5
Aaron,9.7e-5
Darci,9.7e-5
Ivette,9.7e-5
Lacy,9.7e-5
Marnie,9.7e-5
Sherita,9.7e-5
Aida,9.6e-5
Chanel,9.6e-5
Justina,9.6e-5
Laquita,9.6e-5
Lissette,9.5e-5
Natalia,9.5e-5
Susannah,9.5e-5
Adriane,9.5e-5
Kandi,9.5e-5
Kyra,9.5e-5
Torrie,9.5e-5
Valencia,9.5e-5
Aileen,9.4e-5
Anika,9.4e-5
Candida,9.4e-5
Melina,9.4e-5
Nicolle,9.4e-5
Ashlee,9.4e-5
Carina,9.4e-5
Chaka,9.4e-5
Chantelle,9.4e-5
Darcie,9.4e-5
Alexandria,9.3e-5
Della,9.3e-5
Jamey,9.3e-5
Lisette,9.3e-5
Rebeca,9.3e-5
Trish,9.3e-5
Carri,9.2e-5
Elvira,9.2e-5
Kira,9.2e-5
Felisha,9.2e-5
Johnna,9.2e-5
Lucretia,9.2e-5
Rayna,9.2e-5
Tory,9.2e-5
Melonie,9.1e-5
Pearl,9.1e-5
Rosario,9.1e-5
Tonja,9.1e-5
Clarice,9e-5
Morgan,9e-5
Shantell,9e-5
Anthony,9e-5
Jade,9e-5
Alanna,8.9e-5
Angeline,8.9e-5
Carole,8.9e-5
Kathrine,8.9e-5
Matthew,8.9e-5
Joseph,8.8e-5
Leilani,8.8e-5
Mistie,8.8e-5
Brianna,8.8e-5
Eboni,8.8e-5
Antionette,8.7e-5
Imelda,8.7e-5
Mari,8.7e-5
Nichol,8.7e-5
Benita,8.7e-5
Brigitte,8.7e-5
Daniele,8.7e-5
Delilah,8.7e-5
Francisca,8.7e-5
Jada,8.7e-5
Jesse,8.7e-5
Lauri,8.7e-5
Tamela,8.7e-5
Cecelia,8.6e-5
Lucille,8.6e-5
Myrna,8.6e-5
Alycia,8.5e-5
Carmela,8.5e-5
India,8.5e-5
Joanie,8.5e-5
Kenisha,8.5e-5
Lilia,8.5e-5
Lily,8.5e-5
Caitlin,8.5e-5
Eric,8.5e-5
Latoria,8.5e-5
Mendy,8.5e-5
Raina,8.5e-5
Shelli,8.5e-5
Brigette,8.4e-5
Georgette,8.4e-5
Inez,8.4e-5
Latrina,8.4e-5
Patti,8.4e-5
Rae,8.4e-5
Roxanna,8.4e-5
Sharlene,8.4e-5
Celena,8.3e-5
Coleen,8.3e-5
Corrine,8.3e-5
Jenni,8.3e-5
Nellie,8.3e-5
Starr,8.3e-5
Torie,8.3e-5
Damaris,8.3e-5
Danna,8.3e-5
Emilie,8.3e-5
Keli,8.3e-5
Shani,8.3e-5
Tamekia,8.3e-5
Trinity,8.3e-5
Valeria,8.3e-5
Venessa,8.3e-5
Bonita,8.2e-5
Esperanza,8.2e-5
Francis,8.2e-5
Alesha,8.1e-5
Cristi,8.1e-5
Faye,8.1e-5
Ginny,8.1e-5
Josefina,8.1e-5
Libby,8.1e-5
Richard,8.1e-5
Shanika,8.1e-5
Adria,8.1e-5
Shandra,8.1e-5
Danyel,8e-5
