name,percent
Michael,0.039308
Jason,0.030225
Christopher,0.027701
David,0.023821
James,0.023363
Matthew,0.020085
John,0.019914
Robert,0.019532
Brian,0.017239
Joseph,0.015617
Daniel,0.01547
Joshua,0.014762
William,0.014153
Ryan,0.012488
Kevin,0.011769
Eric,0.011574
Timothy,0.011482
Jeremy,0.011422
Jeffrey,0.009955
Anthony,0.009836
Richard,0.009799
Andrew,0.009794
Thomas,0.009645
Steven,0.009599
Nicholas,0.009568
Mark,0.008692
Charles,0.008689
Justin,0.008306
Adam,0.008146
Scott,0.007924
Jonathan,0.007332
Aaron,0.007206
Paul,0.006859
Benjamin,0.006682
Chad,0.005918
Nathan,0.005792
Stephen,0.005771
Gregory,0.005468
Shawn,0.005436
Brandon,0.005414
Kenneth,0.005284
Patrick,0.005171
Bryan,0.004271
Jose,0.004179
Sean,0.00413
Travis,0.004072
Edward,0.003789
Donald,0.003762
Keith,0.003616
Jacob,0.003605
Shaun,0.003576
Jesse,0.003573
Bradley,0.003568
Peter,0.003437
Ronald,0.003369
Todd,0.003217
Samuel,0.003156
George,0.003093
Douglas,0.003015
Gary,0.002997
Corey,0.002889
Juan,0.002828
Larry,0.002645
Kyle,0.00264
Shane,0.002623
Craig,0.00262
Phillip,0.002554
Dustin,0.002446
Raymond,0.002425
Marcus,0.00234
Dennis,0.002262
Jared,0.002254
Cory,0.002252
Joel,0.002232
Derek,0.002225
Derrick,0.002216
Frank,0.002208
Carlos,0.002179
Antonio,0.002151
Jeffery,0.002075
Jeremiah,0.002014
Jerry,0.002008
Wesley,0.001934
Philip,0.001929
Erik,0.001908
Randy,0.001883
Brent,0.001862
Troy,0.001849
Zachary,0.001832
Gabriel,0.001831
Terry,0.001808
Casey,0.001761
Russell,0.001747
Nathaniel,0.001714
Jamie,0.001679
Curtis,0.001652
Tony,0.001615
Alexander,0.001603
Billy,0.00158
Carl,0.001525
Johnny,0.001499
Rodney,0.001497
Victor,0.001488
Kristopher,0.001479
Vincent,0.001465
Seth,0.001465
Marc,0.001451
Jon,0.001411
Bobby,0.001406
Luis,0.001406
Adrian,0.001349
Brett,0.001348
Lawrence,0.001314
Mario,0.001304
Christian,0.001293
Danny,0.001292
Jimmy,0.001269
Ian,0.001268
Jay,0.001257
Roger,0.001256
Willie,0.001249
Alan,0.00124
Brad,0.001233
Jesus,0.001213
Micheal,0.001205
Martin,0.001201
Henry,0.001194
Joe,0.001191
Andre,0.001188
Ricky,0.001182
Walter,0.001165
Lee,0.00116
Damon,0.001158
Randall,0.001155
Lance,0.001154
Lucas,0.00114
Gerald,0.001106
Wayne,0.001104
Luke,0.0011
Ricardo,0.0011
Arthur,0.001096
Shannon,0.001082
Manuel,0.001079
Allen,0.001069
Miguel,0.001065
Albert,0.001056
Roy,0.001054
Clinton,0.001033
Louis,0.001028
Tyler,0.001026
Bruce,9.96e-4
Cody,9.85e-4
Jorge,9.57e-4
Francisco,9.4e-4
Roberto,9.39e-4
Jack,9.23e-4
Maurice,9.21e-4
Frederick,8.97e-4
Neil,8.95e-4
Reginald,8.89e-4
Damien,8.82e-4
Barry,8.8e-4
Ronnie,8.64e-4
Alex,8.61e-4
Darrell,8.59e-4
Isaac,8.51e-4
Darren,8.5e-4
Tyrone,8.4e-4
Trevor,8.21e-4
Ernest,8.1e-4
Ruben,8.08e-4
Eddie,8.07e-4
Jerome,8.03e-4
Chris,7.8e-4
Eugene,7.78e-4
Dale,7.76e-4
Tommy,7.73e-4
Leonard,7.7e-4
Kelly,7.66e-4
Oscar,7.65e-4
Omar,7.57e-4
Terrance,7.51e-4
Mathew,7.51e-4
Jaime,7.48e-4
Geoffrey,7.43e-4
Mitchell,7.41e-4
Calvin,7.38e-4
Jermaine,7.34e-4
Angel,7.3e-4
Harold,7.28e-4
Hector,7.27e-4
Dwayne,7.24e-4
Steve,7.21e-4
Edwin,7.2e-4
Theodore,7.09e-4
Marvin,7.03e-4
Melvin,6.81e-4
Evan,6.79e-4
Javier,6.76e-4
Glenn,6.55e-4
Terrence,6.53e-4
Alejandro,6.46e-4
Clayton,6.35e-4
Fernando,6.32e-4
Cameron,6.31e-4
Ralph,6.3e-4
Joey,6.28e-4
Kurt,6.23e-4
Raul,6.06e-4
Clint,6.02e-4
Stanley,5.99e-4
Heath,5.98e-4
Pedro,5.96e-4
Ramon,5.91e-4
Micah,5.9e-4
Clifford,5.87e-4
Eduardo,5.85e-4
Rafael,5.82e-4
Jordan,5.72e-4
Andy,5.67e-4
Dominic,5.64e-4
Howard,5.6e-4
Colin,5.53e-4
Johnathan,5.53e-4
Francis,5.5e-4
Clarence,5.47e-4
Earl,5.43e-4
Leon,5.4e-4
Ross,5.38e-4
Jarrod,5.35e-4
Harry,5.34e-4
Karl,5.27e-4
Brendan,5.25e-4
Alfred,5.24e-4
Jessie,5.24e-4
Armando,5.21e-4
Austin,5.21e-4
Sergio,5.19e-4
Toby,5.18e-4
Jonathon,5.13e-4
Clifton,5.09e-4
Devin,5.09e-4
Marco,4.96e-4
Damian,4.95e-4
Jody,4.94e-4
Daryl,4.91e-4
Duane,4.9e-4
Franklin,4.89e-4
Tyson,4.79e-4
Grant,4.79e-4
Garrett,4.73e-4
Alvin,4.69e-4
Gilbert,4.66e-4
Nicolas,4.66e-4
Byron,4.65e-4
Cedric,4.64e-4
Ray,4.63e-4
Warren,4.62e-4
Erick,4.59e-4
Alberto,4.56e-4
Courtney,4.55e-4
Wade,4.54e-4
Dean,4.49e-4
Kelvin,4.4e-4
Julio,4.35e-4
Norman,4.32e-4
Spencer,4.32e-4
Bernard,4.31e-4
Ivan,4.3e-4
Cesar,4.27e-4
Darryl,4.25e-4
Kirk,4.2e-4
Marshall,4.19e-4
Leroy,4.13e-4
Alfredo,4.11e-4
Caleb,4.11e-4
Lonnie,4.1e-4
Greg,4.07e-4
Fred,4.06e-4
Abraham,4.04e-4
Noah,4.04e-4
Roderick,4.04e-4
Edgar,4.02e-4
Arturo,4.01e-4
Nelson,3.98e-4
Rene,3.98e-4
Fredrick,3.93e-4
Blake,3.9e-4
Demetrius,3.86e-4
Charlie,3.86e-4
Glen,3.83e-4
Antoine,3.79e-4
Jeff,3.74e-4
Julian,3.74e-4
Orlando,3.71e-4
Enrique,3.68e-4
Ethan,3.67e-4
Quincy,3.67e-4
Lewis,3.66e-4
Vernon,3.63e-4
Bradford,3.52e-4
Jayson,3.5e-4
Preston,3.5e-4
Donnie,3.47e-4
Don,3.44e-4
Israel,3.43e-4
Neal,3.42e-4
Andres,3.41e-4
Gerardo,3.38e-4
Nickolas,3.37e-4
Ben,3.34e-4
Salvador,3.34e-4
Herbert,3.33e-4
Darnell,3.32e-4
Ernesto,3.29e-4
Bryant,3.29e-4
Rocky,3.24e-4
Rudy,3.24e-4
Jamal,3.23e-4
Drew,3.21e-4
Elijah,3.21e-4
Trent,3.2e-4
Lamont,3.17e-4
Stuart,3.17e-4
Dana,3.16e-4
Angelo,3.13e-4
Levi,3.13e-4
Ashley,3.12e-4
Darin,3.12e-4
Marlon,3.12e-4
Desmond,3.09e-4
Felix,3.09e-4
Lorenzo,3.09e-4
Marcos,3.09e-4
Tracy,3.08e-4
Leslie,3.07e-4
Bryce,3.06e-4
Brock,3.03e-4
Chadwick,3.03e-4
Lloyd,3.02e-4
Gordon,3.01e-4
Allan,2.97e-4
Rickey,2.94e-4
Terrell,2.94e-4
Kent,2.92e-4
Kendrick,2.89e-4
Dwight,2.87e-4
Roland,2.84e-4
Jimmie,2.84e-4
Dylan,2.81e-4
Lamar,2.81e-4
Floyd,2.81e-4
Leo,2.81e-4
Beau,2.78e-4
Freddie,2.77e-4
Johnnie,2.74e-4
Quentin,2.73e-4
Dallas,2.71e-4
Kerry,2.71e-4
Dewayne,2.69e-4
Gene,2.65e-4
Jake,2.62e-4
Julius,2.62e-4
Brady,2.6e-4
Eli,2.58e-4
Jackie,2.57e-4
Mike,2.56e-4
Carlton,2.55e-4
Guy,2.55e-4
Rodolfo,2.52e-4
Pablo,2.51e-4
Cornelius,2.5e-4
Josh,2.5e-4
Kenny,2.5e-4
Oliver,2.45e-4
Devon,2.44e-4
Perry,2.44e-4
Alfonso,2.43e-4
Rory,2.43e-4
Sam,2.43e-4
Noel,2.43e-4
Damion,2.42e-4
Derick,2.42e-4
Max,2.42e-4
Milton,2.42e-4
Terence,2.37e-4
Frankie,2.36e-4
Rick,2.35e-4
Nick,2.34e-4
Rolando,2.31e-4
Morgan,2.29e-4
Lester,2.27e-4
Scotty,2.26e-4
Robin,2.26e-4
Herman,2.24e-4
Bret,2.23e-4
Chester,2.22e-4
Kris,2.22e-4
Felipe,2.18e-4
Abel,2.16e-4
Clay,2.16e-4
Dante,2.16e-4
Gavin,2.14e-4
Dion,2.13e-4
Elvis,2.13e-4
Gregg,2.13e-4
Loren,2.12e-4
Kareem,2.12e-4
Jim,2.11e-4
Ted,2.1e-4
Trenton,2.1e-4
Ty,2.09e-4
Elias,2.09e-4
Darrick,2.07e-4
Gilberto,2.07e-4
Cecil,2.06e-4
Rashad,2.06e-4
Robbie,2.06e-4
Clyde,2.05e-4
Darius,2.04e-4
Kristofer,2.04e-4
Simon,2.04e-4
Bryon,2.04e-4
Darrin,2.03e-4
Jess,2.03e-4
Randolph,2.01e-4
Salvatore,2.01e-4
Stacy,2.01e-4
Taylor,2.01e-4
Thaddeus,2e-4
Rusty,2e-4
Dan,1.99e-4
Ismael,1.98e-4
Marty,1.98e-4
Gerard,1.97e-4
Kendall,1.96e-4
Fabian,1.95e-4
Jarrett,1.93e-4
Xavier,1.93e-4
Rogelio,1.92e-4
Garry,1.89e-4
Dominick,1.87e-4
Guillermo,1.87e-4
Wendell,1.87e-4
Benny,1.86e-4
Harvey,1.86e-4
Forrest,1.86e-4
Jerrod,1.86e-4
Antwan,1.85e-4
Sheldon,1.85e-4
Moses,1.84e-4
Kristoffer,1.83e-4
Sherman,1.83e-4
Emmanuel,1.82e-4
Ira,1.8e-4
Logan,1.8e-4
Ramiro,1.8e-4
Aron,1.78e-4
Myron,1.78e-4
Kory,1.78e-4
Donny,1.77e-4
Jamar,1.77e-4
Zachariah,1.77e-4
Everett,1.76e-4
Gustavo,1.76e-4
Graham,1.75e-4
Otis,1.74e-4
Sammy,1.74e-4
Reuben,1.73e-4
Chance,1.73e-4
Jamel,1.72e-4
Malcolm,1.72e-4
Sidney,1.72e-4
Guadalupe,1.72e-4
Landon,1.72e-4
Donovan,1.71e-4
Stephan,1.71e-4
Colby,1.7e-4
Saul,1.7e-4
Timmy,1.66e-4
Alonzo,1.65e-4
Jed,1.65e-4
Reggie,1.65e-4
Tobias,1.65e-4
Isaiah,1.65e-4
Dexter,1.63e-4
Esteban,1.61e-4
Edmund,1.59e-4
Emanuel,1.58e-4
Kurtis,1.58e-4
Owen,1.58e-4
Stewart,1.58e-4
Ron,1.58e-4
Reynaldo,1.57e-4
Tomas,1.57e-4
Mason,1.56e-4
Bill,1.55e-4
Jarvis,1.54e-4
Nathanael,1.54e-4
Claude,1.54e-4
Sonny,1.53e-4
Amos,1.52e-4
Torrey,1.52e-4
Dane,1.52e-4
Roman,1.52e-4
Erin,1.51e-4
Waylon,1.51e-4
Jeromy,1.51e-4
Joesph,1.5e-4
Johnathon,1.49e-4
Nolan,1.49e-4
Levar,1.49e-4
Marquis,1.49e-4
Rex,1.49e-4
Alexis,1.48e-4
Efrain,1.48e-4
Deon,1.48e-4
Ali,1.47e-4
Deandre,1.46e-4
Arnold,1.46e-4
Lionel,1.46e-4
Branden,1.44e-4
Collin,1.44e-4
Randal,1.44e-4
Bennie,1.44e-4
Tim,1.44e-4
Leonardo,1.43e-4
Teddy,1.43e-4
Mickey,1.42e-4
Tom,1.42e-4
Erich,1.42e-4
Kristian,1.42e-4
Hugh,1.41e-4
Jamey,1.41e-4
Rodrick,1.41e-4
Donte,1.4e-4
Blaine,1.39e-4
Harley,1.39e-4
Alton,1.37e-4
Lyle,1.37e-4
Elliott,1.37e-4
Matt,1.37e-4
Jarod,1.36e-4
Jerod,1.36e-4
Miles,1.36e-4
Will,1.36e-4
Cary,1.35e-4
Leland,1.35e-4
Morris,1.34e-4
Brant,1.34e-4
Dusty,1.33e-4
Kasey,1.33e-4
Scottie,1.33e-4
Virgil,1.33e-4
Curt,1.32e-4
Sterling,1.32e-4
Avery,1.31e-4
Carey,1.31e-4
Rico,1.31e-4
Wilson,1.31e-4
Ariel,1.3e-4
Sylvester,1.3e-4
Demond,1.29e-4
Earnest,1.29e-4
Quinton,1.29e-4
Hugo,1.28e-4
Luther,1.28e-4
Stefan,1.28e-4
Joaquin,1.28e-4
Elliot,1.26e-4
Santiago,1.26e-4
Solomon,1.26e-4
Wallace,1.25e-4
Jeramy,1.24e-4
Willis,1.24e-4
Blair,1.24e-4
Clark,1.24e-4
Moises,1.24e-4
Robby,1.24e-4
Tory,1.24e-4
Vicente,1.23e-4
Aric,1.22e-4
Pete,1.22e-4
Ignacio,1.22e-4
Jackson,1.22e-4
Donnell,1.21e-4
Emilio,1.21e-4
Marion,1.21e-4
Darrel,1.2e-4
Stacey,1.19e-4
Jennifer,1.18e-4
Jarred,1.18e-4
Ahmad,1.17e-4
Cedrick,1.17e-4
Jeremie,1.16e-4
Humberto,1.15e-4
Freddy,1.15e-4
Edmond,1.14e-4
Noe,1.14e-4
Jamaal,1.14e-4
Jedediah,1.12e-4
Reid,1.12e-4
Josue,1.11e-4
Reed,1.11e-4
Archie,1.11e-4
Anton,1.1e-4
Carlo,1.1e-4
Jovan,1.1e-4
Wyatt,1.1e-4
Jeramie,1.1e-4
Rodrigo,1.1e-4
Delvin,1.09e-4
Scot,1.08e-4
Bart,1.07e-4
Conrad,1.07e-4
Hans,1.07e-4
Jean,1.07e-4
Jeffry,1.07e-4
Jerald,1.07e-4
Mack,1.07e-4
Rudolph,1.06e-4
Shad,1.06e-4
Deshawn,1.05e-4
Dorian,1.05e-4
Nathanial,1.05e-4
Aubrey,1.04e-4
Shayne,1.04e-4
Arron,1.03e-4
Monte,1.03e-4
Buddy,1.02e-4
Jonas,1.02e-4
Lavar,1.02e-4
Rigoberto,1.02e-4
Korey,1.01e-4
Tommie,1.01e-4
Jamison,1.01e-4
Rhett,1.01e-4
Vance,1.01e-4
Wilfredo,1.01e-4
Marques,1e-4
Royce,1e-4
Winston,1e-4
Raphael,1e-4
Santos,1e-4
Tanner,9.9e-5
Daren,9.8e-5
Jonah,9.8e-5
Malik,9.8e-5
Shelby,9.8e-5
Zane,9.8e-5
Elmer,9.7e-5
Pierre,9.7e-5
Riley,9.7e-5
Dave,9.6e-5
Jefferson,9.6e-5
Quinn,9.6e-5
Adan,9.6e-5
Roosevelt,9.6e-5
Tavares,9.6e-5
Markus,9.5e-5
Grady,9.4e-5
Weston,9.4e-5
Bradly,9.3e-5
Demarcus,9.3e-5
Chauncey,9.3e-5
Ervin,9.3e-5
Kenyatta,9.3e-5
Giovanni,9.2e-5
Josiah,9.2e-5
Jamil,9.1e-5
Benito,9.1e-5
Stevie,9.1e-5
Willard,9.1e-5
Elton,9e-5
Galen,9e-5
Barrett,9e-5
Darian,9e-5
Andrea,8.9e-5
Issac,8.9e-5
Lynn,8.9e-5
Zachery,8.9e-5
Davin,8.8e-5
Abram,8.8e-5
Alvaro,8.8e-5
Conor,8.7e-5
Dameon,8.7e-5
Denny,8.7e-5
Brendon,8.7e-5
Ezra,8.7e-5
Cole,8.6e-5
Van,8.6e-5
Wilbert,8.6e-5
Horace,8.6e-5
Hunter,8.6e-5
Percy,8.6e-5
Brain,8.5e-5
Brice,8.5e-5
Anwar,8.4e-5
Jasper,8.4e-5
Jedidiah,8.4e-5
Tremayne,8.4e-5
Tyree,8.4e-5
Domingo,8.3e-5
Jasen,8.3e-5
Tyron,8.3e-5
Antony,8.3e-5
Chase,8.3e-5
Hubert,8.3e-5
Marlin,8.3e-5
Louie,8.2e-5
Sebastian,8.2e-5
Carson,8.1e-5
Delbert,8.1e-5
Kenyon,8.1e-5
Laurence,8.1e-5
Hassan,8.1e-5
Heriberto,8.1e-5
Ellis,8e-5
Ken,8e-5
Vaughn,8e-5
Shelton,8e-5
Jeremey,7.9e-5
Mauricio,7.9e-5
Al,7.9e-5
Brenton,7.9e-5
Jade,7.9e-5
Marcel,7.9e-5
Diego,7.8e-5
Elvin,7.8e-5
Jan,7.8e-5
Rickie,7.8e-5
Cornell,7.7e-5
Dedrick,7.7e-5
Mikel,7.7e-5
Rufus,7.7e-5
Tristan,7.7e-5
Cyrus,7.7e-5
Danial,7.7e-5
Ernie,7.7e-5
Keenan,7.7e-5
Nicholaus,7.7e-5
Chet,7.6e-5
Lane,7.6e-5
Theron,7.6e-5
Ari,7.6e-5
Judson,7.6e-5
Kenya,7.6e-5
Leonel,7.6e-5
Monty,7.6e-5
Agustin,7.5e-5
Antione,7.5e-5
Kenji,7.5e-5
Rocco,7.4e-5
Thad,7.4e-5
Titus,7.4e-5
Gregorio,7.3e-5
Ulysses,7.3e-5
Davis,7.2e-5
Jameel,7.2e-5
Keven,7.2e-5
Kim,7.2e-5
Leif,7.2e-5
Ronny,7.2e-5
Alphonso,7.1e-5
Ezekiel,7.1e-5
Josef,7.1e-5
Billie,7.1e-5
Brennan,7.1e-5
Trey,7e-5
Antwon,7e-5
Dewey,7e-5
Donta,7e-5
Michel,7e-5
Rodger,7e-5
Lowell,6.9e-5
Adolfo,6.9e-5
Cleveland,6.9e-5
Garth,6.9e-5
Lenny,6.9e-5
Seneca,6.9e-5
Cortney,6.8e-5
Errol,6.8e-5
Fidel,6.8e-5
Kip,6.8e-5
Moshe,6.8e-5
Nicky,6.8e-5
Nigel,6.8e-5
Tad,6.8e-5
Bert,6.7e-5
Brooks,6.7e-5
Edwardo,6.7e-5
Maxwell,6.7e-5
Octavio,6.7e-5
Cruz,6.7e-5
Daron,6.7e-5
Denver,6.7e-5
Gerry,6.7e-5
Richie,6.7e-5
Elbert,6.6e-5
Jevon,6.6e-5
Tarik,6.6e-5
Terrill,6.6e-5
Adrain,6.6e-5
Broderick,6.6e-5
Efren,6.6e-5
Jerad,6.6e-5
Silas,6.6e-5
Wilbur,6.6e-5
Deric,6.5e-5
Emmett,6.5e-5
Liam,6.5e-5
Bob,6.4e-5
Coby,6.4e-5
Osvaldo,6.4e-5
Dejuan,6.4e-5
Braden,6.3e-5
Federico,6.3e-5
Gino,6.3e-5
Irvin,6.3e-5
Nikolas,6.3e-5
Parker,6.3e-5
Raheem,6.3e-5
Torrance,6.3e-5
Aldo,6.3e-5
Demario,6.3e-5
Denis,6.3e-5
Jacques,6.3e-5
Laron,6.3e-5
Tracey,6.3e-5
Darwin,6.2e-5
Shon,6.2e-5
Abdul,6.2e-5
Carmen,6.2e-5
Cortez,6.2e-5
Khalid,6.2e-5
Myles,6.2e-5
Westley,6.2e-5
Whitney,6.2e-5
Brannon,6.1e-5
Francesco,6.1e-5
Giuseppe,6.1e-5
Javon,6.1e-5
Rashawn,6.1e-5
Quintin,6e-5
Amir,6e-5
Burton,6e-5
Jayme,6e-5
Jered,6e-5
Shea,6e-5
Vito,6e-5
Zackery,6e-5
Boyd,5.9e-5
Derik,5.9e-5
Dominique,5.9e-5
Homer,5.9e-5
Melissa,5.9e-5
Trinity,5.9e-5
Chuck,5.9e-5
Dirk,5.9e-5
Jabari,5.9e-5
Jereme,5.9e-5
Kenton,5.9e-5
Sedrick,5.9e-5
Brandy,5.8e-5
Harrison,5.8e-5
Judd,5.8e-5
Taurus,5.8e-5
Coy,5.7e-5
Doyle,5.7e-5
Garland,5.7e-5
Rahsaan,5.7e-5
Chaim,5.7e-5
Jaron,5.7e-5
Tobin,5.7e-5
Torey,5.7e-5
Alec,5.6e-5
Gonzalo,5.6e-5
Jamin,5.6e-5
Karim,5.6e-5
August,5.6e-5
Chadd,5.6e-5
Eloy,5.6e-5
Jerimiah,5.6e-5
Lincoln,5.6e-5
Garrick,5.5e-5
Jessica,5.5e-5
Johnpaul,5.5e-5
Russel,5.5e-5
Woodrow,5.5e-5
Nestor,5.4e-5
Randell,5.4e-5
Rasheed,5.4e-5
Raymundo,5.4e-5
Sammie,5.4e-5
Trever,5.4e-5
Uriah,5.4e-5
Dax,5.4e-5
Nicklaus,5.4e-5
Norris,5.4e-5
Zebulon,5.4e-5
Cliff,5.3e-5
Greggory,5.3e-5
Jarret,5.3e-5
Kody,5.3e-5
Timmothy,5.3e-5
Ahmed,5.3e-5
Anson,5.3e-5
Bernardo,5.3e-5
Deangelo,5.3e-5
Demarco,5.3e-5
Jermey,5.3e-5
Kraig,5.3e-5
Lindsey,5.3e-5
Antwain,5.2e-5
Augustine,5.2e-5
Christoper,5.2e-5
Davon,5.2e-5
Emil,5.2e-5
Benjamen,5.2e-5
Cale,5.2e-5
Chadrick,5.2e-5
Cordell,5.2e-5
Estevan,5.2e-5
German,5.2e-5
Kirby,5.2e-5
Marcelo,5.2e-5
Wilfred,5.2e-5
Dequan,5.1e-5
Elisha,5.1e-5
Lukas,5.1e-5
Mitchel,5.1e-5
Brandt,5e-5
Darron,5e-5
Dedric,5e-5
Duncan,5e-5
Tate,5e-5
Christina,5e-5
Deshaun,5e-5
Erwin,5e-5
Juston,5e-5
Kelley,5e-5
Muhammad,5e-5
Zackary,5e-5
Antonia,4.9e-5
Carmelo,4.9e-5
Kelsey,4.9e-5
Michelle,4.9e-5
Bronson,4.9e-5
Doug,4.9e-5
Edgardo,4.9e-5
Garret,4.9e-5
Hasan,4.9e-5
Isidro,4.9e-5
Jeb,4.9e-5
Junior,4.9e-5
Eliseo,4.8e-5
Jude,4.8e-5
Lashawn,4.8e-5
Alfonzo,4.7e-5
Anderson,4.7e-5
Bobbie,4.7e-5
Claudio,4.7e-5
Cristopher,4.7e-5
Donell,4.7e-5
Hiram,4.7e-5
Roscoe,4.7e-5
Sarah,4.7e-5
Amanda,4.6e-5
Andrae,4.6e-5
Irving,4.6e-5
Kendell,4.6e-5
Michale,4.6e-5
Rian,4.6e-5
Tucker,4.6e-5
Asa,4.6e-5
Donavan,4.6e-5
Franco,4.6e-5
Nicole,4.6e-5
Regan,4.6e-5
Rob,4.6e-5
Cullen,4.5e-5
Dereck,4.5e-5
Harlan,4.5e-5
Keon,4.5e-5
Lydell,4.5e-5
Reinaldo,4.5e-5
Samir,4.5e-5
Vince,4.5e-5
Buck,4.5e-5
Chip,4.5e-5
Derrell,4.5e-5
Garett,4.5e-5
Germaine,4.5e-5
Amit,4.4e-5
Arnulfo,4.4e-5
Gus,4.4e-5
Kermit,4.4e-5
Leopoldo,4.4e-5
Omari,4.4e-5
Paulo,4.4e-5
