name,percent
Michael,0.037039
Christopher,0.026531
Jason,0.025994
David,0.0226
James,0.021205
Matthew,0.020417
Joshua,0.019454
John,0.019018
Robert,0.018475
Joseph,0.016285
Daniel,0.01612
Brian,0.015495
Justin,0.014436
William,0.013836
Ryan,0.013375
Eric,0.012197
Nicholas,0.011338
Jeremy,0.010739
Andrew,0.010642
Timothy,0.010334
Jonathan,0.010243
Adam,0.010176
Kevin,0.009692
Anthony,0.009495
Thomas,0.009465
Richard,0.008986
Jeffrey,0.008839
Steven,0.008578
Charles,0.008072
Brandon,0.007638
Mark,0.007637
Benjamin,0.007348
Scott,0.007175
Aaron,0.007102
Paul,0.006373
Nathan,0.006003
Travis,0.005808
Patrick,0.005581
Chad,0.005477
Stephen,0.00543
Kenneth,0.005184
Gregory,0.004998
Jacob,0.004593
Dustin,0.004541
Jesse,0.004517
Jose,0.004484
Shawn,0.004153
Sean,0.004096
Bryan,0.004053
Derek,0.003903
Bradley,0.003893
Edward,0.003647
Donald,0.003384
Samuel,0.003241
Peter,0.003209
Keith,0.003177
Kyle,0.00312
Ronald,0.003106
Juan,0.002929
George,0.002856
Jared,0.002803
Douglas,0.002795
Gary,0.002717
Erik,0.002649
Phillip,0.002501
Joel,0.002466
Raymond,0.002464
Corey,0.002395
Shane,0.002356
Larry,0.002301
Marcus,0.002294
Zachary,0.002287
Craig,0.002283
Derrick,0.002231
Todd,0.00223
Jeremiah,0.00221
Antonio,0.0022
Carlos,0.002197
Shaun,0.002118
Dennis,0.002052
Frank,0.002011
Philip,0.001922
Cory,0.001917
Brent,0.001907
Gabriel,0.001882
Nathaniel,0.001881
Randy,0.001826
Luis,0.001809
Curtis,0.001801
Jeffery,0.001796
Russell,0.001764
Alexander,0.001761
Casey,0.001733
Jerry,0.001723
Wesley,0.001708
Brett,0.00169
Luke,0.001671
Lucas,0.001661
Seth,0.001644
Billy,0.001614
Terry,0.001611
Mario,0.001582
Carl,0.001581
Ian,0.001568
Jamie,0.001535
Troy,0.001524
Victor,0.001517
Tony,0.00147
Bobby,0.001469
Jesus,0.001454
Vincent,0.001452
Alan,0.001439
Johnny,0.001424
Tyler,0.001414
Adrian,0.001289
Brad,0.001279
Ricardo,0.001251
Marc,0.001247
Christian,0.001246
Danny,0.001224
Rodney,0.001222
Ricky,0.001204
Martin,0.0012
Allen,0.001192
Lee,0.001191
Jimmy,0.00119
Jon,0.001176
Lawrence,0.001172
Miguel,0.001172
Willie,0.001171
Clinton,0.001167
Micheal,0.001162
Andre,0.001121
Roger,0.001118
Henry,0.001114
Randall,0.001092
Kristopher,0.001085
Walter,0.001084
Jorge,0.001077
Joe,0.001072
Jay,0.001069
Albert,0.001055
Cody,0.001055
Manuel,0.001026
Roberto,0.001012
Wayne,9.94e-4
Arthur,9.82e-4
Gerald,9.82e-4
Jermaine,9.75e-4
Isaac,9.68e-4
Louis,9.65e-4
Lance,9.63e-4
Roy,9.59e-4
Francisco,9.52e-4
Trevor,9.11e-4
Alex,9.03e-4
Bruce,8.89e-4
Evan,8.75e-4
Jack,8.73e-4
Jordan,8.72e-4
Frederick,8.67e-4
Maurice,8.39e-4
Darren,8.25e-4
Mitchell,8.21e-4
Ruben,8.03e-4
Reginald,7.99e-4
Darrell,7.89e-4
Jaime,7.88e-4
Hector,7.82e-4
Omar,7.8e-4
Jonathon,7.71e-4
Angel,7.64e-4
Ronnie,7.6e-4
Johnathan,7.56e-4
Barry,7.56e-4
Oscar,7.51e-4
Eddie,7.49e-4
Jerome,7.45e-4
Terrance,7.45e-4
Ernest,7.4e-4
Neil,7.27e-4
Damien,7.22e-4
Mathew,7.19e-4
Shannon,7.18e-4
Calvin,7.14e-4
Javier,7.05e-4
Alejandro,7.02e-4
Edwin,7e-4
Eugene,6.94e-4
Garrett,6.93e-4
Raul,6.93e-4
Kurt,6.91e-4
Clint,6.88e-4
Clayton,6.88e-4
Leonard,6.87e-4
Fernando,6.81e-4
Tommy,6.79e-4
Dale,6.67e-4
Geoffrey,6.61e-4
Marvin,6.59e-4
Steve,6.59e-4
Clifford,6.56e-4
Beau,6.51e-4
Tyrone,6.45e-4
Theodore,6.44e-4
Colin,6.43e-4
Harold,6.42e-4
Rafael,6.39e-4
Kelly,6.38e-4
Terrence,6.37e-4
Austin,6.27e-4
Joey,6.21e-4
Jarrod,6.18e-4
Glenn,6.17e-4
Ramon,6.16e-4
Cameron,6.15e-4
Grant,5.97e-4
Melvin,5.96e-4
Brendan,5.93e-4
Jessie,5.92e-4
Stanley,5.91e-4
Armando,5.89e-4
Pedro,5.87e-4
Dwayne,5.76e-4
Karl,5.7e-4
Levi,5.68e-4
Eduardo,5.66e-4
Micah,5.65e-4
Ross,5.6e-4
Ralph,5.6e-4
Byron,5.53e-4
Dominic,5.51e-4
Marco,5.43e-4
Chris,5.31e-4
Caleb,5.3e-4
Devin,5.29e-4
Andy,5.22e-4
Blake,5.22e-4
Sergio,5.14e-4
Erick,5.02e-4
Noah,5.01e-4
Howard,4.98e-4
Francis,4.97e-4
Tyson,4.94e-4
Cedric,4.9e-4
Heath,4.89e-4
Ivan,4.89e-4
Leon,4.88e-4
Alberto,4.87e-4
Earl,4.85e-4
Damon,4.84e-4
Edgar,4.77e-4
Franklin,4.72e-4
Alvin,4.69e-4
Alfred,4.66e-4
Courtney,4.65e-4
Clarence,4.64e-4
Harry,4.63e-4
Darryl,4.58e-4
Nicolas,4.57e-4
Ray,4.54e-4
Gilbert,4.5e-4
Marshall,4.45e-4
Cesar,4.44e-4
Dylan,4.43e-4
Alfredo,4.42e-4
Dean,4.41e-4
Warren,4.35e-4
Clifton,4.33e-4
Julio,4.28e-4
Enrique,4.27e-4
Kirk,4.25e-4
Abraham,4.21e-4
Bernard,4.16e-4
Daryl,4.13e-4
Arturo,4.13e-4
Preston,4.1e-4
Roderick,4.09e-4
Elijah,4.07e-4
Julian,4.06e-4
Antoine,4.04e-4
Ashley,4.03e-4
Orlando,4e-4
Wade,3.97e-4
Andres,3.96e-4
Norman,3.92e-4
Drew,3.88e-4
Duane,3.88e-4
Spencer,3.87e-4
Vernon,3.81e-4
Ethan,3.79e-4
Morgan,3.79e-4
Leroy,3.77e-4
Demetrius,3.75e-4
Lonnie,3.74e-4
Nelson,3.71e-4
Brock,3.7e-4
Nickolas,3.67e-4
Dallas,3.67e-4
Rene,3.64e-4
Israel,3.57e-4
Bryce,3.54e-4
Salvador,3.5e-4
Toby,3.5e-4
Lewis,3.49e-4
Ernesto,3.48e-4
Gerardo,3.43e-4
Bradford,3.4e-4
Marcos,3.39e-4
Fredrick,3.35e-4
Taylor,3.32e-4
Bryant,3.3e-4
Lamar,3.3e-4
Kelvin,3.3e-4
Terrell,3.27e-4
Jody,3.26e-4
Jayson,3.25e-4
Angelo,3.25e-4
Glen,3.23e-4
Don,3.23e-4
Rocky,3.23e-4
Charlie,3.22e-4
Neal,3.2e-4
Lorenzo,3.15e-4
Fred,3.14e-4
Damian,3.13e-4
Jamal,3.13e-4
Trent,3.13e-4
Rickey,3.12e-4
Kenny,3.08e-4
Herbert,3.07e-4
Jake,3.04e-4
Rodolfo,3.03e-4
Lloyd,3.03e-4
Stuart,3.02e-4
Greg,3e-4
Donnie,2.98e-4
Derick,2.95e-4
Brady,2.92e-4
Jeff,2.92e-4
Felix,2.91e-4
Marlon,2.91e-4
Allan,2.9e-4
Eli,2.89e-4
Gordon,2.86e-4
Quincy,2.85e-4
Desmond,2.85e-4
Ben,2.79e-4
Darnell,2.79e-4
Dwight,2.78e-4
Logan,2.78e-4
Julius,2.77e-4
Dana,2.74e-4
Leslie,2.74e-4
Rusty,2.71e-4
Kent,2.69e-4
Darius,2.67e-4
Dusty,2.67e-4
Rudy,2.67e-4
Pablo,2.66e-4
Freddie,2.64e-4
Lamont,2.62e-4
Jimmie,2.61e-4
Max,2.6e-4
Roland,2.58e-4
Abel,2.56e-4
Quentin,2.54e-4
Kendrick,2.53e-4
Lester,2.52e-4
Leo,2.51e-4
Kareem,2.48e-4
Noel,2.48e-4
Rolando,2.48e-4
Tracy,2.48e-4
Jackie,2.47e-4
Jamar,2.46e-4
Josh,2.46e-4
Darin,2.45e-4
Simon,2.45e-4
Gene,2.44e-4
Alfonso,2.41e-4
Jamaal,2.41e-4
Johnnie,2.4e-4
Perry,2.4e-4
Scotty,2.4e-4
Floyd,2.39e-4
Robin,2.39e-4
Carlton,2.39e-4
Graham,2.39e-4
Rick,2.39e-4
Dewayne,2.38e-4
Cornelius,2.37e-4
Devon,2.35e-4
Kerry,2.33e-4
Chadwick,2.31e-4
Guy,2.25e-4
Gilberto,2.24e-4
Felipe,2.22e-4
Bret,2.21e-4
Emmanuel,2.21e-4
Cecil,2.2e-4
Zachariah,2.19e-4
Mike,2.19e-4
Antwan,2.18e-4
Rogelio,2.18e-4
Milton,2.17e-4
Branden,2.15e-4
Frankie,2.15e-4
Terence,2.14e-4
Guillermo,2.13e-4
Jarrett,2.13e-4
Jonah,2.13e-4
Ty,2.13e-4
Loren,2.11e-4
Oliver,2.11e-4
Kurtis,2.11e-4
Waylon,2.1e-4
Clyde,2.09e-4
Gustavo,2.09e-4
Ismael,2.08e-4
Dante,2.07e-4
Elias,2.07e-4
Johnathon,2.05e-4
Landon,2.01e-4
Jarod,2e-4
Kendall,2e-4
Herman,1.98e-4
Salvatore,1.97e-4
Sam,1.97e-4
Alonzo,1.96e-4
Ted,1.96e-4
Saul,1.95e-4
Fabian,1.95e-4
Collin,1.94e-4
Jerrod,1.93e-4
Tomas,1.93e-4
Isaiah,1.92e-4
Rory,1.92e-4
Trenton,1.92e-4
Sidney,1.9e-4
Alexis,1.88e-4
Gavin,1.88e-4
Moses,1.88e-4
Owen,1.88e-4
Chester,1.88e-4
Clay,1.88e-4
Nathanael,1.87e-4
Bryon,1.86e-4
Robbie,1.86e-4
Gerard,1.85e-4
Leonardo,1.85e-4
Donovan,1.85e-4
Sammy,1.85e-4
Emanuel,1.84e-4
Esteban,1.84e-4
Jarvis,1.84e-4
Hugo,1.83e-4
Jonas,1.83e-4
Everett,1.81e-4
Dan,1.8e-4
Mason,1.8e-4
Elliott,1.8e-4
Forrest,1.8e-4
Josue,1.77e-4
Nolan,1.77e-4
Xavier,1.76e-4
Dane,1.74e-4
Dominick,1.73e-4
Sheldon,1.73e-4
Jarred,1.72e-4
Rashad,1.72e-4
Wendell,1.72e-4
Kory,1.71e-4
Nick,1.71e-4
Ramiro,1.69e-4
Marquis,1.67e-4
Myron,1.67e-4
Tanner,1.67e-4
Garry,1.67e-4
Randolph,1.66e-4
Guadalupe,1.66e-4
Marty,1.66e-4
Lionel,1.64e-4
Sherman,1.64e-4
Gregg,1.63e-4
Jim,1.63e-4
Stephan,1.63e-4
Rex,1.62e-4
Reynaldo,1.62e-4
Miles,1.61e-4
Benny,1.6e-4
Otis,1.6e-4
Jerod,1.59e-4
Ron,1.59e-4
Reuben,1.59e-4
Jess,1.58e-4
Brooks,1.56e-4
Noe,1.56e-4
Harvey,1.53e-4
Moises,1.53e-4
Wilson,1.53e-4
Anton,1.53e-4
Efrain,1.53e-4
Ira,1.52e-4
Darrin,1.52e-4
Harley,1.52e-4
Pierre,1.52e-4
Jackson,1.5e-4
Deon,1.49e-4
Jamel,1.49e-4
Aron,1.48e-4
Arnold,1.47e-4
Dion,1.47e-4
Elliot,1.47e-4
Donnell,1.46e-4
Erich,1.46e-4
Humberto,1.46e-4
Cole,1.46e-4
Joaquin,1.46e-4
Will,1.46e-4
Deandre,1.45e-4
Edmund,1.45e-4
Lyle,1.45e-4
Quinton,1.45e-4
Blaine,1.44e-4
Donte,1.44e-4
Claude,1.43e-4
Thaddeus,1.43e-4
Erin,1.42e-4
Amos,1.41e-4
Clark,1.41e-4
Colby,1.41e-4
Dexter,1.41e-4
Donny,1.39e-4
Roman,1.39e-4
Malcolm,1.38e-4
Josiah,1.37e-4
Santiago,1.36e-4
Earnest,1.36e-4
Alton,1.35e-4
Damion,1.35e-4
Joesph,1.35e-4
Teddy,1.35e-4
Ali,1.33e-4
Bill,1.33e-4
Stewart,1.33e-4
Tobias,1.32e-4
Reggie,1.31e-4
Sterling,1.3e-4
Wallace,1.3e-4
Hunter,1.3e-4
Robby,1.3e-4
Ariel,1.29e-4
Kasey,1.29e-4
Blair,1.29e-4
Jeromy,1.28e-4
Vicente,1.28e-4
Adan,1.27e-4
Ignacio,1.27e-4
Timmy,1.27e-4
Randal,1.26e-4
Stefan,1.26e-4
Ahmad,1.26e-4
Stacy,1.26e-4
Tom,1.26e-4
Bo,1.25e-4
Avery,1.25e-4
Jeramy,1.25e-4
Matt,1.25e-4
Wyatt,1.25e-4
Elvis,1.24e-4
Scottie,1.24e-4
Hugh,1.23e-4
Willis,1.23e-4
Curt,1.22e-4
Demarcus,1.21e-4
Santos,1.19e-4
Kristofer,1.19e-4
Sonny,1.19e-4
Pete,1.18e-4
Zachery,1.18e-4
Jed,1.17e-4
Jovan,1.17e-4
Quinn,1.17e-4
Korey,1.17e-4
Rico,1.17e-4
Freddy,1.16e-4
Rodrick,1.16e-4
Bradly,1.16e-4
Jean,1.16e-4
Kris,1.16e-4
Marques,1.16e-4
Mickey,1.16e-4
Solomon,1.16e-4
Bart,1.14e-4
Conrad,1.13e-4
Hans,1.13e-4
Jennifer,1.13e-4
Reid,1.13e-4
Rigoberto,1.13e-4
Leland,1.12e-4
Bennie,1.12e-4
Brendon,1.12e-4
Issac,1.12e-4
Tristan,1.12e-4
Chance,1.11e-4
Jedediah,1.11e-4
Roosevelt,1.11e-4
Wilfredo,1.11e-4
Jeremie,1.11e-4
Luther,1.11e-4
Marion,1.1e-4
Sylvester,1.1e-4
Emilio,1.1e-4
Giovanni,1.1e-4
Weston,1.1e-4
Darrel,1.09e-4
Virgil,1.09e-4
Darrick,1.08e-4
Conor,1.07e-4
Reed,1.06e-4
Rudolph,1.06e-4
Cedrick,1.06e-4
Morris,1.06e-4
Cary,1.05e-4
Tommie,1.05e-4
Jeffry,1.05e-4
Brice,1.04e-4
Diego,1.04e-4
Zane,1.04e-4
Jerald,1.04e-4
Jerad,1.03e-4
Nathanial,1.03e-4
Barrett,1.02e-4
Brenton,1.02e-4
Heriberto,1.01e-4
Maxwell,1.01e-4
Derik,1e-4
Jedidiah,1e-4
Jamey,9.9e-5
Arron,9.9e-5
Daren,9.8e-5
Jamison,9.8e-5
Keenan,9.8e-5
Jeramie,9.8e-5
Wilbert,9.8e-5
Alvaro,9.7e-5
Benito,9.7e-5
Rodrigo,9.7e-5
Archie,9.6e-5
Brain,9.6e-5
Jeremey,9.6e-5
Marcel,9.6e-5
Aubrey,9.5e-5
Royce,9.5e-5
Jefferson,9.4e-5
Winston,9.4e-5
Brant,9.3e-5
Ervin,9.3e-5
Chase,9.2e-5
Ellis,9.2e-5
Carlo,9.1e-5
Leif,9.1e-5
Lynn,9.1e-5
Carey,9.1e-5
Demond,9.1e-5
Malik,9.1e-5
Mauricio,9.1e-5
Dillon,9e-5
Adolfo,9e-5
Aric,9e-5
Ezra,9e-5
Nigel,9e-5
Tim,9e-5
Vaughn,9e-5
Dorian,8.9e-5
Riley,8.9e-5
Sebastian,8.9e-5
Willard,8.9e-5
Elmer,8.7e-5
Jasper,8.7e-5
Tyree,8.7e-5
Cyrus,8.6e-5
Dave,8.6e-5
Demario,8.6e-5
Deshawn,8.6e-5
Edmond,8.6e-5
Jasen,8.6e-5
Laurence,8.6e-5
Chauncey,8.5e-5
Jamil,8.5e-5
Raphael,8.5e-5
Galen,8.5e-5
Stacey,8.5e-5
Tory,8.5e-5
Agustin,8.4e-5
Carson,8.4e-5
Raheem,8.4e-5
Leonel,8.4e-5
Monte,8.3e-5
Nicholaus,8.3e-5
Dereck,8.3e-5
Hubert,8.3e-5
Jered,8.2e-5
Rhett,8.2e-5
Shayne,8.2e-5
Van,8.2e-5
Josef,8.1e-5
Antwon,8e-5
Rufus,8e-5
Dirk,8e-5
Kristian,8e-5
Mack,8e-5
Rocco,8e-5
Vance,8e-5
Abram,7.9e-5
Ari,7.9e-5
Brannon,7.9e-5
Domingo,7.9e-5
Lane,7.9e-5
Louie,7.9e-5
Seneca,7.9e-5
Andrea,7.9e-5
Antione,7.9e-5
Braden,7.9e-5
Gino,7.9e-5
Grady,7.8e-5
Jacques,7.8e-5
Kristoffer,7.8e-5
Lukas,7.8e-5
Bernardo,7.8e-5
Cortney,7.8e-5
Garret,7.8e-5
Rickie,7.8e-5
Aldo,7.7e-5
Brennan,7.7e-5
Cliff,7.7e-5
Octavio,7.6e-5
Whitney,7.6e-5
Davin,7.6e-5
Buddy,7.5e-5
Cleveland,7.5e-5
Cornell,7.5e-5
Davis,7.5e-5
Denny,7.5e-5
Ken,7.5e-5
Melissa,7.5e-5
Scot,7.5e-5
Delbert,7.4e-5
Gregorio,7.4e-5
Bryson,7.3e-5
Chaz,7.3e-5
Asa,7.3e-5
Harrison,7.3e-5
Judson,7.3e-5
Markus,7.3e-5
Trey,7.3e-5
Dewey,7.2e-5
Shelby,7.2e-5
Tavares,7.2e-5
Zackary,7.2e-5
Elton,7.1e-5
Deangelo,7.1e-5
Federico,7.1e-5
Jamin,7.1e-5
Parker,7.1e-5
Prince,7.1e-5
Rodger,7.1e-5
Amir,7e-5
Dario,7e-5
Hassan,7e-5
Stevie,7e-5
Daron,7e-5
Francesco,6.9e-5
Jereme,6.9e-5
Tyrell,6.9e-5
Alec,6.9e-5
Nikolas,6.9e-5
Yoel,6.9e-5
Mikel,6.8e-5
Edwardo,6.7e-5
Jessica,6.7e-5
Tyron,6.7e-5
Dominique,6.7e-5
Osvaldo,6.7e-5
Percy,6.7e-5
Raymundo,6.7e-5
Denis,6.6e-5
Ernie,6.6e-5
Gonzalo,6.6e-5
Horace,6.6e-5
Broderick,6.6e-5
Deric,6.6e-5
Johnpaul,6.6e-5
Juston,6.6e-5
Kenton,6.6e-5
Titus,6.6e-5
Shelton,6.5e-5
Ulysses,6.5e-5
Bennett,6.5e-5
Junior,6.5e-5
Marlin,6.5e-5
Billie,6.4e-5
Dedrick,6.4e-5
Kaleb,6.4e-5
Russel,6.4e-5
Alphonso,6.4e-5
Bert,6.4e-5
Darwin,6.4e-5
Shad,6.4e-5
Theron,6.4e-5
Ezekiel,6.3e-5
Jaron,6.3e-5
Kip,6.3e-5
Monty,6.3e-5
Quintin,6.3e-5
Antony,6.3e-5
Delvin,6.2e-5
Jerimiah,6.2e-5
Randell,6.2e-5
Errol,6.2e-5
Jan,6.2e-5
Jermey,6.2e-5
Shea,6.2e-5
Silas,6.2e-5
Efren,6.1e-5
Elvin,6.1e-5
Torrey,6.1e-5
Elisha,6e-5
Judd,6e-5
Kim,6e-5
Erwin,6e-5
Jade,6e-5
Jameel,6e-5
Kelley,6e-5
Lavar,6e-5
Liam,6e-5
Myles,6e-5
Vito,6e-5
Coy,5.9e-5
Davon,5.9e-5
Dejuan,5.9e-5
Fidel,5.9e-5
Sedrick,5.9e-5
Al,5.9e-5
Keegan,5.9e-5
Cortez,5.8e-5
Cristian,5.8e-5
Garth,5.8e-5
Lowell,5.8e-5
Paris,5.8e-5
Ramsey,5.8e-5
August,5.8e-5
Bob,5.8e-5
Chadrick,5.8e-5
Chet,5.8e-5
Emmett,5.8e-5
Mohammad,5.8e-5
Adrain,5.7e-5
Augustine,5.7e-5
German,5.7e-5
Homer,5.7e-5
Irvin,5.7e-5
Nestor,5.7e-5
Anson,5.7e-5
Danial,5.7e-5
Franco,5.7e-5
Tremayne,5.7e-5
Garrick,5.6e-5
Kenyatta,5.6e-5
Keon,5.6e-5
Kirby,5.6e-5
Ronny,5.6e-5
Tremaine,5.6e-5
Abdul,5.6e-5
Amit,5.6e-5
Brenden,5.6e-5
Denver,5.6e-5
Donta,5.6e-5
Eddy,5.6e-5
Garland,5.6e-5
Justen,5.6e-5
Moshe,5.6e-5
Tucker,5.6e-5
Andrae,5.5e-5
Forest,5.5e-5
Javon,5.5e-5
Mitchel,5.5e-5
Andreas,5.5e-5
Eliseo,5.5e-5
Jeramiah,5.5e-5
Laron,5.5e-5
Cale,5.4e-5
Carmen,5.4e-5
Jarret,5.4e-5
Michelle,5.4e-5
Tad,5.4e-5
Ezequiel,5.3e-5
Simeon,5.3e-5
Zackery,5.3e-5
Ahmed,5.3e-5
Boyd,5.3e-5
Cullen,5.3e-5
Jayme,5.3e-5
Lars,5.3e-5
Lazaro,5.3e-5
Burton,5.2e-5
Duncan,5.2e-5
Norberto,5.2e-5
Arnulfo,5.2e-5
Kenyon,5.2e-5
Buck,5.1e-5
Levar,5.1e-5
Michel,5.1e-5
Wilbur,5.1e-5
Genaro,5.1e-5
Gerry,5.1e-5
Hank,5.1e-5
Kelsey,5.1e-5
Lenny,5.1e-5
Valentin,5.1e-5
Woodrow,5.1e-5
Lincoln,5e-5
Uriah,5e-5
Chadd,5e-5
Dameon,5e-5
Germaine,5e-5
Isidro,5e-5
Leopoldo,5e-5
Trever,5e-5
Zebulon,5e-5
Brook,4.9e-5
Darian,4.9e-5
Demarco,4.9e-5
Giuseppe,4.9e-5
Jabari,4.9e-5
Jude,4.9e-5
Omari,4.9e-5
Rashawn,4.9e-5
Renaldo,4.9e-5
Sammie,4.9e-5
Cruz,4.9e-5
Edgardo,4.9e-5
Eloy,4.9e-5
Garett,4.9e-5
Irving,4.9e-5
Jace,4.9e-5
Jarad,4.9e-5
Jermain,4.9e-5
Jessy,4.9e-5
Nicky,4.9e-5
Bobbie,4.8e-5
Emil,4.8e-5
Kraig,4.8e-5
Rasheed,4.8e-5
Barton,4.8e-5
Bjorn,4.8e-5
Brandan,4.8e-5
Carter,4.8e-5
Kody,4.8e-5
Lindsey,4.8e-5
Greggory,4.7e-5
Samir,4.7e-5
Samson,4.7e-5
Shay,4.7e-5
Amanda,4.6e-5
Britton,4.6e-5
Brody,4.6e-5
Cristopher,4.6e-5
Elbert,4.6e-5
Nicole,4.6e-5
Rustin,4.6e-5
Bronson,4.6e-5
Deshaun,4.6e-5
Doyle,4.6e-5
Harlan,4.6e-5
Keven,4.6e-5
Marcelino,4.6e-5
Torrance,4.6e-5
Vince,4.6e-5
Coby,4.5e-5
Constantine,4.5e-5
Estevan,4.5e-5
Hiram,4.5e-5
Lashawn,4.5e-5
Sarah,4.5e-5
Trinity,4.5e-5
Westley,4.5e-5
Antwain,4.5e-5
Dustan,4.5e-5
Gideon,4.5e-5
Jerrell,4.5e-5
Kai,4.5e-5
Cordell,4.4e-5
Cristobal,4.4e-5
Horacio,4.4e-5
Isaias,4.4e-5
Kimberly,4.4e-5
Muhammad,4.4e-5
Nathen,4.4e-5
