name,percent
Michael,0.036931
Christopher,0.027037
Matthew,0.023272
Jason,0.02252
David,0.021825
Joshua,0.02098
James,0.020575
John,0.018739
Robert,0.018484
Daniel,0.016651
Joseph,0.01653
Justin,0.014676
Ryan,0.014409
Brian,0.014286
William,0.013318
Jonathan,0.01213
Eric,0.011129
Andrew,0.010868
Brandon,0.010858
Adam,0.010765
Nicholas,0.010629
Jeremy,0.010265
Anthony,0.009979
Timothy,0.00979
Kevin,0.00938
Thomas,0.009213
Richard,0.009055
Steven,0.008857
Jeffrey,0.008562
Aaron,0.007891
Charles,0.007749
Benjamin,0.007709
Mark,0.00728
Scott,0.006829
Paul,0.006325
Nathan,0.006047
Jesse,0.00561
Patrick,0.005575
Stephen,0.005534
Travis,0.005435
Kenneth,0.005095
Dustin,0.005023
Jacob,0.005018
Sean,0.004775
Jose,0.004709
Gregory,0.004704
Chad,0.004516
Bryan,0.003877
Shawn,0.003804
Bradley,0.003706
Edward,0.003575
Kyle,0.003528
Derek,0.003481
Samuel,0.00324
Peter,0.003215
Donald,0.003175
Jared,0.003152
Keith,0.003022
Ronald,0.002974
Juan,0.002948
George,0.002771
Gary,0.002657
Zachary,0.002598
Douglas,0.002571
Joel,0.002443
Phillip,0.002438
Marcus,0.002421
Raymond,0.002348
Corey,0.00228
Alexander,0.002268
Carlos,0.002244
Craig,0.002199
Todd,0.002125
Larry,0.002122
Antonio,0.002107
Erik,0.002106
Jeremiah,0.002094
Derrick,0.00207
Brett,0.002027
Nathaniel,0.001997
Shane,0.001994
Dennis,0.001953
Frank,0.001952
Philip,0.001923
Casey,0.001886
Shaun,0.001818
Lucas,0.001814
Gabriel,0.001813
Brent,0.001812
Cory,0.001802
Luis,0.001794
Randy,0.001794
Jeffery,0.001792
Curtis,0.001717
Seth,0.001684
Tyler,0.001675
Jerry,0.001642
Russell,0.001637
Wesley,0.001634
Luke,0.001623
Jordan,0.00157
Ian,0.00157
Billy,0.00155
Victor,0.001527
Terry,0.001514
Carl,0.001499
Vincent,0.001485
Jesus,0.00148
Mario,0.001458
Bobby,0.001428
Tony,0.00142
Alan,0.001389
Johnny,0.001373
Troy,0.00135
Adrian,0.001323
Miguel,0.001283
Ricardo,0.001271
Jamie,0.001266
Cody,0.001252
Roger,0.001207
Christian,0.001198
Ricky,0.001193
Lee,0.001188
Clinton,0.001186
Lawrence,0.001178
Henry,0.001175
Martin,0.001152
Jorge,0.001127
Danny,0.001125
Jimmy,0.001125
Allen,0.001106
Andre,0.001104
Jon,0.001104
Marc,0.001097
Rodney,0.001089
Micheal,0.001087
Randall,0.00108
Walter,0.001069
Evan,0.001059
Willie,0.001058
Mitchell,0.001056
Brad,0.001051
Francisco,0.001051
Manuel,0.001051
Albert,0.001043
Kristopher,0.00104
Roberto,0.001035
Alex,0.001003
Joe,0.001
Isaac,9.85e-4
Louis,9.68e-4
Arthur,9.67e-4
Jay,9.57e-4
Gerald,9.48e-4
Trevor,9.42e-4
Wayne,9.4e-4
Roy,9.28e-4
Johnathan,9.19e-4
Blake,9.11e-4
Lance,9.06e-4
Jermaine,9.03e-4
Maurice,8.85e-4
Jonathon,8.83e-4
Bruce,8.75e-4
Mathew,8.74e-4
Jack,8.64e-4
Garrett,8.06e-4
Alejandro,7.96e-4
Ruben,7.92e-4
Frederick,7.9e-4
Oscar,7.84e-4
Calvin,7.83e-4
Austin,7.79e-4
Omar,7.68e-4
Caleb,7.67e-4
Darren,7.66e-4
Jaime,7.57e-4
Reginald,7.57e-4
Hector,7.56e-4
Noah,7.5e-4
Ronnie,7.35e-4
Jerome,7.34e-4
Levi,7.32e-4
Darrell,7.3e-4
Clayton,7.23e-4
Barry,7.22e-4
Edwin,7.15e-4
Neil,7.15e-4
Cameron,7.12e-4
Raul,7.09e-4
Eddie,7.07e-4
Ernest,7.02e-4
Javier,7.01e-4
Angel,6.98e-4
Terrance,6.83e-4
Dale,6.73e-4
Jessie,6.73e-4
Geoffrey,6.67e-4
Ross,6.67e-4
Fernando,6.67e-4
Pedro,6.59e-4
Sergio,6.58e-4
Colin,6.57e-4
Rafael,6.52e-4
Tommy,6.52e-4
Tyrone,6.51e-4
Shannon,6.47e-4
Leonard,6.41e-4
Kelly,6.36e-4
Clifford,6.34e-4
Eugene,6.3e-4
Marvin,6.28e-4
Micah,6.26e-4
Kurt,6.23e-4
Brendan,6.22e-4
Clint,6.14e-4
Ramon,6.11e-4
Theodore,6.09e-4
Armando,6.04e-4
Glenn,5.95e-4
Steve,5.95e-4
Harold,5.9e-4
Grant,5.88e-4
Terrence,5.78e-4
Joey,5.74e-4
Karl,5.7e-4
Melvin,5.65e-4
Damien,5.57e-4
Beau,5.52e-4
Stanley,5.45e-4
Dominic,5.44e-4
Dwayne,5.42e-4
Jarrod,5.4e-4
Ivan,5.37e-4
Byron,5.34e-4
Francis,5.22e-4
Andy,5.21e-4
Eduardo,5.05e-4
Darryl,5.03e-4
Edgar,5.02e-4
Alberto,5.01e-4
Cesar,4.9e-4
Cedric,4.89e-4
Drew,4.89e-4
Tyson,4.85e-4
Ralph,4.82e-4
Marco,4.81e-4
Nicolas,4.81e-4
Julio,4.74e-4
Erick,4.69e-4
Devin,4.68e-4
Leon,4.67e-4
Julian,4.66e-4
Earl,4.64e-4
Howard,4.59e-4
Ray,4.59e-4
Clarence,4.55e-4
Harry,4.48e-4
Chris,4.44e-4
Marshall,4.43e-4
Spencer,4.43e-4
Arturo,4.41e-4
Warren,4.41e-4
Gilbert,4.4e-4
Franklin,4.38e-4
Alfred,4.37e-4
Abraham,4.37e-4
Alfredo,4.36e-4
Andres,4.35e-4
Alvin,4.31e-4
Heath,4.25e-4
Clifton,4.23e-4
Taylor,4.17e-4
Daryl,4.13e-4
Morgan,4.12e-4
Elijah,4.03e-4
Dean,4.01e-4
Roderick,4e-4
Preston,3.99e-4
Courtney,3.95e-4
Enrique,3.95e-4
Dylan,3.89e-4
Ethan,3.89e-4
Orlando,3.87e-4
Kirk,3.86e-4
Demetrius,3.85e-4
Antoine,3.83e-4
Bernard,3.75e-4
Gerardo,3.74e-4
Ernesto,3.72e-4
Logan,3.72e-4
Damon,3.68e-4
Norman,3.67e-4
Ashley,3.63e-4
Salvador,3.62e-4
Bryce,3.57e-4
Rene,3.57e-4
Don,3.51e-4
Kelvin,3.48e-4
Wade,3.47e-4
Lonnie,3.44e-4
Nelson,3.43e-4
Kenny,3.4e-4
Marcos,3.38e-4
Vernon,3.37e-4
Leroy,3.33e-4
Lorenzo,3.32e-4
Nickolas,3.31e-4
Charlie,3.31e-4
Duane,3.29e-4
Glen,3.27e-4
Lewis,3.27e-4
Rodolfo,3.27e-4
Emmanuel,3.26e-4
Bryant,3.24e-4
Dusty,3.23e-4
Bradford,3.22e-4
Terrell,3.22e-4
Branden,3.21e-4
Stuart,3.2e-4
Fredrick,3.2e-4
Neal,3.2e-4
Israel,3.19e-4
Jake,3.17e-4
Rocky,3.17e-4
Dallas,3.15e-4
Lamar,3.15e-4
Fred,3.13e-4
Angelo,3.12e-4
Rickey,3.12e-4
Trent,3.05e-4
Brady,3e-4
Lloyd,3e-4
Felix,2.97e-4
Allan,2.97e-4
Herbert,2.96e-4
Jayson,2.95e-4
Eli,2.94e-4
Dana,2.91e-4
Pablo,2.88e-4
Leo,2.86e-4
Bret,2.85e-4
Jamal,2.81e-4
Ben,2.8e-4
Rudy,2.79e-4
Damian,2.77e-4
Dwight,2.77e-4
Gordon,2.77e-4
Julius,2.74e-4
Gustavo,2.72e-4
Max,2.7e-4
Leslie,2.68e-4
Johnathon,2.68e-4
Kent,2.68e-4
Rusty,2.68e-4
Jody,2.65e-4
Gavin,2.65e-4
Landon,2.65e-4
Darnell,2.64e-4
Derick,2.62e-4
Brock,2.61e-4
Jarrett,2.61e-4
Darius,2.6e-4
Jamar,2.58e-4
Abel,2.57e-4
Donnie,2.57e-4
Greg,2.56e-4
Freddie,2.54e-4
Johnnie,2.54e-4
Noel,2.54e-4
Kendrick,2.53e-4
Perry,2.53e-4
Felipe,2.53e-4
Simon,2.47e-4
Alfonso,2.46e-4
Toby,2.46e-4
Darin,2.45e-4
Roland,2.45e-4
Robin,2.44e-4
Cornelius,2.44e-4
Rick,2.43e-4
Graham,2.39e-4
Gilberto,2.39e-4
Rolando,2.39e-4
Quincy,2.36e-4
Lester,2.35e-4
Quentin,2.35e-4
Emanuel,2.33e-4
Floyd,2.33e-4
Jeff,2.33e-4
Marlon,2.3e-4
Guillermo,2.3e-4
Hugo,2.29e-4
Dante,2.29e-4
Rory,2.29e-4
Scotty,2.26e-4
Isaiah,2.26e-4
Kerry,2.24e-4
Gene,2.24e-4
Jackie,2.21e-4
Terence,2.21e-4
Mike,2.2e-4
Rogelio,2.2e-4
Saul,2.2e-4
Alexis,2.18e-4
Tracy,2.18e-4
Guy,2.17e-4
Ismael,2.17e-4
Jarvis,2.16e-4
Lamont,2.16e-4
Milton,2.16e-4
Oliver,2.16e-4
Fabian,2.15e-4
Jimmie,2.15e-4
Ty,2.15e-4
Tristan,2.12e-4
Nolan,2.11e-4
Chadwick,2.11e-4
Elias,2.11e-4
Carlton,2.1e-4
Brooks,2.1e-4
Kurtis,2.1e-4
Desmond,2.08e-4
Devon,2.06e-4
Jonah,2.06e-4
Zachariah,2.06e-4
Sam,2.05e-4
Jamaal,2.05e-4
Loren,2.05e-4
Dewayne,2.03e-4
Owen,2.02e-4
Frankie,1.99e-4
Ramiro,1.97e-4
Kendall,1.96e-4
Dan,1.94e-4
Moses,1.93e-4
Collin,1.93e-4
Antwan,1.91e-4
Esteban,1.9e-4
Jarod,1.9e-4
Chester,1.88e-4
Randolph,1.86e-4
Robbie,1.86e-4
Clyde,1.85e-4
Josh,1.85e-4
Josue,1.85e-4
Xavier,1.85e-4
Everett,1.84e-4
Ted,1.82e-4
Marquis,1.81e-4
Sidney,1.81e-4
Trenton,1.81e-4
Dane,1.8e-4
Salvatore,1.79e-4
Clay,1.79e-4
Tomas,1.79e-4
Herman,1.77e-4
Jonas,1.76e-4
Dominick,1.75e-4
Rashad,1.75e-4
Jerrod,1.74e-4
Nathanael,1.74e-4
Sheldon,1.74e-4
Cecil,1.72e-4
Kory,1.72e-4
Jim,1.71e-4
Gerard,1.7e-4
Kareem,1.69e-4
Efrain,1.68e-4
Forrest,1.68e-4
Garry,1.67e-4
Alonzo,1.67e-4
Moises,1.67e-4
Mason,1.66e-4
Myron,1.65e-4
Quinton,1.64e-4
Guadalupe,1.63e-4
Blaine,1.63e-4
Stephan,1.63e-4
Waylon,1.63e-4
Aron,1.62e-4
Miles,1.61e-4
Cole,1.6e-4
Pierre,1.6e-4
Wendell,1.59e-4
Elliott,1.58e-4
Jackson,1.57e-4
Nick,1.57e-4
Benny,1.56e-4
Donte,1.56e-4
Gregg,1.56e-4
Leonardo,1.55e-4
Lionel,1.55e-4
Donovan,1.55e-4
Roman,1.54e-4
Harvey,1.53e-4
Jarred,1.52e-4
Jerod,1.52e-4
Josiah,1.52e-4
Sherman,1.52e-4
Blair,1.51e-4
Darrin,1.51e-4
Santiago,1.51e-4
Tanner,1.49e-4
Jess,1.49e-4
Barrett,1.48e-4
Ira,1.48e-4
Randal,1.48e-4
Reuben,1.48e-4
Malcolm,1.47e-4
Bryon,1.46e-4
Marques,1.46e-4
Amos,1.45e-4
Kasey,1.44e-4
Otis,1.44e-4
Elliot,1.44e-4
Rex,1.44e-4
Noe,1.43e-4
Hunter,1.42e-4
Sammy,1.41e-4
Clark,1.4e-4
Arnold,1.4e-4
Dion,1.4e-4
Donnell,1.4e-4
Wilson,1.39e-4
Dexter,1.38e-4
Joesph,1.38e-4
Reynaldo,1.36e-4
Adan,1.35e-4
Edmund,1.34e-4
Vicente,1.34e-4
Stewart,1.33e-4
Deandre,1.32e-4
Lyle,1.32e-4
Harley,1.31e-4
Reid,1.31e-4
Erin,1.3e-4
Ahmad,1.3e-4
Reggie,1.3e-4
Teddy,1.3e-4
Tom,1.3e-4
Alton,1.29e-4
Marty,1.29e-4
Thaddeus,1.29e-4
Ron,1.29e-4
Colby,1.28e-4
Jamel,1.28e-4
Giovanni,1.27e-4
Jean,1.27e-4
Ariel,1.27e-4
Bo,1.27e-4
Ignacio,1.27e-4
Earnest,1.26e-4
Pete,1.26e-4
Anton,1.26e-4
Avery,1.26e-4
Emilio,1.26e-4
Ali,1.25e-4
Claude,1.25e-4
Sonny,1.25e-4
Will,1.25e-4
Bill,1.24e-4
Donny,1.24e-4
Luther,1.24e-4
Kristofer,1.23e-4
Jed,1.22e-4
Stefan,1.22e-4
Jovan,1.22e-4
Santos,1.22e-4
Weston,1.22e-4
Wallace,1.2e-4
Wyatt,1.2e-4
Hans,1.19e-4
Damion,1.19e-4
Virgil,1.19e-4
Morris,1.18e-4
Zachery,1.18e-4
Brendon,1.18e-4
Humberto,1.17e-4
Joaquin,1.17e-4
Sterling,1.17e-4
Rigoberto,1.16e-4
Freddy,1.15e-4
Sylvester,1.15e-4
Robby,1.14e-4
Demarcus,1.13e-4
Erich,1.13e-4
Leland,1.13e-4
Mickey,1.13e-4
Bennie,1.12e-4
Deon,1.12e-4
Hugh,1.12e-4
Diego,1.12e-4
Elvis,1.12e-4
Zane,1.12e-4
Maxwell,1.11e-4
Conor,1.11e-4
Alvaro,1.1e-4
Tobias,1.1e-4
Bradly,1.1e-4
Jerald,1.09e-4
Tyrell,1.08e-4
Brant,1.08e-4
Curt,1.08e-4
Rodrigo,1.08e-4
Solomon,1.08e-4
Willis,1.07e-4
Issac,1.06e-4
Chase,1.05e-4
Matt,1.05e-4
Reed,1.05e-4
Jeramy,1.04e-4
Jerad,1.04e-4
Jasper,1.03e-4
Jennifer,1.03e-4
Kellen,1.03e-4
Aubrey,1.03e-4
Scottie,1.03e-4
Chance,1.02e-4
Royce,1.02e-4
Darrel,1.01e-4
Mauricio,1.01e-4
Nigel,1.01e-4
Quinn,1.01e-4
Arron,1.01e-4
Brenton,1.01e-4
Ezra,1.01e-4
Marion,1.01e-4
Cary,1e-4
Conrad,9.9e-5
Jeremie,9.9e-5
Tyrel,9.7e-5
Jefferson,9.7e-5
Jamison,9.6e-5
Riley,9.6e-5
Winston,9.6e-5
Ervin,9.6e-5
Nathanial,9.6e-5
Adolfo,9.5e-5
Marcel,9.5e-5
Lane,9.4e-5
Skyler,9.4e-5
Bart,9.4e-5
Cedrick,9.4e-5
Chauncey,9.4e-5
Korey,9.4e-5
Tommie,9.4e-5
Heriberto,9.3e-5
Carlo,9.2e-5
Jedidiah,9.2e-5
Jeromy,9.2e-5
Leonel,9.2e-5
Rodrick,9.2e-5
Sebastian,9.2e-5
Cyrus,9.2e-5
Jamey,9.2e-5
Lynn,9.2e-5
Octavio,9.2e-5
Dave,9.1e-5
Jeffry,9.1e-5
Rudolph,9.1e-5
Brice,9e-5
Nicholaus,9e-5
Benito,9e-5
Dario,9e-5
Laurence,9e-5
Raphael,9e-5
Stacy,9e-5
Timmy,9e-5
Dorian,8.9e-5
Jessica,8.9e-5
Keenan,8.9e-5
Kristoffer,8.9e-5
Archie,8.8e-5
Carey,8.8e-5
Roosevelt,8.8e-5
Derik,8.8e-5
Lukas,8.8e-5
Scot,8.8e-5
Brain,8.7e-5
Carson,8.7e-5
Davis,8.6e-5
Tim,8.6e-5
Wilfredo,8.6e-5
Dillon,8.5e-5
Kris,8.5e-5
Titus,8.5e-5
Braden,8.4e-5
Ellis,8.4e-5
Elmer,8.4e-5
Buddy,8.4e-5
Daren,8.4e-5
Andrea,8.3e-5
Antwon,8.3e-5
Asa,8.3e-5
Domingo,8.3e-5
Leif,8.3e-5
Raheem,8.3e-5
Tyree,8.3e-5
Chaz,8.2e-5
Darrick,8.2e-5
Agustin,8.2e-5
Fidel,8.2e-5
Vance,8.2e-5
Rico,8.1e-5
Galen,8.1e-5
Judson,8.1e-5
Rocco,8.1e-5
Jered,8e-5
Rhett,8e-5
Amir,7.9e-5
Kristian,7.9e-5
Markus,7.9e-5
Prince,7.9e-5
Bernardo,7.8e-5
Cliff,7.8e-5
Edmond,7.8e-5
Ken,7.8e-5
Louie,7.8e-5
Wilbert,7.8e-5
Zackary,7.8e-5
Raymundo,7.7e-5
Tyron,7.7e-5
Deshawn,7.6e-5
Grady,7.6e-5
Jedediah,7.6e-5
Rickie,7.6e-5
Van,7.6e-5
Anwar,7.5e-5
Dejuan,7.5e-5
Garret,7.5e-5
Jeramie,7.5e-5
Vaughn,7.5e-5
Aldo,7.5e-5
Myles,7.5e-5
Antione,7.4e-5
Aric,7.4e-5
Harrison,7.4e-5
Jacques,7.4e-5
Jamil,7.4e-5
Monte,7.4e-5
Rufus,7.4e-5
Johnpaul,7.4e-5
Trey,7.4e-5
Abram,7.3e-5
Brennan,7.3e-5
Gregorio,7.3e-5
Whitney,7.3e-5
Willard,7.3e-5
Bryson,7.3e-5
Shelby,7.3e-5
Hassan,7.2e-5
Jasen,7.2e-5
Parker,7.2e-5
Demario,7.2e-5
Denny,7.2e-5
Garth,7.2e-5
Nikolas,7.2e-5
Silas,7.1e-5
Alec,7e-5
Delbert,7e-5
Ernie,7e-5
Josef,7e-5
Tory,7e-5
Gonzalo,7e-5
Mitchel,7e-5
Randell,7e-5
Dominique,6.9e-5
Malik,6.9e-5
Percy,6.9e-5
Dereck,6.9e-5
Osvaldo,6.8e-5
Stacey,6.8e-5
Brannon,6.8e-5
Federico,6.8e-5
Kaleb,6.8e-5
Kip,6.8e-5
Mikel,6.8e-5
Moshe,6.8e-5
Alphonso,6.7e-5
Denis,6.7e-5
German,6.7e-5
Horace,6.7e-5
Davin,6.6e-5
Elton,6.6e-5
Jordon,6.6e-5
Shayne,6.6e-5
Shelton,6.6e-5
Daron,6.6e-5
Demond,6.6e-5
Liam,6.6e-5
Mack,6.6e-5
Ulysses,6.6e-5
Dirk,6.5e-5
Hubert,6.5e-5
Marcello,6.5e-5
Marlin,6.5e-5
Rodger,6.5e-5
Antony,6.5e-5
Cornell,6.5e-5
Danial,6.5e-5
Darwin,6.5e-5
Amit,6.4e-5
Cristian,6.4e-5
Ezekiel,6.4e-5
Isidro,6.3e-5
Lincoln,6.3e-5
Jan,6.3e-5
Zackery,6.3e-5
Ari,6.2e-5
Bennett,6.2e-5
Cleveland,6.2e-5
Valentin,6.2e-5
Cortney,6.2e-5
Denver,6.2e-5
Edwardo,6.2e-5
Jerimiah,6.2e-5
Quintin,6.2e-5
Tavares,6.2e-5
Efren,6.1e-5
Erwin,6.1e-5
Lindsey,6.1e-5
Vito,6.1e-5
Billie,6.1e-5
Broderick,6.1e-5
Cortez,6.1e-5
Davon,6.1e-5
Irvin,6.1e-5
Mohammad,6.1e-5
Andrae,6e-5
Eliseo,6e-5
Ahmed,6e-5
Elvin,6e-5
Jeremey,6e-5
Kirby,6e-5
Theron,6e-5
Brandan,5.9e-5
Garland,5.9e-5
Jaron,5.9e-5
Jereme,5.9e-5
Al,5.9e-5
Kenton,5.9e-5
Kim,5.9e-5
Marchello,5.9e-5
Sarah,5.9e-5
Gino,5.8e-5
Jermey,5.8e-5
Tremaine,5.8e-5
Tremayne,5.8e-5
Chet,5.8e-5
Francesco,5.8e-5
Junior,5.8e-5
Keon,5.8e-5
Paris,5.8e-5
Ramsey,5.8e-5
Russel,5.8e-5
August,5.7e-5
Carmen,5.7e-5
Deric,5.7e-5
Juston,5.7e-5
Keegan,5.7e-5
Laron,5.7e-5
Cristopher,5.6e-5
Dewey,5.6e-5
Kody,5.6e-5
Shea,5.6e-5
Brenden,5.6e-5
Chaim,5.6e-5
Eloy,5.6e-5
Javon,5.6e-5
Jermain,5.6e-5
Stevie,5.6e-5
Emmett,5.5e-5
Garrick,5.5e-5
Jamin,5.5e-5
Michel,5.5e-5
Norberto,5.5e-5
Wilbur,5.5e-5
Cullen,5.5e-5
Elisha,5.5e-5
Lowell,5.5e-5
Mohammed,5.5e-5
Sammie,5.5e-5
Shad,5.5e-5
Deangelo,5.4e-5
Jarad,5.4e-5
Monty,5.4e-5
Amanda,5.4e-5
Giuseppe,5.4e-5
Hank,5.4e-5
Justen,5.4e-5
Kelsey,5.4e-5
Yoel,5.4e-5
Bronson,5.3e-5
Elbert,5.3e-5
Genaro,5.3e-5
Simeon,5.3e-5
Torrey,5.3e-5
Bert,5.3e-5
Homer,5.3e-5
Isiah,5.3e-5
Jayme,5.3e-5
Lazaro,5.3e-5
Boyd,5.2e-5
Donta,5.2e-5
Ezequiel,5.2e-5
Garett,5.2e-5
Jude,5.2e-5
Kelley,5.2e-5
Michelle,5.2e-5
Nestor,5.2e-5
Stephanie,5.2e-5
Westley,5.2e-5
Buck,5.2e-5
Johathan,5.2e-5
Melissa,5.2e-5
Sandy,5.2e-5
Adalberto,5.1e-5
Andreas,5.1e-5
Britton,5.1e-5
Connor,5.1e-5
Cristobal,5.1e-5
Darron,5.1e-5
Edgardo,5.1e-5
Harlan,5.1e-5
Jerrell,5.1e-5
Kenyon,5.1e-5
Ronny,5.1e-5
Abdul,5.1e-5
Augustine,5.1e-5
Jarret,5.1e-5
Judd,5.1e-5
Anson,5e-5
Trever,5e-5
Delvin,4.9e-5
Errol,4.9e-5
Dontae,4.9e-5
Gerry,4.9e-5
Jabari,4.9e-5
Maria,4.9e-5
Burton,4.8e-5
Coleman,4.8e-5
Cruz,4.8e-5
Elizabeth,4.8e-5
Estevan,4.8e-5
Jameel,4.8e-5
Marcelino,4.8e-5
Taurean,4.8e-5
Thad,4.8e-5
Antwain,4.8e-5
Cale,4.8e-5
Christoper,4.8e-5
Cordell,4.8e-5
Demarco,4.8e-5
Jameson,4.8e-5
Jessy,4.8e-5
Muhammad,4.8e-5
Skylar,4.8e-5
Aurelio,4.7e-5
Carter,4.7e-5
Chadrick,4.7e-5
Hiram,4.7e-5
Kai,4.7e-5
Arnulfo,4.7e-5
Dalton,4.7e-5
Dedrick,4.7e-5
Doyle,4.7e-5
Kraig,4.7e-5
Marcelo,4.7e-5
Mohamed,4.7e-5
Adrain,4.6e-5
Coy,4.6e-5
Duncan,4.6e-5
Irving,4.6e-5
Jeramiah,4.6e-5
Tucker,4.6e-5
Benjamen,4.6e-5
Bobbie,4.6e-5
Greggory,4.6e-5
Jade,4.6e-5
Jarrad,4.6e-5
Nicole,4.6e-5
Samson,4.6e-5
Terrill,4.6e-5
Bob,4.5e-5
Brody,4.5e-5
Charley,4.5e-5
Claudio,4.5e-5
Jeb,4.5e-5
Leopoldo,4.5e-5
Tad,4.5e-5
Wilfred,4.5e-5
Woodrow,4.5e-5
Dino,4.5e-5
Forest,4.5e-5
Isaias,4.5e-5
Jevon,4.5e-5
Nicklaus,4.5e-5
Paulo,4.5e-5
Rosendo,4.5e-5
