name,percent
Michael,0.036157
Christopher,0.031456
Matthew,0.02442
Jason,0.021537
David,0.021441
James,0.020611
Joshua,0.02016
John,0.018389
Robert,0.018246
Daniel,0.017302
Joseph,0.016455
Justin,0.015432
Ryan,0.014151
Brian,0.013697
William,0.013578
Jonathan,0.012257
Andrew,0.012102
Brandon,0.010717
Adam,0.010653
Eric,0.010536
Anthony,0.010416
Nicholas,0.010414
Thomas,0.009316
Timothy,0.009261
Kevin,0.009258
Steven,0.00909
Richard,0.008861
Jeremy,0.008737
Jeffrey,0.008504
Aaron,0.007633
Charles,0.007582
Mark,0.007352
Benjamin,0.007318
Scott,0.006471
Paul,0.00599
Nathan,0.005729
Patrick,0.005667
Stephen,0.005635
Travis,0.005525
Gregory,0.005374
Jacob,0.005331
Dustin,0.005065
Jesse,0.00504
Sean,0.004966
Kenneth,0.004958
Jose,0.004567
Kyle,0.00435
Chad,0.004197
Bryan,0.003973
Derek,0.003707
Bradley,0.003695
Shawn,0.003629
Edward,0.003331
Jared,0.00332
Zachary,0.003255
Samuel,0.003185
Peter,0.003056
Donald,0.003032
Keith,0.00298
Ronald,0.00276
Juan,0.002714
George,0.002644
Marcus,0.002644
Gary,0.00246
Alexander,0.002428
Tyler,0.002422
Phillip,0.002395
Douglas,0.002394
Joel,0.002353
Raymond,0.002279
Carlos,0.002259
Brett,0.002134
Craig,0.002131
Corey,0.002089
Nathaniel,0.002087
Antonio,0.002058
Larry,0.00197
Derrick,0.001939
Philip,0.001931
Erik,0.001927
Frank,0.001912
Todd,0.001907
Ian,0.001898
Shane,0.001876
Jordan,0.001875
Casey,0.001818
Dennis,0.001798
Gabriel,0.001783
Jeremiah,0.001766
Luis,0.001761
Brent,0.001759
Jeffery,0.001756
Cory,0.001715
Randy,0.001713
Cody,0.001687
Shaun,0.001673
Russell,0.001609
Wesley,0.001605
Victor,0.001587
Jerry,0.00156
Curtis,0.001558
Seth,0.001541
Vincent,0.001517
Carl,0.001488
Terry,0.001467
Lucas,0.001452
Alan,0.001421
Evan,0.001417
Mario,0.001405
Miguel,0.001392
Jesus,0.001389
Bobby,0.001382
Tony,0.001381
Christian,0.00136
Troy,0.001345
Billy,0.001341
Adrian,0.001332
Johnny,0.00132
Luke,0.001312
Blake,0.001246
Ricardo,0.001213
Allen,0.001174
Lee,0.001169
Kristopher,0.001165
Andre,0.001165
Martin,0.001146
Roger,0.001144
Lawrence,0.00113
Ricky,0.001124
Randall,0.001119
Jamie,0.00111
Jimmy,0.001109
Clinton,0.001104
Henry,0.0011
Mitchell,0.001098
Manuel,0.001089
Danny,0.001086
Marc,0.001082
Jorge,0.001074
Jon,0.001071
Albert,0.00107
Lance,0.001046
Willie,0.00104
Alex,0.001036
Rodney,0.001034
Trevor,0.001027
Walter,0.001014
Micheal,0.001011
Joe,9.91e-4
Isaac,9.78e-4
Roberto,9.77e-4
Johnathan,9.72e-4
Jonathon,9.7e-4
Francisco,9.6e-4
Noah,9.6e-4
Austin,9.53e-4
Arthur,9.52e-4
Gerald,9.12e-4
Wayne,9.08e-4
Mathew,9.08e-4
Clayton,9.06e-4
Louis,8.97e-4
Brad,8.95e-4
Jay,8.84e-4
Maurice,8.74e-4
Jack,8.58e-4
Roy,8.57e-4
Jermaine,8.54e-4
Caleb,8.39e-4
Bruce,8.38e-4
Colin,8.14e-4
Hector,8.08e-4
Alejandro,7.91e-4
Darren,7.88e-4
Oscar,7.88e-4
Calvin,7.83e-4
Ruben,7.81e-4
Ross,7.77e-4
Cameron,7.75e-4
Garrett,7.7e-4
Angel,7.65e-4
Darrell,7.36e-4
Omar,7.34e-4
Reginald,7.31e-4
Fernando,7.23e-4
Frederick,7.22e-4
Jaime,7.16e-4
Neil,7.11e-4
Edwin,7.09e-4
Jessie,7.05e-4
Jerome,6.93e-4
Eddie,6.86e-4
Geoffrey,6.84e-4
Javier,6.84e-4
Tyrone,6.8e-4
Ronnie,6.76e-4
Kelly,6.75e-4
Terrance,6.7e-4
Rafael,6.65e-4
Ernest,6.58e-4
Eugene,6.5e-4
Raul,6.46e-4
Sergio,6.4e-4
Pedro,6.37e-4
Leonard,6.35e-4
Brendan,6.34e-4
Theodore,6.3e-4
Barry,6.27e-4
Kurt,6.26e-4
Tommy,6.22e-4
Grant,6.2e-4
Clifford,6.05e-4
Marvin,6.03e-4
Levi,6.02e-4
Dale,6e-4
Micah,5.95e-4
Bret,5.83e-4
Shannon,5.78e-4
Glenn,5.76e-4
Ivan,5.75e-4
Ramon,5.71e-4
Terrence,5.71e-4
Dominic,5.58e-4
Harold,5.55e-4
Jarrod,5.55e-4
Devin,5.48e-4
Melvin,5.48e-4
Marco,5.47e-4
Steve,5.43e-4
Drew,5.38e-4
Joey,5.32e-4
Alberto,5.31e-4
Stanley,5.29e-4
Eduardo,5.28e-4
Julian,5.25e-4
Armando,5.23e-4
Darryl,5.23e-4
Francis,5.21e-4
Cedric,5.17e-4
Karl,5.15e-4
Dwayne,5.12e-4
Damien,5.04e-4
Ralph,5.03e-4
Taylor,5.03e-4
Chase,4.97e-4
Clint,4.91e-4
Andy,4.91e-4
Spencer,4.91e-4
Nicolas,4.72e-4
Andres,4.71e-4
Earl,4.69e-4
Erick,4.64e-4
Leon,4.63e-4
Ray,4.6e-4
Byron,4.57e-4
Tyson,4.57e-4
Franklin,4.55e-4
Cesar,4.53e-4
Clarence,4.47e-4
Abraham,4.44e-4
Alfred,4.43e-4
Edgar,4.41e-4
Julio,4.4e-4
Marshall,4.33e-4
Cole,4.28e-4
Preston,4.26e-4
Warren,4.25e-4
Howard,4.2e-4
Gilbert,4.2e-4
Alvin,4.16e-4
Alfredo,4.12e-4
Harry,4.08e-4
Dean,4.07e-4
Courtney,4.05e-4
Alexis,4.03e-4
Tristan,4.03e-4
Antoine,4.01e-4
Enrique,4e-4
Roderick,3.92e-4
Elijah,3.91e-4
Rory,3.88e-4
Kelvin,3.88e-4
Arturo,3.87e-4
Daryl,3.82e-4
Clifton,3.81e-4
Jamaal,3.79e-4
Chris,3.77e-4
Heath,3.76e-4
Ethan,3.75e-4
Dylan,3.7e-4
Salvador,3.69e-4
Gerardo,3.65e-4
Logan,3.64e-4
Orlando,3.64e-4
Terrell,3.62e-4
Beau,3.59e-4
Bernard,3.59e-4
Leroy,3.57e-4
Jake,3.53e-4
Wade,3.51e-4
Kirk,3.51e-4
Nelson,3.47e-4
Lonnie,3.46e-4
Ashley,3.44e-4
Rene,3.44e-4
Bryant,3.39e-4
Damon,3.39e-4
Ernesto,3.39e-4
Quentin,3.39e-4
Israel,3.38e-4
Norman,3.36e-4
Bryce,3.35e-4
Morgan,3.34e-4
Demetrius,3.33e-4
Lorenzo,3.32e-4
Marcos,3.32e-4
Emmanuel,3.26e-4
Angelo,3.22e-4
Kenny,3.17e-4
Branden,3.16e-4
Duane,3.15e-4
Rocky,3.13e-4
Lewis,3.13e-4
Allan,3.12e-4
Nickolas,3.11e-4
Stuart,3.11e-4
Damian,3.1e-4
Jayson,3.09e-4
Trent,3.09e-4
Glen,3.07e-4
Fredrick,3.06e-4
Landon,3.03e-4
Vernon,3.02e-4
Brady,3.01e-4
Jamal,2.99e-4
Bradford,2.97e-4
Kent,2.96e-4
Rickey,2.96e-4
Neal,2.93e-4
Rodolfo,2.93e-4
Fred,2.93e-4
Don,2.92e-4
Lamar,2.91e-4
Darnell,2.85e-4
Gordon,2.85e-4
Julius,2.84e-4
Isaiah,2.84e-4
Dallas,2.83e-4
Rudy,2.83e-4
Dana,2.81e-4
Johnathon,2.8e-4
Felix,2.79e-4
Charlie,2.74e-4
Dusty,2.74e-4
Herbert,2.74e-4
Eli,2.67e-4
Lloyd,2.67e-4
Kendrick,2.65e-4
Pablo,2.65e-4
Colby,2.62e-4
Darius,2.62e-4
Jamar,2.61e-4
Dwight,2.61e-4
Derick,2.59e-4
Rick,2.59e-4
Leo,2.57e-4
Terence,2.54e-4
Gavin,2.53e-4
Graham,2.51e-4
Noel,2.49e-4
Abel,2.48e-4
Elliott,2.47e-4
Toby,2.47e-4
Max,2.45e-4
Collin,2.45e-4
Devon,2.44e-4
Zachariah,2.43e-4
Johnnie,2.42e-4
Marlon,2.42e-4
Jarrett,2.39e-4
Gustavo,2.39e-4
Oliver,2.38e-4
Carlton,2.36e-4
Donnie,2.32e-4
Greg,2.32e-4
Ismael,2.31e-4
Simon,2.31e-4
Guillermo,2.3e-4
Ben,2.29e-4
Dante,2.28e-4
Leslie,2.28e-4
Alfonso,2.28e-4
Brock,2.27e-4
Perry,2.26e-4
Cornelius,2.25e-4
Jeff,2.25e-4
Darin,2.24e-4
Guy,2.24e-4
Xavier,2.24e-4
Brooks,2.23e-4
Nolan,2.23e-4
Quincy,2.23e-4
Rusty,2.23e-4
Kerry,2.22e-4
Roland,2.22e-4
Freddie,2.21e-4
Trenton,2.21e-4
Scotty,2.2e-4
Gene,2.19e-4
Quinton,2.19e-4
Milton,2.18e-4
Elias,2.16e-4
Robin,2.15e-4
Kellen,2.15e-4
Elliot,2.14e-4
Miles,2.14e-4
Antwan,2.13e-4
Dewayne,2.12e-4
Lester,2.11e-4
Dane,2.11e-4
Rogelio,2.1e-4
Floyd,2.09e-4
Jimmie,2.08e-4
Felipe,2.05e-4
Jarvis,2.05e-4
Loren,2.04e-4
Rolando,2.04e-4
Jarod,2.02e-4
Gilberto,2.01e-4
Marquis,2.01e-4
Jackie,2e-4
Owen,2e-4
Sam,1.98e-4
Ty,1.97e-4
Chadwick,1.97e-4
Nathanael,1.96e-4
Roman,1.96e-4
Josiah,1.95e-4
Gerard,1.94e-4
Lamont,1.94e-4
Emanuel,1.94e-4
Jody,1.94e-4
Kendall,1.93e-4
Tanner,1.93e-4
Fabian,1.92e-4
Frankie,1.92e-4
Herman,1.92e-4
Kurtis,1.92e-4
Saul,1.91e-4
Forrest,1.91e-4
Tracy,1.9e-4
Salvatore,1.89e-4
Pierre,1.89e-4
Desmond,1.88e-4
Lionel,1.87e-4
Hugo,1.86e-4
Moses,1.84e-4
Clay,1.83e-4
Colt,1.82e-4
Stephan,1.82e-4
Dominick,1.81e-4
Jess,1.79e-4
Deandre,1.76e-4
Sidney,1.76e-4
Chester,1.76e-4
Ramiro,1.75e-4
Everett,1.74e-4
Alonzo,1.72e-4
Mason,1.72e-4
Josue,1.71e-4
Jerrod,1.7e-4
Mike,1.7e-4
Kareem,1.68e-4
Kory,1.68e-4
Ted,1.68e-4
Esteban,1.67e-4
Hunter,1.67e-4
Marques,1.67e-4
Jim,1.67e-4
Randolph,1.67e-4
Robbie,1.67e-4
Bryon,1.66e-4
Leonardo,1.66e-4
Clyde,1.64e-4
Dan,1.64e-4
Jarred,1.62e-4
Wendell,1.61e-4
Clark,1.61e-4
Weston,1.6e-4
Tomas,1.59e-4
Reynaldo,1.58e-4
Malcolm,1.58e-4
Cecil,1.57e-4
Donte,1.57e-4
Solomon,1.57e-4
Ariel,1.56e-4
Josh,1.56e-4
Zachery,1.54e-4
Donnell,1.54e-4
Benny,1.53e-4
Jonah,1.52e-4
Darrin,1.51e-4
Kristofer,1.51e-4
Moises,1.51e-4
Jamel,1.5e-4
Jonas,1.5e-4
Donovan,1.48e-4
Noe,1.48e-4
Aron,1.46e-4
Guadalupe,1.46e-4
Jerod,1.46e-4
Sheldon,1.45e-4
Garry,1.45e-4
Jackson,1.44e-4
Jean,1.44e-4
Sherman,1.44e-4
Myron,1.43e-4
Santiago,1.43e-4
Sammy,1.42e-4
Arnold,1.42e-4
Nick,1.41e-4
Reuben,1.41e-4
Wilson,1.41e-4
Rex,1.4e-4
Alton,1.4e-4
Rashad,1.39e-4
Blaine,1.39e-4
Will,1.39e-4
Reid,1.38e-4
Ali,1.37e-4
Erich,1.37e-4
Diego,1.36e-4
Earnest,1.36e-4
Ira,1.35e-4
Brenton,1.35e-4
Otis,1.35e-4
Stewart,1.35e-4
Dominique,1.34e-4
Emilio,1.34e-4
Harvey,1.34e-4
Randal,1.34e-4
Demarcus,1.33e-4
Joesph,1.33e-4
Stefan,1.33e-4
Brendon,1.33e-4
Harley,1.31e-4
Erin,1.31e-4
Joaquin,1.31e-4
Kasey,1.31e-4
Chaz,1.3e-4
Vicente,1.3e-4
Freddy,1.29e-4
Giovanni,1.29e-4
Anton,1.29e-4
Amos,1.28e-4
Bill,1.28e-4
Ron,1.27e-4
Humberto,1.26e-4
Sterling,1.26e-4
Claude,1.25e-4
Rigoberto,1.24e-4
Conrad,1.23e-4
Zane,1.23e-4
Barrett,1.22e-4
Marty,1.22e-4
Hugh,1.21e-4
Luther,1.21e-4
Blair,1.2e-4
Virgil,1.2e-4
Willis,1.2e-4
Adan,1.2e-4
Jovan,1.2e-4
Edmund,1.19e-4
Efrain,1.18e-4
Lyle,1.18e-4
Dorian,1.17e-4
Bradly,1.17e-4
Conor,1.17e-4
Dexter,1.17e-4
Dion,1.17e-4
Teddy,1.17e-4
Rodrigo,1.16e-4
Sylvester,1.16e-4
Sebastian,1.16e-4
Thaddeus,1.16e-4
Avery,1.15e-4
Royce,1.15e-4
Reed,1.14e-4
Hans,1.14e-4
Ignacio,1.13e-4
Gregg,1.12e-4
Taurean,1.12e-4
Tyrell,1.12e-4
Sonny,1.11e-4
Jerad,1.1e-4
Pete,1.1e-4
Quintin,1.1e-4
Deon,1.09e-4
Ahmad,1.09e-4
Damion,1.09e-4
Wyatt,1.08e-4
Donny,1.07e-4
Skyler,1.07e-4
Waylon,1.07e-4
Alvaro,1.06e-4
Harrison,1.06e-4
Nathanial,1.06e-4
Wallace,1.06e-4
Bennie,1.06e-4
Agustin,1.05e-4
Issac,1.05e-4
Morris,1.05e-4
Riley,1.05e-4
Rodrick,1.05e-4
Scottie,1.05e-4
Braden,1.05e-4
Brant,1.05e-4
Jeromy,1.05e-4
Matt,1.04e-4
Wilfredo,1.04e-4
Tom,1.03e-4
Trey,1.03e-4
Kiel,1.03e-4
Arron,1.02e-4
Rudolph,1.02e-4
Tobias,1.02e-4
Aubrey,1.01e-4
Raphael,1.01e-4
Robby,1.01e-4
Brain,1e-4
Carson,1e-4
Quinn,1e-4
Jessica,1e-4
Maxwell,1e-4
Chance,9.9e-5
Reggie,9.9e-5
Marion,9.8e-5
Timmy,9.8e-5
Jennifer,9.7e-5
Leland,9.7e-5
Tommie,9.7e-5
Cedrick,9.6e-5
Curt,9.6e-5
Jamison,9.6e-5
Jerald,9.6e-5
Mauricio,9.6e-5
Santos,9.6e-5
Abram,9.5e-5
Bryson,9.4e-5
Ezra,9.4e-5
Mickey,9.4e-5
Cary,9.4e-5
Jered,9.4e-5
Rico,9.3e-5
Kristian,9.3e-5
Leonel,9.3e-5
Winston,9.3e-5
Bart,9.2e-5
Benito,9.2e-5
Darrel,9.2e-5
Jeramy,9.2e-5
Buddy,9.2e-5
Lane,9.2e-5
Zackary,9.2e-5
Brice,9.1e-5
Dave,9.1e-5
Davis,9.1e-5
Keenan,9.1e-5
Carey,9.1e-5
Elvis,9.1e-5
Vance,9.1e-5
Daren,9e-5
Demario,9e-5
Dillon,8.9e-5
Korey,8.9e-5
Ervin,8.7e-5
Jed,8.7e-5
Laurence,8.7e-5
Leif,8.7e-5
Cristian,8.7e-5
Markus,8.7e-5
Wilbert,8.7e-5
Bo,8.6e-5
Antwon,8.5e-5
Gregorio,8.4e-5
Roosevelt,8.4e-5
Titus,8.4e-5
Chauncey,8.4e-5
Jefferson,8.4e-5
Kaleb,8.4e-5
Archie,8.3e-5
Carlo,8.3e-5
Dereck,8.3e-5
Denny,8.3e-5
Garret,8.3e-5
Jasen,8.3e-5
Tyree,8.2e-5
Tyrel,8.2e-5
Heriberto,8.2e-5
Jasper,8.2e-5
Liam,8.2e-5
Brennan,8.1e-5
Derik,8.1e-5
Myles,8.1e-5
Tory,8.1e-5
Whitney,8.1e-5
Grady,8e-5
Marcel,8e-5
Rhett,8e-5
Elmer,8e-5
Mack,8e-5
Judson,7.9e-5
Parker,7.9e-5
Jamil,7.9e-5
Jedidiah,7.9e-5
Josef,7.9e-5
Alec,7.8e-5
Kristoffer,7.8e-5
Lukas,7.8e-5
Jeremey,7.7e-5
Nigel,7.7e-5
Tremaine,7.7e-5
Jeremie,7.6e-5
Deshawn,7.6e-5
Edmond,7.6e-5
Kody,7.6e-5
Scot,7.6e-5
Cliff,7.5e-5
Cyrus,7.5e-5
Jan,7.5e-5
Monte,7.5e-5
Andrae,7.5e-5
Danial,7.5e-5
Davon,7.5e-5
Horace,7.5e-5
Hubert,7.5e-5
Louie,7.5e-5
Rickie,7.5e-5
Stevie,7.5e-5
Asa,7.4e-5
Jeffry,7.4e-5
Osvaldo,7.4e-5
Zackery,7.4e-5
Adolfo,7.4e-5
Anwar,7.4e-5
Ari,7.4e-5
Domingo,7.4e-5
Jaron,7.4e-5
Aldo,7.3e-5
Elton,7.3e-5
Lindsey,7.3e-5
Prince,7.3e-5
Stacy,7.3e-5
Tim,7.3e-5
Amir,7.3e-5
Mitchel,7.2e-5
Nikolas,7.2e-5
Rocco,7.2e-5
Antony,7.1e-5
Ken,7.1e-5
Andrea,7.1e-5
Nicholaus,7.1e-5
Ahmed,7e-5
Cortney,7e-5
Michel,7e-5
Jordon,7e-5
Junior,7e-5
Mikel,7e-5
Shayne,7e-5
Van,7e-5
Darrick,6.9e-5
Ezekiel,6.9e-5
Jeramie,6.9e-5
Willard,6.9e-5
Cleveland,6.8e-5
Jameson,6.8e-5
Mohammad,6.8e-5
Daron,6.8e-5
Raheem,6.7e-5
Deangelo,6.7e-5
Galen,6.7e-5
Kenton,6.7e-5
Paris,6.7e-5
Vaughn,6.7e-5
Bennett,6.6e-5
Federico,6.6e-5
Gonzalo,6.6e-5
Justen,6.6e-5
Keon,6.6e-5
Kris,6.6e-5
Shelby,6.6e-5
Antione,6.6e-5
Mohammed,6.6e-5
Octavio,6.6e-5
Sarah,6.6e-5
Tyron,6.6e-5
Coleman,6.5e-5
Ernie,6.5e-5
Johnpaul,6.5e-5
Lowell,6.5e-5
Lynn,6.5e-5
Ellis,6.5e-5
Dario,6.4e-5
Jacques,6.4e-5
Keegan,6.4e-5
Colton,6.4e-5
Davin,6.4e-5
Marlin,6.4e-5
Brenden,6.3e-5
Gino,6.3e-5
Lincoln,6.3e-5
Rufus,6.3e-5
Cornell,6.3e-5
Denver,6.3e-5
Raymundo,6.3e-5
Shelton,6.3e-5
Al,6.2e-5
Cortez,6.2e-5
Javon,6.2e-5
Lazaro,6.2e-5
Russel,6.2e-5
Carter,6.2e-5
Christoper,6.2e-5
Jedediah,6.2e-5
Maria,6.2e-5
Renaldo,6.2e-5
Bernardo,6.1e-5
Eliezer,6.1e-5
German,6.1e-5
Isiah,6.1e-5
Hassan,6.1e-5
Jamey,6.1e-5
Percy,6.1e-5
Silas,6.1e-5
Dejuan,6e-5
Efren,6e-5
Estevan,5.9e-5
Garrick,5.9e-5
Malik,5.9e-5
Amit,5.9e-5
Deric,5.9e-5
Sedrick,5.9e-5
Wilfred,5.9e-5
Emmett,5.8e-5
Fidel,5.8e-5
Jamin,5.8e-5
Melissa,5.8e-5
Moshe,5.8e-5
Schuyler,5.8e-5
Cristopher,5.8e-5
Jace,5.8e-5
Nestor,5.8e-5
Alphonso,5.7e-5
Brannon,5.7e-5
Dewey,5.7e-5
Elisha,5.7e-5
Jerrell,5.7e-5
Muhammad,5.7e-5
Shea,5.7e-5
Amanda,5.7e-5
Delbert,5.7e-5
Ronny,5.7e-5
Torrey,5.7e-5
Edwardo,5.6e-5
Kelsey,5.6e-5
Aric,5.6e-5
Elvin,5.6e-5
Errol,5.6e-5
Gerry,5.6e-5
Kraig,5.6e-5
Ulysses,5.6e-5
Cristobal,5.5e-5
Randell,5.5e-5
Rashawn,5.5e-5
August,5.5e-5
Donta,5.5e-5
Eloy,5.5e-5
Rasheed,5.5e-5
Skylar,5.5e-5
Vito,5.5e-5
Brandt,5.4e-5
Cruz,5.4e-5
Dontae,5.4e-5
Ezequiel,5.4e-5
Isidro,5.4e-5
Chet,5.4e-5
Eliseo,5.4e-5
Giuseppe,5.4e-5
Rodger,5.4e-5
Theron,5.4e-5
Tremayne,5.4e-5
Augustine,5.3e-5
Boyd,5.3e-5
Broderick,5.3e-5
Jarad,5.3e-5
Jarret,5.3e-5
Jude,5.3e-5
Ashton,5.3e-5
Buck,5.3e-5
Garland,5.2e-5
Garth,5.2e-5
Greggory,5.2e-5
Kip,5.2e-5
Lenny,5.2e-5
Stacey,5.2e-5
Billie,5.1e-5
Britton,5.1e-5
Dirk,5.1e-5
Johathan,5.1e-5
Mohamed,5.1e-5
Shad,5.1e-5
Kim,5.1e-5
Marcelino,5.1e-5
Ramsey,5.1e-5
Wilbur,5.1e-5
Brandan,5e-5
Bronson,5e-5
Demond,5e-5
Jessy,5e-5
Tucker,5e-5
Darron,5e-5
Duncan,5e-5
Garett,5e-5
Jayme,5e-5
Kai,5e-5
Monty,5e-5
Chaim,4.9e-5
Dalton,4.9e-5
Darrius,4.9e-5
Eddy,4.9e-5
Jade,4.9e-5
Coy,4.9e-5
Derrell,4.9e-5
Harlan,4.9e-5
Jarrad,4.9e-5
Johnson,4.9e-5
Tuan,4.9e-5
Abdul,4.8e-5
Bob,4.8e-5
Cale,4.8e-5
Genaro,4.8e-5
Anderson,4.8e-5
Chandler,4.8e-5
Elbert,4.8e-5
Isaias,4.8e-5
Judd,4.8e-5
Kelley,4.8e-5
Laron,4.8e-5
Samir,4.8e-5
Cullen,4.7e-5
Nathen,4.7e-5
Yoel,4.7e-5
Andreas,4.7e-5
Arnulfo,4.7e-5
Elizabeth,4.7e-5
Erwin,4.7e-5
Francesco,4.7e-5
Hung,4.7e-5
Jerimiah,4.7e-5
Keven,4.7e-5
Chadrick,4.6e-5
Darwin,4.6e-5
Eliot,4.6e-5
Orion,4.6e-5
Tavares,4.6e-5
Uriah,4.6e-5
Woodrow,4.6e-5
Adrain,4.6e-5
Chadd,4.6e-5
Dedrick,4.6e-5
Denis,4.6e-5
Marcello,4.6e-5
Vince,4.6e-5
Aurelio,4.5e-5
Bert,4.5e-5
Connor,4.5e-5
Demarco,4.5e-5
Long,4.5e-5
Mitch,4.5e-5
Valentin,4.5e-5
Alden,4.5e-5
Kennith,4.5e-5
Lamarcus,4.5e-5
Lindsay,4.5e-5
Nicole,4.5e-5
Norberto,4.5e-5
Constantine,4.4e-5
Justine,4.4e-5
Juston,4.4e-5
Reinaldo,4.4e-5
Samson,4.4e-5
Tye,4.4e-5
Cooper,4.4e-5
Emery,4.4e-5
Emil,4.4e-5
Eugenio,4.4e-5
Hank,4.4e-5
Huy,4.4e-5
Jereme,4.4e-5
Jermey,4.4e-5
