name,percent
Jennifer,0.031497
Jessica,0.025062
Amanda,0.018872
Sarah,0.015709
Melissa,0.01426
Nicole,0.011969
Stephanie,0.011504
Elizabeth,0.011307
Crystal,0.010536
Amy,0.010365
Michelle,0.009796
Heather,0.009642
Tiffany,0.009473
Kimberly,0.008881
Rebecca,0.008675
Angela,0.008272
Ashley,0.00819
Amber,0.008095
Christina,0.008009
Erin,0.007919
Rachel,0.007649
Laura,0.007339
Lisa,0.00697
Emily,0.006903
Kelly,0.006712
Lauren,0.006387
Andrea,0.006273
Sara,0.006254
Jamie,0.006089
Mary,0.005984
Danielle,0.005633
April,0.005549
Kristen,0.005259
Megan,0.00525
Erica,0.005154
Katherine,0.005062
Kristin,0.004816
Shannon,0.004758
Lindsay,0.004555
Lindsey,0.004389
Julie,0.004245
Maria,0.004038
Courtney,0.003912
Samantha,0.003729
Katie,0.003685
Christine,0.003614
Tara,0.003597
Kathryn,0.003464
Vanessa,0.003391
Brandy,0.003353
Natalie,0.003286
Monica,0.00316
Alicia,0.003095
Jacqueline,0.003033
Brandi,0.003017
Anna,0.002902
Carrie,0.002864
Allison,0.002853
Patricia,0.00285
Leslie,0.002747
Holly,0.002585
Cassandra,0.002573
Diana,0.002441
Cynthia,0.002441
Victoria,0.002346
Melanie,0.002345
Dana,0.002335
Kristina,0.002288
Karen,0.002286
Veronica,0.002285
Natasha,0.002278
Stacy,0.002261
Catherine,0.002258
Misty,0.002243
Valerie,0.002198
Susan,0.002185
Kathleen,0.002178
Candice,0.002093
Leah,0.002075
Sandra,0.00201
Erika,0.00198
Pamela,0.001956
Krystal,0.001933
Julia,0.001928
Stacey,0.001909
Heidi,0.001871
Katrina,0.001832
Tracy,0.001813
Jill,0.001804
Tina,0.001775
Latoya,0.001765
Brooke,0.001738
Alexis,0.001721
Brittany,0.001711
Dawn,0.001704
Jillian,0.001685
Margaret,0.001652
Lori,0.001644
Nichole,0.001611
Denise,0.001595
Renee,0.001593
Teresa,0.001589
Candace,0.001572
Kristy,0.001568
Wendy,0.001554
Nancy,0.001543
Linda,0.001538
Robin,0.001527
Theresa,0.001517
Meghan,0.001509
Alison,0.001502
Bethany,0.001496
Kara,0.001469
Tanya,0.001435
Christy,0.001432
Monique,0.001417
Miranda,0.001389
Brenda,0.001388
Casey,0.001366
Rachael,0.001363
Jenny,0.001352
Anne,0.001348
Melinda,0.001327
Lacey,0.001314
Gina,0.001314
Tonya,0.00131
Kelli,0.001308
Sabrina,0.001304
Tamara,0.001302
Barbara,0.001292
Molly,0.001278
Ebony,0.001257
Kayla,0.001255
Tammy,0.001249
Michele,0.001228
Kari,0.001226
Jaime,0.001209
Cassie,0.001209
Kristi,0.001183
Colleen,0.001182
Jaclyn,0.001182
Desiree,0.001155
Rebekah,0.001136
Sharon,0.001118
Alisha,0.00111
Carolyn,0.001109
Bridget,0.001107
Beth,0.001103
Sheena,0.001079
Meredith,0.001077
Stefanie,0.001075
Tabitha,0.001068
Latasha,0.00106
Ann,0.001059
Marie,0.001059
Deanna,0.001045
Tasha,0.001039
Abigail,0.001038
Cheryl,0.001034
Deborah,0.001017
Joanna,0.001013
Shawna,9.76e-4
Kendra,9.72e-4
Virginia,9.71e-4
Carla,9.71e-4
Angel,9.62e-4
Cindy,9.55e-4
Adrienne,9.53e-4
Chelsea,9.46e-4
Morgan,9.46e-4
Mandy,9.45e-4
Regina,9.45e-4
Krista,9.35e-4
Suzanne,8.97e-4
Hannah,8.7e-4
Jodi,8.65e-4
Audrey,8.5e-4
Caroline,8.47e-4
Donna,8.43e-4
Marissa,8.39e-4
Alexandra,8.38e-4
Janet,8.27e-4
Angelica,8.24e-4
Priscilla,8.21e-4
Whitney,8.14e-4
Trisha,8.04e-4
Aimee,8e-4
Martha,7.99e-4
Jasmine,7.97e-4
Claudia,7.93e-4
Jacquelyn,7.92e-4
Yolanda,7.92e-4
Nina,7.87e-4
Felicia,7.87e-4
Autumn,7.86e-4
Cristina,7.84e-4
Evelyn,7.59e-4
Toni,7.55e-4
Bonnie,7.55e-4
Ana,7.47e-4
Diane,7.44e-4
Kate,7.39e-4
Joy,7.37e-4
Cara,7.32e-4
Paula,7.32e-4
Mindy,7.28e-4
Carmen,7.25e-4
Debra,7.25e-4
Robyn,7.25e-4
Abby,7.16e-4
Summer,6.94e-4
Carly,6.89e-4
Janelle,6.87e-4
Kristine,6.8e-4
Naomi,6.73e-4
Shanna,6.68e-4
Rosa,6.63e-4
Kellie,6.59e-4
Caitlin,6.57e-4
Laurie,6.52e-4
Tia,6.52e-4
Adriana,6.48e-4
Ruth,6.48e-4
Sophia,6.39e-4
Jessie,6.31e-4
Shelly,6.27e-4
Rhonda,6.24e-4
Olivia,6.19e-4
Melody,6.14e-4
Alyssa,6.12e-4
Sheila,6.06e-4
Marisa,6.05e-4
Rose,6.04e-4
Terri,6.01e-4
Randi,5.99e-4
Nikki,5.92e-4
Gloria,5.92e-4
Charlene,5.83e-4
Tamika,5.83e-4
Lydia,5.79e-4
Sherry,5.77e-4
Sonia,5.77e-4
Christie,5.74e-4
Kerri,5.68e-4
Haley,5.64e-4
Annie,5.6e-4
Jenna,5.58e-4
Anita,5.57e-4
Sonya,5.56e-4
Yvonne,5.55e-4
Kelley,5.54e-4
Ellen,5.53e-4
Lacy,5.44e-4
Keri,5.42e-4
Sylvia,5.4e-4
Shauna,5.36e-4
Leticia,5.32e-4
Leigh,5.28e-4
Karla,5.28e-4
Katharine,5.24e-4
Bobbie,5.23e-4
Carol,5.22e-4
Grace,5.21e-4
Jeanette,5.18e-4
Kristie,5.18e-4
Kerry,5.17e-4
Esther,5.15e-4
Traci,5.08e-4
Krystle,5.05e-4
Maureen,5.03e-4
Frances,4.98e-4
Tracey,4.95e-4
Kira,4.92e-4
Brianna,4.89e-4
Rachelle,4.88e-4
Janice,4.86e-4
Roxanne,4.85e-4
Kathy,4.83e-4
Helen,4.82e-4
Stacie,4.79e-4
Raquel,4.78e-4
Yvette,4.77e-4
Annette,4.75e-4
Charity,4.73e-4
Latisha,4.72e-4
Angelina,4.69e-4
Shelley,4.67e-4
Jana,4.65e-4
Juanita,4.65e-4
Eva,4.65e-4
Jane,4.62e-4
Meagan,4.62e-4
Jennie,4.61e-4
Brandie,4.6e-4
Lynn,4.6e-4
Amelia,4.59e-4
Lesley,4.59e-4
Dorothy,4.57e-4
Claire,4.48e-4
Ashlee,4.47e-4
Rochelle,4.47e-4
Amie,4.45e-4
Miriam,4.45e-4
Elisabeth,4.42e-4
Tabatha,4.41e-4
Becky,4.41e-4
Johanna,4.38e-4
Chrystal,4.38e-4
Kelsey,4.36e-4
Alissa,4.35e-4
Charlotte,4.35e-4
Constance,4.29e-4
Elaine,4.29e-4
Bianca,4.27e-4
Irene,4.26e-4
Jolene,4.24e-4
Sandy,4.19e-4
Tanisha,4.18e-4
Jami,4.18e-4
Jackie,4.17e-4
Brianne,4.15e-4
Hillary,4.15e-4
Patrice,4.12e-4
Gretchen,4.12e-4
Tricia,4.12e-4
Alice,4.11e-4
Jocelyn,4.08e-4
Kirsten,4.08e-4
Angie,4.05e-4
Chasity,4.04e-4
Latonya,4.04e-4
Brittney,4e-4
Kasey,4e-4
Jenifer,3.98e-4
Carissa,3.93e-4
Elisa,3.93e-4
Lakisha,3.92e-4
Judith,3.91e-4
Alana,3.9e-4
Rita,3.9e-4
Briana,3.88e-4
Shana,3.83e-4
Antoinette,3.79e-4
Bobbi,3.79e-4
Faith,3.78e-4
Tameka,3.77e-4
Ginger,3.76e-4
Jody,3.74e-4
Belinda,3.7e-4
Norma,3.69e-4
Karina,3.67e-4
Keisha,3.67e-4
Joyce,3.65e-4
Staci,3.65e-4
Cecilia,3.64e-4
Audra,3.64e-4
Connie,3.61e-4
Lorena,3.6e-4
Tessa,3.57e-4
Christa,3.53e-4
Maribel,3.53e-4
Gabrielle,3.53e-4
Aubrey,3.51e-4
Betty,3.5e-4
Joanne,3.49e-4
Lyndsey,3.49e-4
Daisy,3.49e-4
Sally,3.49e-4
Camille,3.47e-4
Lara,3.46e-4
Sherri,3.44e-4
Ruby,3.43e-4
Judy,3.38e-4
Jade,3.38e-4
Elena,3.37e-4
Fallon,3.37e-4
Beverly,3.35e-4
Taylor,3.35e-4
Lakeisha,3.34e-4
Christin,3.34e-4
Hilary,3.32e-4
Jean,3.32e-4
Alma,3.32e-4
Maggie,3.31e-4
Celeste,3.31e-4
Shirley,3.29e-4
Ryan,3.29e-4
Gabriela,3.28e-4
Serena,3.28e-4
Alexandria,3.26e-4
Corinne,3.24e-4
Joni,3.24e-4
Ariel,3.22e-4
Darlene,3.22e-4
Ericka,3.22e-4
Marilyn,3.22e-4
Paige,3.22e-4
Cortney,3.21e-4
Kristal,3.21e-4
Eileen,3.21e-4
Jodie,3.2e-4
Guadalupe,3.19e-4
Leanne,3.17e-4
Michael,3.17e-4
Christen,3.14e-4
Allyson,3.11e-4
Katy,3.11e-4
Janine,3.09e-4
Nora,3.09e-4
Emma,3.08e-4
Marisol,3.08e-4
Hope,3.06e-4
Ashleigh,3.04e-4
Mayra,3.03e-4
Mia,3.01e-4
Clarissa,2.99e-4
Elisha,2.97e-4
Tiffani,2.97e-4
Hollie,2.97e-4
Rosemary,2.93e-4
Genevieve,2.91e-4
Mandi,2.89e-4
Terra,2.88e-4
Esmeralda,2.86e-4
Sheri,2.84e-4
Billie,2.84e-4
Alisa,2.83e-4
Dianna,2.83e-4
Lena,2.83e-4
Joann,2.81e-4
Laurel,2.8e-4
Jayme,2.79e-4
Leann,2.79e-4
Shayla,2.79e-4
Devon,2.76e-4
Marsha,2.73e-4
Hayley,2.72e-4
Rosanna,2.71e-4
Lora,2.71e-4
Alejandra,2.7e-4
Josephine,2.7e-4
Cathy,2.68e-4
Isabel,2.68e-4
Lee,2.68e-4
Blair,2.67e-4
Aisha,2.65e-4
Marlene,2.65e-4
Chandra,2.64e-4
Tracie,2.62e-4
Lillian,2.62e-4
Lorraine,2.6e-4
Jordan,2.59e-4
Raven,2.59e-4
Destiny,2.58e-4
Iris,2.58e-4
Kim,2.58e-4
Trina,2.58e-4
Lucy,2.57e-4
Teri,2.57e-4
Alaina,2.53e-4
Margarita,2.53e-4
Angelique,2.52e-4
Alyson,2.51e-4
Marcia,2.51e-4
Christi,2.5e-4
Dena,2.49e-4
Dominique,2.48e-4
Taryn,2.48e-4
Yesenia,2.47e-4
Blanca,2.47e-4
Kimberley,2.46e-4
Nadia,2.44e-4
Bridgette,2.44e-4
Christian,2.42e-4
Lashonda,2.42e-4
Bernadette,2.41e-4
Casandra,2.41e-4
Elise,2.41e-4
Sasha,2.4e-4
Shelby,2.4e-4
Christopher,2.38e-4
Gwendolyn,2.38e-4
Larissa,2.38e-4
Melisa,2.36e-4
Juliana,2.35e-4
Adrianne,2.33e-4
Arlene,2.32e-4
Betsy,2.32e-4
Callie,2.31e-4
Lakesha,2.31e-4
Jeannette,2.3e-4
Loretta,2.28e-4
Debbie,2.27e-4
Jeanne,2.27e-4
Kenya,2.27e-4
Roberta,2.27e-4
Adrian,2.25e-4
Marianne,2.25e-4
Tami,2.23e-4
Tiffanie,2.23e-4
Lyndsay,2.22e-4
Marina,2.22e-4
Shameka,2.22e-4
Darcy,2.2e-4
Susana,2.2e-4
Tania,2.2e-4
Cari,2.18e-4
Carolina,2.18e-4
Catrina,2.18e-4
Liza,2.17e-4
Lynette,2.17e-4
Vivian,2.17e-4
Cherie,2.16e-4
Rhiannon,2.16e-4
Selena,2.15e-4
Candy,2.14e-4
Tera,2.13e-4
Janette,2.12e-4
Nicolette,2.12e-4
Lea,2.12e-4
Jacklyn,2.1e-4
Breanna,2.09e-4
Penny,2.09e-4
Abbey,2.05e-4
Luz,2.05e-4
Sonja,2.05e-4
Jeannie,2.04e-4
Kyla,2.04e-4
Latrice,2.04e-4
Jasmin,2.04e-4
Liliana,2.03e-4
Peggy,2.03e-4
Ariana,2.02e-4
Araceli,2.01e-4
Elissa,2.01e-4
Dina,1.99e-4
Joan,1.99e-4
Mariah,1.99e-4
Cheri,1.98e-4
Tiana,1.98e-4
Toccara,1.98e-4
Natalia,1.97e-4
Dayna,1.96e-4
Marjorie,1.94e-4
Vicki,1.93e-4
Christal,1.91e-4
Silvia,1.9e-4
Maya,1.89e-4
Tatiana,1.88e-4
Janie,1.85e-4
Maranda,1.85e-4
Wanda,1.85e-4
Chantel,1.84e-4
Lana,1.84e-4
Nadine,1.84e-4
Chanel,1.84e-4
Lynda,1.84e-4
Mollie,1.82e-4
Myra,1.82e-4
Marla,1.81e-4
Janna,1.8e-4
Misti,1.8e-4
Athena,1.8e-4
Latosha,1.79e-4
Maryann,1.79e-4
Kassandra,1.79e-4
Clara,1.78e-4
Chelsey,1.78e-4
Shamika,1.78e-4
Julianne,1.77e-4
Shari,1.77e-4
Dara,1.77e-4
Kimberlee,1.77e-4
Glenda,1.76e-4
Irma,1.75e-4
Lucia,1.75e-4
Valarie,1.75e-4
Brenna,1.74e-4
James,1.74e-4
Marcie,1.74e-4
Tanika,1.73e-4
Antonia,1.73e-4
Justine,1.73e-4
Noelle,1.73e-4
Tosha,1.72e-4
Breanne,1.72e-4
Bridgett,1.72e-4
Leanna,1.71e-4
Shawn,1.71e-4
Jesse,1.7e-4
Janell,1.69e-4
Beatriz,1.69e-4
Gail,1.69e-4
Marci,1.68e-4
Mercedes,1.67e-4
Ladonna,1.67e-4
Rena,1.67e-4
Racheal,1.66e-4
Sheryl,1.66e-4
Kacie,1.65e-4
Marcella,1.65e-4
Deana,1.64e-4
Eliza,1.64e-4
Lacie,1.64e-4
Marcy,1.64e-4
Edith,1.63e-4
Noemi,1.63e-4
Daphne,1.63e-4
Karin,1.63e-4
Leeann,1.63e-4
Brynn,1.62e-4
Ivy,1.62e-4
Jeanine,1.62e-4
Rocio,1.62e-4
Talia,1.62e-4
Gladys,1.61e-4
Wendi,1.61e-4
Kristyn,1.6e-4
Malinda,1.6e-4
Alanna,1.59e-4
Beatrice,1.59e-4
Marlena,1.59e-4
Anastasia,1.59e-4
Daniela,1.59e-4
Maritza,1.58e-4
Olga,1.58e-4
Selina,1.58e-4
Shanika,1.58e-4
Candi,1.58e-4
Chastity,1.57e-4
Deidre,1.57e-4
Michaela,1.57e-4
Tiara,1.57e-4
Ramona,1.57e-4
Georgia,1.56e-4
Janel,1.56e-4
Eboni,1.56e-4
Corina,1.55e-4
Maura,1.54e-4
Dolores,1.53e-4
Sheree,1.53e-4
Britney,1.53e-4
Sherrie,1.53e-4
Simone,1.53e-4
Kendall,1.52e-4
Meaghan,1.52e-4
Rene,1.52e-4
Sadie,1.52e-4
Abbie,1.52e-4
Francesca,1.52e-4
Josie,1.51e-4
Matthew,1.51e-4
Corey,1.51e-4
Dora,1.51e-4
Jason,1.51e-4
Renae,1.51e-4
Doris,1.5e-4
Emilie,1.5e-4
Precious,1.5e-4
Ingrid,1.49e-4
Kaleena,1.49e-4
Kia,1.49e-4
Jo,1.48e-4
Tonia,1.48e-4
Celina,1.47e-4
Linsey,1.47e-4
Martina,1.47e-4
Alecia,1.47e-4
Deirdre,1.46e-4
Karissa,1.46e-4
Andria,1.46e-4
Cori,1.46e-4
Eleanor,1.46e-4
Aja,1.45e-4
Loni,1.45e-4
Kandice,1.43e-4
Madeline,1.43e-4
Tierra,1.43e-4
Brook,1.43e-4
Darla,1.42e-4
Celia,1.42e-4
Deidra,1.42e-4
Sharonda,1.42e-4
Cristin,1.41e-4
Pauline,1.41e-4
Daniel,1.41e-4
Louise,1.41e-4
Shantel,1.41e-4
Susanna,1.41e-4
Carey,1.4e-4
Lawanda,1.4e-4
Lynsey,1.4e-4
Rosemarie,1.4e-4
Gillian,1.4e-4
Kaitlin,1.4e-4
Devin,1.39e-4
Mackenzie,1.38e-4
Maricela,1.38e-4
Octavia,1.38e-4
Tisha,1.38e-4
Ashlie,1.38e-4
Tammie,1.38e-4
David,1.37e-4
Kacey,1.37e-4
Karrie,1.37e-4
Laci,1.37e-4
Geneva,1.36e-4
Cristy,1.35e-4
Jenelle,1.35e-4
Kylie,1.35e-4
Lucinda,1.35e-4
Sondra,1.34e-4
Alexia,1.34e-4
Fatima,1.34e-4
Helena,1.34e-4
Joshua,1.34e-4
Syreeta,1.34e-4
Desirae,1.33e-4
Aurora,1.32e-4
Georgina,1.32e-4
Latanya,1.32e-4
Carina,1.32e-4
Katelyn,1.32e-4
Mara,1.32e-4
Sofia,1.32e-4
Cora,1.31e-4
Lashanda,1.31e-4
Shanda,1.3e-4
John,1.29e-4
Adrianna,1.29e-4
Robert,1.29e-4
Terry,1.29e-4
Marian,1.28e-4
Nakia,1.28e-4
Yadira,1.27e-4
Adriane,1.27e-4
Corrie,1.27e-4
Casie,1.26e-4
Corrine,1.26e-4
Rosalinda,1.26e-4
Siobhan,1.26e-4
Sherita,1.25e-4
Asia,1.25e-4
Jeri,1.24e-4
Quiana,1.24e-4
Francine,1.24e-4
Delia,1.23e-4
Kristan,1.23e-4
Lourdes,1.22e-4
Margo,1.22e-4
Holli,1.22e-4
Alesha,1.21e-4
Princess,1.21e-4
Demetria,1.21e-4
Cassidy,1.2e-4
Kami,1.2e-4
Kisha,1.2e-4
Ronda,1.2e-4
Stella,1.2e-4
Tanesha,1.2e-4
Jamila,1.2e-4
Kala,1.2e-4
Hilda,1.19e-4
Janae,1.19e-4
Shayna,1.19e-4
Candis,1.18e-4
Edna,1.18e-4
Vickie,1.18e-4
Alexa,1.18e-4
Tori,1.18e-4
Aileen,1.17e-4
Elaina,1.17e-4
June,1.17e-4
Vicky,1.17e-4
Cody,1.16e-4
Malissa,1.16e-4
Marion,1.16e-4
Sue,1.16e-4
Leila,1.16e-4
Shara,1.16e-4
Brandee,1.15e-4
Sierra,1.15e-4
Tamra,1.15e-4
Angelia,1.14e-4
Danelle,1.14e-4
Lily,1.14e-4
Elsa,1.13e-4
Ida,1.13e-4
Lindy,1.13e-4
Tarah,1.13e-4
Annmarie,1.13e-4
Kyra,1.13e-4
Shanta,1.13e-4
Cristal,1.12e-4
Laquita,1.12e-4
Cathleen,1.11e-4
Julianna,1.11e-4
Kassie,1.11e-4
Mari,1.11e-4
Melina,1.11e-4
Charmaine,1.11e-4
Justin,1.11e-4
Shalonda,1.11e-4
Brandon,1.1e-4
Cameron,1.1e-4
Marta,1.1e-4
Lizette,1.09e-4
Venessa,1.09e-4
Mellissa,1.09e-4
Jessi,1.08e-4
Joseph,1.08e-4
Jada,1.08e-4
Magdalena,1.08e-4
Rosalie,1.08e-4
Loren,1.07e-4
Shavon,1.07e-4
Lorie,1.06e-4
Colette,1.06e-4
Jenilee,1.06e-4
Jenni,1.06e-4
Salina,1.06e-4
Shasta,1.06e-4
Cheyenne,1.05e-4
Eve,1.05e-4
Jaimie,1.05e-4
Jeanna,1.05e-4
Lakeshia,1.05e-4
Monika,1.05e-4
Emilee,1.04e-4
Gena,1.04e-4
Kyle,1.04e-4
Pearl,1.04e-4
Rikki,1.04e-4
Deena,1.03e-4
Juana,1.03e-4
Kori,1.03e-4
Susie,1.03e-4
Bertha,1.03e-4
Cassondra,1.03e-4
Griselda,1.03e-4
Caryn,1.02e-4
Shaina,1.02e-4
Chana,1.02e-4
Chiquita,1.02e-4
Harmony,1.02e-4
Shonda,1.02e-4
Tawana,1.02e-4
Clare,1.01e-4
Keely,1.01e-4
Roxanna,1.01e-4
Ami,1e-4
Chloe,1e-4
Darci,1e-4
Mellisa,1e-4
Sommer,1e-4
Tana,1e-4
Shante,1e-4
Afton,9.9e-5
Chantal,9.9e-5
Dionne,9.9e-5
Noel,9.9e-5
Shakira,9.9e-5
Sunny,9.9e-5
Jena,9.8e-5
Jesica,9.8e-5
Phyllis,9.8e-5
Tenisha,9.8e-5
William,9.8e-5
Ciara,9.8e-5
Cory,9.8e-5
Graciela,9.8e-5
Ivory,9.8e-5
Rosalyn,9.8e-5
Letitia,9.7e-5
Niki,9.7e-5
Roxana,9.7e-5
Dianne,9.7e-5
Ella,9.7e-5
Joanie,9.7e-5
Kathrine,9.7e-5
Mariana,9.7e-5
Mildred,9.7e-5
Bernice,9.6e-5
Leilani,9.6e-5
Lois,9.6e-5
Jeana,9.5e-5
Jeanie,9.5e-5
Juliet,9.5e-5
Kesha,9.5e-5
Rebeca,9.5e-5
Stacia,9.5e-5
Stephenie,9.5e-5
Hailey,9.4e-5
Ada,9.3e-5
Angeline,9.3e-5
Eugenia,9.3e-5
Justina,9.3e-5
Shanita,9.3e-5
Suzanna,9.3e-5
Cecelia,9.3e-5
Daniella,9.3e-5
Jonathan,9.3e-5
Shelia,9.3e-5
Annemarie,9.2e-5
Eunice,9.2e-5
Greta,9.2e-5
Jeannine,9.2e-5
Lynne,9.2e-5
Joelle,9.2e-5
Kali,9.2e-5
Kati,9.2e-5
Meghann,9.2e-5
Shena,9.2e-5
Vera,9.2e-5
Falon,9.1e-5
Karyn,9.1e-5
Viviana,9.1e-5
Alina,9e-5
Malia,9e-5
Richelle,9e-5
Starla,9e-5
Tawny,9e-5
Therese,9e-5
Jan,9e-5
Lynnette,9e-5
Charissa,8.9e-5
Kerrie,8.9e-5
Mona,8.9e-5
Arielle,8.9e-5
Ashly,8.9e-5
Chantelle,8.9e-5
Kandi,8.9e-5
Katina,8.9e-5
Nikole,8.9e-5
Bambi,8.8e-5
Chelsie,8.8e-5
Delilah,8.8e-5
Francisca,8.8e-5
Johnna,8.8e-5
Shannan,8.8e-5
Ursula,8.8e-5
Andrew,8.7e-5
Kaci,8.7e-5
Kiley,8.7e-5
Margie,8.7e-5
Perla,8.7e-5
Lisette,8.7e-5
Rae,8.7e-5
Rosie,8.7e-5
Tenika,8.7e-5
Danica,8.6e-5
Fawn,8.6e-5
Latesha,8.6e-5
Reyna,8.6e-5
Tamera,8.6e-5
Venus,8.6e-5
Emilia,8.6e-5
Roseanna,8.6e-5
Alysia,8.5e-5
Consuelo,8.5e-5
Deanne,8.5e-5
Lashawn,8.5e-5
May,8.5e-5
Sharita,8.5e-5
Iesha,8.4e-5
Jerri,8.4e-5
Josefina,8.4e-5
Micah,8.4e-5
Sydney,8.4e-5
Aaron,8.4e-5
Cristen,8.4e-5
Felisha,8.4e-5
Natosha,8.4e-5
Sandi,8.4e-5
Tabetha,8.4e-5
Thelma,8.4e-5
Trista,8.4e-5
Tristan,8.4e-5
Francis,8.3e-5
Kay,8.3e-5
Krysta,8.3e-5
Susanne,8.3e-5
Tammi,8.3e-5
Esperanza,8.3e-5
Luisa,8.3e-5
Valencia,8.3e-5
Antionette,8.2e-5
Carley,8.2e-5
Gayle,8.2e-5
Ginny,8.2e-5
Kacy,8.2e-5
Maren,8.2e-5
Violet,8.2e-5
Adria,8.2e-5
Arianna,8.2e-5
Ayesha,8.2e-5
Davina,8.2e-5
Hallie,8.2e-5
Renita,8.2e-5
Shantell,8.2e-5
