name,percent
Michael,0.036506
Christopher,0.031921
Matthew,0.026959
David,0.021043
Joshua,0.019708
James,0.019511
Jason,0.018855
Daniel,0.018652
John,0.017808
Robert,0.017584
Joseph,0.016343
Justin,0.015199
Ryan,0.014943
Brian,0.013989
Andrew,0.01372
William,0.013625
Brandon,0.012631
Adam,0.012613
Jonathan,0.012214
Eric,0.010921
Nicholas,0.010674
Anthony,0.010643
Steven,0.00983
Thomas,0.009431
Kevin,0.00933
Timothy,0.008786
Richard,0.008532
Jeffrey,0.008399
Aaron,0.007766
Jeremy,0.007658
Mark,0.007409
Benjamin,0.00713
Charles,0.007094
Kyle,0.006645
Stephen,0.006212
Jacob,0.005902
Patrick,0.005837
Scott,0.005821
Paul,0.005807
Nathan,0.005662
Travis,0.005627
Gregory,0.005355
Dustin,0.005199
Sean,0.005159
Kenneth,0.004816
Jesse,0.004549
Bryan,0.004401
Jose,0.004334
Chad,0.003967
Zachary,0.003919
Derek,0.00375
Bradley,0.003618
Shawn,0.003416
Samuel,0.003323
Edward,0.003222
Jared,0.00314
Tyler,0.003122
Marcus,0.003025
Peter,0.002944
Donald,0.002862
Keith,0.002856
Juan,0.002624
Alexander,0.002573
Ronald,0.002525
George,0.002409
Phillip,0.002397
Joel,0.002331
Gary,0.002292
Douglas,0.002246
Craig,0.002196
Jordan,0.002153
Raymond,0.002151
Brett,0.002134
Corey,0.002133
Carlos,0.002095
Antonio,0.001977
Ian,0.001969
Derrick,0.001964
Nathaniel,0.001956
Erik,0.001952
Cody,0.001879
Philip,0.001872
Cory,0.001826
Shane,0.001826
Larry,0.001819
Frank,0.001803
Todd,0.001787
Luis,0.001778
Gabriel,0.001754
Casey,0.001735
Jeffery,0.001693
Dennis,0.001636
Evan,0.001635
Brent,0.001626
Victor,0.001593
Randy,0.001567
Vincent,0.001552
Seth,0.001533
Jeremiah,0.001527
Curtis,0.001526
Wesley,0.001498
Alan,0.001487
Jerry,0.00148
Russell,0.001473
Luke,0.001423
Carl,0.001399
Adrian,0.001366
Jesus,0.001346
Blake,0.00134
Terry,0.001326
Shaun,0.001324
Christian,0.001297
Troy,0.00129
Miguel,0.001277
Mario,0.001273
Johnny,0.001272
Lucas,0.001266
Bobby,0.001265
Tony,0.001263
Allen,0.001205
Ricardo,0.001169
Martin,0.001166
Billy,0.001155
Alex,0.001153
Marc,0.001122
Jimmy,0.001119
Andre,0.001118
Ricky,0.001117
Randall,0.001105
Trevor,0.0011
Austin,0.001096
Lawrence,0.001089
Danny,0.001082
Kristopher,0.001082
Lance,0.001053
Henry,0.001046
Johnathan,0.001035
Lee,0.00103
Micheal,0.001026
Jorge,0.001023
Clinton,0.00102
Devin,0.001016
Mitchell,0.001009
Mathew,0.001003
Roger,0.001003
Manuel,0.001001
Jon,9.79e-4
Chase,9.78e-4
Albert,9.76e-4
Francisco,9.76e-4
Isaac,9.63e-4
Roberto,9.53e-4
Jamie,9.51e-4
Walter,9.49e-4
Willie,9.46e-4
Louis,9.44e-4
Arthur,9.36e-4
Clayton,9.27e-4
Caleb,9.2e-4
Jonathon,9.09e-4
Rodney,9.09e-4
Maurice,9.05e-4
Joe,8.66e-4
Darren,8.58e-4
Jermaine,8.39e-4
Colin,8.37e-4
Grant,8.33e-4
Gerald,8.32e-4
Noah,8.27e-4
Jay,8.26e-4
Wayne,8.22e-4
Jack,8.16e-4
Garrett,8.15e-4
Ruben,8.02e-4
Brad,7.89e-4
Roy,7.8e-4
Cameron,7.76e-4
Bruce,7.72e-4
Frederick,7.72e-4
Calvin,7.67e-4
Javier,7.6e-4
Drew,7.37e-4
Hector,7.35e-4
Oscar,7.35e-4
Angel,7.23e-4
Ross,7.22e-4
Alejandro,7.16e-4
Darrell,7.15e-4
Geoffrey,7.09e-4
Fernando,6.86e-4
Brendan,6.84e-4
Reginald,6.81e-4
Omar,6.81e-4
Jerome,6.6e-4
Jaime,6.57e-4
Neil,6.57e-4
Terrance,6.43e-4
Edwin,6.42e-4
Ernest,6.4e-4
Ronnie,6.39e-4
Rafael,6.37e-4
Marvin,6.29e-4
Eddie,6.28e-4
Jessie,6.24e-4
Sergio,6.23e-4
Theodore,6.2e-4
Tyrone,6.16e-4
Raul,6.12e-4
Cole,5.98e-4
Eugene,5.91e-4
Leonard,5.91e-4
Dale,5.88e-4
Pedro,5.84e-4
Ramon,5.71e-4
Steve,5.71e-4
Taylor,5.66e-4
Dominic,5.66e-4
Kelly,5.66e-4
Micah,5.58e-4
Ivan,5.57e-4
Byron,5.54e-4
Glenn,5.44e-4
Terrence,5.41e-4
Tommy,5.4e-4
Barry,5.34e-4
Alberto,5.27e-4
Armando,5.26e-4
Darryl,5.23e-4
Clifford,5.23e-4
Eduardo,5.21e-4
Kurt,5.21e-4
Levi,5.16e-4
Jarrod,5.16e-4
Francis,5.15e-4
Dwayne,5.13e-4
Melvin,5.09e-4
Spencer,5.06e-4
Nicolas,5.05e-4
Harold,5.04e-4
Andres,5.01e-4
Julian,5e-4
Karl,4.91e-4
Stanley,4.86e-4
Marco,4.85e-4
Edgar,4.81e-4
Shannon,4.74e-4
Erick,4.63e-4
Tristan,4.58e-4
Ralph,4.54e-4
Andy,4.49e-4
Marshall,4.48e-4
Dane,4.47e-4
Tyson,4.45e-4
Preston,4.4e-4
Warren,4.39e-4
Rene,4.35e-4
Clint,4.35e-4
Alfred,4.34e-4
Cedric,4.32e-4
Clarence,4.27e-4
Joey,4.25e-4
Damien,4.24e-4
Cesar,4.22e-4
Leon,4.21e-4
Logan,4.19e-4
Dylan,4.17e-4
Enrique,4.15e-4
Abraham,4.13e-4
Earl,4.13e-4
Jake,4.13e-4
Julio,4.11e-4
Ray,4.1e-4
Gilbert,4.07e-4
Antoine,4.06e-4
Harry,4.05e-4
Devon,4.02e-4
Dean,4.01e-4
Franklin,3.96e-4
Quentin,3.94e-4
Howard,3.91e-4
Arturo,3.9e-4
Ethan,3.9e-4
Emmanuel,3.85e-4
Gerardo,3.84e-4
Terrell,3.84e-4
Alfredo,3.83e-4
Courtney,3.8e-4
Alvin,3.79e-4
Bryce,3.79e-4
Bryant,3.72e-4
Orlando,3.7e-4
Demetrius,3.69e-4
Gavin,3.69e-4
Roderick,3.65e-4
Marcos,3.61e-4
Elijah,3.6e-4
Kelvin,3.57e-4
Lorenzo,3.55e-4
Alexis,3.54e-4
Daryl,3.51e-4
Colby,3.51e-4
Heath,3.5e-4
Nickolas,3.48e-4
Chris,3.47e-4
Quinton,3.47e-4
Darnell,3.46e-4
Ernesto,3.45e-4
Bernard,3.43e-4
Branden,3.43e-4
Stuart,3.41e-4
Kirk,3.4e-4
Nelson,3.38e-4
Norman,3.36e-4
Morgan,3.34e-4
Salvador,3.32e-4
Angelo,3.31e-4
Clifton,3.28e-4
Damon,3.22e-4
Wade,3.22e-4
Lamar,3.22e-4
Lewis,3.2e-4
Ashley,3.19e-4
Israel,3.17e-4
Allan,3.17e-4
Elliott,3.12e-4
Landon,3.12e-4
Jamaal,3.11e-4
Julius,3.11e-4
Neal,3.08e-4
Elliot,3.01e-4
Vernon,3.01e-4
Johnathon,3e-4
Beau,2.99e-4
Kent,2.98e-4
Charlie,2.97e-4
Isaiah,2.97e-4
Kenny,2.95e-4
Fred,2.93e-4
Damian,2.91e-4
Dwight,2.89e-4
Rory,2.88e-4
Duane,2.85e-4
Max,2.83e-4
Glen,2.83e-4
Graham,2.83e-4
Terence,2.82e-4
Leroy,2.81e-4
Trent,2.8e-4
Lonnie,2.79e-4
Eli,2.77e-4
Rudy,2.7e-4
Brady,2.7e-4
Bret,2.7e-4
Jayson,2.69e-4
Derick,2.68e-4
Rickey,2.68e-4
Gordon,2.66e-4
Collin,2.64e-4
Fredrick,2.64e-4
Darius,2.62e-4
Rocky,2.61e-4
Felix,2.61e-4
Bradford,2.58e-4
Herbert,2.58e-4
Jamar,2.57e-4
Don,2.56e-4
Dana,2.56e-4
Pablo,2.56e-4
Rodolfo,2.55e-4
Xavier,2.55e-4
Lloyd,2.53e-4
Kendrick,2.51e-4
Jamal,2.5e-4
Felipe,2.49e-4
Noel,2.48e-4
Simon,2.48e-4
Dallas,2.46e-4
Jarvis,2.43e-4
Nolan,2.41e-4
Perry,2.38e-4
Zachariah,2.37e-4
Brock,2.35e-4
Rick,2.35e-4
Jarrett,2.33e-4
Oliver,2.33e-4
Ben,2.31e-4
Darin,2.31e-4
Trenton,2.31e-4
Rolando,2.3e-4
Leo,2.29e-4
Abel,2.29e-4
Donnie,2.28e-4
Ismael,2.28e-4
Loren,2.26e-4
Alfonso,2.25e-4
Guillermo,2.25e-4
Lionel,2.25e-4
Marquis,2.23e-4
Leslie,2.22e-4
Emanuel,2.21e-4
Greg,2.21e-4
Robin,2.21e-4
Freddie,2.2e-4
Pierre,2.2e-4
Josiah,2.17e-4
Roland,2.17e-4
Marlon,2.16e-4
Tanner,2.16e-4
Lester,2.13e-4
Kurtis,2.11e-4
Gilberto,2.1e-4
Jeff,2.09e-4
Elias,2.09e-4
Roman,2.07e-4
Cornelius,2.07e-4
Jimmie,2.07e-4
Carlton,2.06e-4
Kellen,2.06e-4
Kerry,2.06e-4
Toby,2.06e-4
Saul,2.04e-4
Gustavo,2.01e-4
Gene,2e-4
Clay,2e-4
Milton,2e-4
Jerrod,1.99e-4
Jarred,1.97e-4
Johnnie,1.97e-4
Antwan,1.96e-4
Quincy,1.96e-4
Fabian,1.95e-4
Dante,1.94e-4
Rusty,1.94e-4
Sam,1.93e-4
Stephan,1.93e-4
Kendall,1.92e-4
Owen,1.92e-4
Desmond,1.91e-4
Floyd,1.91e-4
Hunter,1.91e-4
Nathanael,1.91e-4
Josue,1.9e-4
Herman,1.89e-4
Jarod,1.89e-4
Colt,1.88e-4
Frankie,1.86e-4
Miles,1.86e-4
Zachery,1.85e-4
Marques,1.84e-4
Esteban,1.84e-4
Guy,1.84e-4
Ty,1.81e-4
Rogelio,1.79e-4
Moses,1.78e-4
Darrin,1.78e-4
Deandre,1.78e-4
Jody,1.78e-4
Randolph,1.77e-4
Sidney,1.77e-4
Donte,1.77e-4
Jackie,1.77e-4
Jameson,1.76e-4
Tracy,1.75e-4
Ramiro,1.75e-4
Alonzo,1.73e-4
Clark,1.71e-4
Jamel,1.71e-4
Dominique,1.71e-4
Dewayne,1.7e-4
Lamont,1.7e-4
Ariel,1.69e-4
Kory,1.69e-4
Bryon,1.68e-4
Kareem,1.68e-4
Forrest,1.68e-4
Salvatore,1.68e-4
Scotty,1.68e-4
Dominick,1.67e-4
Weston,1.67e-4
Cecil,1.66e-4
Chadwick,1.66e-4
Dusty,1.66e-4
Jess,1.64e-4
Mike,1.64e-4
Brooks,1.63e-4
Gerard,1.63e-4
Ted,1.61e-4
Josh,1.6e-4
Everett,1.59e-4
Tomas,1.59e-4
Aron,1.58e-4
Sheldon,1.58e-4
Chester,1.56e-4
Hugo,1.56e-4
Clyde,1.55e-4
Moises,1.55e-4
Reid,1.55e-4
Myron,1.54e-4
Reynaldo,1.52e-4
Dan,1.49e-4
Demarcus,1.49e-4
Diego,1.49e-4
Jean,1.49e-4
Kiel,1.49e-4
Wendell,1.49e-4
Donovan,1.48e-4
Jim,1.48e-4
Jonas,1.48e-4
Sterling,1.48e-4
Jerod,1.47e-4
Jackson,1.45e-4
Robbie,1.45e-4
Anton,1.43e-4
Blaine,1.42e-4
Leonardo,1.42e-4
Garry,1.41e-4
Guadalupe,1.4e-4
Jonah,1.4e-4
Harvey,1.39e-4
Arnold,1.38e-4
Nick,1.38e-4
Stefan,1.38e-4
Sammy,1.37e-4
Chaz,1.35e-4
Efrain,1.35e-4
Brenton,1.35e-4
Sherman,1.35e-4
Tyrell,1.34e-4
Lyle,1.33e-4
Quintin,1.33e-4
Wilson,1.33e-4
Rex,1.32e-4
Stewart,1.32e-4
Vicente,1.32e-4
Dion,1.31e-4
Kristofer,1.31e-4
Skyler,1.31e-4
Avery,1.31e-4
Jerad,1.31e-4
Giovanni,1.3e-4
Brendon,1.29e-4
Mason,1.29e-4
Reuben,1.28e-4
Alton,1.28e-4
Blair,1.27e-4
Adan,1.25e-4
Ira,1.25e-4
Santiago,1.25e-4
Erich,1.25e-4
Chance,1.24e-4
Freddy,1.24e-4
Joaquin,1.24e-4
Randal,1.24e-4
Taurean,1.24e-4
Ali,1.24e-4
Amos,1.23e-4
Dillon,1.22e-4
Trey,1.21e-4
Zackary,1.21e-4
Harrison,1.21e-4
Keenan,1.21e-4
Matt,1.2e-4
Riley,1.2e-4
Thaddeus,1.2e-4
Will,1.2e-4
Barrett,1.19e-4
Malcolm,1.19e-4
Solomon,1.19e-4
Dexter,1.18e-4
Maxwell,1.18e-4
Emilio,1.18e-4
Donnell,1.17e-4
Noe,1.17e-4
Dorian,1.16e-4
Rashad,1.16e-4
Benny,1.15e-4
Erin,1.15e-4
Luther,1.14e-4
Conrad,1.14e-4
Harley,1.14e-4
Joesph,1.13e-4
Earnest,1.13e-4
Humberto,1.13e-4
Rigoberto,1.13e-4
Leland,1.12e-4
Marty,1.12e-4
Ignacio,1.12e-4
Parker,1.12e-4
Zane,1.12e-4
Issac,1.11e-4
Mickey,1.11e-4
Korey,1.11e-4
Marcel,1.11e-4
Reed,1.11e-4
Rodrigo,1.11e-4
Wallace,1.11e-4
Alec,1.1e-4
Otis,1.1e-4
Pete,1.1e-4
Wyatt,1.1e-4
Bill,1.09e-4
Brant,1.09e-4
Willis,1.09e-4
Alvaro,1.07e-4
Hugh,1.07e-4
Kasey,1.07e-4
Tom,1.07e-4
Vance,1.06e-4
Jovan,1.06e-4
Garret,1.05e-4
Jennifer,1.05e-4
Santos,1.05e-4
Teddy,1.05e-4
Jessica,1.04e-4
Bradly,1.04e-4
Conor,1.04e-4
Akeem,1.03e-4
Sebastian,1.03e-4
Aubrey,1.02e-4
Demario,1.02e-4
Deon,1.02e-4
Deangelo,1.01e-4
Brain,1e-4
Gregg,1e-4
Arron,9.9e-5
Jamison,9.9e-5
Morris,9.9e-5
Carson,9.9e-5
Waylon,9.9e-5
Claude,9.8e-5
Wilfredo,9.8e-5
Brennan,9.8e-5
Elvis,9.8e-5
Sylvester,9.8e-5
Agustin,9.7e-5
Darrel,9.7e-5
Edmund,9.7e-5
Nathanial,9.6e-5
Brice,9.6e-5
Bryson,9.6e-5
Damion,9.6e-5
Ron,9.6e-5
Ahmad,9.5e-5
Markus,9.5e-5
Raphael,9.5e-5
Quinn,9.4e-5
Rudolph,9.4e-5
Zackery,9.4e-5
Hans,9.4e-5
Jasper,9.3e-5
Tyree,9.3e-5
Antwon,9.2e-5
Jed,9.2e-5
Jordon,9.2e-5
Deshawn,9.1e-5
Kaleb,9.1e-5
Cedrick,9.1e-5
Carey,9e-5
Jerald,9e-5
Mauricio,9e-5
Royce,9e-5
Sonny,9e-5
Bennie,8.9e-5
Prince,8.9e-5
Whitney,8.9e-5
Rodrick,8.9e-5
Amir,8.8e-5
Titus,8.8e-5
Cassidy,8.8e-5
Dereck,8.8e-5
Myles,8.7e-5
Tory,8.7e-5
Reggie,8.7e-5
Van,8.7e-5
Kody,8.6e-5
Virgil,8.6e-5
Braden,8.5e-5
Nigel,8.5e-5
Timmy,8.5e-5
Tommie,8.5e-5
Cary,8.4e-5
Derik,8.4e-5
Rico,8.4e-5
Robby,8.4e-5
Shelby,8.4e-5
Benito,8.4e-5
Carlo,8.4e-5
Daren,8.4e-5
Davis,8.4e-5
Jered,8.3e-5
Ervin,8.2e-5
Antione,8.2e-5
Heriberto,8.2e-5
Tobias,8.2e-5
Winston,8.2e-5
Ari,8.1e-5
Jeffry,8.1e-5
Abram,8.1e-5
Archie,8e-5
Ezekiel,8e-5
Cyrus,8e-5
Donny,8e-5
Elmer,8e-5
Leonel,8e-5
Nikolas,8e-5
Cortney,7.9e-5
Lukas,7.9e-5
Osvaldo,7.9e-5
Kirby,7.8e-5
Rhett,7.8e-5
Tyrel,7.8e-5
Cristian,7.8e-5
Curt,7.8e-5
Dave,7.8e-5
Kenton,7.8e-5
Cortez,7.7e-5
Ezra,7.7e-5
Liam,7.7e-5
Asa,7.7e-5
Chauncey,7.7e-5
Davon,7.7e-5
Jamil,7.7e-5
Adolfo,7.6e-5
Galen,7.6e-5
Justen,7.6e-5
Mikel,7.6e-5
Mohammad,7.6e-5
Jeromy,7.5e-5
Roosevelt,7.5e-5
Connor,7.5e-5
Coy,7.5e-5
Ellis,7.5e-5
Jefferson,7.5e-5
Rocco,7.5e-5
Buddy,7.4e-5
Lane,7.4e-5
Tremaine,7.4e-5
Bo,7.3e-5
Wilbert,7.3e-5
Cliff,7.3e-5
Davin,7.3e-5
Delbert,7.3e-5
Leif,7.3e-5
Marion,7.3e-5
Tyron,7.3e-5
Amit,7.2e-5
Jace,7.1e-5
Kristian,7.1e-5
Kristoffer,7.1e-5
Laurence,7.1e-5
Moshe,7.1e-5
Mitchel,7.1e-5
Darrick,7e-5
Jedidiah,7e-5
Mack,7e-5
Bennett,7e-5
Duncan,7e-5
Josef,7e-5
Scottie,7e-5
Dejuan,6.9e-5
Dirk,6.9e-5
Javon,6.9e-5
Louie,6.9e-5
Cale,6.9e-5
Cleveland,6.9e-5
Gregorio,6.9e-5
Jedediah,6.9e-5
Mohammed,6.9e-5
Monte,6.9e-5
Willard,6.9e-5
Brenden,6.8e-5
Lindsey,6.8e-5
Raymundo,6.8e-5
Stacy,6.8e-5
Cornell,6.8e-5
Jeremie,6.8e-5
Keegan,6.8e-5
Rickie,6.8e-5
Ahmed,6.7e-5
Bernardo,6.7e-5
Domingo,6.7e-5
Antony,6.7e-5
German,6.7e-5
Marlin,6.7e-5
Vaughn,6.7e-5
Coleman,6.6e-5
Jeramy,6.6e-5
Tucker,6.6e-5
Daron,6.6e-5
Denny,6.6e-5
Jerrell,6.6e-5
Silas,6.6e-5
Theron,6.6e-5
Ashton,6.5e-5
Grady,6.5e-5
Raheem,6.5e-5
Andrea,6.4e-5
Eliot,6.4e-5
Jaron,6.4e-5
Rufus,6.4e-5
Emmett,6.4e-5
Hassan,6.4e-5
Jasen,6.4e-5
Michel,6.4e-5
Keon,6.3e-5
Sarah,6.3e-5
Colton,6.3e-5
Cristopher,6.3e-5
Elton,6.3e-5
Federico,6.3e-5
Stacey,6.3e-5
Shelton,6.2e-5
Carter,6.2e-5
Horace,6.2e-5
Jarad,6.2e-5
Judson,6.2e-5
Kelsey,6.2e-5
Malik,6.2e-5
Jacques,6.1e-5
Alphonso,6.1e-5
Broderick,6.1e-5
Muhammad,6.1e-5
Jan,6e-5
Lincoln,6e-5
Dario,6e-5
Devan,6e-5
Efren,6e-5
Hank,6e-5
Martell,6e-5
Octavio,6e-5
Donta,5.9e-5
Kris,5.9e-5
Randell,5.9e-5
Bart,5.9e-5
Fidel,5.9e-5
Rodger,5.9e-5
Dalton,5.8e-5
Garrick,5.8e-5
Gino,5.8e-5
Johathan,5.8e-5
Nestor,5.8e-5
Scot,5.8e-5
Brannon,5.8e-5
Danial,5.8e-5
Junior,5.8e-5
Nicholaus,5.8e-5
Denver,5.7e-5
Dontae,5.7e-5
Edmond,5.7e-5
Remington,5.7e-5
Shayne,5.7e-5
Shea,5.7e-5
Chet,5.6e-5
Tavares,5.6e-5
Al,5.6e-5
Christoper,5.6e-5
Elvin,5.6e-5
Jeramie,5.6e-5
Lazaro,5.6e-5
Percy,5.6e-5
Abdul,5.5e-5
Amanda,5.5e-5
Irvin,5.5e-5
Isiah,5.5e-5
Ken,5.5e-5
Ulysses,5.5e-5
Eliezer,5.5e-5
Elizabeth,5.5e-5
Estevan,5.5e-5
Lynn,5.5e-5
Aldo,5.4e-5
Brandan,5.4e-5
Greggory,5.4e-5
Melissa,5.4e-5
Paris,5.4e-5
Ronny,5.4e-5
Darron,5.4e-5
Juston,5.4e-5
Laron,5.4e-5
Lars,5.4e-5
Rashawn,5.4e-5
Brandt,5.3e-5
Denis,5.3e-5
Dewey,5.3e-5
Genaro,5.3e-5
Johnpaul,5.3e-5
Lauren,5.3e-5
Renaldo,5.3e-5
Chaim,5.3e-5
Emil,5.3e-5
Aurelio,5.2e-5
Bronson,5.2e-5
Cullen,5.2e-5
Jeremey,5.2e-5
Aric,5.2e-5
Darwin,5.2e-5
Demond,5.2e-5
Hubert,5.2e-5
Jade,5.2e-5
Kraig,5.2e-5
Skylar,5.2e-5
Stephanie,5.2e-5
Cristobal,5.1e-5
Jamey,5.1e-5
Jamin,5.1e-5
Tim,5.1e-5
Andrae,5.1e-5
Andreas,5.1e-5
Edwardo,5.1e-5
Elisha,5.1e-5
Gonzalo,5.1e-5
Jarret,5.1e-5
Keven,5.1e-5
Britton,5e-5
Chadrick,5e-5
Ernie,5e-5
Jacoby,5e-5
Jerimiah,5e-5
Justine,5e-5
Vito,5e-5
Cruz,4.9e-5
Kim,4.9e-5
Lindsay,4.9e-5
Ramsey,4.9e-5
Torrey,4.9e-5
August,4.8e-5
Deric,4.8e-5
Isidro,4.8e-5
Jereme,4.8e-5
Lowell,4.8e-5
Valentin,4.8e-5
Asher,4.8e-5
Giuseppe,4.8e-5
Jakob,4.8e-5
Mariano,4.8e-5
Stephon,4.8e-5
Stevie,4.8e-5
Anderson,4.7e-5
Bob,4.7e-5
Chandler,4.7e-5
Errol,4.7e-5
Francesco,4.7e-5
Mohamed,4.7e-5
Reinaldo,4.7e-5
Dedrick,4.7e-5
Erwin,4.7e-5
Houston,4.7e-5
Homer,4.6e-5
Isaias,4.6e-5
Jabari,4.6e-5
Nicole,4.6e-5
Trumaine,4.6e-5
Wilfred,4.6e-5
Woodrow,4.6e-5
Anwar,4.6e-5
Derrell,4.6e-5
Garland,4.6e-5
Johnson,4.6e-5
Marquise,4.6e-5
Monty,4.6e-5
Norris,4.6e-5
Samson,4.6e-5
Adrain,4.5e-5
Armand,4.5e-5
Bert,4.5e-5
Garett,4.5e-5
Deven,4.5e-5
Hiram,4.5e-5
Tuan,4.5e-5
Westley,4.5e-5
Crystal,4.4e-5
Eloy,4.4e-5
Irving,4.4e-5
Quinten,4.4e-5
Russel,4.4e-5
Tremayne,4.4e-5
Dino,4.4e-5
Drake,4.4e-5
Edgardo,4.4e-5
Luciano,4.4e-5
Marcelino,4.4e-5
Michelle,4.4e-5
Darian,4.3e-5
Eddy,4.3e-5
Eliseo,4.3e-5
Ezequiel,4.3e-5
Griffin,4.3e-5
Jermain,4.3e-5
Lamarcus,4.3e-5
Long,4.3e-5
Samir,4.3e-5
Walker,4.3e-5
Coby,4.2e-5
Demarco,4.2e-5
Gerry,4.2e-5
Jefferey,4.2e-5
Jevon,4.2e-5
Nicklaus,4.2e-5
Sammie,4.2e-5
Cade,4.2e-5
