name,percent
Jessica,0.028548
Ashley,0.026942
Amanda,0.021974
Jennifer,0.019621
Sarah,0.015249
Stephanie,0.012277
Nicole,0.011543
Brittany,0.011015
Heather,0.010733
Elizabeth,0.010334
Megan,0.010081
Melissa,0.009579
Amber,0.009192
Lauren,0.009037
Rachel,0.008374
Danielle,0.008104
Tiffany,0.007852
Kimberly,0.007815
Christina,0.007793
Laura,0.007683
Samantha,0.007638
Amy,0.007294
Michelle,0.007212
Emily,0.007174
Crystal,0.006883
Rebecca,0.006393
Sara,0.005989
Katherine,0.005726
Kelly,0.005647
Erin,0.005457
Erica,0.005405
Whitney,0.005168
Angela,0.005022
Jamie,0.005004
Courtney,0.004946
Andrea,0.004681
Mary,0.004611
Katie,0.004517
Lindsey,0.004367
Lisa,0.004283
Kristen,0.00425
Allison,0.004106
Vanessa,0.004048
Shannon,0.004014
Alicia,0.003803
Lindsay,0.003772
Christine,0.003751
Kathryn,0.003468
Maria,0.003318
Kristin,0.003254
Anna,0.003196
Natalie,0.00309
April,0.003076
Victoria,0.003074
Jenna,0.002936
Tara,0.002756
Jacqueline,0.002737
Julie,0.002719
Monica,0.002715
Cassandra,0.002705
Krystal,0.002673
Kristina,0.002625
Holly,0.002624
Kayla,0.002526
Brittney,0.00249
Patricia,0.002303
Catherine,0.0023
Kathleen,0.002239
Caitlin,0.002106
Natasha,0.0021
Meghan,0.002098
Alexandra,0.00206
Chelsea,0.002036
Erika,0.001993
Diana,0.001986
Valerie,0.001963
Veronica,0.001937
Leah,0.00187
Brandi,0.001861
Casey,0.001856
Cynthia,0.001854
Hannah,0.001835
Mallory,0.001803
Brandy,0.001787
Leslie,0.001748
Alyssa,0.001747
Stacy,0.001747
Julia,0.001685
Bethany,0.001671
Felicia,0.00167
Margaret,0.001668
Dana,0.001666
Krista,0.001656
Stacey,0.001646
Jasmine,0.001622
Alison,0.001614
Melanie,0.001612
Dominique,0.001595
Katrina,0.001533
Karen,0.001517
Kendra,0.001495
Kara,0.001474
Rachael,0.001462
Brooke,0.001461
Nichole,0.001439
Sandra,0.00143
Jillian,0.001404
Candice,0.001389
Carrie,0.001389
Molly,0.001385
Latoya,0.001375
Kelsey,0.001365
Morgan,0.00134
Candace,0.001335
Marissa,0.001322
Nancy,0.001316
Tracy,0.001316
Susan,0.001292
Gina,0.001279
Sabrina,0.001252
Lacey,0.001228
Robin,0.001226
Meagan,0.001218
Brenda,0.001213
Alisha,0.001212
Joanna,0.001205
Renee,0.001202
Denise,0.001195
Alexis,0.001191
Angelica,0.001164
Heidi,0.001151
Ashlee,0.001148
Jaclyn,0.001142
Tamara,0.00114
Jordan,0.001129
Monique,0.001109
Miranda,0.001103
Pamela,0.001093
Tabitha,0.00109
Teresa,0.001089
Desiree,0.001088
Kelli,0.001086
Abigail,0.001083
Theresa,0.001072
Misty,0.001069
Tina,0.001063
Melinda,0.001062
Linda,0.001058
Katelyn,0.00105
Meredith,0.001045
Anne,0.001039
Colleen,0.001
Rebekah,9.94e-4
Brianna,9.85e-4
Savannah,9.81e-4
Cassie,9.8e-4
Caroline,9.79e-4
Kristy,9.68e-4
Jill,9.59e-4
Tanya,9.56e-4
Krystle,9.5e-4
Carolyn,9.37e-4
Cristina,9.25e-4
Ebony,9.02e-4
Deanna,9.01e-4
Ana,8.86e-4
Jenny,8.84e-4
Kristi,8.78e-4
Sierra,8.73e-4
Kari,8.68e-4
Angel,8.58e-4
Bridget,8.54e-4
Sheena,8.53e-4
Christy,8.44e-4
Priscilla,8.32e-4
Marie,8.25e-4
Wendy,8.22e-4
Christa,8.21e-4
Mayra,8.14e-4
Audrey,8.06e-4
Barbara,8.05e-4
Lori,7.96e-4
Kaitlin,7.95e-4
Dawn,7.87e-4
Cindy,7.83e-4
Kate,7.81e-4
Sharon,7.72e-4
Michele,7.71e-4
Britney,7.61e-4
Stefanie,7.53e-4
Kristine,7.41e-4
Virginia,7.41e-4
Carla,7.3e-4
Cara,7.25e-4
Claudia,7.2e-4
Adrienne,7.17e-4
Aimee,7.15e-4
Claire,7.07e-4
Tasha,7.06e-4
Ann,7.05e-4
Tonya,7.05e-4
Deborah,6.95e-4
Haley,6.94e-4
Jessie,6.91e-4
Trisha,6.88e-4
Regina,6.88e-4
Robyn,6.85e-4
Jacquelyn,6.83e-4
Justine,6.82e-4
Ashleigh,6.81e-4
Emma,6.8e-4
Sade,6.75e-4
Adriana,6.74e-4
Janet,6.69e-4
Olivia,6.66e-4
Janelle,6.61e-4
Jaime,6.59e-4
Taylor,6.59e-4
Kaitlyn,6.55e-4
Latasha,6.53e-4
Carmen,0.00064899999999999995
Shawna,6.48e-4
Carly,6.44e-4
Kasey,6.4e-4
Sasha,6.27e-4
Grace,6.24e-4
Martha,6.23e-4
Beth,6.16e-4
Summer,6.11e-4
Lydia,6.1e-4
Alexandria,6.09e-4
Autumn,6.08e-4
Abby,6.07e-4
Jeanette,6.03e-4
Briana,5.99e-4
Shana,5.93e-4
Bonnie,5.92e-4
Hillary,5.87e-4
Evelyn,5.86e-4
Ruth,5.85e-4
Kellie,5.85e-4
Toni,5.83e-4
Nina,5.82e-4
Mindy,5.81e-4
Sophia,5.73e-4
Mandy,5.72e-4
Marisa,5.72e-4
Elise,5.64e-4
Joy,5.63e-4
Nikita,5.61e-4
Cheryl,5.58e-4
Randi,5.52e-4
Amelia,5.51e-4
Diane,5.48e-4
Nikki,5.47e-4
Suzanne,5.47e-4
Tammy,5.46e-4
Kelley,5.42e-4
Donna,5.36e-4
Christie,5.31e-4
Sheila,5.31e-4
Raquel,5.29e-4
Gloria,5.28e-4
Ellen,5.26e-4
Rosa,5.23e-4
Gabrielle,5.22e-4
Ashton,5.17e-4
Naomi,5.12e-4
Melody,5.07e-4
Rachelle,5e-4
Karla,4.98e-4
Keri,4.94e-4
Hilary,4.93e-4
Hope,4.93e-4
Katharine,4.93e-4
Shelby,4.88e-4
Jodi,4.85e-4
Yolanda,4.78e-4
Paula,4.76e-4
Paige,4.75e-4
Sylvia,4.75e-4
Hayley,4.71e-4
Traci,4.7e-4
Jade,4.68e-4
Charlotte,4.66e-4
Charity,4.64e-4
Sonia,4.64e-4
Esther,4.62e-4
Madeline,4.62e-4
Shanna,4.62e-4
Lacy,4.61e-4
Jocelyn,4.6e-4
Yesenia,4.58e-4
Bianca,4.49e-4
Alissa,4.49e-4
Maggie,4.49e-4
Allyson,4.46e-4
Rose,4.45e-4
Brianne,4.42e-4
Angelina,4.41e-4
Stacie,4.4e-4
Chelsey,4.38e-4
Roxanne,4.38e-4
Johanna,4.36e-4
Daisy,4.34e-4
Charlene,4.25e-4
Antoinette,4.23e-4
Kerri,4.23e-4
Debra,4.21e-4
Carol,4.17e-4
Carissa,4.14e-4
Helen,4.14e-4
Frances,4.14e-4
Clarissa,4.13e-4
Gabriela,4.11e-4
Cortney,4.1e-4
Tracey,4.09e-4
Miriam,4.08e-4
Yvette,4.07e-4
Kayleigh,4.06e-4
Shauna,4.05e-4
Kirsten,4.05e-4
Anita,4.04e-4
Kristie,4.03e-4
Meaghan,4.03e-4
Shelly,4.02e-4
Taryn,4.01e-4
Sonya,3.99e-4
Yvonne,3.99e-4
Ciara,3.97e-4
Eva,3.96e-4
Keisha,3.96e-4
Alana,3.95e-4
Aubrey,3.91e-4
Karina,3.9e-4
Annie,3.89e-4
Leigh,3.89e-4
Tabatha,3.87e-4
Alice,3.81e-4
Breanna,3.81e-4
Ryan,3.81e-4
Elisabeth,3.8e-4
Elyse,3.8e-4
Jasmin,3.79e-4
Kerry,3.79e-4
Brittani,3.78e-4
Rochelle,3.78e-4
Cierra,3.73e-4
Cecilia,3.72e-4
Tanisha,3.68e-4
Tia,3.68e-4
Jana,3.67e-4
Camille,3.64e-4
Leticia,3.63e-4
Sherry,3.63e-4
Elisa,3.62e-4
Jane,3.62e-4
Lyndsey,3.6e-4
Elaine,3.59e-4
Lorena,3.58e-4
Janice,3.57e-4
Katy,3.55e-4
Latisha,3.55e-4
Ariel,3.54e-4
Tricia,3.52e-4
Madison,3.49e-4
Rhonda,3.47e-4
Alyson,3.46e-4
Staci,3.46e-4
Elena,3.46e-4
Faith,3.43e-4
Maureen,3.41e-4
Terri,3.41e-4
Dorothy,3.4e-4
Jena,3.35e-4
Tessa,3.35e-4
Chasity,3.35e-4
Tatiana,3.3e-4
Destiny,3.29e-4
Annette,3.28e-4
Sandy,3.28e-4
Guadalupe,3.28e-4
Constance,3.27e-4
India,3.27e-4
Francesca,3.27e-4
Julianne,3.24e-4
Callie,3.22e-4
Cristal,3.22e-4
Irene,3.21e-4
Sally,3.21e-4
Michael,3.2e-4
Laurie,3.19e-4
Ericka,3.18e-4
Juanita,3.16e-4
Tiara,3.15e-4
Jennie,3.13e-4
Kathy,3.1e-4
Shaina,3.08e-4
Leanne,3.07e-4
Shelley,3.05e-4
Ruby,3.02e-4
Tamika,3.02e-4
Trista,3.02e-4
Lillian,3e-4
Shayla,2.97e-4
Christian,2.97e-4
Brandie,2.96e-4
Rita,2.95e-4
Eileen,2.91e-4
Joyce,2.91e-4
Lara,2.91e-4
Caitlyn,2.9e-4
Ashlie,2.89e-4
Tierra,2.88e-4
Judith,2.87e-4
Patrice,2.86e-4
Lakeisha,2.85e-4
Alejandra,2.84e-4
Jami,2.84e-4
Lesley,2.82e-4
Alma,2.82e-4
Michaela,2.81e-4
Lynn,2.79e-4
Jaimie,2.78e-4
Marisol,2.78e-4
Keshia,2.77e-4
Kendall,2.76e-4
Jackie,2.72e-4
Bailey,2.71e-4
Bridgette,2.71e-4
Alexa,2.7e-4
Lucy,2.7e-4
Chanel,2.69e-4
Blair,2.67e-4
Daniela,2.67e-4
Kira,2.67e-4
Ashly,2.66e-4
Mackenzie,2.66e-4
Mia,2.66e-4
Tiffani,2.66e-4
Kaylee,2.65e-4
Alisa,2.64e-4
Iris,2.64e-4
Marilyn,2.64e-4
Maribel,2.63e-4
Laurel,2.63e-4
Kassandra,2.62e-4
Nora,2.62e-4
Celeste,2.61e-4
Eliana,2.6e-4
Isabel,2.6e-4
Marlene,2.6e-4
Chantel,2.58e-4
Nadia,2.58e-4
Rosemary,2.56e-4
Shayna,2.56e-4
Connie,2.55e-4
Norma,2.55e-4
Belinda,2.54e-4
Ashely,2.53e-4
Devin,2.53e-4
Esmeralda,2.52e-4
Carolina,2.52e-4
Chloe,2.52e-4
Amie,2.51e-4
Corinne,2.5e-4
Sydney,2.5e-4
Hollie,2.48e-4
Joanne,2.48e-4
Jenifer,2.47e-4
Josephine,2.47e-4
Christen,2.46e-4
Hailey,2.46e-4
Alaina,2.45e-4
Bobbie,2.45e-4
Serena,2.45e-4
Darlene,2.45e-4
Kylie,2.44e-4
Beverly,2.43e-4
Ciera,2.42e-4
Jacklyn,2.42e-4
Genevieve,2.41e-4
Larissa,2.41e-4
Jayme,2.41e-4
Vivian,2.4e-4
Marquita,2.39e-4
Noelle,2.39e-4
Brenna,2.38e-4
Angie,2.38e-4
Margarita,2.38e-4
Devon,2.36e-4
Shirley,2.36e-4
Audra,2.35e-4
Kacie,2.35e-4
Anastasia,2.33e-4
Juliana,2.33e-4
Blanca,2.33e-4
Elisha,2.32e-4
Lena,2.32e-4
Jeannette,2.31e-4
Sherri,2.31e-4
Ariana,2.27e-4
Precious,2.26e-4
Latonya,2.25e-4
Terra,2.25e-4
Judy,2.23e-4
Chelsie,2.23e-4
Tania,2.22e-4
Christopher,2.22e-4
Dianna,2.2e-4
Gretchen,2.2e-4
Betty,2.19e-4
Maritza,2.19e-4
Chrystal,2.19e-4
Savanna,2.19e-4
Karissa,2.17e-4
Liliana,2.17e-4
Jean,2.16e-4
Chandra,2.16e-4
Casandra,2.15e-4
Fallon,2.14e-4
Leann,2.14e-4
Corey,2.13e-4
Maegan,2.12e-4
Tori,2.12e-4
Breanne,2.11e-4
Kristal,2.09e-4
Sheri,2.09e-4
Susana,2.09e-4
Clara,2.09e-4
Mercedes,2.09e-4
Tiana,2.08e-4
Asia,2.08e-4
Mandi,2.08e-4
Marina,2.08e-4
Becky,2.07e-4
Santana,2.07e-4
Christin,2.07e-4
Racheal,2.06e-4
Bobbi,2.04e-4
Tracie,2.04e-4
Janine,2.03e-4
Domonique,2.03e-4
Natalia,2.02e-4
Aisha,2.02e-4
Cassidy,2.01e-4
Kyla,2.01e-4
Ivy,2.01e-4
Mollie,2.01e-4
Abbey,2e-4
Gwendolyn,2e-4
Joann,2e-4
Jolene,2e-4
Tiffanie,1.99e-4
Deidre,1.99e-4
Kimberley,1.99e-4
Shari,1.97e-4
Celia,1.95e-4
Kali,1.95e-4
Teri,1.94e-4
Shantel,1.93e-4
Lorraine,1.93e-4
Betsy,1.92e-4
Jesse,1.91e-4
Arlene,1.91e-4
Lyndsay,1.89e-4
Tameka,1.89e-4
Justina,1.88e-4
Lea,1.87e-4
Lora,1.87e-4
Antonia,1.86e-4
Cherie,1.85e-4
Alecia,1.84e-4
Elissa,1.84e-4
Lucia,1.84e-4
Edith,1.83e-4
Chiquita,1.82e-4
Marisela,1.81e-4
Rocio,1.81e-4
Talia,1.81e-4
Halley,1.8e-4
Maricela,1.8e-4
Octavia,1.8e-4
Lacie,1.8e-4
Sadie,1.78e-4
Brittni,1.78e-4
Melisa,1.78e-4
Shante,1.78e-4
Jazmin,1.77e-4
Lakisha,1.77e-4
Rosanna,1.77e-4
Stevie,1.77e-4
Janette,1.76e-4
Jodie,1.76e-4
Raven,1.76e-4
Jody,1.75e-4
Latrice,1.75e-4
Leanna,1.75e-4
Lynette,1.75e-4
Silvia,1.75e-4
Luz,1.74e-4
Myra,1.74e-4
Christi,1.74e-4
Arielle,1.72e-4
Britni,1.72e-4
Kristyn,1.72e-4
Sonja,1.71e-4
Araceli,1.71e-4
Cori,1.71e-4
Janna,1.71e-4
Kacey,1.71e-4
Daniella,1.7e-4
Princess,1.7e-4
Loren,1.69e-4
Nadine,1.68e-4
Angelique,1.67e-4
Joshua,1.67e-4
Trina,1.65e-4
Adrian,1.65e-4
Kaci,1.64e-4
Lana,1.63e-4
Joni,1.63e-4
Alyse,1.62e-4
Cheri,1.61e-4
Janie,1.61e-4
Loretta,1.61e-4
Ashli,1.61e-4
Rhiannon,1.61e-4
Martina,1.6e-4
Paris,1.6e-4
Britany,1.59e-4
Kourtney,1.58e-4
Shameka,1.58e-4
Krysta,1.58e-4
Lily,1.58e-4
Tera,1.58e-4
Laci,1.57e-4
Adrianne,1.57e-4
Alanna,1.56e-4
Daniel,1.56e-4
Ginger,1.56e-4
Lashonda,1.56e-4
Alycia,1.55e-4
Dina,1.55e-4
Kaleigh,1.55e-4
Lee,1.55e-4
Joan,1.55e-4
Joelle,1.54e-4
Roberta,1.54e-4
Julianna,1.54e-4
Billie,1.53e-4
Catrina,1.53e-4
Dominque,1.53e-4
Maryann,1.53e-4
Selena,1.53e-4
Lakeshia,1.52e-4
Matthew,1.52e-4
Ali,1.52e-4
Kim,1.52e-4
Leeann,1.52e-4
Marcella,1.52e-4
Marjorie,1.52e-4
Maranda,1.51e-4
Roxana,1.51e-4
Hanna,1.5e-4
Marcia,1.5e-4
Bernadette,1.5e-4
Darcy,1.5e-4
David,1.49e-4
Desirae,1.49e-4
Maura,1.49e-4
Dena,1.48e-4
James,1.48e-4
Kala,1.48e-4
Adrianna,1.48e-4
Kimberlee,1.48e-4
Mariah,1.48e-4
Cathy,1.47e-4
Corina,1.47e-4
Marianne,1.47e-4
Debbie,1.46e-4
Deidra,1.46e-4
Brandon,1.46e-4
Nakita,1.46e-4
Hallie,1.45e-4
Lizette,1.45e-4
Athena,1.44e-4
Selina,1.44e-4
Kia,1.43e-4
Kristian,1.43e-4
Cherish,1.43e-4
Eleanor,1.42e-4
Kati,1.42e-4
Shamika,1.42e-4
Susanna,1.42e-4
Kyle,1.41e-4
Brittanie,1.4e-4
Dayna,1.4e-4
Beatrice,1.4e-4
Cari,1.4e-4
Simone,1.4e-4
Stephany,1.4e-4
Cory,1.39e-4
Kandice,1.38e-4
Peggy,1.38e-4
Chantal,1.38e-4
Felisha,1.37e-4
Kylee,1.37e-4
Tosha,1.37e-4
Marlena,1.37e-4
Noel,1.37e-4
Shawn,1.37e-4
Aileen,1.36e-4
Bridgett,1.36e-4
Eboni,1.36e-4
Holli,1.36e-4
Kassie,1.36e-4
Tami,1.36e-4
Jeannie,1.35e-4
Noemi,1.34e-4
Chantelle,1.33e-4
Celina,1.33e-4
Georgia,1.33e-4
Ingrid,1.33e-4
Janae,1.33e-4
Krystina,1.33e-4
Justin,1.32e-4
Lakesha,1.32e-4
Daphne,1.32e-4
Deana,1.32e-4
Janell,1.32e-4
Latosha,1.32e-4
Sofia,1.32e-4
Alysha,1.31e-4
Carina,1.31e-4
Kori,1.31e-4
Monika,1.31e-4
Robert,1.31e-4
Kaley,1.3e-4
Marsha,1.3e-4
Cora,1.29e-4
Emilie,1.29e-4
Kenya,1.29e-4
Cheyenne,1.28e-4
Beatriz,1.27e-4
Maya,1.26e-4
Portia,1.26e-4
Shanika,1.26e-4
Jeanne,1.26e-4
Alesha,1.25e-4
Annmarie,1.25e-4
Gladys,1.25e-4
Janel,1.25e-4
Kelsie,1.25e-4
Eliza,1.25e-4
Nicolette,1.25e-4
Mckenzie,1.24e-4
Olga,1.24e-4
Abbie,1.24e-4
Renae,1.24e-4
Dara,1.23e-4
Ladonna,1.23e-4
Allie,1.23e-4
Casie,1.22e-4
Perla,1.22e-4
Jessi,1.22e-4
Tamra,1.22e-4
Valarie,1.22e-4
Fatima,1.21e-4
Kristan,1.21e-4
Danelle,1.2e-4
Irma,1.2e-4
Viviana,1.2e-4
John,1.19e-4
Liza,1.19e-4
Pauline,1.19e-4
Tanesha,1.19e-4
Shanda,1.18e-4
Laquita,1.18e-4
Marla,1.18e-4
Griselda,1.17e-4
Lynsey,1.17e-4
Rikki,1.17e-4
Candy,1.17e-4
Aurora,1.16e-4
Giselle,1.16e-4
Katelin,1.16e-4
Phylicia,1.16e-4
Andrew,1.16e-4
Zoe,1.16e-4
Clare,1.15e-4
Gabriella,1.15e-4
Meghann,1.15e-4
Nathalie,1.15e-4
Christal,1.14e-4
Doris,1.14e-4
Leila,1.14e-4
Penny,1.14e-4
Sophie,1.14e-4
Corrie,1.13e-4
Gillian,1.13e-4
Karin,1.13e-4
Sheree,1.13e-4
Valencia,1.13e-4
Alysia,1.13e-4
Carley,1.13e-4
Joseph,1.13e-4
Kathrine,1.13e-4
Alexander,1.12e-4
Cody,1.12e-4
Geneva,1.12e-4
Kyra,1.12e-4
Marian,1.12e-4
Samatha,1.12e-4
Shea,1.12e-4
Demetria,1.12e-4
Helena,1.12e-4
Sharonda,1.12e-4
Valeria,1.12e-4
Shanta,1.11e-4
Janessa,1.11e-4
Jesica,1.11e-4
Josie,1.11e-4
Mara,1.11e-4
Elaina,1.1e-4
Felecia,1.1e-4
Vicki,1.1e-4
Brittaney,1.09e-4
Katlyn,1.09e-4
Richelle,1.09e-4
Lucinda,1.08e-4
Rene,1.08e-4
Rosalinda,1.08e-4
Shardae,1.08e-4
Stacia,1.08e-4
Jerrica,1.08e-4
Lissette,1.08e-4
Tyler,1.08e-4
Elsa,1.07e-4
Glenda,1.07e-4
Jeanna,1.07e-4
Malinda,1.07e-4
Sheryl,1.07e-4
Anthony,1.07e-4
Dora,1.07e-4
Madelyn,1.07e-4
Magen,1.07e-4
Yasmin,1.06e-4
Caryn,1.06e-4
Porsha,1.06e-4
Sondra,1.06e-4
Magdalena,1.05e-4
Roxanna,1.05e-4
Tess,1.05e-4
Vicky,1.05e-4
Cameron,1.05e-4
Cassondra,1.05e-4
Delia,1.05e-4
Jazmine,1.05e-4
Mariana,1.05e-4
Venessa,1.05e-4
Britta,1.04e-4
Jenelle,1.04e-4
Rena,1.04e-4
Stefani,1.04e-4
Andria,1.04e-4
Candis,1.04e-4
Chastity,1.04e-4
Jamila,1.04e-4
Linsey,1.04e-4
Nakia,1.04e-4
Siobhan,1.04e-4
Juana,1.03e-4
Lynda,1.03e-4
Sharde,1.03e-4
Alina,1.03e-4
Kasie,1.03e-4
Ramona,1.03e-4
Cherrelle,1.02e-4
Deirdre,1.02e-4
Emilee,1.02e-4
Katelynn,1.02e-4
Tarah,1.02e-4
Ami,1.01e-4
Charmaine,1.01e-4
Liana,1.01e-4
Misti,1.01e-4
Delilah,1e-4
Mallorie,1e-4
Cherelle,1e-4
Kandace,1e-4
Jeanine,9.9e-5
Marcie,9.9e-5
Micah,9.9e-5
Paola,9.9e-5
Chana,9.9e-5
Colette,9.9e-5
Johnna,9.9e-5
Krysten,9.9e-5
Wanda,9.9e-5
Aja,9.8e-5
Malorie,9.8e-5
Nikole,9.8e-5
Sable,9.8e-5
Maira,9.7e-5
Micaela,9.7e-5
Shaquita,9.7e-5
Candi,9.6e-5
Cathleen,9.6e-5
Cristy,9.6e-5
Kaila,9.6e-5
Keely,9.6e-5
Breann,9.5e-5
Marcy,9.5e-5
Shantell,9.5e-5
Brett,9.5e-5
Marta,9.5e-5
Sherrie,9.5e-5
Dolores,9.4e-5
Francine,9.4e-5
Jonathan,9.4e-5
Rosemarie,9.4e-5
Shanell,9.4e-5
Cecelia,9.4e-5
Eunice,9.4e-5
Tabetha,9.3e-5
Tristan,9.3e-5
Antionette,9.3e-5
Ashlyn,9.3e-5
Charissa,9.3e-5
Crista,9.3e-5
Edna,9.3e-5
Hilda,9.2e-5
Jessika,9.2e-5
Kami,9.2e-5
Lisette,9.2e-5
Shanae,9.2e-5
Sharday,9.2e-5
Tasia,9.2e-5
Malissa,9.2e-5
Nia,9.2e-5
Reyna,9.2e-5
Brynn,9.1e-5
Lourdes,9.1e-5
Annemarie,9.1e-5
Danyelle,9.1e-5
Fabiola,9.1e-5
Jada,9.1e-5
Krystin,9.1e-5
Magan,9.1e-5
Amberly,9e-5
Mattie,9e-5
Madeleine,9e-5
William,9e-5
Ashlea,8.9e-5
Ava,8.9e-5
Danica,8.9e-5
Eden,8.9e-5
Iliana,8.9e-5
Kerrie,8.9e-5
Kyrie,8.9e-5
Leandra,8.9e-5
Mai,8.9e-5
Mari,8.9e-5
Yadira,8.9e-5
Diamond,8.8e-5
Iesha,8.8e-5
Jason,8.8e-5
Kiley,8.8e-5
Mariel,8.8e-5
Tana,8.8e-5
Brittny,8.8e-5
Katheryn,8.8e-5
Louise,8.8e-5
Marion,8.8e-5
Niki,8.8e-5
Pearl,8.8e-5
Shalonda,8.8e-5
Tyesha,8.8e-5
Kirby,8.7e-5
Natosha,8.7e-5
Arianna,8.7e-5
Cathryn,8.7e-5
Mona,8.7e-5
Shasta,8.7e-5
Kacy,8.6e-5
Leilani,8.6e-5
Rosalie,8.6e-5
Salina,8.6e-5
Shatara,8.6e-5
Annamarie,8.6e-5
June,8.6e-5
Savanah,8.6e-5
Christiana,8.5e-5
Deena,8.5e-5
Lia,8.5e-5
Kortney,8.4e-5
Shara,8.4e-5
Tonia,8.4e-5
Dannielle,8.4e-5
