name,percent
Michael,0.030358
Christopher,0.024387
Matthew,0.020832
Joshua,0.020095
Daniel,0.015717
David,0.015684
Andrew,0.015644
James,0.015042
Justin,0.014248
Joseph,0.014001
Ryan,0.013598
John,0.013518
Robert,0.013421
Nicholas,0.01298
Anthony,0.011662
William,0.011569
Jonathan,0.01119
Kyle,0.010557
Brandon,0.010305
Jacob,0.010228
Tyler,0.009596
Zachary,0.0095
Kevin,0.009486
Eric,0.009028
Steven,0.008723
Thomas,0.00847
Brian,0.00787
Alexander,0.007528
Jordan,0.0075
Timothy,0.007298
Cody,0.007157
Adam,0.006841
Benjamin,0.006796
Aaron,0.006765
Richard,0.006313
Patrick,0.0057539999999999996
Sean,0.005588
Charles,0.005577
Stephen,0.005554
Jeremy,0.005434
Jose,0.005346
Travis,0.005325
Jeffrey,0.005106
Nathan,0.005084
Samuel,0.005056
Mark,0.004967
Jason,0.004965
Jesse,0.00417
Paul,0.003989
Dustin,0.003932
Gregory,0.003896
Kenneth,0.003841
Scott,0.00376
Derek,0.003754
Austin,0.003678
Corey,0.003576
Bryan,0.00346
Ethan,0.00325
Alex,0.003229
Christian,0.00315
Juan,0.003132
Cameron,0.003099
Jared,0.003089
Taylor,0.003057
Bradley,0.002992
Luis,0.002692
Cory,0.00268
Edward,0.002667
Shawn,0.002659
Ian,0.002539
Evan,0.002468
Marcus,0.002465
Shane,0.002451
Peter,0.002426
Carlos,0.00242
Trevor,0.002391
Antonio,0.002263
Vincent,0.002231
George,0.002122
Keith,0.002085
Phillip,0.002071
Victor,0.002065
Dylan,0.002051
Brett,0.002043
Chad,0.002023
Nathaniel,0.002019
Donald,0.001943
Caleb,0.001932
Casey,0.001922
Jesus,0.001918
Blake,0.001907
Raymond,0.001886
Mitchell,0.001869
Adrian,0.001862
Joel,0.001859
Erik,0.001836
Ronald,0.001814
Devin,0.001796
Garrett,0.001745
Miguel,0.001718
Gabriel,0.001717
Seth,0.001657
Douglas,0.001647
Logan,0.001596
Spencer,0.00159
Derrick,0.001563
Wesley,0.001541
Johnathan,0.001509
Frank,0.001481
Chase,0.001468
Philip,0.001461
Lucas,0.001434
Martin,0.001432
Gary,0.001428
Francisco,0.001361
Jorge,0.001354
Craig,0.001351
Luke,0.001339
Mario,0.001311
Curtis,0.001302
Ricardo,0.001302
Colin,0.001293
Julian,0.001254
Jonathon,0.00124
Alan,0.001228
Alejandro,0.001225
Brent,0.001213
Troy,0.001164
Dennis,0.001158
Johnny,0.001153
Randy,0.001149
Isaac,0.001127
Angel,0.001117
Manuel,0.00111
Oscar,0.001081
Jeffery,0.001078
Andre,0.001069
Henry,0.001042
Colton,0.001038
Jake,0.001032
Allen,0.00103
Russell,0.001029
Edgar,0.001024
Larry,0.00102
Carl,0.001018
Tony,0.001015
Jerry,0.001014
Mathew,0.001011
Eduardo,0.001003
Roberto,9.73e-4
Devon,9.57e-4
Darius,9.45e-4
Clayton,9.44e-4
Jeremiah,9.32e-4
Brendan,9.28e-4
Hector,9.22e-4
Javier,9.19e-4
Todd,9.18e-4
Omar,9.17e-4
Drew,9.08e-4
Sergio,8.99e-4
Danny,8.91e-4
Marc,8.83e-4
Terry,8.79e-4
Kristopher,8.65e-4
Jack,8.52e-4
Albert,8.49e-4
Bryce,8.45e-4
Louis,8.45e-4
Edwin,8.43e-4
Max,8.32e-4
Jimmy,8.32e-4
Calvin,8.29e-4
Lawrence,8.28e-4
Micheal,8.24e-4
Ricky,8.19e-4
Ivan,8.08e-4
Ruben,8.08e-4
Fernando,8.05e-4
Rodney,7.95e-4
Levi,7.93e-4
Lance,7.89e-4
Grant,7.87e-4
Dillon,7.82e-4
Bobby,7.81e-4
Xavier,7.66e-4
Nicolas,7.62e-4
Maxwell,7.56e-4
Dominic,7.55e-4
Ross,7.53e-4
Walter,7.5e-4
Randall,7.45e-4
Dalton,7.31e-4
Julio,7.21e-4
Dakota,7.21e-4
Arthur,7.16e-4
Pedro,7.15e-4
Preston,7.11e-4
Cesar,7e-4
Darren,7e-4
Rafael,6.98e-4
Clinton,6.97e-4
Andres,6.95e-4
Bryant,6.95e-4
Maurice,6.93e-4
Dominique,6.91e-4
Isaiah,6.91e-4
Mason,6.87e-4
Raul,6.78e-4
Roger,6.78e-4
Joe,6.77e-4
Gerald,6.75e-4
Lee,6.73e-4
Billy,6.69e-4
Jaime,6.66e-4
Jon,6.61e-4
Jay,6.51e-4
Emmanuel,0.00064899999999999995
Hunter,6.46e-4
Tanner,6.45e-4
Willie,6.4e-4
Connor,6.4e-4
Erick,6.36e-4
Shaun,6.29e-4
Alberto,6.28e-4
Marco,6.21e-4
Jamie,6.12e-4
Noah,6.05e-4
Armando,5.98e-4
Reginald,5.96e-4
Jessie,5.84e-4
Eddie,5.81e-4
Theodore,5.72e-4
Zachery,5.71e-4
Terrance,5.7e-4
Roy,5.69e-4
Marvin,5.64e-4
Micah,5.48e-4
Bruce,5.43e-4
Collin,5.43e-4
Malcolm,5.4e-4
Wayne,5.34e-4
Elijah,5.29e-4
Colby,5.25e-4
Darrell,5.25e-4
Abraham,5.23e-4
Jamal,5.16e-4
Geoffrey,5.1e-4
Cole,5.1e-4
Ramon,5.07e-4
Johnathon,5.06e-4
Frederick,5.01e-4
Trent,4.98e-4
Gerardo,4.94e-4
Darryl,4.91e-4
Terrence,4.9e-4
Brock,4.84e-4
Marquis,4.82e-4
Arturo,4.81e-4
Tyrone,4.79e-4
Neil,4.78e-4
Ronnie,4.76e-4
Enrique,4.74e-4
Jerome,4.74e-4
Byron,4.71e-4
Trenton,4.7e-4
Steve,4.67e-4
Nickolas,4.64e-4
Miles,4.62e-4
Tommy,4.56e-4
Alec,4.55e-4
Alfredo,4.52e-4
Marcos,4.47e-4
Kurt,4.44e-4
Andy,4.42e-4
Deandre,4.4e-4
Melvin,4.35e-4
Morgan,4.35e-4
Nelson,4.32e-4
Harrison,4.32e-4
Marshall,4.31e-4
Terrell,4.3e-4
Ernest,4.28e-4
Francis,4.26e-4
Dale,4.22e-4
Dean,4.15e-4
Desmond,4.05e-4
Kelvin,4.04e-4
Demetrius,4.03e-4
Kendall,4.03e-4
Salvador,4.02e-4
Josue,4.01e-4
Leonard,4.01e-4
Gavin,4.01e-4
Karl,3.98e-4
Glenn,3.97e-4
Quinton,3.96e-4
Franklin,3.96e-4
Donovan,3.95e-4
Branden,3.95e-4
Nolan,3.94e-4
Skyler,3.94e-4
Rene,3.89e-4
Kaleb,3.88e-4
Kody,3.87e-4
Jermaine,3.86e-4
Dwayne,3.85e-4
Diego,3.84e-4
Lorenzo,3.84e-4
Ernesto,3.82e-4
Riley,3.78e-4
Eugene,3.77e-4
Stanley,3.74e-4
Orlando,3.72e-4
Brady,3.71e-4
Chance,3.69e-4
Israel,3.68e-4
Jackson,3.68e-4
Jarrod,3.68e-4
Sebastian,3.68e-4
Damon,3.66e-4
Damian,3.63e-4
Wade,3.62e-4
Harold,3.59e-4
Fabian,3.56e-4
Landon,3.54e-4
Zachariah,3.52e-4
Ray,3.51e-4
Giovanni,3.51e-4
Tristan,3.49e-4
Damien,3.47e-4
Alvin,3.47e-4
Zackary,3.46e-4
Alexis,3.43e-4
Angelo,3.43e-4
Dane,3.43e-4
Beau,3.4e-4
Quentin,3.39e-4
Kendrick,3.39e-4
Warren,3.38e-4
Gilbert,3.37e-4
Gustavo,3.36e-4
Parker,3.36e-4
Stuart,3.28e-4
Trey,3.28e-4
Clifford,3.25e-4
Kirk,3.24e-4
Barry,3.23e-4
Jordon,3.22e-4
Lamar,3.21e-4
Kelly,3.19e-4
Joey,3.18e-4
Darnell,3.15e-4
Josiah,3.15e-4
Rashad,3.14e-4
Pablo,3.14e-4
Courtney,3.14e-4
Elliott,3.13e-4
Gage,3.1e-4
Elias,3.09e-4
Eli,3.04e-4
Antoine,3.03e-4
Brad,3.02e-4
Alfred,2.99e-4
Ashton,2.97e-4
Dante,2.97e-4
Stefan,2.97e-4
Felix,2.95e-4
Elliot,2.94e-4
Emanuel,2.92e-4
Harry,2.91e-4
Oliver,2.91e-4
Clarence,2.88e-4
Roman,2.88e-4
Clint,2.87e-4
Dexter,2.85e-4
Simon,2.85e-4
Cedric,2.84e-4
Hayden,2.84e-4
Jarrett,2.83e-4
Tevin,2.82e-4
Brennan,2.81e-4
Allan,2.81e-4
Abel,2.81e-4
Ralph,2.8e-4
Rudy,2.8e-4
Kory,2.78e-4
Roderick,2.78e-4
Infant,2.77e-4
Leon,2.76e-4
Dallas,2.75e-4
Keenan,2.75e-4
Dominick,2.74e-4
Noel,2.73e-4
Guillermo,2.72e-4
Sam,2.72e-4
Graham,2.7e-4
Lewis,2.69e-4
Weston,2.69e-4
Blaine,2.68e-4
Rodolfo,2.67e-4
Howard,2.67e-4
Julius,2.67e-4
Akeem,2.65e-4
Earl,2.65e-4
Stephan,2.65e-4
Tyson,2.65e-4
Wyatt,2.65e-4
Saul,2.64e-4
Kurtis,2.63e-4
Jarred,2.61e-4
Derick,2.61e-4
Esteban,2.59e-4
Ismael,2.59e-4
Leonardo,2.57e-4
Hugo,2.57e-4
Cristian,2.55e-4
Bret,2.54e-4
Zackery,2.53e-4
Forrest,2.52e-4
Jamar,2.52e-4
Charlie,2.5e-4
Alfonso,2.49e-4
Donte,2.49e-4
Carlton,2.46e-4
Corbin,2.46e-4
Felipe,2.42e-4
Myles,2.42e-4
Shannon,2.42e-4
Bernard,2.4e-4
Kenny,2.39e-4
Gilberto,2.39e-4
Isiah,2.37e-4
Zane,2.37e-4
Jarvis,2.37e-4
Korey,2.36e-4
Ty,2.36e-4
Emilio,2.35e-4
Rogelio,2.35e-4
Leroy,2.33e-4
Daryl,2.33e-4
Sheldon,2.33e-4
Demarcus,2.32e-4
Denzel,2.31e-4
Clay,2.3e-4
Dwight,2.29e-4
Coty,2.28e-4
Chaz,2.26e-4
Chris,2.26e-4
Tyrell,2.26e-4
Brendon,2.25e-4
Terence,2.24e-4
Owen,2.23e-4
Deangelo,2.21e-4
Perry,2.2e-4
Carson,2.19e-4
Kasey,2.17e-4
Marlon,2.17e-4
Conor,2.17e-4
Neal,2.15e-4
Heath,2.13e-4
Kameron,2.12e-4
Sterling,2.1e-4
Glen,2.08e-4
Raphael,2.08e-4
Skylar,2.08e-4
Moises,2.08e-4
Fredrick,2.07e-4
Brenton,2.07e-4
Norman,2.06e-4
Gordon,2.05e-4
Ali,2.04e-4
Clifton,2.04e-4
Nikolas,2.04e-4
Tucker,2.02e-4
Alonzo,2e-4
Leo,2e-4
Ramiro,1.99e-4
Davon,1.96e-4
Wilson,1.94e-4
Deshawn,1.91e-4
Ariel,1.88e-4
Kerry,1.87e-4
Shayne,1.86e-4
Braden,1.84e-4
Cornelius,1.84e-4
Chandler,1.83e-4
Kent,1.83e-4
Vernon,1.83e-4
Lloyd,1.82e-4
Tomas,1.82e-4
Avery,1.8e-4
Devan,1.8e-4
Frankie,1.8e-4
Jaron,1.8e-4
Pierre,1.8e-4
Fred,1.79e-4
Jayson,1.79e-4
Keegan,1.79e-4
Rolando,1.79e-4
Markus,1.78e-4
Quincy,1.78e-4
Rickey,1.78e-4
Quintin,1.77e-4
Garret,1.77e-4
Roland,1.77e-4
Mike,1.76e-4
Lonnie,1.75e-4
Rick,1.75e-4
Darrin,1.75e-4
Rodrigo,1.75e-4
Humberto,1.74e-4
Rory,1.74e-4
Sidney,1.71e-4
Ben,1.7e-4
Tracy,1.69e-4
Quinn,1.69e-4
Brenden,1.68e-4
Jamel,1.67e-4
Dorian,1.66e-4
Duane,1.66e-4
Jean,1.66e-4
Nathanael,1.66e-4
Mackenzie,1.65e-4
Shelby,1.65e-4
Dion,1.63e-4
Gerard,1.62e-4
Lukas,1.62e-4
Brice,1.62e-4
Herbert,1.62e-4
Dana,1.61e-4
Darin,1.61e-4
Cortez,1.61e-4
Antwan,1.6e-4
Javon,1.6e-4
Clark,1.59e-4
Efrain,1.59e-4
Kadeem,1.59e-4
Noe,1.59e-4
Reynaldo,1.59e-4
Drake,1.58e-4
Freddy,1.58e-4
Kristofer,1.58e-4
Reid,1.58e-4
Donnie,1.57e-4
Tylor,1.56e-4
Adan,1.56e-4
Mauricio,1.56e-4
Deon,1.55e-4
Bryson,1.55e-4
Carter,1.55e-4
Jace,1.55e-4
Marquise,1.55e-4
Don,1.54e-4
Jimmie,1.54e-4
Everett,1.54e-4
Malik,1.53e-4
Lane,1.53e-4
Ahmad,1.52e-4
Arnold,1.52e-4
Marcel,1.52e-4
Johnnie,1.52e-4
Milton,1.5e-4
Santiago,1.5e-4
Tyree,1.5e-4
Guy,1.5e-4
Salvatore,1.5e-4
Jerrod,1.48e-4
Darrius,1.47e-4
Kristian,1.46e-4
Lamont,1.46e-4
Nigel,1.46e-4
Mitchel,1.45e-4
Alvaro,1.44e-4
Freddie,1.44e-4
Kareem,1.44e-4
Toby,1.44e-4
Jakob,1.42e-4
Thaddeus,1.42e-4
Blair,1.41e-4
Bradford,1.41e-4
Kwame,1.39e-4
Reuben,1.39e-4
Leslie,1.37e-4
Rico,1.37e-4
Sammy,1.36e-4
Vicente,1.36e-4
Moses,1.36e-4
Harley,1.35e-4
Will,1.34e-4
Stephon,1.33e-4
Keaton,1.32e-4
Stewart,1.31e-4
Winston,1.31e-4
Chadwick,1.31e-4
Robin,1.31e-4
Davis,1.3e-4
Joaquin,1.3e-4
Ignacio,1.3e-4
Aron,1.29e-4
Anton,1.29e-4
Bo,1.29e-4
Griffin,1.29e-4
Mohammad,1.28e-4
Issac,1.27e-4
Liam,1.27e-4
Rusty,1.27e-4
Amir,1.27e-4
Leland,1.27e-4
Baby,1.26e-4
Guadalupe,1.26e-4
Hakeem,1.26e-4
Irvin,1.25e-4
Jasper,1.25e-4
Deonte,1.25e-4
German,1.25e-4
Gene,1.24e-4
Leonel,1.24e-4
Colten,1.24e-4
Conrad,1.24e-4
Nico,1.24e-4
Jovan,1.23e-4
Kyler,1.23e-4
Nestor,1.22e-4
Ryne,1.22e-4
Agustin,1.22e-4
Conner,1.22e-4
Ezekiel,1.22e-4
Jackie,1.22e-4
Lester,1.21e-4
Loren,1.21e-4
Darian,1.2e-4
Lyle,1.2e-4
Jarod,1.19e-4
Bradly,1.18e-4
Clyde,1.17e-4
Garrick,1.17e-4
Herman,1.17e-4
Osvaldo,1.17e-4
Rigoberto,1.17e-4
Floyd,1.16e-4
Ted,1.16e-4
Dusty,1.16e-4
Jeff,1.16e-4
Addison,1.15e-4
Vance,1.15e-4
Dewayne,1.14e-4
Adolfo,1.14e-4
Khiry,1.14e-4
Nathanial,1.13e-4
Sonny,1.12e-4
Ashley,1.11e-4
Donnell,1.11e-4
Jonah,1.11e-4
Erin,1.11e-4
Reed,1.11e-4
Rocky,1.09e-4
Kellen,1.09e-4
Paris,1.09e-4
Dan,1.08e-4
Jameson,1.08e-4
Jamison,1.08e-4
Rex,1.08e-4
Cecil,1.07e-4
Lionel,1.07e-4
Tory,1.07e-4
Demario,1.07e-4
Antwon,1.06e-4
Grayson,1.06e-4
Jamaal,1.06e-4
Nick,1.06e-4
Randolph,1.06e-4
Arron,1.05e-4
Bennett,1.05e-4
Chester,1.05e-4
Damion,1.05e-4
Jairo,1.04e-4
Mohammed,1.03e-4
Myron,1.03e-4
Wendell,1.03e-4
Brooks,1.03e-4
Heriberto,1.03e-4
Shea,1.03e-4
Irving,1.02e-4
Maximilian,1.02e-4
Spenser,1.02e-4
Bronson,1.01e-4
Jim,1.01e-4
Uriel,1.01e-4
Jerrell,1e-4
Solomon,1e-4
Tom,1e-4
Jess,1e-4
Jody,1e-4
Octavio,1e-4
Aric,9.9e-5
Barrett,9.9e-5
Elmer,9.9e-5
Otis,9.9e-5
Josh,9.8e-5
Male,9.8e-5
Moshe,9.8e-5
Royce,9.8e-5
Alton,9.8e-5
Harvey,9.8e-5
Austen,9.7e-5
Cooper,9.7e-5
Bryon,9.5e-5
Daquan,9.5e-5
Jefferson,9.5e-5
Aubrey,9.4e-5
Greg,9.4e-5
Sylvester,9.4e-5
Benny,9.4e-5
Braxton,9.4e-5
Tyron,9.4e-5
Ahmed,9.3e-5
Cruz,9.3e-5
Elvis,9.3e-5
Erich,9.3e-5
Estevan,9.3e-5
Randal,9.3e-5
Dominque,9.2e-5
Rashawn,9.2e-5
Tobias,9.2e-5
Justen,9.2e-5
Scotty,9.2e-5
Houston,9.1e-5
Kelsey,9.1e-5
Hassan,9.1e-5
Dashawn,9e-5
Derik,9e-5
Deven,9e-5
Westley,9e-5
Amos,9e-5
Dontae,9e-5
Hugh,9e-5
Duncan,8.9e-5
Ron,8.9e-5
Mohamed,8.8e-5
Unknown,8.8e-5
Jamil,8.8e-5
Arsenio,8.7e-5
Cristopher,8.7e-5
Hans,8.7e-5
Brandan,8.7e-5
Dandre,8.7e-5
Santos,8.7e-5
Cordell,8.6e-5
Ladarius,8.6e-5
Robbie,8.6e-5
Trever,8.6e-5
Ulysses,8.6e-5
Vaughn,8.6e-5
Jaquan,8.5e-5
Holden,8.5e-5
Mikel,8.5e-5
Ellis,8.4e-5
Jessy,8.4e-5
Wilfredo,8.4e-5
Morris,8.3e-5
Bernardo,8.2e-5
Camron,8.2e-5
Ezra,8.2e-5
Ezequiel,8.2e-5
Galen,8.2e-5
Jonas,8.2e-5
Luther,8.2e-5
Colt,8.1e-5
Efren,8.1e-5
Garry,8.1e-5
Gonzalo,8.1e-5
Raheem,8.1e-5
Darrel,8e-5
Grady,8e-5
Brant,8e-5
Niko,8e-5
Dereck,7.9e-5
Edgardo,7.9e-5
Jerod,7.9e-5
Marty,7.9e-5
Pete,7.9e-5
Dario,7.8e-5
Martez,7.8e-5
Kirby,7.8e-5
Coleman,7.7e-5
Cullen,7.7e-5
Gino,7.7e-5
Dejuan,7.7e-5
Josef,7.7e-5
Reece,7.7e-5
Aldo,7.6e-5
Sherman,7.6e-5
Teddy,7.6e-5
Benito,7.6e-5
Brody,7.6e-5
Jacques,7.5e-5
Ulises,7.5e-5
Asa,7.5e-5
Codey,7.5e-5
Stevie,7.5e-5
Demarco,7.4e-5
Donavan,7.4e-5
Fidel,7.4e-5
Gregorio,7.4e-5
Virgil,7.4e-5
Alonso,7.3e-5
Alphonso,7.3e-5
Brandyn,7.3e-5
Jerald,7.3e-5
Isaias,7.3e-5
Jamarcus,7.3e-5
Marques,7.3e-5
Willis,7.3e-5
Zechariah,7.3e-5
Cary,7.3e-5
Shelton,7.3e-5
Stacy,7.3e-5
Darrick,7.2e-5
Edmund,7.2e-5
Keon,7.2e-5
Kolby,7.2e-5
Domingo,7.1e-5
Ervin,7.1e-5
Laquan,7.1e-5
Mychal,7.1e-5
Raymundo,7.1e-5
Rodrick,7.1e-5
Cedrick,7.1e-5
Cyrus,7.1e-5
Jade,7.1e-5
Junior,7.1e-5
Antony,7e-5
Carlo,7e-5
Claude,7e-5
Francesco,7e-5
Ira,7e-5
Mickey,7e-5
Alexandro,7e-5
Dangelo,6.9e-5
Rhett,6.9e-5
Darien,6.9e-5
Trevon,6.9e-5
Walker,6.8e-5
August,6.8e-5
Louie,6.8e-5
Madison,6.8e-5
Rudolph,6.8e-5
Daron,6.7e-5
Earnest,6.7e-5
Jerad,6.7e-5
Khalil,6.7e-5
Travon,6.7e-5
Kiefer,6.7e-5
Lincoln,6.7e-5
Roosevelt,6.7e-5
Ken,6.6e-5
Carey,6.6e-5
Darion,6.6e-5
Jerel,6.6e-5
Quinten,6.6e-5
Ari,6.5e-5
Bennie,6.5e-5
Deron,6.5e-5
Greggory,6.5e-5
Jessica,6.5e-5
Jorden,6.5e-5
Ibrahim,6.5e-5
Kenton,6.5e-5
Laron,6.5e-5
Marquez,6.5e-5
Mykel,6.5e-5
Rocco,6.5e-5
Timmy,6.5e-5
Malcom,6.4e-5
Stacey,6.4e-5
Dayton,6.4e-5
Kevon,6.4e-5
Titus,6.4e-5
Van,6.4e-5
Anderson,6.3e-5
Jarret,6.3e-5
Marion,6.3e-5
Zakary,6.3e-5
Cade,6.3e-5
Daren,6.3e-5
Kendal,6.3e-5
Vince,6.3e-5
Aidan,6.2e-5
Broderick,6.2e-5
Pierce,6.2e-5
Tommie,6.2e-5
Chaim,6.1e-5
Michel,6.1e-5
Payton,6.1e-5
Reese,6.1e-5
Andreas,6.1e-5
Axel,6.1e-5
Brennen,6.1e-5
Derrell,6.1e-5
Valentin,6.1e-5
Donta,6e-5
Monte,6e-5
Nikko,6e-5
Wallace,6e-5
Emerson,6e-5
Jabari,6e-5
Jacoby,6e-5
Kendell,6e-5
Darwin,6e-5
Giancarlo,6e-5
Isidro,6e-5
Garett,5.9e-5
Jan,5.9e-5
Kegan,5.9e-5
Prince,5.9e-5
Rashaad,5.9e-5
Samson,5.9e-5
Abram,5.8e-5
Cale,5.8e-5
Cassidy,5.8e-5
Cristobal,5.8e-5
Dave,5.8e-5
Eddy,5.8e-5
Gregg,5.8e-5
Jered,5.8e-5
Remington,5.8e-5
Kai,5.8e-5
Talon,5.8e-5
Codie,5.7e-5
Cortney,5.7e-5
Kelby,5.7e-5
Rasheed,5.7e-5
Abdul,5.7e-5
Elvin,5.7e-5
Laurence,5.7e-5
Antione,5.6e-5
Britton,5.6e-5
Hernan,5.6e-5
Jeffry,5.6e-5
Kalvin,5.6e-5
Najee,5.6e-5
Rakeem,5.6e-5
Reggie,5.6e-5
Samir,5.6e-5
Alexandre,5.6e-5
Federico,5.6e-5
Peyton,5.6e-5
Wilbert,5.6e-5
Alden,5.5e-5
Camden,5.5e-5
Channing,5.5e-5
Chauncey,5.5e-5
Julien,5.5e-5
Tremaine,5.5e-5
Derrek,5.5e-5
Elisha,5.5e-5
Malachi,5.5e-5
Mikhail,5.5e-5
Shay,5.5e-5
Tyrel,5.5e-5
Cornell,5.4e-5
Elton,5.4e-5
Emmett,5.4e-5
Garrison,5.4e-5
Marlin,5.4e-5
Martell,5.4e-5
Silas,5.4e-5
Davin,5.4e-5
Dionte,5.4e-5
Eliseo,5.4e-5
Jedidiah,5.4e-5
Justine,5.4e-5
Kraig,5.4e-5
Marcelo,5.4e-5
Ronny,5.4e-5
Torrey,5.4e-5
Trace,5.4e-5
Donny,5.3e-5
Jarrell,5.3e-5
Jeremey,5.3e-5
Jeromy,5.3e-5
Keven,5.3e-5
Tavon,5.3e-5
Coby,5.3e-5
Deontae,5.3e-5
Edwardo,5.3e-5
Keenen,5.3e-5
Kristoffer,5.3e-5
Lazaro,5.3e-5
Torey,5.3e-5
Bill,5.3e-5
Bruno,5.3e-5
Genaro,5.3e-5
Waylon,5.3e-5
Brittany,5.2e-5
Eliezer,5.2e-5
Jory,5.2e-5
Misael,5.2e-5
Tate,5.2e-5
