name,percent
Ashley,0.019194
Jessica,0.019137
Amanda,0.012491
Brittany,0.012469
Sarah,0.01229
Samantha,0.012183
Emily,0.010898
Stephanie,0.009816
Elizabeth,0.00949
Megan,0.008908
Jennifer,0.008892
Lauren,0.008593
Kayla,0.008246
Nicole,0.008146
Chelsea,0.008073
Rachel,0.007898
Taylor,0.007462
Danielle,0.007037
Amber,0.006949
Rebecca,0.006536
Courtney,0.006291
Victoria,0.005943
Kelsey,0.005851
Melissa,0.005844
Michelle,0.005746
Hannah,0.005735
Katherine,0.005562
Jasmine,0.005229
Alexandra,0.005102
Alyssa,0.005076
Heather,0.004853
Tiffany,0.00485
Christina,0.004711
Shelby,0.004691
Kimberly,0.004441
Sara,0.00421
Mary,0.004202
Laura,0.004144
Andrea,0.004002
Alexis,0.003966
Morgan,0.003888
Kaitlyn,0.00373
Brianna,0.003643
Erica,0.003559
Maria,0.003534
Erin,0.003522
Kelly,0.003499
Allison,0.003445
Anna,0.003407
Crystal,0.003295
Amy,0.003166
Cassandra,0.003149
Kristen,0.003122
Katie,0.003042
Vanessa,0.003033
Haley,0.003016
Lindsey,0.002943
Olivia,0.002896
Brooke,0.00288
Kathryn,0.002837
Natalie,0.002787
Caitlin,0.002694
Jordan,0.002677
Paige,0.002649
Shannon,0.002639
Katelyn,0.002638
Jenna,0.002541
Brittney,0.002537
Angela,0.002533
Julia,0.002504
Alicia,0.002449
Marissa,0.002433
Alexandria,0.002404
Mariah,0.002351
Jamie,0.002346
Jacqueline,0.002346
Monica,0.002285
Catherine,0.002262
Briana,0.002172
Erika,0.002165
Lindsay,0.002125
Christine,0.002069
Molly,0.002063
Gabrielle,0.002013
Whitney,0.002001
Abigail,0.00199
Ariel,0.001976
Lisa,0.001887
Miranda,0.001845
Kristin,0.001795
Meghan,0.001794
Cynthia,0.001772
Kristina,0.001728
Breanna,0.001723
Veronica,0.001716
Leah,0.001711
Bianca,0.001689
Melanie,0.001676
Holly,0.00167
Angelica,0.001657
Diana,0.001621
Margaret,0.001617
April,0.001611
Emma,0.001591
Caroline,0.001583
Julie,0.001581
Madison,0.0015790000000000001
Kathleen,0.001565
Casey,0.001501
Brandi,0.001483
Patricia,0.001473
Sabrina,0.001471
Kaitlin,0.00147
Bethany,0.001463
Kara,0.001462
Dominique,0.001437
Chelsey,0.001436
Tara,0.001416
Brenda,0.001411
Natasha,0.001404
Desiree,0.001377
Karen,0.001377
Rachael,0.00137
Sydney,0.001352
Mackenzie,0.001334
Kendra,0.001333
Grace,0.001322
Krystal,0.001305
Destiny,0.001303
Sierra,0.001303
Hillary,0.00126
Katrina,0.00126
Leslie,0.001239
Carly,0.001232
Hayley,0.001218
Valerie,0.001172
Ana,0.00116
Madeline,0.001133
Gabriela,0.001131
Alexa,0.001116
Adriana,0.0011
Savannah,0.001089
Nancy,0.001086
Dana,0.001074
Rebekah,0.001049
Felicia,0.001044
Alison,0.001031
Jillian,0.001019
Alejandra,0.001017
Krista,0.001011
Monique,0.001008
Raven,0.001007
Sandra,0.001005
Ashlee,0.001003
Deanna,9.86e-4
Caitlyn,9.82e-4
Meagan,9.77e-4
Claire,9.73e-4
Karina,9.73e-4
Hailey,9.55e-4
Chloe,9.44e-4
Alisha,9.28e-4
Shanice,9.27e-4
Gina,9.19e-4
Jocelyn,9.19e-4
Kirsten,9.14e-4
Joanna,9.09e-4
Brandy,9.06e-4
Cheyenne,8.96e-4
Autumn,8.9e-4
Jaclyn,8.86e-4
Mallory,8.77e-4
Lacey,8.76e-4
Kaylee,8.75e-4
Audrey,8.69e-4
Yesenia,8.68e-4
Mercedes,8.64e-4
Bailey,8.63e-4
Priscilla,8.62e-4
Angel,8.46e-4
Jade,8.43e-4
Anne,8.4e-4
Cindy,8.33e-4
Colleen,8.32e-4
Candace,8.29e-4
Cristina,8.29e-4
Daisy,8.24e-4
Denise,8.11e-4
Tabitha,8.02e-4
Claudia,7.98e-4
Nichole,7.9e-4
Linda,7.88e-4
Kiara,7.83e-4
Britney,7.82e-4
Kylie,7.75e-4
Carolyn,7.58e-4
Ashleigh,7.55e-4
Candice,7.42e-4
Meredith,7.3e-4
Mayra,7.17e-4
Bridget,7.06e-4
Evelyn,7.06e-4
Kasey,6.96e-4
Kassandra,6.96e-4
Lydia,6.96e-4
Teresa,6.85e-4
Ariana,6.85e-4
Ciara,6.83e-4
Gabriella,6.83e-4
Susan,6.79e-4
Jasmin,6.75e-4
Sophia,6.75e-4
Ebony,6.73e-4
Amelia,6.71e-4
Renee,6.69e-4
Kelli,6.67e-4
Ellen,6.66e-4
Tori,6.65e-4
Diamond,6.48e-4
Marisa,6.42e-4
Carrie,6.41e-4
Wendy,6.34e-4
Tamara,6.32e-4
Justine,6.26e-4
Heidi,6.2e-4
Theresa,6.17e-4
Chelsie,6.11e-4
Carmen,6e-4
Allyson,5.99e-4
Stacey,5.98e-4
Janet,5.97e-4
Stacy,5.93e-4
Hilary,5.85e-4
Rosa,5.83e-4
Cassie,5.82e-4
Tessa,5.81e-4
Tiara,5.8e-4
Karla,5.78e-4
Carissa,5.77e-4
Marie,5.76e-4
Jacquelyn,5.72e-4
Raquel,5.72e-4
Clarissa,5.69e-4
Jenny,5.69e-4
Faith,5.67e-4
Martha,5.66e-4
Cara,5.62e-4
Barbara,5.57e-4
Kelsie,5.57e-4
Gloria,5.56e-4
Asia,5.53e-4
Aubrey,5.52e-4
Naomi,5.52e-4
Summer,5.5e-4
Jazmin,5.48e-4
Jessie,5.47e-4
Virginia,5.43e-4
Camille,5.42e-4
Melinda,5.42e-4
Abby,5.4e-4
Kellie,5.34e-4
Janelle,5.34e-4
Robin,5.27e-4
Isabel,5.26e-4
Jazmine,5.26e-4
Cierra,5.25e-4
Tanya,5.25e-4
Nina,5.24e-4
Miriam,5.22e-4
Tatiana,5.21e-4
Maggie,5.19e-4
Alissa,5.17e-4
Devin,5.17e-4
Ruby,5.17e-4
Cecilia,5.08e-4
Carla,5.05e-4
Marina,5.04e-4
Tracy,5.01e-4
Adrienne,4.98e-4
Christian,4.93e-4
Tyler,4.87e-4
Zoe,4.87e-4
Arielle,4.87e-4
Daniela,4.83e-4
Angelina,4.82e-4
Tia,4.81e-4
Charlotte,4.8e-4
Michaela,4.78e-4
Adrianna,4.76e-4
Mckenzie,4.74e-4
Hanna,4.73e-4
Ann,4.72e-4
Guadalupe,4.72e-4
Sasha,4.72e-4
Callie,4.71e-4
Katlyn,4.71e-4
Elise,4.69e-4
Sharon,4.67e-4
Katelynn,4.63e-4
Esther,4.62e-4
Devon,4.6e-4
Deborah,4.59e-4
Pamela,4.58e-4
Kristi,4.56e-4
Carolina,4.55e-4
Shawna,4.55e-4
Vivian,4.52e-4
Melody,4.51e-4
Karissa,4.48e-4
Hope,4.45e-4
Nikki,4.44e-4
Tina,4.43e-4
Angelique,4.42e-4
Aimee,4.4e-4
Toni,4.38e-4
Kristine,4.35e-4
Shayla,4.32e-4
Rose,4.29e-4
Cortney,4.27e-4
Brittani,4.23e-4
Leticia,4.23e-4
Jeanette,4.22e-4
Ruth,4.21e-4
Kate,4.18e-4
Kristy,4.18e-4
Helen,4.13e-4
Kari,4.1e-4
Michele,4.1e-4
Mia,4.09e-4
Regina,4.06e-4
Sonia,4.06e-4
Brianne,4.02e-4
Tasha,4.02e-4
Bria,4e-4
Trisha,3.99e-4
Tiana,3.98e-4
Elena,3.95e-4
Paula,3.87e-4
Stefanie,3.85e-4
Eva,3.8e-4
Elisabeth,3.79e-4
Yvette,3.78e-4
Nicolette,3.78e-4
Christa,3.77e-4
Liliana,3.76e-4
Dakota,3.75e-4
Lillian,3.74e-4
Robyn,3.74e-4
Tierra,3.73e-4
Kendall,3.72e-4
Anastasia,3.7e-4
Misty,3.7e-4
Annie,3.62e-4
Ashton,3.61e-4
Brenna,3.61e-4
Cassidy,3.61e-4
Christy,3.59e-4
Marlene,3.58e-4
Lorena,3.56e-4
Randi,3.56e-4
Katharine,3.53e-4
Chasity,3.52e-4
Sylvia,3.52e-4
Kelley,3.51e-4
Kyla,3.5e-4
Natalia,3.5e-4
Rachelle,3.48e-4
Alma,3.47e-4
Maya,3.47e-4
Taryn,3.45e-4
Ashlyn,3.43e-4
Alice,3.42e-4
Larissa,3.42e-4
Francesca,3.41e-4
Genesis,3.41e-4
Jaime,3.41e-4
Jordyn,3.41e-4
Donna,3.4e-4
Kylee,3.39e-4
Ericka,3.38e-4
Marilyn,3.38e-4
Yvonne,3.37e-4
Marisol,3.35e-4
Celeste,3.34e-4
Tania,3.34e-4
Alana,3.33e-4
Tanisha,3.33e-4
Frances,3.32e-4
Valeria,3.31e-4
India,3.31e-4
Johanna,3.3e-4
Shayna,3.3e-4
Chanel,3.28e-4
Corinne,3.27e-4
Arianna,3.25e-4
Jane,3.25e-4
Jill,3.23e-4
Kierra,3.23e-4
Alyson,3.21e-4
Lori,3.2e-4
Sheila,3.2e-4
Kiana,3.16e-4
Chantel,3.14e-4
Esmeralda,3.14e-4
Kali,3.14e-4
Meaghan,3.14e-4
Kayleigh,3.13e-4
Simone,3.11e-4
Carley,3.07e-4
Ciera,3.07e-4
Joy,3.06e-4
Carol,3.06e-4
Dawn,3.06e-4
Diane,3.05e-4
Maribel,3.04e-4
Tayler,3.03e-4
Shaina,3.02e-4
Blanca,3.02e-4
Elaine,3.02e-4
Sadie,3.02e-4
Shaniqua,3.01e-4
Shana,2.98e-4
Yolanda,2.98e-4
Lacy,2.97e-4
Nadia,2.96e-4
Josephine,2.95e-4
Maritza,2.94e-4
Irene,2.93e-4
Kaila,2.93e-4
Kira,2.93e-4
Roxanne,2.92e-4
Macy,2.9e-4
Latoya,2.89e-4
Iesha,2.89e-4
Kaleigh,2.88e-4
Alaina,2.87e-4
Kelsi,2.87e-4
Kyra,2.87e-4
Juliana,2.86e-4
Logan,2.86e-4
Cristal,2.85e-4
Kourtney,2.85e-4
Precious,2.85e-4
Breana,2.84e-4
Rochelle,2.84e-4
Suzanne,2.84e-4
Tiffani,2.83e-4
Iris,2.81e-4
Bonnie,2.78e-4
Julianne,2.78e-4
Kaitlynn,2.76e-4
Noelle,2.74e-4
Stephany,2.74e-4
Anita,2.73e-4
Lyndsey,2.72e-4
Tonya,2.71e-4
Elisa,2.7e-4
Savanna,2.68e-4
Shauna,2.68e-4
Kiera,2.67e-4
Latasha,2.65e-4
Margarita,2.65e-4
Sandy,2.65e-4
Tess,2.65e-4
Kailey,2.64e-4
Paris,2.64e-4
Clara,2.63e-4
Judith,2.63e-4
Madeleine,2.63e-4
Kaley,2.62e-4
Lily,2.62e-4
Mariela,2.61e-4
Nora,2.61e-4
Carina,2.6e-4
Antoinette,2.59e-4
Bryanna,2.59e-4
Desirae,2.58e-4
Lucy,2.58e-4
Moriah,2.58e-4
Shelbi,2.57e-4
Kristie,2.56e-4
Alysha,2.55e-4
Daniella,2.55e-4
Sophie,2.54e-4
Beatriz,2.54e-4
Breanne,2.54e-4
Dorothy,2.54e-4
Isabella,2.54e-4
Leanna,2.53e-4
Paola,2.5e-4
Serena,2.5e-4
Jalisa,2.49e-4
Maranda,2.49e-4
Talia,2.48e-4
Sally,2.47e-4
Casandra,2.44e-4
Kerri,2.44e-4
Janae,2.43e-4
Mollie,2.43e-4
Charity,2.42e-4
Emilee,2.41e-4
Alanna,2.39e-4
Latisha,2.39e-4
Lena,2.39e-4
Kacie,2.38e-4
Ashlie,2.37e-4
Alexandrea,2.36e-4
Charlene,2.36e-4
Kathy,2.36e-4
Kenya,2.36e-4
Keri,2.33e-4
Shanna,2.33e-4
Alisa,2.31e-4
Janice,2.31e-4
Norma,2.31e-4
Beth,2.3e-4
Keisha,2.29e-4
Christie,2.29e-4
Katy,2.29e-4
Kelsea,2.29e-4
Genevieve,2.28e-4
Alexia,2.28e-4
Blair,2.28e-4
Harley,2.28e-4
Araceli,2.27e-4
Stacie,2.25e-4
Shelbie,2.25e-4
Sofia,2.25e-4
Rocio,2.24e-4
Shirley,2.24e-4
Jodi,2.22e-4
Beverly,2.22e-4
Cheryl,2.21e-4
Tammy,2.2e-4
Jacklyn,2.2e-4
Shantel,2.19e-4
Staci,2.19e-4
Kerry,2.19e-4
Mariana,2.19e-4
Joyce,2.18e-4
Chandler,2.18e-4
Juanita,2.16e-4
Avery,2.16e-4
Viviana,2.16e-4
Abbey,2.15e-4
Annette,2.15e-4
Jena,2.14e-4
Susana,2.14e-4
Brittni,2.13e-4
Imani,2.13e-4
Brooklyn,2.13e-4
Destinee,2.13e-4
Paulina,2.13e-4
Edith,2.12e-4
Riley,2.12e-4
Leigh,2.12e-4
Haylee,2.11e-4
Karly,2.1e-4
Kirstie,2.1e-4
Lizbeth,2.1e-4
Allie,2.09e-4
Bridgette,2.08e-4
Rosemary,2.08e-4
Makayla,2.08e-4
Skylar,2.06e-4
Mikayla,2.06e-4
Mindy,2.06e-4
Cayla,2.05e-4
Kiersten,2.04e-4
Leanne,2.04e-4
Aisha,2.03e-4
Karli,2.03e-4
Perla,2.03e-4
Katarina,2.03e-4
Tianna,2.03e-4
Connie,2.02e-4
Loren,2.02e-4
Madelyn,2.02e-4
Eileen,2.01e-4
Kirstin,2.01e-4
Corina,2e-4
Lucia,2e-4
Peyton,1.99e-4
Julianna,1.98e-4
Eleanor,1.97e-4
Haleigh,1.95e-4
Noemi,1.95e-4
Rita,1.95e-4
Mckenna,1.95e-4
Ashly,1.93e-4
Emilie,1.93e-4
Maureen,1.92e-4
Sonya,1.92e-4
Tracey,1.92e-4
Kaylyn,1.92e-4
Georgia,1.91e-4
Octavia,1.91e-4
Hallie,1.9e-4
Stevie,1.9e-4
Tabatha,1.9e-4
Brandie,1.89e-4
Darlene,1.89e-4
Makenzie,1.88e-4
Ryan,1.88e-4
Kaylie,1.87e-4
Selena,1.87e-4
Carlie,1.87e-4
Karlee,1.87e-4
Laurel,1.87e-4
Britany,1.86e-4
Brittanie,1.86e-4
Yasmin,1.86e-4
Mara,1.85e-4
Silvia,1.85e-4
Celina,1.84e-4
Alexus,1.83e-4
Arlene,1.83e-4
Alex,1.83e-4
Sidney,1.83e-4
Josie,1.82e-4
Sheena,1.82e-4
Gianna,1.82e-4
Jackie,1.81e-4
Justina,1.81e-4
Selina,1.81e-4
Yadira,1.81e-4
Fatima,1.8e-4
Jaimie,1.8e-4
Devan,1.8e-4
Luz,1.8e-4
Deidre,1.79e-4
Lea,1.78e-4
Jami,1.78e-4
Debra,1.77e-4
Demi,1.77e-4
Kala,1.77e-4
Katelin,1.77e-4
Lesley,1.77e-4
Alina,1.76e-4
Jennie,1.76e-4
Kristyn,1.75e-4
Lara,1.75e-4
Maegan,1.75e-4
Mandy,1.75e-4
Patrice,1.75e-4
Dallas,1.74e-4
Shelly,1.74e-4
Dulce,1.72e-4
Ivette,1.72e-4
Nikita,1.71e-4
Sade,1.71e-4
Angie,1.71e-4
Antonia,1.71e-4
Celia,1.71e-4
Constance,1.71e-4
Tricia,1.7e-4
Jana,1.7e-4
Judy,1.7e-4
Lacie,1.7e-4
Traci,1.69e-4
Eliza,1.69e-4
Kacey,1.68e-4
Shanae,1.68e-4
Alysia,1.67e-4
Hollie,1.67e-4
Kori,1.66e-4
Racheal,1.66e-4
Nathalie,1.66e-4
Christen,1.64e-4
Elyse,1.64e-4
Joanne,1.64e-4
Jenifer,1.63e-4
Jessika,1.63e-4
Krysta,1.63e-4
Yasmine,1.63e-4
Rhiannon,1.62e-4
Chelsi,1.62e-4
Kaylin,1.62e-4
Clare,1.61e-4
Aurora,1.6e-4
Lizette,1.6e-4
Maricela,1.59e-4
Gretchen,1.58e-4
Gwendolyn,1.58e-4
Alycia,1.58e-4
Janette,1.58e-4
Cheyanne,1.57e-4
Jayme,1.57e-4
Skyler,1.57e-4
Marisela,1.56e-4
Maura,1.56e-4
Brook,1.56e-4
Gladys,1.56e-4
Cori,1.55e-4
Jesse,1.55e-4
Kasandra,1.55e-4
Eden,1.55e-4
Cameron,1.54e-4
Kristian,1.54e-4
Kiley,1.54e-4
Lakeisha,1.54e-4
Adrian,1.53e-4
Ingrid,1.53e-4
Nia,1.53e-4
Payton,1.53e-4
Darian,1.52e-4
Delaney,1.52e-4
Terri,1.52e-4
Janie,1.52e-4
Sherry,1.52e-4
Rebeca,1.5e-4
Audra,1.5e-4
Carli,1.49e-4
Yessenia,1.49e-4
Domonique,1.49e-4
Jada,1.49e-4
Katlin,1.49e-4
Carlee,1.48e-4
Chantal,1.48e-4
Karlie,1.48e-4
Betty,1.48e-4
Estefania,1.48e-4
Skye,1.48e-4
Elisha,1.47e-4
Baby,1.47e-4
Hali,1.47e-4
Melina,1.46e-4
Elissa,1.46e-4
Dianna,1.45e-4
Janessa,1.45e-4
Christin,1.45e-4
Maira,1.45e-4
Janine,1.44e-4
Anjelica,1.44e-4
Belinda,1.44e-4
Breann,1.44e-4
Christiana,1.44e-4
Kaci,1.44e-4
Keely,1.44e-4
Ivy,1.43e-4
Beatrice,1.42e-4
Deja,1.42e-4
Lynn,1.42e-4
Reyna,1.42e-4
Shakira,1.42e-4
Infant,1.42e-4
Terra,1.42e-4
Liana,1.41e-4
Marcella,1.4e-4
Lorraine,1.39e-4
Alecia,1.39e-4
Dayna,1.39e-4
Halie,1.39e-4
Lauryn,1.39e-4
Thalia,1.39e-4
Julissa,1.38e-4
Roxana,1.38e-4
Kalyn,1.38e-4
Nadine,1.38e-4
Bobbie,1.36e-4
Devyn,1.36e-4
Myra,1.36e-4
Allyssa,1.36e-4
Shea,1.36e-4
Tiera,1.36e-4
Elaina,1.35e-4
Fabiola,1.35e-4
Laurie,1.35e-4
Micah,1.35e-4
Rhonda,1.34e-4
Ali,1.34e-4
Danica,1.33e-4
Mariel,1.33e-4
Ashely,1.33e-4
Melisa,1.33e-4
Shelley,1.33e-4
Brianda,1.32e-4
Chantelle,1.32e-4
Lyndsay,1.32e-4
Charmaine,1.32e-4
Lucero,1.32e-4
Alesha,1.3e-4
Ayla,1.3e-4
Abbie,1.3e-4
Kathrine,1.3e-4
Krystle,1.3e-4
Heaven,1.29e-4
Michael,1.29e-4
Tamika,1.29e-4
Corey,1.28e-4
Tiffanie,1.28e-4
Hailee,1.27e-4
Jaleesa,1.27e-4
Rikki,1.27e-4
Aileen,1.27e-4
Micaela,1.27e-4
Sarai,1.27e-4
Karley,1.26e-4
Mikaela,1.26e-4
Stormy,1.26e-4
Joan,1.25e-4
Latifah,1.25e-4
Athena,1.25e-4
Jerrica,1.25e-4
Shanika,1.25e-4
Brielle,1.24e-4
Alessandra,1.24e-4
Cora,1.24e-4
Dominque,1.24e-4
Janay,1.24e-4
Jaqueline,1.24e-4
Marlena,1.24e-4
Dina,1.23e-4
Kia,1.23e-4
Leann,1.23e-4
China,1.22e-4
Tyesha,1.22e-4
Ashlynn,1.22e-4
Deidra,1.22e-4
Iliana,1.22e-4
Noel,1.22e-4
Adrianne,1.21e-4
Berenice,1.21e-4
Eboni,1.21e-4
Jodie,1.21e-4
Lisette,1.21e-4
Felisha,1.21e-4
Juana,1.21e-4
Kaela,1.21e-4
Olga,1.2e-4
Bobbi,1.2e-4
Lynette,1.2e-4
Ava,1.19e-4
Giselle,1.19e-4
Griselda,1.19e-4
Irma,1.19e-4
Kortney,1.19e-4
Betsy,1.19e-4
Isabelle,1.19e-4
Bernadette,1.18e-4
Fallon,1.18e-4
Asha,1.18e-4
Kallie,1.18e-4
Lourdes,1.18e-4
Macey,1.18e-4
Marjorie,1.18e-4
Porsha,1.18e-4
Santana,1.18e-4
Whitley,1.18e-4
Anais,1.17e-4
Gabriel,1.17e-4
Alayna,1.17e-4
Kimberley,1.17e-4
Anissa,1.16e-4
Ellie,1.16e-4
Shanequa,1.16e-4
Aubree,1.15e-4
Chrystal,1.15e-4
Lana,1.15e-4
Amie,1.15e-4
Elsa,1.14e-4
Kristal,1.14e-4
Symone,1.14e-4
Tatyana,1.14e-4
Alysa,1.14e-4
Ashli,1.14e-4
Brittaney,1.14e-4
Kimberlee,1.14e-4
Leandra,1.14e-4
Princess,1.14e-4
Shawnee,1.14e-4
Joann,1.13e-4
Lora,1.13e-4
Marquita,1.13e-4
Brea,1.13e-4
Essence,1.13e-4
Britni,1.12e-4
Cassondra,1.12e-4
Chelsy,1.12e-4
Doris,1.12e-4
Ivana,1.12e-4
Laci,1.12e-4
Shante,1.12e-4
Brittny,1.11e-4
Leeann,1.11e-4
Pauline,1.11e-4
Demetria,1.11e-4
Trista,1.11e-4
Janel,1.1e-4
Joselyn,1.1e-4
Billie,1.1e-4
Daphne,1.1e-4
Ella,1.1e-4
Regan,1.1e-4
Catalina,1.09e-4
Dara,1.09e-4
Danyelle,1.09e-4
Graciela,1.09e-4
Ivonne,1.08e-4
Katerina,1.08e-4
Martina,1.08e-4
Myranda,1.08e-4
Eunice,1.08e-4
Janell,1.08e-4
Kailee,1.08e-4
Marian,1.08e-4
Marlee,1.08e-4
Monika,1.08e-4
Susanna,1.08e-4
Jeannette,1.07e-4
Kassie,1.07e-4
Madalyn,1.07e-4
Valencia,1.07e-4
Joelle,1.07e-4
Latrice,1.07e-4
Magdalena,1.07e-4
Eliana,1.06e-4
Emerald,1.06e-4
Stefani,1.06e-4
Kalie,1.06e-4
Kandice,1.06e-4
Ayana,1.05e-4
Jamila,1.05e-4
Katheryn,1.05e-4
Mariam,1.05e-4
Rubi,1.05e-4
Alexander,1.05e-4
Jean,1.05e-4
Nataly,1.05e-4
Ayanna,1.04e-4
Darcy,1.04e-4
Nakia,1.04e-4
Breonna,1.04e-4
Emilia,1.04e-4
Geneva,1.04e-4
Jerica,1.04e-4
Shaniece,1.03e-4
Annmarie,1.03e-4
Cecelia,1.03e-4
Chynna,1.03e-4
Danika,1.03e-4
Flor,1.03e-4
Kaylynn,1.03e-4
Laken,1.03e-4
Salina,1.03e-4
Kandace,1.02e-4
Krystina,1.02e-4
Nikole,1.02e-4
Scarlett,1.02e-4
Carson,1.01e-4
Danae,1.01e-4
Georgina,1.01e-4
Chaya,1e-4
Kati,1e-4
Kinsey,1e-4
Lizeth,1e-4
Mai,1e-4
Shanelle,1e-4
Aja,1e-4
Cody,1e-4
Janna,1e-4
Kenia,1e-4
Anika,9.9e-5
Destini,9.9e-5
Jessenia,9.9e-5
Jessi,9.9e-5
Chandra,9.9e-5
Delia,9.9e-5
Gillian,9.8e-5
Kelcie,9.8e-5
Leila,9.8e-5
Dora,9.8e-5
Kayley,9.8e-5
Bree,9.7e-5
Damaris,9.7e-5
Giovanna,9.7e-5
Maryann,9.7e-5
Maxine,9.7e-5
Chanelle,9.7e-5
Kaycee,9.7e-5
Phoebe,9.7e-5
Sonja,9.7e-5
Andria,9.6e-5
Isamar,9.6e-5
Lexus,9.6e-5
Liza,9.6e-5
Marcela,9.6e-5
Becky,9.6e-5
Catrina,9.6e-5
Chastity,9.6e-5
Coral,9.6e-5
Corrine,9.6e-5
Kasie,9.6e-5
Kenisha,9.5e-5
Selene,9.5e-5
Blake,9.5e-5
Malia,9.5e-5
Bryana,9.4e-5
Luisa,9.4e-5
Marianne,9.4e-5
