name,percent
Michael,0.02401
Christopher,0.018572
Matthew,0.017332
Joshua,0.016268
Tyler,0.014439
Brandon,0.013924
Daniel,0.013875
Nicholas,0.013617
Jacob,0.013304
Andrew,0.013233
David,0.013081
Joseph,0.01307
Ryan,0.012943
James,0.012718
Zachary,0.012371
John,0.012097
Robert,0.010872
William,0.010753
Anthony,0.010557
Justin,0.010436
Alexander,0.009942
Jonathan,0.009656
Kyle,0.009423
Cody,0.00928
Kevin,0.009242
Austin,0.008515
Thomas,0.007199
Jordan,0.007149
Eric,0.007045
Aaron,0.006696
Steven,0.006525
Dylan,0.006147
Benjamin,0.006139
Brian,0.006078
Christian,0.005757
Jose,0.005727
Samuel,0.005657
Timothy,0.005637
Adam,0.005585
Richard,0.004955
Nathan,0.004938
Sean,0.004931
Charles,0.004774
Patrick,0.004774
Jason,0.00418
Jeremy,0.004154
Stephen,0.004051
Jesse,0.004002
Mark,0.003903
Travis,0.003845
Taylor,0.003727
Alex,0.003699
Jeffrey,0.003651
Cameron,0.003435
Juan,0.003336
Paul,0.003136
Connor,0.003123
Luis,0.003101
Dustin,0.003057
Kenneth,0.00304
Bryan,0.002983
Evan,0.002948
Jared,0.002937
Trevor,0.00291
Gregory,0.002814
Caleb,0.002798
Derek,0.002788
Corey,0.00275
Scott,0.0027
Ian,0.002614
Devin,0.002595
Carlos,0.002591
Bradley,0.002487
Marcus,0.00245
Nathaniel,0.002352
Logan,0.002347
Shawn,0.002333
Edward,0.002317
Garrett,0.002283
Jesus,0.002266
Mitchell,0.002221
Peter,0.002195
Blake,0.002184
Shane,0.002148
Dakota,0.002138
Gabriel,0.002116
Luke,0.002109
Miguel,0.002104
Antonio,0.002086
Dillon,0.002076
Victor,0.002034
Ethan,0.002016
Seth,0.001967
Cory,0.001937
Lucas,0.0019
Spencer,0.001882
Hunter,0.001836
Tanner,0.001826
Adrian,0.001819
Vincent,0.001785
Joel,0.001723
Brett,0.001717
Alejandro,0.001709
George,0.001699
Erik,0.00169
Dalton,0.001643
Jorge,0.001643
Raymond,0.001611
Keith,0.001583
Isaac,0.001555
Jake,0.001549
Casey,0.001541
Wesley,0.001536
Chad,0.001522
Angel,0.001471
Chase,0.001463
Phillip,0.001455
Donald,0.001452
Francisco,0.001434
Ricardo,0.001425
Colin,0.001403
Ronald,0.001396
Oscar,0.00138
Martin,0.001361
Eduardo,0.001355
Colton,0.001333
Devon,0.001321
Johnathan,0.001317
Derrick,0.001309
Cole,0.001289
Troy,0.001283
Alan,0.00124
Dominic,0.001226
Frank,0.001213
Julian,0.001203
Henry,0.001198
Mario,0.001197
Mason,0.001196
Douglas,0.001193
Omar,0.001185
Xavier,0.001185
Manuel,0.001179
Jack,0.001173
Jonathon,0.001122
Brendan,0.001114
Andre,0.001105
Philip,0.001099
Edgar,0.001094
Collin,0.00109
Javier,0.001055
Grant,0.001045
Andres,0.001017
Curtis,0.001017
Alec,0.001013
Roberto,0.001006
Gary,0.001001
Ivan,9.9e-4
Clayton,9.83e-4
Hector,9.81e-4
Darius,9.61e-4
Sergio,9.61e-4
Bryce,9.54e-4
Johnny,9.51e-4
Dennis,9.51e-4
Levi,9.47e-4
Jeremiah,9.26e-4
Zachery,9.22e-4
Allen,9.17e-4
Max,9.14e-4
Elijah,9.09e-4
Tony,9.07e-4
Cesar,8.99e-4
Drew,8.97e-4
Brady,8.9e-4
Craig,8.9e-4
Edwin,8.82e-4
Nicolas,8.8e-4
Brent,8.72e-4
Fernando,8.69e-4
Cristian,8.65e-4
Shaquille,8.65e-4
Maxwell,8.64e-4
Larry,8.62e-4
Ruben,8.46e-4
Calvin,8.45e-4
Jerry,8.36e-4
Mathew,8.26e-4
Randy,8.24e-4
Pedro,8.06e-4
Marco,7.97e-4
Trey,7.9e-4
Jeffery,7.88e-4
Carl,7.68e-4
Louis,7.65e-4
Kristopher,7.59e-4
Lawrence,7.52e-4
Preston,7.49e-4
Jackson,7.46e-4
Jimmy,7.42e-4
Colby,7.35e-4
Russell,7.33e-4
Erick,7.27e-4
Isaiah,7.25e-4
Raul,7.24e-4
Noah,7.23e-4
Julio,7.03e-4
Dominique,7.02e-4
Ricky,6.98e-4
Darren,6.94e-4
Albert,6.93e-4
Rafael,6.93e-4
Terry,6.92e-4
Jaime,6.92e-4
Danny,6.88e-4
Marc,6.81e-4
Jalen,6.75e-4
Emmanuel,6.71e-4
Riley,6.66e-4
Alberto,6.65e-4
Walter,6.58e-4
Gerardo,6.56e-4
Billy,6.56e-4
Armando,6.48e-4
Hayden,6.42e-4
Rodney,6.34e-4
Micheal,6.33e-4
Sebastian,6.32e-4
Conner,6.25e-4
Trenton,6.18e-4
Lance,6.1e-4
Conor,6.06e-4
Joe,6.04e-4
Jamal,6.03e-4
Arthur,6.01e-4
Todd,6e-4
Kaleb,5.94e-4
Malcolm,5.93e-4
Bobby,5.91e-4
Zackary,5.88e-4
Micah,5.83e-4
Tevin,5.82e-4
Skyler,5.77e-4
Randall,5.75e-4
Kody,5.67e-4
Abraham,5.65e-4
Dallas,5.6e-4
Parker,5.6e-4
Nolan,5.54e-4
Reginald,5.54e-4
Andy,5.53e-4
Donovan,5.53e-4
Damian,5.49e-4
Roger,5.49e-4
Jon,5.48e-4
Landon,5.42e-4
Gerald,5.41e-4
Marcos,5.39e-4
Jamie,5.38e-4
Maurice,5.38e-4
Jay,5.35e-4
Alexis,5.33e-4
Devonte,5.3e-4
Ramon,5.29e-4
Nickolas,5.26e-4
Deandre,5.24e-4
Jessie,5.24e-4
Alfredo,5.23e-4
Marvin,5.21e-4
Miles,5.19e-4
Branden,5.18e-4
Enrique,5.18e-4
Willie,5.14e-4
Arturo,5.11e-4
Terrance,5.11e-4
Eddie,5.07e-4
Trent,5.04e-4
Theodore,5.01e-4
Bryant,5e-4
Harrison,4.98e-4
Gustavo,4.9e-4
Damon,4.85e-4
Marquis,4.85e-4
Gage,4.8e-4
Lee,4.78e-4
Josue,4.77e-4
Johnathon,4.69e-4
Kendall,4.68e-4
Giovanni,4.66e-4
Devante,4.66e-4
Lorenzo,4.6e-4
Forrest,4.59e-4
Frederick,4.59e-4
Shaun,4.59e-4
Gavin,4.58e-4
Demetrius,4.57e-4
Ross,4.57e-4
Avery,4.52e-4
Terrence,4.43e-4
Diego,4.41e-4
Chance,4.41e-4
Israel,4.4e-4
Salvador,4.4e-4
Dominick,4.39e-4
Damien,4.37e-4
Tyrone,4.37e-4
Roy,4.33e-4
Josiah,4.29e-4
Marshall,4.28e-4
Darrell,4.25e-4
Denzel,4.18e-4
Morgan,4.18e-4
Myles,4.17e-4
Terrell,4.1e-4
Eli,4.1e-4
Zackery,4.1e-4
Clinton,4.06e-4
Dean,4.04e-4
Wayne,4.04e-4
Steve,4.03e-4
Fabian,4e-4
Bruce,3.98e-4
Tommy,3.97e-4
Ernesto,3.94e-4
Zachariah,3.92e-4
Jerome,3.89e-4
Neil,3.79e-4
Kelvin,3.75e-4
Dante,3.74e-4
Elias,3.72e-4
Ty,3.72e-4
Malik,3.71e-4
Nelson,3.68e-4
Brock,3.68e-4
Ronnie,3.67e-4
Desmond,3.64e-4
Francis,3.64e-4
Pablo,3.63e-4
Angelo,3.6e-4
Byron,3.58e-4
Rene,3.57e-4
Harley,3.5e-4
Melvin,3.48e-4
Ashton,3.46e-4
Darryl,3.41e-4
Franklin,3.41e-4
Carson,3.39e-4
Zane,3.35e-4
Orlando,3.34e-4
Drake,3.31e-4
Geoffrey,3.25e-4
Graham,3.24e-4
Leonard,3.24e-4
Emilio,3.24e-4
Oliver,3.22e-4
Simon,3.21e-4
Brennan,3.21e-4
Karl,3.21e-4
Chandler,3.2e-4
Roman,3.17e-4
Joey,3.16e-4
Glenn,3.16e-4
Guillermo,3.15e-4
Jermaine,3.15e-4
Quinton,3.14e-4
Ernest,3.12e-4
Leonardo,3.12e-4
Eugene,3.11e-4
Dale,3.11e-4
Alvin,3.1e-4
Gilbert,3.1e-4
Ismael,3.09e-4
Stanley,3.08e-4
Emanuel,3.06e-4
Kendrick,3.06e-4
Wyatt,3.04e-4
Warren,3.03e-4
Abel,3e-4
Tyrell,3e-4
Keenan,2.98e-4
Felix,2.95e-4
Harold,2.91e-4
Tucker,2.91e-4
Jarrett,2.91e-4
Stefan,2.91e-4
Quentin,2.89e-4
Esteban,2.88e-4
Felipe,2.87e-4
Wade,2.87e-4
Dwayne,2.85e-4
Cedric,2.85e-4
Moises,2.85e-4
Kurt,2.84e-4
Tre,2.84e-4
Braden,2.84e-4
Hugo,2.84e-4
Elliot,2.83e-4
Elliott,2.83e-4
Brendon,2.81e-4
Saul,2.81e-4
Rodolfo,2.8e-4
Kameron,2.8e-4
Mackenzie,2.79e-4
Skylar,2.78e-4
Brenden,2.77e-4
Allan,2.77e-4
Kenny,2.76e-4
Devan,2.75e-4
Tristan,2.75e-4
Harry,2.75e-4
Darian,2.74e-4
Weston,2.73e-4
Jarred,2.73e-4
Jordon,2.72e-4
Ray,2.72e-4
Sam,2.71e-4
Gilberto,2.7e-4
Raheem,2.7e-4
Tylor,2.69e-4
Carter,2.67e-4
Quinn,2.67e-4
Alfonso,2.64e-4
Beau,2.59e-4
Davon,2.59e-4
Darien,2.58e-4
Leon,2.57e-4
Jarrod,2.55e-4
Alfred,2.54e-4
Ralph,2.52e-4
Kristian,2.52e-4
Dane,2.5e-4
Keegan,2.5e-4
Rudy,2.47e-4
Kyler,2.47e-4
Bernard,2.46e-4
Corbin,2.45e-4
Quincy,2.45e-4
Sterling,2.44e-4
Deshawn,2.43e-4
Rogelio,2.42e-4
Donte,2.41e-4
Clarence,2.4e-4
Javon,2.4e-4
Clay,2.39e-4
Clint,2.39e-4
Noel,2.39e-4
Roderick,2.37e-4
Sheldon,2.37e-4
Brody,2.36e-4
Jakob,2.36e-4
Trevon,2.36e-4
Garret,2.35e-4
Barry,2.35e-4
Ramiro,2.34e-4
Rashad,2.32e-4
Clifford,2.3e-4
Kelly,2.3e-4
Lukas,2.27e-4
Nikolas,2.22e-4
Davis,2.21e-4
Leo,2.21e-4
Lewis,2.21e-4
Blaine,2.21e-4
Brad,2.21e-4
Owen,2.21e-4
Demarcus,2.21e-4
Daquan,2.2e-4
Jarvis,2.19e-4
Stuart,2.19e-4
Jonah,2.18e-4
Earl,2.17e-4
Antoine,2.16e-4
Dexter,2.16e-4
Bryson,2.15e-4
Darnell,2.15e-4
Kurtis,2.15e-4
Chris,2.14e-4
Ali,2.14e-4
Ariel,2.14e-4
Charlie,2.14e-4
Reid,2.13e-4
Reed,2.11e-4
Marlon,2.11e-4
Kory,2.1e-4
Marquise,2.1e-4
Wilson,2.1e-4
Griffin,2.09e-4
Rodrigo,2.09e-4
Nigel,2.08e-4
Jean,2.08e-4
Nathanael,2.07e-4
Coty,2.06e-4
Cooper,2.06e-4
Stephan,2.06e-4
Tomas,2.04e-4
Alonzo,2.03e-4
Tyson,2.03e-4
Kirk,2.02e-4
Howard,2.02e-4
Julius,2.02e-4
Deon,2.01e-4
Deonte,2.01e-4
Colten,2e-4
Daryl,1.98e-4
Derick,1.98e-4
Noe,1.97e-4
Bret,1.97e-4
Perry,1.97e-4
Jaron,1.96e-4
Efrain,1.95e-4
Gordon,1.95e-4
Lamar,1.95e-4
Shelby,1.95e-4
Sidney,1.95e-4
Adan,1.94e-4
Liam,1.93e-4
Carlton,1.92e-4
Rolando,1.9e-4
Norman,1.88e-4
Dion,1.88e-4
Neal,1.86e-4
Chaz,1.85e-4
Humberto,1.84e-4
Kasey,1.83e-4
Keaton,1.83e-4
Korey,1.83e-4
Shannon,1.83e-4
Jamar,1.82e-4
Jayson,1.82e-4
Markus,1.82e-4
Mitchel,1.82e-4
Santiago,1.82e-4
Sawyer,1.82e-4
Jaquan,1.8e-4
Courtney,1.79e-4
Mauricio,1.78e-4
Vicente,1.76e-4
Davonte,1.76e-4
Heath,1.76e-4
Dorian,1.75e-4
Dwight,1.75e-4
Tyree,1.74e-4
Leroy,1.73e-4
Moses,1.73e-4
Terence,1.73e-4
Fredrick,1.72e-4
Freddy,1.71e-4
Frankie,1.68e-4
Maximilian,1.68e-4
Ahmad,1.65e-4
Damion,1.64e-4
Salvatore,1.64e-4
Cullen,1.63e-4
Darrin,1.63e-4
Glen,1.63e-4
Jace,1.62e-4
Aidan,1.61e-4
Baby,1.6e-4
Ben,1.6e-4
Dashawn,1.6e-4
Roland,1.6e-4
Brenton,1.6e-4
Kent,1.6e-4
Mohammad,1.6e-4
Alvaro,1.59e-4
Austen,1.59e-4
Braxton,1.58e-4
Duncan,1.58e-4
Arnold,1.58e-4
Leonel,1.58e-4
Isiah,1.57e-4
Dimitri,1.56e-4
Lamont,1.56e-4
Payton,1.55e-4
Guadalupe,1.55e-4
Osvaldo,1.54e-4
Kareem,1.54e-4
Milton,1.54e-4
Rick,1.53e-4
Lonnie,1.53e-4
Uriel,1.53e-4
Aron,1.52e-4
Kristofer,1.52e-4
Fred,1.51e-4
Addison,1.51e-4
Clifton,1.51e-4
Cortez,1.51e-4
Rickey,1.5e-4
Don,1.49e-4
Devonta,1.48e-4
Cornelius,1.48e-4
Deangelo,1.47e-4
Everett,1.46e-4
Vernon,1.46e-4
Joaquin,1.45e-4
Lane,1.45e-4
Thaddeus,1.44e-4
Reynaldo,1.44e-4
Brice,1.43e-4
Conrad,1.43e-4
Darion,1.43e-4
Kerry,1.43e-4
Tracy,1.43e-4
Darrius,1.43e-4
Dillan,1.43e-4
Robin,1.43e-4
Ezekiel,1.42e-4
Grayson,1.42e-4
Shayne,1.42e-4
Nestor,1.41e-4
Deven,1.41e-4
Issac,1.4e-4
Mike,1.4e-4
Jamel,1.39e-4
Lloyd,1.39e-4
Rigoberto,1.39e-4
Khalil,1.39e-4
Solomon,1.39e-4
Coleman,1.38e-4
Toby,1.38e-4
Agustin,1.35e-4
Irvin,1.34e-4
Dillion,1.33e-4
Herbert,1.33e-4
Stephon,1.33e-4
Dandre,1.31e-4
Duane,1.31e-4
Ignacio,1.3e-4
Raphael,1.3e-4
Justice,1.3e-4
Bradford,1.29e-4
Holden,1.29e-4
Paris,1.29e-4
Will,1.29e-4
Jefferson,1.29e-4
Amir,1.28e-4
Clark,1.28e-4
Brandan,1.27e-4
Johnnie,1.27e-4
Freddie,1.27e-4
Marcel,1.27e-4
Nathanial,1.27e-4
Darin,1.26e-4
Guy,1.26e-4
Adolfo,1.25e-4
Ahmed,1.25e-4
Jovan,1.24e-4
Walker,1.24e-4
Winston,1.23e-4
Elvis,1.22e-4
Quintin,1.22e-4
Brayden,1.21e-4
Gerard,1.21e-4
Pierre,1.21e-4
Heriberto,1.2e-4
Malachi,1.2e-4
Dana,1.19e-4
Jamison,1.19e-4
Lester,1.19e-4
Gino,1.18e-4
Rashawn,1.18e-4
Zechariah,1.18e-4
Akeem,1.17e-4
Dequan,1.17e-4
Peyton,1.17e-4
Deion,1.17e-4
Donnie,1.16e-4
German,1.15e-4
Jaylen,1.15e-4
Colt,1.14e-4
Jameson,1.14e-4
Tate,1.14e-4
Brooks,1.13e-4
Reuben,1.13e-4
Rico,1.13e-4
Brandyn,1.12e-4
Juwan,1.11e-4
Mohammed,1.11e-4
Bo,1.11e-4
Codey,1.11e-4
Garrison,1.11e-4
Javonte,1.11e-4
Jerrod,1.11e-4
Jimmie,1.1e-4
Ladarius,1.1e-4
Rory,1.1e-4
Stewart,1.1e-4
Antwan,1.09e-4
Dylon,1.09e-4
Jasper,1.09e-4
Floyd,1.09e-4
Loren,1.09e-4
Arron,1.08e-4
Estevan,1.08e-4
Madison,1.08e-4
Cade,1.08e-4
Nico,1.08e-4
Santos,1.08e-4
Gene,1.07e-4
Reece,1.07e-4
Trever,1.07e-4
Bennett,1.06e-4
Ezra,1.06e-4
Jabari,1.06e-4
Vance,1.06e-4
Nick,1.05e-4
Najee,1.05e-4
Travon,1.05e-4
Mohamed,1.04e-4
Jairo,1.03e-4
Zakary,1.03e-4
Codie,1.02e-4
Hassan,1.02e-4
Houston,1.02e-4
Dusty,1.01e-4
Jeff,1.01e-4
Jarod,1.01e-4
Pierce,1.01e-4
Cyrus,1e-4
Forest,1e-4
Herman,1e-4
Royce,1e-4
Benny,9.9e-5
Leland,9.9e-5
Dan,9.9e-5
Grady,9.9e-5
Jackie,9.9e-5
Lionel,9.9e-5
Octavio,9.9e-5
Donavan,9.8e-5
Elmer,9.8e-5
Infant,9.8e-5
Rocky,9.8e-5
Bernardo,9.8e-5
Kane,9.7e-5
Leslie,9.7e-5
Trae,9.7e-5
Gonzalo,9.6e-5
Keon,9.6e-5
Amos,9.6e-5
Aubrey,9.6e-5
Bradly,9.6e-5
Cecil,9.5e-5
Edgardo,9.5e-5
Tory,9.5e-5
Myron,9.5e-5
Alonso,9.5e-5
Sammy,9.5e-5
Anton,9.4e-5
Donnell,9.4e-5
Devontae,9.4e-5
Jamaal,9.4e-5
Moshe,9.4e-5
Tobias,9.4e-5
Isaias,9.3e-5
Kieran,9.3e-5
Kolby,9.3e-5
Camden,9.2e-5
Jacoby,9.2e-5
Jamarcus,9.2e-5
Sonny,9.2e-5
Aric,9.2e-5
Mikel,9.2e-5
Gunnar,9.1e-5
Devyn,9.1e-5
Ezequiel,9.1e-5
Irving,9.1e-5
Gregorio,9e-5
Ryne,9e-5
Blair,9e-5
Brennen,9e-5
Erich,9e-5
Marquez,9e-5
Wendell,9e-5
Clyde,8.9e-5
Dewayne,8.9e-5
Josh,8.9e-5
Kadeem,8.9e-5
Kellen,8.9e-5
Marques,8.9e-5
Randolph,8.9e-5
Ulises,8.9e-5
Jessy,8.9e-5
Alton,8.8e-5
Cruz,8.8e-5
Dalvin,8.7e-5
Davion,8.7e-5
Kai,8.7e-5
Jade,8.7e-5
Reese,8.7e-5
Ted,8.7e-5
Lincoln,8.6e-5
Rex,8.6e-5
Savon,8.6e-5
Cristopher,8.6e-5
Benito,8.5e-5
Fidel,8.5e-5
Harvey,8.5e-5
Sage,8.5e-5
Chadwick,8.4e-5
Jamil,8.4e-5
Kegan,8.4e-5
Vaughn,8.4e-5
Kirby,8.4e-5
Kolton,8.4e-5
Dionte,8.3e-5
Jonas,8.3e-5
Camron,8.3e-5
Rhett,8.3e-5
Scotty,8.3e-5
Josef,8.2e-5
Maximillian,8.2e-5
Shea,8.2e-5
Deondre,8.2e-5
Junior,8.2e-5
August,8.1e-5
Aldo,8.1e-5
Barrett,8.1e-5
Ellis,8.1e-5
Erin,8.1e-5
Jim,8.1e-5
Emmett,8e-5
Hakeem,8e-5
Darrian,8e-5
Randal,8e-5
Ervin,7.9e-5
Dallin,7.9e-5
Dontae,7.9e-5
Jordy,7.9e-5
Misael,7.9e-5
Wilfredo,7.9e-5
Jorden,7.8e-5
Raymundo,7.8e-5
Dario,7.8e-5
Eddy,7.8e-5
Kelsey,7.8e-5
Dakotah,7.7e-5
Stetson,7.7e-5
Demarco,7.7e-5
Dominque,7.7e-5
Jaleel,7.7e-5
Lyle,7.7e-5
Mikal,7.7e-5
Trace,7.7e-5
Demetri,7.6e-5
Deshaun,7.6e-5
Adonis,7.6e-5
Dayton,7.6e-5
Efren,7.6e-5
Ibrahim,7.6e-5
Kade,7.6e-5
Shelton,7.6e-5
Silas,7.5e-5
Asa,7.5e-5
Codi,7.5e-5
Tayler,7.5e-5
Ari,7.4e-5
Chester,7.4e-5
Galen,7.4e-5
Antony,7.3e-5
Deante,7.3e-5
Demario,7.3e-5
Dondre,7.3e-5
Jacques,7.3e-5
Kelby,7.3e-5
Bronson,7.3e-5
Jerrell,7.3e-5
Robbie,7.3e-5
Rusty,7.3e-5
Talon,7.3e-5
Carlo,7.2e-5
Jess,7.2e-5
Otis,7.2e-5
Antwon,7.2e-5
Brant,7.2e-5
Greg,7.2e-5
Hans,7.2e-5
Morris,7.2e-5
Chaim,7.1e-5
Domenic,7.1e-5
Luther,7.1e-5
Hernan,7.1e-5
Pete,7.1e-5
Ulysses,7.1e-5
Alexandro,7e-5
Bill,7e-5
Muhammad,7e-5
Tom,7e-5
Tyron,7e-5
Claude,7e-5
Darrel,7e-5
Montel,7e-5
Sherman,7e-5
Anderson,6.9e-5
Augustus,6.9e-5
Broderick,6.9e-5
Bryon,6.9e-5
Julien,6.9e-5
Rasheed,6.9e-5
Sylvester,6.9e-5
Alexandre,6.9e-5
Andreas,6.9e-5
Elisha,6.9e-5
Hugh,6.9e-5
Niko,6.9e-5
Cristobal,6.8e-5
Ron,6.8e-5
Eliseo,6.8e-5
Garett,6.8e-5
Kelton,6.8e-5
Laquan,6.8e-5
Shaquan,6.8e-5
Tariq,6.8e-5
Tyshawn,6.7e-5
Cale,6.7e-5
Coby,6.7e-5
Keven,6.7e-5
Martez,6.7e-5
Kendal,6.6e-5
Mariano,6.6e-5
Darwin,6.6e-5
Davin,6.6e-5
Jody,6.6e-5
Ashley,6.5e-5
Devaughn,6.5e-5
Francesco,6.5e-5
Isidro,6.5e-5
Tarik,6.5e-5
Darrien,6.5e-5
Deonta,6.5e-5
Kevon,6.5e-5
Rodrick,6.5e-5
Kalen,6.4e-5
Kenton,6.4e-5
Storm,6.4e-5
Austyn,6.4e-5
Caden,6.4e-5
Edmund,6.4e-5
Kaden,6.4e-5
Denzell,6.3e-5
Rakeem,6.3e-5
Dejuan,6.3e-5
Tavon,6.3e-5
Abram,6.3e-5
Bailey,6.3e-5
Darrion,6.3e-5
Emerson,6.3e-5
Lazaro,6.3e-5
Asher,6.2e-5
Jerod,6.2e-5
Schuyler,6.2e-5
Deontae,6.2e-5
Domingo,6.2e-5
Fredy,6.2e-5
Montrell,6.2e-5
Stacy,6.2e-5
Dereck,6.1e-5
Jevon,6.1e-5
Male,6.1e-5
Westley,6.1e-5
Jedidiah,6.1e-5
Montana,6.1e-5
Roosevelt,6.1e-5
Willis,6.1e-5
Daron,6e-5
Donavon,6e-5
Dyllan,6e-5
Garth,6e-5
Kole,6e-5
Malcom,6e-5
Rocco,6e-5
Dave,6e-5
Domonique,6e-5
Samson,6e-5
Stevie,6e-5
Syed,6e-5
Axel,5.9e-5
Cedrick,5.9e-5
Derik,5.9e-5
Garrick,5.9e-5
Remington,5.9e-5
Valentin,5.9e-5
Demonte,5.9e-5
Elvin,5.9e-5
Louie,5.9e-5
Marlin,5.9e-5
Marty,5.9e-5
Teddy,5.9e-5
Timmy,5.9e-5
Titus,5.9e-5
Torrey,5.9e-5
Unknown,5.9e-5
Wallace,5.9e-5
Davante,5.8e-5
Denver,5.8e-5
Giancarlo,5.8e-5
Kalvin,5.8e-5
Mickey,5.8e-5
Rayshawn,5.8e-5
Dakoda,5.8e-5
Genaro,5.8e-5
