name,percent
Michael,0.021831
Christopher,0.017135
Matthew,0.016518
Joshua,0.015397
Tyler,0.014965
Brandon,0.014478
Jacob,0.014431
Daniel,0.01376
Nicholas,0.013627
Andrew,0.012766
Joseph,0.012619
Zachary,0.012336
David,0.012191
James,0.012156
John,0.011865
Ryan,0.011809
Austin,0.011389
Anthony,0.010603
William,0.010548
Justin,0.010275
Robert,0.010089
Alexander,0.009867
Jonathan,0.009355
Kyle,0.009032
Cody,0.008637
Kevin,0.008493
Thomas,0.007315
Aaron,0.007059
Jordan,0.006952
Eric,0.006535
Benjamin,0.00627
Dylan,0.006151
Samuel,0.005946
Steven,0.005932
Christian,0.005881
Jose,0.0057539999999999996
Brian,0.005716
Adam,0.005409
Timothy,0.005284
Nathan,0.005097
Richard,0.00467
Patrick,0.004584
Charles,0.004428
Sean,0.004337
Jesse,0.004261
Jason,0.004193
Jeremy,0.004038
Mark,0.003676
Stephen,0.003669
Alex,0.003552
Juan,0.003537
Cameron,0.003357
Travis,0.003338
Taylor,0.00325
Jeffrey,0.003205
Dustin,0.003171
Trevor,0.003123
Luis,0.003122
Connor,0.003099
Caleb,0.003022
Devin,0.002977
Evan,0.00289
Jared,0.002885
Paul,0.002843
Kenneth,0.002787
Bryan,0.002748
Hunter,0.002742
Gabriel,0.002717
Dakota,0.002716
Logan,0.002677
Mitchell,0.002638
Carlos,0.002609
Corey,0.002591
Ian,0.002586
Marcus,0.00258
Gregory,0.002521
Derek,0.002496
Nathaniel,0.002467
Scott,0.002415
Jesus,0.002412
Blake,0.002392
Garrett,0.002337
Bradley,0.002296
Edward,0.002221
Dalton,0.002085
Shawn,0.002082
Peter,0.00207
Antonio,0.002047
Ethan,0.002045
Seth,0.002027
Luke,0.002008
Shane,0.002006
Victor,0.00199
Miguel,0.001978
Lucas,0.001968
Tanner,0.001926
Spencer,0.00187
Adrian,0.00187
Erik,0.00184
Vincent,0.001769
Dillon,0.001734
Cory,0.001732
Isaac,0.001713
Angel,0.001705
Alejandro,0.001701
Jake,0.001701
Brett,0.001686
Joel,0.001651
Alec,0.00163
George,0.001628
Cole,0.001621
Jorge,0.001617
Eduardo,0.001607
Chase,0.001585
Raymond,0.001537
Casey,0.001496
Devon,0.001489
Wesley,0.001488
Ricardo,0.00146
Francisco,0.001418
Colton,0.0014
Troy,0.001395
Oscar,0.001394
Colin,0.001382
Mason,0.001377
Keith,0.001366
Jack,0.001363
Dominic,0.001358
Brendan,0.001341
Chad,0.00134
Phillip,0.001314
Donald,0.001303
Elijah,0.001286
Johnathan,0.001282
Martin,0.001271
Derrick,0.001263
Ronald,0.001259
Cristian,0.001247
Xavier,0.001241
Julian,0.001228
Frank,0.001216
Mario,0.00121
Manuel,0.001208
Alan,0.001195
Omar,0.001187
Henry,0.001175
Edgar,0.001172
Andre,0.001168
Clayton,0.001163
Bryce,0.00115
Grant,0.001119
Collin,0.001118
Javier,0.001114
Jonathon,0.001078
Darius,0.001071
Douglas,0.001061
Levi,0.001024
Jeremiah,0.001021
Noah,0.001012
Sergio,9.85e-4
Hector,9.68e-4
Roberto,9.64e-4
Andres,9.63e-4
Nicolas,9.59e-4
Johnny,9.53e-4
Jackson,9.5e-4
Gary,9.32e-4
Philip,9.29e-4
Isaiah,9.18e-4
Curtis,9.16e-4
Drew,9.11e-4
Ivan,9.08e-4
Brady,9.08e-4
Fernando,8.98e-4
Edwin,8.83e-4
Hayden,8.8e-4
Dennis,8.76e-4
Cesar,8.71e-4
Allen,8.55e-4
Zachery,8.49e-4
Ruben,8.45e-4
Maxwell,8.44e-4
Jalen,8.34e-4
Marco,8.28e-4
Erick,8.23e-4
Randy,8.08e-4
Mathew,8.02e-4
Brent,8e-4
Pedro,7.99e-4
Tony,7.99e-4
Max,7.97e-4
Jerry,7.9e-4
Preston,7.89e-4
Riley,7.79e-4
Calvin,7.68e-4
Larry,7.66e-4
Wyatt,7.57e-4
Craig,7.4e-4
Raul,7.14e-4
Colby,7.12e-4
Darren,7.09e-4
Rafael,7e-4
Jeffery,6.96e-4
Carl,6.95e-4
Ricky,6.94e-4
Louis,6.92e-4
Tevin,6.9e-4
Jaime,6.83e-4
Albert,6.79e-4
Jimmy,6.74e-4
Kristopher,6.73e-4
Trey,6.71e-4
Marc,6.66e-4
Skyler,6.65e-4
Damian,6.62e-4
Chance,6.61e-4
Forrest,6.6e-4
Harrison,6.54e-4
Kaleb,6.52e-4
Julio,6.46e-4
Alberto,6.43e-4
Dallas,6.4e-4
Sebastian,6.38e-4
Trenton,6.37e-4
Conner,6.35e-4
Armando,6.33e-4
Alexis,6.33e-4
Gerardo,6.32e-4
Gage,6.31e-4
Emmanuel,6.31e-4
Danny,6.27e-4
Zackary,6.25e-4
Micheal,6.25e-4
Russell,6.25e-4
Shaquille,6.25e-4
Lawrence,6.22e-4
Diego,6.17e-4
Parker,6.13e-4
Dominique,6.07e-4
Jamal,6.04e-4
Terry,5.98e-4
Abraham,5.97e-4
Joe,5.9e-4
Rodney,5.81e-4
Jonah,5.78e-4
Micah,5.74e-4
Kody,5.71e-4
Arthur,5.7e-4
Landon,5.67e-4
Deandre,5.63e-4
Walter,5.63e-4
Todd,5.6e-4
Marcos,5.59e-4
Bobby,5.58e-4
Billy,5.52e-4
Gavin,5.5e-4
Lance,5.5e-4
Andy,5.47e-4
Avery,5.47e-4
Nolan,5.46e-4
Donovan,5.44e-4
Jay,5.4e-4
Nickolas,5.3e-4
Roger,5.26e-4
Enrique,5.24e-4
Josue,5.24e-4
Randall,5.21e-4
Trent,5.21e-4
Ramon,5.11e-4
Branden,5.1e-4
Jon,5.07e-4
Morgan,5.02e-4
Arturo,4.97e-4
Alfredo,4.9e-4
Terrance,4.87e-4
Jessie,4.84e-4
Malcolm,4.81e-4
Damien,4.8e-4
Devonte,4.79e-4
Marvin,4.76e-4
Gustavo,4.74e-4
Marquis,4.71e-4
Israel,4.7e-4
Gerald,4.68e-4
Jamie,4.68e-4
Giovanni,4.67e-4
Kendall,4.66e-4
Miles,4.66e-4
Johnathon,4.66e-4
Eddie,4.62e-4
Willie,4.61e-4
Theodore,4.6e-4
Damon,4.59e-4
Maurice,4.58e-4
Reginald,4.57e-4
Lorenzo,4.56e-4
Lee,4.5e-4
Josiah,4.5e-4
Frederick,4.43e-4
Salvador,4.4e-4
Demetrius,4.39e-4
Dominick,4.34e-4
Bryant,4.28e-4
Conor,4.25e-4
Eli,4.23e-4
Roy,4.22e-4
Zackery,4.22e-4
Malik,4.19e-4
Devante,4.18e-4
Quinton,4.13e-4
Ross,4.12e-4
Tyrone,4.1e-4
Marshall,4.09e-4
Carson,4.08e-4
Dean,4.08e-4
Tommy,4.07e-4
Ernesto,4.01e-4
Elias,3.99e-4
Ty,3.99e-4
Zachariah,3.96e-4
Terrence,3.93e-4
Harley,3.87e-4
Dante,3.86e-4
Shaun,3.83e-4
Zane,3.82e-4
Fabian,3.79e-4
Pablo,3.76e-4
Brock,3.75e-4
Brennan,3.72e-4
Bruce,3.67e-4
Kelvin,3.67e-4
Darrell,3.66e-4
Wayne,3.65e-4
Rene,3.65e-4
Denzel,3.61e-4
Terrell,3.6e-4
Brenden,3.58e-4
Jerome,3.58e-4
Drake,3.56e-4
Francis,3.56e-4
Braden,3.54e-4
Brendon,3.54e-4
Quentin,3.53e-4
Nelson,3.51e-4
Steve,3.5e-4
Myles,3.49e-4
Angelo,3.49e-4
Chandler,3.46e-4
Franklin,3.45e-4
Neil,3.44e-4
Tucker,3.41e-4
Melvin,3.4e-4
Lane,3.38e-4
Clay,3.37e-4
Ashton,3.35e-4
Simon,3.32e-4
Darian,3.31e-4
Guillermo,3.3e-4
Desmond,3.29e-4
Liam,3.28e-4
Ronnie,3.28e-4
Orlando,3.25e-4
Trevon,3.23e-4
Weston,3.21e-4
Dale,3.19e-4
Mackenzie,3.18e-4
Devan,3.17e-4
Byron,3.17e-4
Leonard,3.16e-4
Oliver,3.16e-4
Ismael,3.15e-4
Eugene,3.12e-4
Darryl,3.11e-4
Daquan,3.07e-4
Kendrick,3.06e-4
Leonardo,3.05e-4
Roman,3.04e-4
Esteban,3.03e-4
Emilio,3.03e-4
Emanuel,3.01e-4
Karl,3.01e-4
Geoffrey,3e-4
Darien,2.98e-4
Stanley,2.98e-4
Keegan,2.98e-4
Warren,2.96e-4
Kenny,2.95e-4
Rodolfo,2.94e-4
Saul,2.94e-4
Quinn,2.91e-4
Ernest,2.9e-4
Felix,2.9e-4
Graham,2.89e-4
Keenan,2.89e-4
Beau,2.88e-4
Stefan,2.88e-4
Clinton,2.88e-4
Skylar,2.87e-4
Abel,2.86e-4
Corbin,2.86e-4
Moises,2.84e-4
Sterling,2.81e-4
Davon,2.78e-4
Griffin,2.78e-4
Ray,2.77e-4
Kyler,2.76e-4
Jarrett,2.75e-4
Deshawn,2.75e-4
Dwayne,2.73e-4
Glenn,2.72e-4
Joey,2.72e-4
Kurt,2.72e-4
Sam,2.72e-4
Wade,2.72e-4
Kameron,2.72e-4
Harry,2.7e-4
Hugo,2.7e-4
Cedric,2.69e-4
Alvin,2.69e-4
Felipe,2.68e-4
Carter,2.67e-4
Leon,2.66e-4
Tylor,2.66e-4
Davis,2.66e-4
Gilberto,2.66e-4
Jaquan,2.63e-4
Jermaine,2.62e-4
Allan,2.61e-4
Rashad,2.61e-4
Reid,2.6e-4
Jakob,2.6e-4
Alfonso,2.59e-4
Jordon,2.58e-4
Elliot,2.58e-4
Lukas,2.58e-4
Dane,2.56e-4
Sheldon,2.55e-4
Cooper,2.54e-4
Harold,2.54e-4
Aidan,2.52e-4
Rudy,2.52e-4
Braxton,2.49e-4
Kristian,2.49e-4
Reed,2.49e-4
Jarred,2.48e-4
Gilbert,2.48e-4
Noel,2.47e-4
Marquise,2.47e-4
Tyrell,2.46e-4
Javon,2.45e-4
Nikolas,2.41e-4
Tristan,2.41e-4
Demarcus,2.4e-4
Owen,2.38e-4
Jarvis,2.37e-4
Clarence,2.36e-4
Ramiro,2.35e-4
Rogelio,2.35e-4
Elliott,2.34e-4
Stephan,2.33e-4
Ali,2.32e-4
Rolando,2.32e-4
Leo,2.32e-4
Stuart,2.32e-4
Alonzo,2.3e-4
Justice,2.3e-4
Darnell,2.29e-4
Bryson,2.29e-4
Sawyer,2.27e-4
Tomas,2.27e-4
Quincy,2.25e-4
Brody,2.24e-4
Deon,2.24e-4
Jarrod,2.23e-4
Donte,2.22e-4
Alfred,2.22e-4
Charlie,2.2e-4
Nigel,2.2e-4
Ariel,2.18e-4
Keaton,2.18e-4
Marlon,2.18e-4
Deonte,2.18e-4
Kurtis,2.18e-4
Chris,2.16e-4
Noe,2.16e-4
Roderick,2.15e-4
Lewis,2.11e-4
Clint,2.09e-4
Ralph,2.07e-4
Tre,2.07e-4
Rodrigo,2.06e-4
Jayson,2.05e-4
Garret,2.04e-4
Bret,2.03e-4
Bernard,2.03e-4
Damion,2.03e-4
Barry,2e-4
Derick,2e-4
Mitchel,2e-4
Nathanael,1.98e-4
Tyson,1.98e-4
Blaine,1.98e-4
Payton,1.98e-4
Shannon,1.98e-4
Austen,1.97e-4
Kory,1.97e-4
Clifford,1.97e-4
Markus,1.94e-4
Sidney,1.93e-4
Julius,1.92e-4
Santiago,1.92e-4
Duncan,1.91e-4
Kelly,1.9e-4
Grayson,1.89e-4
Brad,1.88e-4
Efrain,1.88e-4
Raheem,1.88e-4
Earl,1.87e-4
Kirk,1.87e-4
Mauricio,1.87e-4
Maximilian,1.86e-4
Dequan,1.85e-4
Howard,1.84e-4
Vicente,1.84e-4
Baby,1.83e-4
Darion,1.83e-4
Dashawn,1.83e-4
Heath,1.83e-4
Khalil,1.83e-4
Lamar,1.83e-4
Dorian,1.82e-4
Stephon,1.81e-4
Walker,1.81e-4
Wilson,1.81e-4
Ahmad,1.78e-4
Perry,1.78e-4
Dwight,1.77e-4
Humberto,1.77e-4
Shelby,1.77e-4
Adan,1.77e-4
Isiah,1.76e-4
Tyree,1.76e-4
Dion,1.75e-4
Jaylen,1.75e-4
Kareem,1.75e-4
Peyton,1.75e-4
Carlton,1.75e-4
Dexter,1.75e-4
Daryl,1.74e-4
Antoine,1.73e-4
Osvaldo,1.72e-4
Gordon,1.7e-4
Terence,1.68e-4
Addison,1.68e-4
Gunnar,1.67e-4
Jaron,1.67e-4
Moses,1.67e-4
Colten,1.66e-4
Kasey,1.66e-4
Alvaro,1.65e-4
Uriel,1.65e-4
Leroy,1.64e-4
Chaz,1.63e-4
Juwan,1.63e-4
Korey,1.62e-4
Amir,1.62e-4
Courtney,1.6e-4
Jace,1.6e-4
Jamar,1.6e-4
Roland,1.6e-4
Shayne,1.6e-4
Norman,1.59e-4
Salvatore,1.59e-4
Brice,1.58e-4
Glen,1.58e-4
Lonnie,1.58e-4
Brenton,1.57e-4
Leonel,1.57e-4
Anton,1.56e-4
Darrius,1.56e-4
Davonte,1.56e-4
Deion,1.56e-4
Fredrick,1.56e-4
Mohammad,1.55e-4
Freddy,1.55e-4
Travon,1.53e-4
Adolfo,1.52e-4
Brayden,1.52e-4
Issac,1.52e-4
Toby,1.51e-4
Darrin,1.5e-4
Cade,1.49e-4
Coleman,1.49e-4
Dimitri,1.49e-4
Solomon,1.49e-4
Deven,1.48e-4
Quintin,1.48e-4
Jamel,1.48e-4
Kent,1.48e-4
Cullen,1.47e-4
Dillan,1.47e-4
Agustin,1.47e-4
Frankie,1.46e-4
Holden,1.46e-4
Coty,1.46e-4
Kristofer,1.46e-4
Reynaldo,1.46e-4
Jean,1.45e-4
Joaquin,1.45e-4
Conrad,1.45e-4
Devonta,1.44e-4
Neal,1.43e-4
Lloyd,1.43e-4
Mohammed,1.43e-4
Ben,1.42e-4
Ezekiel,1.42e-4
Mike,1.41e-4
Nathanial,1.4e-4
Everett,1.4e-4
Lamont,1.4e-4
Guadalupe,1.39e-4
Aron,1.38e-4
Milton,1.38e-4
Cortez,1.38e-4
Dandre,1.38e-4
Rigoberto,1.38e-4
Tracy,1.37e-4
Kane,1.36e-4
Cornelius,1.34e-4
Jaden,1.33e-4
Nestor,1.33e-4
Houston,1.33e-4
Malachi,1.33e-4
Vernon,1.33e-4
Clark,1.32e-4
Clifton,1.31e-4
Rick,1.31e-4
Arnold,1.3e-4
Hakeem,1.3e-4
Ignacio,1.3e-4
Marcel,1.3e-4
Ahmed,1.28e-4
Irvin,1.28e-4
Tate,1.28e-4
Brooks,1.27e-4
Duane,1.27e-4
Darin,1.27e-4
Dusty,1.27e-4
Gerard,1.27e-4
Raphael,1.27e-4
Deangelo,1.26e-4
Fred,1.25e-4
Jaleel,1.25e-4
Rickey,1.25e-4
Colt,1.24e-4
Forest,1.24e-4
Reece,1.24e-4
German,1.23e-4
Trever,1.22e-4
Will,1.21e-4
Shaquan,1.2e-4
Bennett,1.2e-4
Winston,1.2e-4
Bradford,1.19e-4
Ladarius,1.19e-4
Brennen,1.19e-4
Gino,1.19e-4
Jairo,1.19e-4
Jamison,1.18e-4
Reuben,1.17e-4
Mohamed,1.16e-4
Bernardo,1.16e-4
Ezequiel,1.16e-4
Herbert,1.15e-4
Jimmie,1.15e-4
Kerry,1.15e-4
Madison,1.15e-4
Raymundo,1.15e-4
Brandyn,1.14e-4
Don,1.14e-4
Estevan,1.14e-4
Kieran,1.14e-4
Aubrey,1.13e-4
Keon,1.13e-4
Robin,1.13e-4
Heriberto,1.12e-4
Jameson,1.12e-4
Kade,1.12e-4
Zechariah,1.12e-4
Thaddeus,1.12e-4
Jovan,1.11e-4
Antwan,1.1e-4
Jefferson,1.1e-4
Dillion,1.1e-4
Ezra,1.1e-4
Akeem,1.09e-4
Pierce,1.09e-4
Rory,1.09e-4
Codey,1.09e-4
Darrion,1.08e-4
Jonas,1.08e-4
Loren,1.08e-4
Sammy,1.08e-4
Freddie,1.07e-4
Paris,1.07e-4
Ulises,1.07e-4
Dylon,1.07e-4
Hassan,1.07e-4
Arron,1.06e-4
Cordell,1.06e-4
Johnnie,1.06e-4
Kaden,1.06e-4
Kolby,1.06e-4
Kai,1.05e-4
Brandan,1.05e-4
Jeff,1.05e-4
Moshe,1.05e-4
Rashawn,1.05e-4
Vaughn,1.05e-4
Irving,1.04e-4
Khalid,1.04e-4
Davion,1.03e-4
Gene,1.03e-4
Santos,1.03e-4
Cruz,1.02e-4
Javonte,1.02e-4
Dakotah,1.02e-4
Gonzalo,1.02e-4
Jasper,1.02e-4
Leslie,1.02e-4
Caden,1.01e-4
Kolton,1.01e-4
Donavan,1.01e-4
Stewart,1.01e-4
Jamarcus,1e-4
Nico,1e-4
Pierre,1e-4
Guy,9.9e-5
Lester,9.9e-5
Sage,9.9e-5
Zakary,9.9e-5
Grady,9.8e-5
Jackie,9.8e-5
Jamil,9.8e-5
Dana,9.7e-5
Donnell,9.7e-5
Donnie,9.7e-5
Shea,9.7e-5
Royce,9.6e-5
August,9.6e-5
Dayton,9.6e-5
Infant,9.6e-5
Isaias,9.6e-5
Jerrod,9.6e-5
Keanu,9.6e-5
Nick,9.6e-5
Benito,9.5e-5
Bo,9.5e-5
Camron,9.5e-5
Jade,9.5e-5
Jaylon,9.5e-5
Herman,9.4e-5
Myron,9.4e-5
Bradly,9.3e-5
Cyrus,9.3e-5
Darrian,9.3e-5
Erich,9.3e-5
Bailey,9.2e-5
Jabari,9.2e-5
Keven,9.2e-5
Rhett,9.2e-5
Codie,9.1e-5
Garrison,9.1e-5
Jarod,9.1e-5
Lincoln,9.1e-5
Deondre,9.1e-5
Elvis,9.1e-5
Montana,9.1e-5
Reese,9.1e-5
Tobias,9.1e-5
Vance,9.1e-5
Floyd,9e-5
Octavio,9e-5
Devyn,9e-5
Gregorio,8.9e-5
Junior,8.9e-5
Elmer,8.9e-5
Fidel,8.8e-5
Quinten,8.8e-5
Alexandro,8.8e-5
Josef,8.8e-5
Aric,8.7e-5
Daulton,8.7e-5
Elisha,8.7e-5
Savon,8.7e-5
Adonis,8.7e-5
Dewayne,8.7e-5
Jamaal,8.7e-5
Asa,8.6e-5
Dan,8.6e-5
Rico,8.6e-5
Bronson,8.5e-5
Camden,8.5e-5
Rocky,8.5e-5
Dario,8.4e-5
Trace,8.4e-5
Ari,8.3e-5
Cristopher,8.3e-5
Jim,8.3e-5
Tayler,8.3e-5
Anderson,8.3e-5
Erin,8.3e-5
Josh,8.3e-5
Tory,8.3e-5
Hugh,8.3e-5
Jessy,8.3e-5
Shyheim,8.3e-5
Stetson,8.3e-5
Tyron,8.3e-5
Austyn,8.2e-5
Deshaun,8.2e-5
Dondre,8.2e-5
Jacoby,8.2e-5
Rex,8.2e-5
Kelsey,8.2e-5
Emmett,8.1e-5
Justyn,8.1e-5
Kadeem,8.1e-5
Leland,8.1e-5
Markell,8.1e-5
Efren,8e-5
Kellen,8e-5
Marquez,8e-5
Menachem,8e-5
Ted,8e-5
Unknown,8e-5
Amos,8e-5
Cecil,8e-5
Harvey,8e-5
Justus,8e-5
Markel,8e-5
Misael,8e-5
Rasheed,8e-5
Alton,7.9e-5
Blair,7.9e-5
Abram,7.9e-5
Ellis,7.9e-5
Lionel,7.9e-5
Maximillian,7.9e-5
Dallin,7.8e-5
Edgardo,7.8e-5
Jayden,7.8e-5
Khari,7.8e-5
Dawson,7.8e-5
Denver,7.8e-5
Jevon,7.8e-5
Tyquan,7.8e-5
Rusty,7.7e-5
Sonny,7.7e-5
Trayvon,7.7e-5
Niko,7.6e-5
Alonso,7.6e-5
Davin,7.6e-5
Hernan,7.6e-5
Muhammad,7.6e-5
Remington,7.6e-5
Augustus,7.5e-5
Benny,7.5e-5
Daron,7.5e-5
Mikel,7.5e-5
Silas,7.5e-5
Valentin,7.5e-5
Wendell,7.5e-5
Antony,7.5e-5
Clyde,7.5e-5
Gunner,7.5e-5
Ibrahim,7.5e-5
Kelby,7.5e-5
Kevon,7.5e-5
Talon,7.5e-5
Galen,7.4e-5
Najee,7.4e-5
Asher,7.4e-5
Barrett,7.4e-5
Jess,7.4e-5
Jody,7.4e-5
Jorden,7.4e-5
Demetri,7.3e-5
Devontae,7.3e-5
Lyle,7.3e-5
Auston,7.3e-5
Coby,7.3e-5
Marques,7.3e-5
Orion,7.3e-5
Sherman,7.3e-5
Alexandre,7.2e-5
Ryne,7.2e-5
Storm,7.2e-5
Turner,7.2e-5
Bryon,7.2e-5
Cain,7.2e-5
Dionte,7.2e-5
Kegan,7.2e-5
Aldo,7.1e-5
Andreas,7.1e-5
Isidro,7.1e-5
Jaylin,7.1e-5
Titus,7.1e-5
Cristobal,7.1e-5
Giancarlo,7.1e-5
Randolph,7.1e-5
Dalvin,7e-5
Edmund,7e-5
Kelton,7e-5
Trae,7e-5
Brant,7e-5
Broderick,7e-5
Chadwick,7e-5
Chaim,7e-5
Chester,7e-5
Jerrell,7e-5
Kennedy,7e-5
Carlo,6.9e-5
Darrien,6.9e-5
Domenic,6.9e-5
Hans,6.9e-5
Layne,6.9e-5
River,6.9e-5
Kendal,6.9e-5
Kenton,6.9e-5
Tavon,6.9e-5
Codi,6.8e-5
Julien,6.8e-5
Rodrick,6.8e-5
Ulysses,6.8e-5
Alek,6.8e-5
Destin,6.8e-5
Eliseo,6.8e-5
Kole,6.8e-5
Marty,6.8e-5
Otis,6.8e-5
Tyrin,6.8e-5
Darwin,6.7e-5
Justen,6.7e-5
Shelton,6.7e-5
Kirby,6.7e-5
Randal,6.7e-5
Tariq,6.7e-5
Jacques,6.6e-5
Ryder,6.6e-5
Dakoda,6.6e-5
Demarco,6.6e-5
Axel,6.5e-5
Greg,6.5e-5
Tyshawn,6.5e-5
Wilfredo,6.5e-5
Ashley,6.5e-5
Cale,6.5e-5
Demonte,6.5e-5
Mikal,6.5e-5
Syed,6.5e-5
Sylvester,6.5e-5
Eliezer,6.4e-5
Samson,6.4e-5
Ervin,6.4e-5
Male,6.4e-5
Nicklaus,6.4e-5
Pete,6.4e-5
Shay,6.4e-5
Waylon,6.4e-5
Westley,6.4e-5
Darrick,6.3e-5
Garry,6.3e-5
Dejuan,6.3e-5
Genaro,6.3e-5
Maverick,6.3e-5
Morris,6.3e-5
Samir,6.3e-5
Schuyler,6.3e-5
Armani,6.2e-5
Demario,6.2e-5
Desean,6.2e-5
Eddy,6.2e-5
Garett,6.2e-5
Kahlil,6.2e-5
Spenser,6.2e-5
Bryton,6.2e-5
Dontae,6.2e-5
Jerald,6.2e-5
Jonatan,6.2e-5
Lazaro,6.2e-5
Luther,6.2e-5
Nikko,6.2e-5
Abdul,6.1e-5
Brannon,6.1e-5
Francesco,6.1e-5
Dominque,6.1e-5
Kenyon,6.1e-5
Mickey,6.1e-5
Blaise,6e-5
