name,percent
Emily,0.013122
Jessica,0.012621
Ashley,0.012357
Sarah,0.010965
Samantha,0.01072
Taylor,0.009994
Hannah,0.009702
Alexis,0.008656
Rachel,0.008399
Elizabeth,0.008335
Kayla,0.007969
Megan,0.007707
Amanda,0.007283
Brittany,0.007201
Madison,0.006996
Lauren,0.006576
Brianna,0.006222
Victoria,0.006187
Jennifer,0.00612
Stephanie,0.006074
Courtney,0.005921
Nicole,0.005811
Alyssa,0.005751
Rebecca,0.005536
Morgan,0.005372
Alexandra,0.00523
Amber,0.005098
Jasmine,0.005065
Danielle,0.004845
Haley,0.004718
Katherine,0.004628
Abigail,0.004484
Anna,0.004458
Olivia,0.00424
Shelby,0.004148
Kelsey,0.003995
Maria,0.003959
Allison,0.003889
Sydney,0.003789
Kaitlyn,0.00378
Kimberly,0.003745
Melissa,0.003741
Savannah,0.003652
Mary,0.003614
Brooke,0.00351
Natalie,0.003491
Michelle,0.00344
Julia,0.003294
Jordan,0.003286
Sara,0.003279
Erin,0.003265
Tiffany,0.003213
Emma,0.003195
Gabrielle,0.003071
Chelsea,0.00306
Destiny,0.003056
Christina,0.003028
Sabrina,0.003013
Marissa,0.003002
Vanessa,0.002997
Andrea,0.002958
Sierra,0.002865
Mariah,0.002841
Katelyn,0.00283
Paige,0.002788
Laura,0.002719
Madeline,0.002565
Jacqueline,0.002545
Cheyenne,0.002539
Kristen,0.002532
Heather,0.002481
Briana,0.002472
Kelly,0.002472
Breanna,0.002452
Mackenzie,0.002398
Alexandria,0.002386
Miranda,0.002384
Caroline,0.00233
Erica,0.002328
Shannon,0.002264
Monica,0.002258
Katie,0.002245
Jenna,0.002238
Caitlin,0.002228
Bailey,0.002187
Lindsey,0.002147
Kathryn,0.002137
Amy,0.002124
Cassandra,0.002096
Angela,0.002016
Alicia,0.002015
Crystal,0.001974
Hailey,0.001964
Grace,0.001952
Catherine,0.00195
Jamie,0.001879
Angelica,0.001777
Leah,0.00173
Molly,0.001728
Alexa,0.001701
Cynthia,0.001664
Michaela,0.001657
Kaitlin,0.001636
Autumn,0.001622
Margaret,0.001619
Erika,0.001607
Diana,0.001541
Karina,0.001494
Cassidy,0.001485
Kaylee,0.001463
Kylie,0.001461
Chloe,0.001452
Meghan,0.001447
Veronica,0.001432
Brittney,0.001431
Claire,0.001429
Bethany,0.001408
Leslie,0.00139
Melanie,0.00139
Hayley,0.001345
Casey,0.001331
Dominique,0.001328
Bianca,0.001317
Carly,0.001311
Daisy,0.001311
Sophia,0.001311
Jocelyn,0.001309
Rachael,0.001297
Makayla,0.001285
Holly,0.001272
Gabriela,0.001259
Brenda,0.001259
Lindsay,0.001251
Karen,0.001251
Christine,0.001236
Kendra,0.001235
Summer,0.001223
Caitlyn,0.001217
Gabriella,0.001213
Whitney,0.001205
Ana,0.001202
Selena,0.001195
Mikayla,0.001192
Desiree,0.001188
Jade,0.001168
Rebekah,0.001159
Kristin,0.001146
Kristina,0.001136
Faith,0.001125
Julie,0.001115
Kathleen,0.0011
Isabella,0.001098
Adriana,0.001096
Valerie,0.001086
Zoe,0.001077
Ariana,0.001065
Alondra,0.001054
Mckenzie,0.001032
Patricia,0.001029
Alejandra,0.00102
Brandi,0.001019
Angel,0.001012
Ariel,0.001003
Audrey,0.001
Kara,9.96e-4
Alison,9.92e-4
Tara,9.91e-4
Lisa,9.72e-4
Marisa,9.69e-4
Natasha,9.63e-4
Shania,9.57e-4
Nancy,9.5e-4
Claudia,9.43e-4
Dana,9.4e-4
Lydia,9.35e-4
Kirsten,9.25e-4
April,9.18e-4
Alexus,8.88e-4
Diamond,8.86e-4
Mia,8.82e-4
Sandra,8.65e-4
Deja,8.55e-4
Mallory,8.5e-4
Raven,8.47e-4
Tori,8.42e-4
Hope,8.4e-4
Cierra,8.33e-4
Evelyn,8.31e-4
Jasmin,8.28e-4
Kiana,8.26e-4
Katrina,8.04e-4
Bridget,7.98e-4
Meagan,7.85e-4
Yesenia,7.84e-4
Cindy,7.8e-4
Monique,7.77e-4
Isabel,7.67e-4
Kendall,7.66e-4
Jillian,7.63e-4
Asia,7.55e-4
Maya,7.53e-4
Ashlee,7.5e-4
Kassandra,7.5e-4
Karla,7.49e-4
Ciara,7.46e-4
Hanna,7.41e-4
Kennedy,7.4e-4
Abby,7.39e-4
Joanna,7.32e-4
Deanna,7.26e-4
Kiara,7.26e-4
Mercedes,7.25e-4
Naomi,7.21e-4
Arianna,7.14e-4
Brandy,7.1e-4
Jazmin,7.01e-4
Krystal,6.98e-4
Guadalupe,6.93e-4
Anne,6.92e-4
Tatiana,6.87e-4
Krista,6.85e-4
Amelia,6.73e-4
Chelsey,6.7e-4
Katelynn,6.7e-4
Jada,6.56e-4
Tessa,6.55e-4
Ashlyn,6.48e-4
Jazmine,6.48e-4
Mckenna,6.42e-4
Denise,6.42e-4
Tabitha,6.4e-4
Allyson,6.38e-4
Carolyn,6.31e-4
Marisol,6.23e-4
Gina,6.22e-4
Katlyn,6.19e-4
Meredith,6.16e-4
Ashleigh,6.15e-4
Imani,6.11e-4
Alisha,6.08e-4
Nina,6.04e-4
Clarissa,6.03e-4
Alana,6.03e-4
Celeste,6.03e-4
Ellen,6.01e-4
Cristina,6e-4
Brenna,6e-4
Riley,5.99e-4
Tiara,5.96e-4
Savanna,5.92e-4
Lillian,5.89e-4
Kasey,5.87e-4
Daniela,5.85e-4
Jordyn,5.83e-4
Peyton,5.76e-4
Maggie,5.76e-4
Logan,5.73e-4
Aubrey,5.72e-4
Justine,5.7e-4
Priscilla,5.7e-4
Lily,5.69e-4
Kyra,5.66e-4
Madeleine,5.66e-4
Delaney,5.64e-4
Felicia,5.64e-4
Alexia,5.61e-4
Alissa,5.6e-4
Marina,5.6e-4
Cecilia,5.58e-4
Teresa,5.58e-4
Tia,5.55e-4
Colleen,5.53e-4
Dakota,5.51e-4
Lacey,5.5e-4
Carolina,5.5e-4
Shayla,5.5e-4
Sadie,5.49e-4
Adrianna,5.48e-4
Raquel,5.44e-4
Mikaela,5.43e-4
Kylee,5.39e-4
Genesis,5.37e-4
Kelsie,5.34e-4
Payton,5.31e-4
Jenny,5.29e-4
Brooklyn,5.27e-4
Tamara,5.24e-4
Kyla,5.2e-4
Miriam,5.2e-4
Heidi,5.18e-4
Rosa,5.17e-4
Annie,5.16e-4
Virginia,5.15e-4
Ruby,5.13e-4
Linda,5.13e-4
Jessie,5.11e-4
Wendy,5.06e-4
Renee,5e-4
Susan,4.99e-4
Camille,4.95e-4
Elena,4.93e-4
Charlotte,4.92e-4
Jaclyn,4.9e-4
Tiana,4.9e-4
Elise,4.87e-4
Makenzie,4.86e-4
Cheyanne,4.85e-4
Gloria,4.84e-4
Serena,4.83e-4
Angelina,4.79e-4
Jacquelyn,4.74e-4
Destinee,4.69e-4
Helen,4.69e-4
Vivian,4.68e-4
Ashton,4.67e-4
Mayra,4.67e-4
Theresa,4.61e-4
Callie,4.58e-4
Carrie,4.57e-4
Esther,4.57e-4
Carmen,4.54e-4
Madelyn,4.52e-4
Martha,4.51e-4
Justice,4.49e-4
Cara,4.49e-4
Sharon,4.49e-4
Anastasia,4.48e-4
Skylar,4.46e-4
Valeria,4.46e-4
Sophie,4.46e-4
Baylee,4.45e-4
Kali,4.44e-4
Tyler,4.43e-4
Julianna,4.34e-4
Aaliyah,4.34e-4
Sidney,4.33e-4
Natalia,4.32e-4
Janet,4.3e-4
Juliana,4.3e-4
Josie,4.28e-4
Pamela,4.25e-4
Toni,4.25e-4
Liliana,4.24e-4
Marie,4.23e-4
Kate,4.22e-4
Ebony,4.18e-4
Lorena,4.18e-4
Eva,4.15e-4
Kelli,4.13e-4
Ruth,4.13e-4
Emilee,4.13e-4
Kierra,4.11e-4
Francesca,4.1e-4
Hunter,4.08e-4
Nichole,4.08e-4
Nadia,4.07e-4
Tatyana,4.04e-4
Haylee,4.03e-4
Esmeralda,4.01e-4
Carla,4e-4
Sofia,4e-4
Candace,3.96e-4
Bryanna,3.91e-4
Tierra,3.9e-4
Kaitlynn,3.88e-4
Macy,3.85e-4
Elisabeth,3.85e-4
Harley,3.81e-4
Kailey,3.81e-4
Isabelle,3.78e-4
Josephine,3.78e-4
Kira,3.78e-4
Carissa,3.77e-4
Christian,3.76e-4
Robin,3.75e-4
Carley,3.67e-4
Paola,3.66e-4
Precious,3.66e-4
Rose,3.64e-4
Sasha,3.64e-4
Breana,3.64e-4
Britney,3.64e-4
Tayler,3.63e-4
Alaina,3.61e-4
Nikki,3.6e-4
Janelle,3.59e-4
Kellie,3.58e-4
Haleigh,3.55e-4
Bria,3.54e-4
Aimee,3.52e-4
Aliyah,3.52e-4
Taryn,3.52e-4
Devin,3.5e-4
Antonia,3.49e-4
India,3.49e-4
Alyson,3.48e-4
Ann,3.47e-4
Brianne,3.46e-4
Melody,3.46e-4
Clara,3.44e-4
Barbara,3.43e-4
Gianna,3.42e-4
Cassie,3.41e-4
Devon,3.39e-4
Ivy,3.37e-4
Lucy,3.37e-4
Jane,3.33e-4
Larissa,3.33e-4
Sonia,3.32e-4
Deborah,3.31e-4
Kayleigh,3.29e-4
Noelle,3.26e-4
Mariana,3.25e-4
Regina,3.25e-4
Marilyn,3.19e-4
Candice,3.18e-4
Irene,3.18e-4
Carina,3.17e-4
Arielle,3.16e-4
Stacy,3.16e-4
Tyra,3.15e-4
Karissa,3.15e-4
Nicolette,3.15e-4
Kiersten,3.14e-4
Tania,3.13e-4
Kenya,3.13e-4
Kaila,3.12e-4
Yasmine,3.11e-4
Kourtney,3.1e-4
Alice,3.08e-4
Lesley,3.08e-4
Shayna,3.07e-4
Johanna,3.06e-4
Daniella,3.06e-4
Kassidy,3.06e-4
Joy,3.05e-4
Stacey,3.04e-4
Allie,3.03e-4
Adrienne,3.01e-4
Tiffani,3.01e-4
Tina,3.01e-4
Elisa,3.01e-4
Simone,2.98e-4
Yasmin,2.98e-4
Tanya,2.97e-4
Reagan,2.96e-4
Nia,2.95e-4
Alma,2.93e-4
Lexus,2.9e-4
Micaela,2.9e-4
Nora,2.9e-4
Abbey,2.88e-4
Mckayla,2.88e-4
Paula,2.88e-4
Angelique,2.87e-4
Sylvia,2.87e-4
Talia,2.87e-4
Leticia,2.86e-4
Chasity,2.84e-4
Frances,2.84e-4
Alanna,2.83e-4
Christy,2.83e-4
Cristal,2.82e-4
Kari,2.82e-4
Eliza,2.81e-4
Melinda,2.81e-4
Ciera,2.8e-4
Shawna,2.8e-4
Skyler,2.79e-4
Elaine,2.77e-4
Tianna,2.77e-4
Maritza,2.74e-4
Kelsi,2.71e-4
Chelsie,2.71e-4
Emilie,2.71e-4
Marlene,2.7e-4
Robyn,2.69e-4
Hailee,2.65e-4
Bailee,2.63e-4
Kaley,2.62e-4
Jaime,2.61e-4
Kaleigh,2.6e-4
Kaylin,2.59e-4
Viviana,2.58e-4
Avery,2.57e-4
Chandler,2.57e-4
Charity,2.54e-4
Moriah,2.54e-4
Regan,2.54e-4
Thalia,2.54e-4
Carlie,2.54e-4
Eleanor,2.53e-4
Kaylie,2.53e-4
Kristy,2.53e-4
Perla,2.53e-4
Kiera,2.53e-4
Tamia,2.52e-4
Darian,2.52e-4
Hallie,2.51e-4
Kristine,2.5e-4
Randi,2.5e-4
Maribel,2.49e-4
Christa,2.48e-4
Yvette,2.48e-4
Janae,2.47e-4
Chantel,2.47e-4
Shaina,2.47e-4
Judith,2.45e-4
Cortney,2.44e-4
Shyanne,2.44e-4
Margarita,2.43e-4
Paulina,2.42e-4
Ashlynn,2.4e-4
Genevieve,2.4e-4
Jocelyne,2.4e-4
Tracy,2.39e-4
Cameron,2.38e-4
Keely,2.37e-4
Blanca,2.36e-4
Iris,2.36e-4
Jeanette,2.36e-4
Meaghan,2.36e-4
Desirae,2.35e-4
Lizbeth,2.35e-4
Leanna,2.35e-4
Clare,2.34e-4
Halie,2.34e-4
Yvonne,2.33e-4
Kathy,2.33e-4
Maddison,2.33e-4
Makenna,2.32e-4
Madalyn,2.32e-4
Stephany,2.31e-4
Rachelle,2.3e-4
Cayla,2.29e-4
Dallas,2.29e-4
Julianne,2.28e-4
Brittani,2.27e-4
Paris,2.27e-4
Ericka,2.26e-4
Katharine,2.26e-4
Phoebe,2.26e-4
Darby,2.25e-4
Essence,2.25e-4
Alexandrea,2.24e-4
Katelin,2.24e-4
Addison,2.23e-4
Moesha,2.22e-4
Lyric,2.22e-4
Maranda,2.21e-4
Fatima,2.2e-4
Mollie,2.2e-4
Jayla,2.2e-4
Tanisha,2.2e-4
Donna,2.19e-4
Rosemary,2.19e-4
Kaylyn,2.19e-4
Susana,2.18e-4
Alina,2.18e-4
Chanel,2.17e-4
Lena,2.17e-4
Alisa,2.17e-4
Savanah,2.17e-4
Aisha,2.16e-4
Carol,2.15e-4
Kacie,2.13e-4
Tess,2.13e-4
Edith,2.13e-4
Lea,2.13e-4
Lexi,2.13e-4
Breanne,2.11e-4
Casandra,2.11e-4
Sandy,2.11e-4
Kristi,2.11e-4
Kiley,2.09e-4
Lucia,2.09e-4
Bridgette,2.08e-4
Shantel,2.08e-4
Michele,2.07e-4
Jaqueline,2.06e-4
Skye,2.06e-4
Anita,2.06e-4
Georgia,2.06e-4
Diane,2.05e-4
Mara,2.05e-4
Heaven,2.03e-4
Corinne,2.03e-4
Noemi,2.03e-4
Sarai,2.02e-4
Bonnie,2.01e-4
Estefania,2.01e-4
Tristan,2.01e-4
Lyndsey,2.01e-4
Reyna,2.01e-4
Araceli,2e-4
Karly,2e-4
Beatriz,1.99e-4
Nathalie,1.99e-4
Ryan,1.99e-4
Ella,1.98e-4
Jacklyn,1.98e-4
Stefanie,1.98e-4
Gillian,1.98e-4
Rylee,1.98e-4
Sheila,1.98e-4
Halle,1.97e-4
Yolanda,1.97e-4
Fiona,1.96e-4
Laurel,1.96e-4
Selina,1.96e-4
Ellie,1.95e-4
Karli,1.95e-4
Montana,1.95e-4
Eileen,1.95e-4
Brielle,1.94e-4
Destiney,1.93e-4
Karlee,1.93e-4
Katarina,1.93e-4
Karlie,1.92e-4
Misty,1.92e-4
Kianna,1.91e-4
Carli,1.91e-4
Sally,1.9e-4
Giselle,1.89e-4
Kailee,1.88e-4
Keisha,1.88e-4
Alysha,1.87e-4
Micah,1.87e-4
Aspen,1.86e-4
Celina,1.86e-4
Alayna,1.85e-4
Aurora,1.85e-4
Emely,1.85e-4
Lexie,1.85e-4
Eden,1.84e-4
Elaina,1.84e-4
Alex,1.83e-4
Shauna,1.83e-4
Yadira,1.83e-4
Kelley,1.83e-4
Dorothy,1.82e-4
Abbie,1.82e-4
Angie,1.82e-4
Antoinette,1.82e-4
Helena,1.82e-4
Demi,1.81e-4
Shakira,1.81e-4
Jill,1.8e-4
Kaela,1.8e-4
Lori,1.8e-4
Joyce,1.79e-4
Kelsea,1.79e-4
Shana,1.79e-4
Katlin,1.77e-4
Shirley,1.77e-4
Zoey,1.77e-4
Destini,1.76e-4
Janice,1.76e-4
Lauryn,1.76e-4
Ayanna,1.76e-4
Sage,1.76e-4
Celia,1.75e-4
Tasha,1.75e-4
Shelbie,1.75e-4
Blair,1.74e-4
Suzanne,1.74e-4
Annika,1.74e-4
Trisha,1.73e-4
Norma,1.73e-4
Lesly,1.72e-4
Roxanne,1.72e-4
Trinity,1.72e-4
Rocio,1.71e-4
Carlee,1.7e-4
Cora,1.7e-4
Ali,1.7e-4
Kasandra,1.7e-4
Ashlie,1.68e-4
Luz,1.68e-4
Odalys,1.68e-4
Rochelle,1.68e-4
Dulce,1.67e-4
Fabiola,1.67e-4
Shelbi,1.67e-4
Joselyn,1.67e-4
Shanice,1.67e-4
Athena,1.65e-4
Dalia,1.65e-4
Yessenia,1.64e-4
Juanita,1.64e-4
Kerri,1.64e-4
Ashanti,1.63e-4
Hillary,1.63e-4
Brook,1.62e-4
Christiana,1.62e-4
Keri,1.62e-4
Loren,1.62e-4
Daisha,1.62e-4
Maura,1.62e-4
Itzel,1.6e-4
Janessa,1.6e-4
Kirstin,1.6e-4
Rita,1.59e-4
Aileen,1.58e-4
Arlene,1.58e-4
Jena,1.58e-4
Yamilex,1.57e-4
Aleah,1.56e-4
Breann,1.56e-4
Kacey,1.56e-4
Kaelyn,1.56e-4
Anissa,1.55e-4
Rhiannon,1.55e-4
Sarina,1.55e-4
Kailyn,1.54e-4
Rebeca,1.54e-4
Annette,1.53e-4
Silvia,1.53e-4
Mariela,1.53e-4
Kori,1.52e-4
Gretchen,1.51e-4
Tristen,1.51e-4
Esperanza,1.51e-4
Jesse,1.51e-4
Kerry,1.51e-4
Maegan,1.51e-4
Zaria,1.51e-4
Charlene,1.5e-4
Mikala,1.5e-4
Shanna,1.5e-4
Sonya,1.5e-4
Allyssa,1.5e-4
Drew,1.5e-4
Justina,1.5e-4
Melina,1.5e-4
Miracle,1.5e-4
Shea,1.49e-4
Tamera,1.49e-4
Ava,1.49e-4
Brionna,1.49e-4
Karley,1.49e-4
Sydnee,1.49e-4
Cecelia,1.48e-4
Darlene,1.48e-4
Macey,1.48e-4
Alysia,1.48e-4
Mireya,1.48e-4
Sade,1.48e-4
Alize,1.47e-4
Gwendolyn,1.47e-4
Jodi,1.47e-4
Myranda,1.47e-4
Berenice,1.47e-4
Bobbie,1.47e-4
Alycia,1.46e-4
Ashly,1.46e-4
Iesha,1.46e-4
Kristian,1.46e-4
Xena,1.46e-4
Abbigail,1.45e-4
Corina,1.45e-4
Lucero,1.45e-4
Macie,1.45e-4
Dania,1.45e-4
Dasia,1.45e-4
Lacy,1.45e-4
Gladys,1.44e-4
Ashli,1.44e-4
Brooklynn,1.43e-4
Graciela,1.43e-4
Katy,1.43e-4
Katia,1.43e-4
Breonna,1.42e-4
Celine,1.41e-4
Kalyn,1.41e-4
Shyann,1.41e-4
Lara,1.41e-4
Lizette,1.41e-4
Elissa,1.4e-4
Malia,1.4e-4
Nataly,1.4e-4
Beverly,1.39e-4
Julissa,1.38e-4
Yasmeen,1.38e-4
Alessandra,1.38e-4
Jackie,1.38e-4
Jayme,1.38e-4
Unique,1.38e-4
Joanne,1.37e-4
Kaci,1.37e-4
Mandy,1.37e-4
Christen,1.36e-4
Dawn,1.36e-4
Kayli,1.36e-4
Khadijah,1.36e-4
Bryana,1.35e-4
Kristyn,1.35e-4
Leanne,1.35e-4
Alena,1.35e-4
Connie,1.35e-4
Monika,1.34e-4
Ingrid,1.34e-4
Kayley,1.34e-4
Devyn,1.33e-4
Patience,1.33e-4
Roxana,1.33e-4
Devan,1.33e-4
Daija,1.32e-4
Kaylynn,1.32e-4
Cheryl,1.32e-4
Anika,1.31e-4
Carson,1.31e-4
Mindy,1.31e-4
Magdalena,1.3e-4
Hollie,1.3e-4
Scarlett,1.3e-4
Sienna,1.3e-4
Maricela,1.29e-4
Ayana,1.29e-4
Dianna,1.29e-4
Mariam,1.29e-4
Aja,1.28e-4
Maia,1.28e-4
Chantal,1.27e-4
Juliet,1.27e-4
Kenzie,1.27e-4
Jennie,1.27e-4
Amani,1.26e-4
Jenifer,1.26e-4
Noel,1.26e-4
Daja,1.26e-4
Daphne,1.26e-4
Kortney,1.26e-4
Chynna,1.25e-4
Bobbi,1.25e-4
Racheal,1.25e-4
Beth,1.24e-4
Haylie,1.24e-4
Octavia,1.24e-4
Alysa,1.24e-4
Constance,1.24e-4
Vanesa,1.24e-4
Brandie,1.23e-4
Emerald,1.23e-4
Judy,1.23e-4
Myra,1.23e-4
Ayla,1.23e-4
Kalie,1.23e-4
Maureen,1.23e-4
Sydni,1.23e-4
Sydnie,1.23e-4
Jana,1.22e-4
Joelle,1.22e-4
Kala,1.22e-4
Lilly,1.22e-4
Marley,1.22e-4
Stevie,1.22e-4
Catalina,1.21e-4
Tatianna,1.21e-4
Elyssa,1.21e-4
Janie,1.21e-4
Trista,1.21e-4
Janette,1.2e-4
Nadine,1.2e-4
Alecia,1.2e-4
Marianna,1.2e-4
Terri,1.2e-4
Cori,1.19e-4
Elsa,1.19e-4
Gabriel,1.19e-4
Debra,1.18e-4
Hali,1.18e-4
Nayeli,1.18e-4
Shianne,1.18e-4
Tammy,1.18e-4
Kia,1.18e-4
Mattie,1.17e-4
Damaris,1.17e-4
Dayna,1.17e-4
Elisha,1.17e-4
Emilia,1.17e-4
Stacie,1.17e-4
Tabatha,1.17e-4
Chase,1.16e-4
Eliana,1.16e-4
Jessika,1.16e-4
Martina,1.16e-4
Susanna,1.16e-4
Amari,1.16e-4
Annamarie,1.16e-4
Asha,1.15e-4
Hana,1.15e-4
Juliette,1.15e-4
Audra,1.15e-4
Juana,1.15e-4
Kallie,1.15e-4
Tonya,1.15e-4
Baby,1.14e-4
Leigh,1.14e-4
Reina,1.14e-4
Domonique,1.14e-4
Isis,1.14e-4
Marisela,1.14e-4
Christie,1.13e-4
Madisen,1.13e-4
Shelly,1.13e-4
Elyse,1.13e-4
Katlynn,1.13e-4
Kaycee,1.13e-4
Kinsey,1.13e-4
Odalis,1.13e-4
Adrian,1.12e-4
Beatrice,1.12e-4
Brittni,1.12e-4
Kendal,1.12e-4
Layla,1.12e-4
Stormy,1.12e-4
Aubree,1.11e-4
Jazmyn,1.11e-4
Kenia,1.11e-4
Betty,1.11e-4
Kaylah,1.11e-4
Princess,1.11e-4
Annabelle,1.1e-4
Chaya,1.1e-4
Cydney,1.1e-4
Marlena,1.1e-4
Krysta,1.1e-4
Sarahi,1.1e-4
Yajaira,1.1e-4
Dina,1.09e-4
Leilani,1.09e-4
Lynn,1.09e-4
Alia,1.09e-4
Denisse,1.09e-4
Jalisa,1.09e-4
Jami,1.08e-4
Marlee,1.08e-4
Haven,1.08e-4
Katerina,1.08e-4
Liana,1.08e-4
Cinthia,1.07e-4
Terra,1.06e-4
Viridiana,1.06e-4
Jailene,1.06e-4
Jazlyn,1.06e-4
Kyleigh,1.06e-4
Tatum,1.06e-4
Valentina,1.06e-4
Alyssia,1.05e-4
Anjelica,1.05e-4
Billie,1.05e-4
Chyna,1.05e-4
Estefany,1.05e-4
Ivette,1.05e-4
Sheridan,1.05e-4
Alesha,1.05e-4
Ansley,1.05e-4
Madyson,1.05e-4
Paloma,1.05e-4
Rikki,1.05e-4
Eboni,1.04e-4
Jaycie,1.04e-4
Giovanna,1.04e-4
Jacey,1.04e-4
Lexis,1.04e-4
Lacie,1.03e-4
Olga,1.03e-4
Tracey,1.03e-4
Tyesha,1.03e-4
Belinda,1.03e-4
Yazmin,1.03e-4
Astrid,1.02e-4
Eryn,1.02e-4
Caitlynn,1.02e-4
Daijah,1.02e-4
Jasmyn,1.02e-4
Fernanda,1.01e-4
Infant,1.01e-4
Joslyn,1.01e-4
Quinn,1.01e-4
Christin,1.01e-4
Dejah,1.01e-4
Maxine,1.01e-4
Janay,1e-4
Pauline,1e-4
Yaritza,1e-4
Jessi,1e-4
Leeann,1e-4
Blake,9.9e-5
China,9.9e-5
Kimberley,9.9e-5
Melisa,9.9e-5
Rayna,9.9e-5
Alivia,9.9e-5
Leann,9.9e-5
Luisa,9.9e-5
Griselda,9.8e-5
Jaden,9.8e-5
Kimberlee,9.8e-5
