name,percent
Michael,0.019156
Matthew,0.016019
Jacob,0.015928
Christopher,0.015495
Joshua,0.014565
Nicholas,0.013843
Tyler,0.013464
Brandon,0.01291
Austin,0.012814
Andrew,0.012594
Daniel,0.012521
Joseph,0.012351000000000001
David,0.011475
Zachary,0.011169
John,0.011057
Ryan,0.010889
James,0.010565
William,0.010253
Anthony,0.010238
Justin,0.009991
Jonathan,0.009278
Alexander,0.008966
Robert,0.008826
Christian,0.007901
Kyle,0.007789
Kevin,0.007281
Jordan,0.006918
Thomas,0.006891
Benjamin,0.006875
Samuel,0.00679
Cody,0.00647
Jose,0.006065
Dylan,0.006007
Aaron,0.005971
Eric,0.005795
Brian,0.005227
Nathan,0.005133
Steven,0.004816
Adam,0.004771
Timothy,0.004453
Jason,0.004341
Logan,0.004182
Charles,0.004119
Patrick,0.004093
Richard,0.004087
Sean,0.003945
Hunter,0.003796
Caleb,0.003768
Cameron,0.003689
Noah,0.003582
Jesse,0.00353
Juan,0.0035
Connor,0.003452
Alex,0.003452
Mark,0.003292
Jeremy,0.003201
Luis,0.003197
Dakota,0.003029
Devin,0.002997
Stephen,0.002996
Gabriel,0.002945
Ethan,0.002921
Trevor,0.002919
Jared,0.002907
Evan,0.002786
Bryan,0.002776
Carlos,0.00273
Tristan,0.002725
Nathaniel,0.002707
Ian,0.002702
Isaiah,0.002656
Jeffrey,0.002628
Travis,0.002576
Jesus,0.002552
Luke,0.002504
Chase,0.002493
Kenneth,0.002483
Paul,0.002435
Dustin,0.002434
Antonio,0.002427
Elijah,0.002404
Taylor,0.002396
Bradley,0.002375
Blake,0.002371
Garrett,0.002324
Isaac,0.002276
Marcus,0.00227
Mitchell,0.002193
Jack,0.00212
Tanner,0.002088
Miguel,0.002077
Adrian,0.002051
Lucas,0.002048
Corey,0.00204
Peter,0.002034
Edward,0.002034
Malik,0.002009
Gregory,0.001994
Dalton,0.001988
Victor,0.001961
Derek,0.001958
Angel,0.001953
Seth,0.001941
Mason,0.001938
Colton,0.001892
Cole,0.001867
Alejandro,0.001836
Scott,0.001833
Spencer,0.001803
Brett,0.001787
Shawn,0.001749
Shane,0.001742
Jorge,0.001727
Jake,0.001721
Collin,0.001677
Vincent,0.001668
Alec,0.001652
George,0.001612
Grant,0.0016
Bryce,0.001544
Dillon,0.00151
Erik,0.001508
Eduardo,0.001504
Joel,0.001497
Oscar,0.001496
Colin,0.001476
Devon,0.001452
Ricardo,0.00144
Julian,0.001425
Cristian,0.00142
Brendan,0.001404
Francisco,0.001404
Raymond,0.001398
Wyatt,0.001392
Dominic,0.001334
Jackson,0.001321
Wesley,0.001307
Johnathan,0.00128
Henry,0.001273
Omar,0.001256
Xavier,0.001251
Casey,0.00123
Cory,0.001221
Alan,0.00122
Manuel,0.001203
Riley,0.001195
Mario,0.001187
Edgar,0.001177
Clayton,0.001168
Phillip,0.001153
Nicolas,0.001145
Martin,0.001139
Javier,0.001122
Chance,0.00112
Troy,0.001117
Ronald,0.001114
Chandler,0.001091
Donald,0.001091
Keith,0.001091
Chad,0.001082
Andres,0.001082
Frank,0.001072
Drew,0.001049
Jeremiah,0.001049
Levi,0.001048
Ivan,0.001042
Sergio,0.001021
Hayden,0.001006
Derrick,9.96e-4
Cesar,9.92e-4
Jonathon,9.86e-4
Andre,9.81e-4
Hector,9.81e-4
Marco,9.61e-4
Roberto,9.58e-4
Brady,9.57e-4
Maxwell,9.49e-4
Fernando,9.37e-4
Parker,8.97e-4
Alexis,8.96e-4
Douglas,8.95e-4
Darius,8.83e-4
Calvin,8.78e-4
Liam,8.72e-4
Philip,8.61e-4
Kaleb,8.57e-4
Trenton,8.53e-4
Erick,8.51e-4
Preston,8.33e-4
Ruben,8.29e-4
Curtis,8.2e-4
Gavin,8.15e-4
Johnny,8.01e-4
Jerry,8.01e-4
Sebastian,7.93e-4
Edwin,7.92e-4
Jonah,7.83e-4
Pedro,7.82e-4
Conner,7.8e-4
Bailey,7.75e-4
Gary,7.71e-4
Gage,7.7e-4
Dennis,7.69e-4
Mathew,7.56e-4
Gerardo,7.54e-4
Randy,7.54e-4
Raul,7.45e-4
Max,7.42e-4
Harrison,7.38e-4
Micah,7.37e-4
Emmanuel,7.34e-4
Allen,7.29e-4
Julio,7.23e-4
Damian,7.03e-4
Rafael,6.99e-4
Landon,6.97e-4
Skyler,6.95e-4
Diego,6.88e-4
Larry,6.86e-4
Zachery,6.86e-4
Armando,6.83e-4
Jalen,6.83e-4
Jimmy,6.79e-4
Marcos,6.73e-4
Colby,6.71e-4
Brent,6.67e-4
Abraham,6.66e-4
Enrique,6.62e-4
Tony,6.56e-4
Jaime,6.55e-4
Albert,0.00064899999999999995
Marc,6.45e-4
Dallas,6.44e-4
Louis,6.4e-4
Andy,6.38e-4
Alberto,6.23e-4
Trey,6.23e-4
Giovanni,6.22e-4
Kristopher,6.22e-4
Josiah,6.19e-4
Zackary,6.17e-4
Ty,6.09e-4
Carter,6.07e-4
Morgan,6.07e-4
Danny,6.01e-4
Donovan,6e-4
Craig,5.99e-4
Ricky,5.98e-4
Tristen,5.93e-4
Carl,5.9e-4
Avery,5.88e-4
Trent,5.86e-4
Darren,5.69e-4
Josue,5.66e-4
Jeffery,5.59e-4
Lawrence,5.57e-4
Nolan,5.52e-4
Terry,5.46e-4
Aidan,5.45e-4
Russell,5.42e-4
Lane,5.34e-4
Micheal,5.33e-4
Nickolas,5.32e-4
Israel,5.31e-4
Arturo,5.27e-4
Rodney,5.26e-4
Joe,5.25e-4
Lance,5.23e-4
Deandre,5.22e-4
Kody,5.2e-4
Ross,5.19e-4
Walter,5.16e-4
Alfredo,5.15e-4
Lorenzo,5.09e-4
Carson,5.04e-4
Arthur,5.03e-4
Braden,5.01e-4
Owen,5.01e-4
Damon,5e-4
Ramon,4.97e-4
Griffin,4.95e-4
Jamal,4.93e-4
Dante,4.89e-4
Quentin,4.82e-4
Roger,4.78e-4
Billy,4.74e-4
Jay,4.71e-4
Branden,4.69e-4
Bobby,4.67e-4
Dominick,4.66e-4
Zane,4.59e-4
Elias,4.58e-4
Brenden,4.54e-4
Theodore,4.52e-4
Marquis,4.48e-4
Gustavo,4.48e-4
Brennan,4.47e-4
Todd,4.45e-4
Brock,4.43e-4
Jessie,4.37e-4
Johnathon,4.35e-4
Quinton,4.35e-4
Salvador,4.34e-4
Saul,4.34e-4
Drake,4.33e-4
Marvin,4.31e-4
Tommy,4.31e-4
Bryant,4.29e-4
Eli,4.27e-4
Marshall,4.27e-4
Kyler,4.23e-4
Dean,4.21e-4
Malcolm,4.2e-4
Damien,4.19e-4
Jon,4.19e-4
Zackery,4.16e-4
Miles,4.15e-4
Conor,4.14e-4
Eddie,4.14e-4
Justice,4.13e-4
Randall,4.12e-4
Gerald,4.09e-4
Reginald,4.08e-4
Maurice,4.05e-4
Frederick,4.03e-4
Tucker,4.01e-4
Ashton,4e-4
Willie,4e-4
Fabian,3.99e-4
Keegan,3.98e-4
Pablo,3.97e-4
Quinn,3.95e-4
Angelo,3.88e-4
Ernesto,3.87e-4
Ismael,3.86e-4
Peyton,3.86e-4
Emilio,3.83e-4
Demetrius,3.8e-4
Esteban,3.68e-4
Terrance,3.65e-4
Triston,3.63e-4
Simon,3.61e-4
Lee,3.6e-4
Kameron,3.59e-4
Dominique,3.59e-4
Roy,3.58e-4
Zachariah,3.58e-4
Khalil,3.57e-4
Brendon,3.51e-4
Franklin,3.47e-4
Emanuel,3.45e-4
Bryson,3.44e-4
Guillermo,3.44e-4
Jamie,3.42e-4
Devonte,3.4e-4
Tyrone,3.4e-4
Devante,3.38e-4
Kelvin,3.38e-4
Kendall,3.38e-4
Trevon,3.37e-4
Terrell,3.34e-4
Cooper,3.33e-4
Roman,3.32e-4
Bruce,3.32e-4
Isiah,3.28e-4
Myles,3.26e-4
Orlando,3.24e-4
Rene,3.24e-4
Steve,3.24e-4
Clay,3.24e-4
Shaun,3.23e-4
Jarrett,3.18e-4
Skylar,3.18e-4
Tristin,3.14e-4
Desmond,3.13e-4
Terrence,3.11e-4
Nelson,3.1e-4
Rodrigo,3.08e-4
Weston,3.07e-4
Felix,3.06e-4
Darrell,3.05e-4
Jakob,3.05e-4
Lukas,3.05e-4
Kristian,3.03e-4
Oliver,3.03e-4
Abel,3.03e-4
Francis,3.03e-4
Brayden,3.02e-4
Dangelo,3.02e-4
Harley,3.01e-4
Ronnie,3.01e-4
Wayne,3.01e-4
Jerome,2.99e-4
Nikolas,2.99e-4
Brody,2.99e-4
Keenan,2.97e-4
Braxton,2.96e-4
Wade,2.96e-4
Cedric,2.96e-4
Melvin,2.92e-4
Grayson,2.91e-4
Leonardo,2.9e-4
Moises,2.9e-4
Graham,2.88e-4
Neil,2.88e-4
Payton,2.87e-4
Kendrick,2.84e-4
Kenny,2.84e-4
Davis,2.83e-4
Byron,2.83e-4
Deion,2.83e-4
Dale,2.77e-4
Tyrell,2.76e-4
Chris,2.74e-4
Rodolfo,2.72e-4
Leonard,2.72e-4
Marquise,2.71e-4
Javon,2.71e-4
Corbin,2.7e-4
Darian,2.68e-4
Devan,2.66e-4
Reed,2.66e-4
Austen,2.65e-4
Stanley,2.65e-4
Ali,2.64e-4
Beau,2.64e-4
Jermaine,2.64e-4
Keaton,2.62e-4
Sam,2.62e-4
Warren,2.62e-4
Darryl,2.61e-4
Hugo,2.59e-4
Jordon,2.59e-4
Tevin,2.59e-4
Dane,2.58e-4
Donte,2.58e-4
Noel,2.58e-4
Ernest,2.57e-4
Tomas,2.55e-4
Daquan,2.54e-4
Harold,2.54e-4
Alfonso,2.53e-4
Reid,2.53e-4
Duncan,2.52e-4
Tyson,2.52e-4
Walker,2.52e-4
Felipe,2.51e-4
Karl,2.51e-4
Jaquan,2.51e-4
Eugene,2.47e-4
Alvin,2.45e-4
Deshawn,2.42e-4
Ramiro,2.42e-4
Jayson,2.42e-4
Glenn,2.41e-4
Harry,2.41e-4
Kurt,2.41e-4
Leon,2.36e-4
Dwayne,2.35e-4
Gilberto,2.35e-4
Joey,2.35e-4
Ariel,2.34e-4
Sterling,2.34e-4
Davon,2.34e-4
Gilbert,2.34e-4
Jace,2.34e-4
Tylor,2.34e-4
Jarred,2.33e-4
Mackenzie,2.32e-4
Marlon,2.32e-4
Rogelio,2.32e-4
Denzel,2.32e-4
Nathanael,2.31e-4
Tyree,2.31e-4
Sheldon,2.29e-4
Charlie,2.28e-4
Elliot,2.28e-4
Rudy,2.28e-4
Garret,2.27e-4
Stefan,2.27e-4
Allan,2.24e-4
Leo,2.23e-4
Raekwon,2.22e-4
Ray,2.22e-4
Noe,2.21e-4
Damion,2.2e-4
Quincy,2.18e-4
Mauricio,2.16e-4
Juwan,2.15e-4
Deangelo,2.15e-4
Deonte,2.15e-4
Forrest,2.15e-4
Cade,2.14e-4
Lewis,2.13e-4
Jaylen,2.13e-4
Alfred,2.11e-4
Maximilian,2.11e-4
Brad,2.09e-4
Osvaldo,2.09e-4
Colten,2.08e-4
Elliott,2.08e-4
Rashad,2.08e-4
Geoffrey,2.08e-4
Ralph,2.07e-4
Malachi,2.07e-4
Blaine,2.06e-4
Darnell,2.05e-4
Alonzo,2.03e-4
Santiago,2.03e-4
Julius,2.03e-4
Demarcus,2.01e-4
Adan,1.98e-4
Deon,1.98e-4
Mohammad,1.98e-4
Uriel,1.98e-4
Clinton,1.97e-4
Dorian,1.97e-4
Cullen,1.96e-4
Jaden,1.95e-4
Ahmad,1.94e-4
Ezekiel,1.93e-4
Issac,1.92e-4
Rolando,1.92e-4
Nigel,1.91e-4
Sawyer,1.9e-4
Wilson,1.9e-4
Efrain,1.89e-4
Clarence,1.88e-4
Sidney,1.87e-4
Kaden,1.86e-4
Jarrod,1.85e-4
Stephan,1.85e-4
Moses,1.82e-4
Mike,1.81e-4
Roderick,1.8e-4
Amir,1.79e-4
Dandre,1.79e-4
Solomon,1.79e-4
Clifford,1.78e-4
Deven,1.77e-4
Kurtis,1.77e-4
Quintin,1.77e-4
Humberto,1.77e-4
Addison,1.75e-4
Bret,1.75e-4
Stephon,1.74e-4
Coleman,1.72e-4
Darien,1.71e-4
Gordon,1.71e-4
Toby,1.71e-4
Kelly,1.69e-4
Barry,1.69e-4
Gunnar,1.68e-4
Kade,1.68e-4
Kolton,1.67e-4
Ezra,1.66e-4
Kory,1.66e-4
Antoine,1.65e-4
Kasey,1.65e-4
Dion,1.64e-4
Ezequiel,1.64e-4
Leonel,1.63e-4
Derick,1.62e-4
Stuart,1.62e-4
Bennett,1.61e-4
Bernard,1.61e-4
Holden,1.61e-4
Mitchel,1.61e-4
Freddy,1.61e-4
Jonas,1.61e-4
Earl,1.59e-4
Ahmed,1.59e-4
Brenton,1.59e-4
Dashawn,1.59e-4
Aron,1.58e-4
Alvaro,1.58e-4
Shannon,1.58e-4
Roland,1.57e-4
Vicente,1.57e-4
Ben,1.56e-4
Sage,1.55e-4
Mohammed,1.54e-4
Perry,1.54e-4
Pierce,1.54e-4
Dexter,1.54e-4
Fredrick,1.54e-4
Tate,1.53e-4
Markus,1.53e-4
Howard,1.52e-4
Shelby,1.52e-4
Joaquin,1.52e-4
Tristian,1.52e-4
Jarvis,1.51e-4
Kirk,1.51e-4
Cordell,1.51e-4
Leroy,1.51e-4
Kareem,1.5e-4
Anfernee,1.5e-4
Kai,1.48e-4
Brice,1.48e-4
Chaz,1.48e-4
Salvatore,1.48e-4
Jaylon,1.47e-4
Korey,1.47e-4
Lamar,1.47e-4
Jayden,1.47e-4
Shayne,1.47e-4
Irvin,1.45e-4
Daryl,1.45e-4
Rhett,1.45e-4
Clint,1.44e-4
Isaias,1.44e-4
Agustin,1.43e-4
Carlton,1.42e-4
Devyn,1.42e-4
Mohamed,1.42e-4
Darion,1.41e-4
Everett,1.4e-4
Keanu,1.4e-4
Milton,1.4e-4
Travon,1.4e-4
Will,1.4e-4
Dayton,1.39e-4
Kieran,1.39e-4
Raheem,1.39e-4
Marcel,1.38e-4
Frankie,1.37e-4
Nathanial,1.37e-4
Austyn,1.37e-4
Tre,1.36e-4
Guadalupe,1.35e-4
River,1.34e-4
Caden,1.34e-4
Moshe,1.34e-4
Houston,1.33e-4
Dwight,1.33e-4
Baby,1.32e-4
Madison,1.31e-4
Neal,1.31e-4
Jaron,1.31e-4
Clark,1.3e-4
Heath,1.3e-4
Ulises,1.3e-4
Adolfo,1.3e-4
Norman,1.29e-4
Octavio,1.29e-4
Darrius,1.29e-4
German,1.29e-4
Glen,1.29e-4
Hudson,1.28e-4
Kent,1.28e-4
Reece,1.28e-4
Rigoberto,1.28e-4
Fred,1.27e-4
Brennen,1.27e-4
Raphael,1.27e-4
Courtney,1.26e-4
Kane,1.26e-4
Ignacio,1.26e-4
Jasper,1.26e-4
Shaquille,1.25e-4
Brooks,1.24e-4
Jamar,1.24e-4
Jaylin,1.24e-4
Justus,1.24e-4
Winston,1.24e-4
Jamel,1.23e-4
Terence,1.23e-4
Colt,1.23e-4
Vernon,1.23e-4
Darrin,1.22e-4
Lonnie,1.22e-4
Conrad,1.22e-4
Kolby,1.22e-4
Cornelius,1.21e-4
Quinten,1.21e-4
Rory,1.21e-4
Davonte,1.2e-4
Hakeem,1.2e-4
Reynaldo,1.2e-4
Jean,1.2e-4
Arnold,1.19e-4
Dequan,1.19e-4
Camden,1.18e-4
Estevan,1.18e-4
Darin,1.18e-4
Davion,1.18e-4
Dillan,1.18e-4
Nestor,1.18e-4
Marques,1.17e-4
Zechariah,1.17e-4
Duane,1.17e-4
Jefferson,1.17e-4
Clifton,1.16e-4
Don,1.16e-4
Jairo,1.15e-4
Mateo,1.15e-4
Elisha,1.15e-4
Stone,1.14e-4
Tracy,1.14e-4
Brandan,1.13e-4
Devonta,1.13e-4
Marquez,1.13e-4
Ladarius,1.12e-4
Keshawn,1.12e-4
Raymundo,1.12e-4
Trever,1.12e-4
Layne,1.11e-4
August,1.11e-4
Lamont,1.11e-4
Jameson,1.1e-4
Santos,1.1e-4
Aldo,1.1e-4
Keon,1.1e-4
Cruz,1.09e-4
Jamison,1.09e-4
Kristofer,1.09e-4
Talon,1.09e-4
Dontae,1.09e-4
Anton,1.08e-4
Elmer,1.08e-4
Jarod,1.08e-4
Thaddeus,1.08e-4
Rick,1.07e-4
Bernardo,1.06e-4
Reuben,1.06e-4
Rickey,1.06e-4
Antwan,1.05e-4
Bradford,1.05e-4
Lloyd,1.05e-4
Coby,1.04e-4
Cortez,1.04e-4
Cyrus,1.04e-4
Junior,1.04e-4
Kahlil,1.04e-4
Reese,1.04e-4
Hassan,1.04e-4
Armani,1.03e-4
Kellen,1.03e-4
Silas,1.03e-4
Jimmie,1.03e-4
Aubrey,1.02e-4
Ibrahim,1.02e-4
Jaleel,1.02e-4
Herbert,1.02e-4
Paris,1.01e-4
Tobias,1.01e-4
Trace,1.01e-4
Infant,1e-4
Johnnie,1e-4
Cristopher,9.9e-5
Garrison,9.9e-5
Gino,9.9e-5
Julien,9.9e-5
Benito,9.9e-5
Freddie,9.8e-5
Brandyn,9.7e-5
Darrion,9.7e-5
Dawson,9.7e-5
Dusty,9.7e-5
Gerard,9.7e-5
Heriberto,9.7e-5
Donavan,9.6e-5
Jovan,9.6e-5
Alonso,9.6e-5
Dimitri,9.6e-5
Guy,9.6e-5
Hugh,9.6e-5
Bo,9.5e-5
Misael,9.5e-5
Rashawn,9.5e-5
Arron,9.5e-5
Javonte,9.5e-5
Muhammad,9.4e-5
Antony,9.4e-5
Asher,9.4e-5
Elvis,9.4e-5
Montana,9.4e-5
Tavon,9.4e-5
Coty,9.3e-5
Dallin,9.3e-5
Ellis,9.3e-5
Keyshawn,9.3e-5
Zakary,9.3e-5
Jackie,9.3e-5
Camron,9.2e-5
Gonzalo,9.2e-5
Orion,9.2e-5
Ari,9.2e-5
Codey,9.2e-5
Efren,9.2e-5
Justyn,9.1e-5
Sammy,9.1e-5
Destin,9.1e-5
Trystan,9.1e-5
Herman,9e-5
Kerry,9e-5
Tyron,9e-5
Kelton,9e-5
Rasheed,9e-5
Benny,8.9e-5
Deondre,8.9e-5
Deshaun,8.9e-5
Donnie,8.9e-5
Kevon,8.9e-5
Royce,8.9e-5
Tariq,8.9e-5
Anderson,8.9e-5
Robin,8.9e-5
Ulysses,8.9e-5
Dylon,8.8e-5
Greyson,8.8e-5
Gunner,8.8e-5
Hernan,8.8e-5
Jamarcus,8.8e-5
Jerrod,8.8e-5
Dillion,8.8e-5
Fidel,8.8e-5
Leslie,8.8e-5
Tyquan,8.8e-5
Aric,8.7e-5
Broderick,8.7e-5
Josef,8.7e-5
Aiden,8.7e-5
Jabari,8.7e-5
Alexandro,8.6e-5
Braeden,8.6e-5
Dan,8.6e-5
Khalid,8.6e-5
Adonis,8.6e-5
Grady,8.6e-5
Maximillian,8.6e-5
Stewart,8.6e-5
Turner,8.6e-5
Dakotah,8.5e-5
Jade,8.5e-5
Nick,8.5e-5
Gene,8.5e-5
Kennedy,8.4e-5
Mikel,8.4e-5
Bradly,8.4e-5
Easton,8.4e-5
Brayan,8.3e-5
Lester,8.3e-5
Maverick,8.3e-5
Asa,8.2e-5
Bronson,8.2e-5
Donnell,8.2e-5
Josh,8.2e-5
Garett,8.2e-5
Myron,8.2e-5
Draven,8.1e-5
Pierre,8.1e-5
Remington,8.1e-5
Tarik,8.1e-5
Erich,8.1e-5
Gregorio,8.1e-5
Vance,8.1e-5
Axel,8e-5
Chaim,8e-5
Dana,8e-5
Demarco,8e-5
Emmett,8e-5
Mickey,8e-5
Shamar,8e-5
Tyshawn,8e-5
Jacoby,7.9e-5
Jamil,7.9e-5
Jorden,7.9e-5
Keion,7.9e-5
Keven,7.9e-5
Nico,7.9e-5
Dewayne,7.8e-5
Jim,7.8e-5
Marcelo,7.8e-5
Raquan,7.8e-5
Seamus,7.8e-5
Titus,7.8e-5
Abram,7.8e-5
Rohan,7.8e-5
Jeff,7.7e-5
Kole,7.7e-5
Shea,7.7e-5
Cecil,7.7e-5
Carlo,7.6e-5
Codie,7.6e-5
Jair,7.6e-5
Sonny,7.6e-5
Irving,7.6e-5
Loren,7.6e-5
Ryne,7.6e-5
Braydon,7.5e-5
Davin,7.5e-5
Auston,7.5e-5
Darrian,7.5e-5
Jessy,7.4e-5
Lincoln,7.4e-5
Tayler,7.4e-5
Isai,7.4e-5
Simeon,7.4e-5
Niko,7.3e-5
Akeem,7.3e-5
Denver,7.3e-5
Ervin,7.3e-5
Luciano,7.3e-5
Shemar,7.3e-5
Valentin,7.3e-5
Andreas,7.2e-5
Barrett,7.2e-5
Eliseo,7.2e-5
Killian,7.2e-5
Jess,7.2e-5
Leland,7.2e-5
Alden,7.1e-5
Cale,7.1e-5
Erin,7.1e-5
Galen,7.1e-5
Jonatan,7.1e-5
Reilly,7.1e-5
Cedrick,7.1e-5
Najee,7.1e-5
Rocky,7.1e-5
Romello,7.1e-5
Brennon,7e-5
Dejuan,7e-5
Domenic,7e-5
Ishmael,7e-5
Devontae,7e-5
Jayce,7e-5
Kelsey,7e-5
Reagan,7e-5
Vaughn,7e-5
Dakoda,6.9e-5
Dionte,6.9e-5
Jude,6.9e-5
Kenton,6.9e-5
Markel,6.9e-5
Rex,6.9e-5
Eddy,6.9e-5
Edgardo,6.9e-5
Jacques,6.9e-5
Menachem,6.9e-5
Augustus,6.8e-5
Eliezer,6.8e-5
Rico,6.8e-5
Spenser,6.8e-5
Abdul,6.8e-5
Alton,6.8e-5
Armand,6.8e-5
Cristobal,6.8e-5
Shaquan,6.8e-5
Storm,6.8e-5
Alek,6.7e-5
Jamaal,6.7e-5
Justen,6.7e-5
Ted,6.7e-5
Brant,6.7e-5
Harvey,6.7e-5
Cain,6.6e-5
Clyde,6.6e-5
Dario,6.6e-5
Floyd,6.6e-5
Jaylan,6.6e-5
Nasir,6.6e-5
Syed,6.6e-5
Trayvon,6.6e-5
Alexandre,6.5e-5
Amos,6.5e-5
Bryon,6.5e-5
Francesco,6.5e-5
Kirby,6.5e-5
Shelton,6.5e-5
Lionel,6.5e-5
Romeo,6.5e-5
Abdullah,6.4e-5
Dalvin,6.4e-5
Teddy,6.4e-5
Blaise,6.4e-5
Dyllan,6.4e-5
Edmund,6.4e-5
Jody,6.4e-5
Lazaro,6.4e-5
Randolph,6.4e-5
Chadwick,6.3e-5
Daron,6.3e-5
Dominik,6.3e-5
Emerson,6.3e-5
Sydney,6.3e-5
Giancarlo,6.3e-5
Keagan,6.3e-5
Kendal,6.3e-5
Kordell,6.3e-5
Montel,6.3e-5
Pete,6.3e-5
Rodrick,6.3e-5
Waylon,6.3e-5
Branson,6.2e-5
Bruno,6.2e-5
Deonta,6.2e-5
Hans,6.2e-5
