name,percent
Emily,0.013513
Hannah,0.01103
Samantha,0.010424
Ashley,0.010257
Sarah,0.010252
Alexis,0.010206
Taylor,0.009588
Jessica,0.00941
Madison,0.009184
Elizabeth,0.007833
Alyssa,0.007076
Kayla,0.00693
Megan,0.006843
Lauren,0.006663
Rachel,0.006292
Victoria,0.00627
Brianna,0.006219
Abigail,0.005725
Amanda,0.005626
Jennifer,0.005517
Olivia,0.005478
Emma,0.005382
Morgan,0.005272
Nicole,0.005115
Brittany,0.005081
Jasmine,0.004894
Alexandra,0.004442
Sydney,0.004414
Stephanie,0.004378
Rebecca,0.004342
Anna,0.004318
Julia,0.004298
Katherine,0.004232
Destiny,0.004204
Haley,0.004097
Kaitlyn,0.004096
Amber,0.004093
Allison,0.004058
Courtney,0.003899
Natalie,0.003896
Danielle,0.003803
Jordan,0.003671
Maria,0.003514
Savannah,0.003336
Mary,0.003312
Brooke,0.003274
Gabrielle,0.003201
Sara,0.0031
Shelby,0.003043
Madeline,0.00303
Sierra,0.003015
Vanessa,0.003009
Kimberly,0.002953
Grace,0.002952
Michelle,0.002869
Kelsey,0.002866
Erin,0.002826
Katelyn,0.00277
Melissa,0.002764
Bailey,0.002682
Andrea,0.002647
Mariah,0.002625
Paige,0.002569
Mackenzie,0.002525
Jenna,0.002512
Marissa,0.002437
Tiffany,0.002382
Sabrina,0.002376
Christina,0.002338
Hailey,0.002309
Makayla,0.002252
Cheyenne,0.002233
Sophia,0.002221
Laura,0.002208
Caroline,0.002207
Breanna,0.002193
Autumn,0.002169
Caitlin,0.002155
Briana,0.002144
Miranda,0.002138
Alexandria,0.00208
Mikayla,0.001992
Diana,0.001989
Isabella,0.001986
Cassandra,0.001969
Kaylee,0.001964
Chloe,0.001959
Katie,0.001918
Kelly,0.001911
Kathryn,0.001907
Claire,0.001879
Erica,0.001871
Alexa,0.00187
Chelsea,0.001816
Jacqueline,0.001812
Amy,0.001799
Lindsey,0.00179
Alicia,0.001759
Heather,0.001753
Angela,0.001739
Kristen,0.001728
Catherine,0.001727
Michaela,0.001724
Shannon,0.001692
Monica,0.001666
Faith,0.00166
Leah,0.001659
Molly,0.001647
Angelica,0.001642
Crystal,0.001639
Leslie,0.001589
Jamie,0.001583
Cassidy,0.001572
Margaret,0.001526
Caitlyn,0.001516
Gabriella,0.001508
Kylie,0.001487
Isabel,0.001459
Jada,0.001399
Kaitlin,0.001395
Meghan,0.001391
Zoe,0.001389
Maya,0.001385
Erika,0.001379
Jade,0.001371
Cynthia,0.001359
Veronica,0.001359
Jocelyn,0.001334
Gabriela,0.001331
Mia,0.001325
Summer,0.001319
Bethany,0.001284
Adriana,0.001278
Esmeralda,0.001278
Melanie,0.00127
Daisy,0.001264
Ariana,0.00125
Angel,0.00123
Selena,0.001175
Carly,0.001168
Ana,0.001165
Mckenzie,0.001158
Brittney,0.001155
Karina,0.001155
Audrey,0.001136
Dominique,0.001114
Ariel,0.00111
Valerie,0.001106
Brenda,0.001101
Casey,0.001085
Hayley,0.001076
Karen,0.001068
Lydia,0.001062
Kendra,0.001051
Rebekah,0.001046
Bianca,0.001043
Alejandra,0.001041
Jillian,0.00104
Desiree,0.001031
Hope,0.001007
Lindsay,0.001001
Madelyn,9.96e-4
Holly,9.91e-4
Diamond,9.88e-4
Hanna,9.8e-4
Riley,9.69e-4
Arianna,9.51e-4
Julie,9.31e-4
Lily,9.03e-4
Rachael,9e-4
Kathleen,8.95e-4
Kiara,8.94e-4
Skylar,8.93e-4
Lillian,8.86e-4
Christine,8.85e-4
Kara,8.85e-4
Jasmin,8.81e-4
Evelyn,8.81e-4
Claudia,8.8e-4
Patricia,8.79e-4
Cierra,8.71e-4
April,8.58e-4
Kennedy,8.56e-4
Alexus,8.53e-4
Raven,8.53e-4
Allyson,8.52e-4
Kendall,8.49e-4
Alison,8.47e-4
Tara,8.45e-4
Naomi,8.34e-4
Adrianna,8.33e-4
Kristina,8.31e-4
Whitney,8.31e-4
Abby,8.3e-4
Daniela,8.24e-4
Isabelle,8.21e-4
Jordyn,8.16e-4
Cameron,8.08e-4
Kyra,8.07e-4
Brooklyn,8.04e-4
Ashlyn,7.99e-4
Kirsten,7.99e-4
Alondra,7.93e-4
Mallory,7.87e-4
Natasha,7.85e-4
Asia,7.79e-4
Jazmin,7.64e-4
Nancy,7.62e-4
Karla,7.6e-4
Katelynn,7.51e-4
Kristin,7.48e-4
Mckenna,7.43e-4
Marisa,7.4e-4
Tatiana,7.36e-4
Dana,7.35e-4
Madeleine,7.35e-4
Amelia,7.34e-4
Peyton,7.32e-4
Jazmine,7.23e-4
Delaney,7.23e-4
Aaliyah,7.22e-4
Serena,7.22e-4
Guadalupe,7.13e-4
Mercedes,7.11e-4
Tessa,7.11e-4
Kiana,7.08e-4
Payton,7.06e-4
Sandra,7.05e-4
Alexia,7.05e-4
Lisa,7.02e-4
Nina,6.96e-4
Sofia,6.95e-4
Tori,6.87e-4
Kylee,6.75e-4
Katrina,6.69e-4
Cindy,6.67e-4
Bridget,6.64e-4
Mya,6.63e-4
Priscilla,6.62e-4
Joanna,6.61e-4
Savanna,6.59e-4
Giselle,6.48e-4
Aubrey,6.46e-4
Deja,6.42e-4
Deanna,6.42e-4
Avery,6.41e-4
Dakota,6.41e-4
Kassandra,6.39e-4
Maggie,6.38e-4
Alissa,6.36e-4
Ciara,6.35e-4
Celeste,6.34e-4
Imani,6.3e-4
Alana,6.29e-4
Sophie,6.27e-4
Ruby,6.21e-4
Brandi,6.2e-4
Monique,6.19e-4
Julianna,6.14e-4
Genesis,6.11e-4
Yesenia,6.11e-4
Katlyn,6.11e-4
Meagan,6.09e-4
Anastasia,6.07e-4
Kyla,6.07e-4
Gianna,6.07e-4
Ashlee,6.04e-4
Angelina,6.02e-4
Makenzie,5.98e-4
Natalia,5.97e-4
Sidney,5.89e-4
Kate,5.89e-4
Elena,5.87e-4
Anne,5.86e-4
Kira,5.86e-4
Sadie,5.79e-4
Carmen,5.78e-4
Rosa,5.78e-4
Kailey,5.75e-4
Meredith,5.74e-4
Tabitha,5.72e-4
Krystal,5.64e-4
Camille,5.53e-4
Brandy,5.47e-4
Cecilia,5.44e-4
Shania,5.41e-4
Brenna,5.4e-4
Ashleigh,5.37e-4
Juliana,5.36e-4
Valeria,5.32e-4
Tiana,5.31e-4
Logan,5.3e-4
Bryanna,5.29e-4
Elise,5.29e-4
Mikaela,5.27e-4
Skyler,5.27e-4
Rose,5.25e-4
Gina,5.24e-4
Carolina,5.22e-4
Callie,5.21e-4
Kasey,5.18e-4
Clarissa,5.18e-4
Denise,5.15e-4
Hunter,5.14e-4
Charlotte,5.14e-4
Shayla,5.12e-4
Destinee,5.08e-4
Teresa,5.06e-4
Miriam,5.06e-4
Cassie,5.05e-4
Tatyana,5.04e-4
Allie,5.02e-4
Linda,5.01e-4
Tia,4.93e-4
Cristina,4.91e-4
Baylee,4.87e-4
Ashton,4.87e-4
Krista,4.87e-4
Nadia,4.87e-4
Tyra,4.87e-4
Lacey,4.85e-4
Marina,4.84e-4
Esther,4.76e-4
Annie,4.72e-4
Vivian,4.7e-4
Raquel,4.7e-4
Carolyn,4.65e-4
Tiara,4.64e-4
Cheyanne,4.61e-4
Gillian,4.6e-4
Nia,4.6e-4
Julissa,4.59e-4
Reagan,4.59e-4
Gloria,4.57e-4
Aliyah,4.54e-4
Tamara,4.52e-4
Macy,4.5e-4
Renee,4.49e-4
Wendy,4.48e-4
Mariana,4.46e-4
Alisha,4.43e-4
Heidi,4.38e-4
Liliana,4.38e-4
Colleen,4.35e-4
Eva,4.35e-4
Ruth,4.33e-4
Josephine,4.33e-4
Chelsey,4.3e-4
Helen,4.29e-4
Ava,4.28e-4
Kelsie,4.28e-4
Harley,4.26e-4
Emilee,4.21e-4
Paola,4.19e-4
Tyler,4.18e-4
Kaitlynn,4.18e-4
Heaven,4.17e-4
Cara,4.17e-4
Haylee,4.17e-4
Josie,4.13e-4
Mayra,4.12e-4
Virginia,4.12e-4
Kayleigh,4.1e-4
Marie,4.07e-4
Theresa,4.06e-4
Camryn,4.04e-4
Kassidy,4.04e-4
Jenny,4.01e-4
Mckayla,3.97e-4
Jacquelyn,3.92e-4
Janet,3.91e-4
Martha,3.91e-4
Francesca,3.9e-4
Kierra,3.9e-4
Clara,3.89e-4
Justine,3.88e-4
Felicia,3.86e-4
Jessie,3.83e-4
Susan,3.83e-4
Tamia,3.83e-4
Precious,3.83e-4
Elisabeth,3.82e-4
Ivy,3.76e-4
Rylee,3.74e-4
Marisol,3.73e-4
Eleanor,3.71e-4
Jayla,3.69e-4
Pamela,3.69e-4
Carley,3.68e-4
Melody,3.66e-4
Jaclyn,3.63e-4
Lucy,3.6e-4
Talia,3.6e-4
Lesley,3.59e-4
Daniella,3.57e-4
Larissa,3.57e-4
Sharon,3.56e-4
Tatum,3.56e-4
Alaina,3.55e-4
Carissa,3.54e-4
Kali,3.54e-4
Madalyn,3.52e-4
Addison,3.5e-4
Noelle,3.5e-4
Kaylie,3.48e-4
Carla,3.45e-4
Lexi,3.43e-4
Abbey,3.41e-4
Alyson,3.4e-4
Julianne,3.39e-4
Janelle,3.34e-4
Yasmine,3.34e-4
Ella,3.33e-4
Bailee,3.3e-4
Jane,3.29e-4
Toni,3.29e-4
Ally,3.28e-4
Sonia,3.28e-4
Lizbeth,3.27e-4
Carrie,3.25e-4
Lauryn,3.24e-4
Makenna,3.24e-4
Kaleigh,3.23e-4
Tayler,3.22e-4
Tierra,3.22e-4
Ellen,3.2e-4
Nichole,3.2e-4
Georgia,3.2e-4
Karissa,3.2e-4
Haleigh,3.19e-4
Regan,3.18e-4
Sasha,3.18e-4
Ebony,3.17e-4
Arielle,3.16e-4
Justice,3.14e-4
Taryn,3.13e-4
Ellie,3.11e-4
Yasmin,3.08e-4
Alice,3.06e-4
Adrienne,3.04e-4
Kaylin,3.03e-4
Joy,3.01e-4
Kiera,3.01e-4
Tania,3.01e-4
Nathalie,3e-4
Lorena,3e-4
Ayanna,2.96e-4
Ashlynn,2.95e-4
Eliza,2.95e-4
Simone,2.95e-4
Britney,2.94e-4
Iris,2.94e-4
Kelli,2.94e-4
Chasity,2.93e-4
Celine,2.92e-4
Paris,2.92e-4
Essence,2.91e-4
Kiersten,2.9e-4
Barbara,2.89e-4
Breana,2.89e-4
Devin,2.89e-4
Maddison,2.89e-4
Micaela,2.88e-4
Kaila,2.86e-4
Rhiannon,2.86e-4
Deborah,2.86e-4
Ann,2.85e-4
Carlie,2.84e-4
Angelique,2.82e-4
Sylvia,2.82e-4
Frances,2.82e-4
Annika,2.81e-4
Elisa,2.81e-4
Leticia,2.79e-4
Aimee,2.79e-4
Nora,2.79e-4
Tianna,2.79e-4
Viviana,2.78e-4
Janae,2.76e-4
Candace,2.76e-4
Hallie,2.76e-4
Christian,2.73e-4
Nikki,2.73e-4
Robyn,2.72e-4
Aileen,2.71e-4
Alma,2.7e-4
Perla,2.7e-4
Shayna,2.67e-4
Marilyn,2.67e-4
Hailee,2.66e-4
Lesly,2.66e-4
Skye,2.66e-4
Irene,2.66e-4
India,2.65e-4
Alina,2.64e-4
Kacie,2.64e-4
Savanah,2.64e-4
Fatima,2.64e-4
Clare,2.63e-4
Johanna,2.63e-4
Kaley,2.63e-4
Luz,2.63e-4
Regina,2.61e-4
Aurora,2.6e-4
Devon,2.6e-4
Brianne,2.59e-4
Alanna,2.57e-4
Ciera,2.57e-4
Laurel,2.57e-4
Montana,2.56e-4
Robin,2.56e-4
Kailee,2.56e-4
Amari,2.55e-4
Shyanne,2.54e-4
Jewel,2.54e-4
Anahi,2.53e-4
Stacy,2.53e-4
Lexus,2.51e-4
Emilie,2.51e-4
Fiona,2.5e-4
Kelsi,2.49e-4
Lexie,2.48e-4
Cristal,2.48e-4
Elaine,2.48e-4
Trinity,2.48e-4
Zaria,2.47e-4
Lena,2.47e-4
Zoey,2.47e-4
Charity,2.46e-4
Ryan,2.46e-4
Bria,2.45e-4
Paulina,2.45e-4
Sienna,2.45e-4
Kenya,2.43e-4
Genevieve,2.43e-4
Cora,2.42e-4
Kiley,2.41e-4
Maia,2.41e-4
Antonia,2.4e-4
Kellie,2.4e-4
Keely,2.4e-4
Brooklynn,2.39e-4
Darian,2.39e-4
Jailene,2.38e-4
Moriah,2.36e-4
Paula,2.36e-4
Ericka,2.33e-4
Judith,2.33e-4
Katharine,2.33e-4
Athena,2.33e-4
Maritza,2.33e-4
Carina,2.32e-4
Kamryn,2.31e-4
Eileen,2.31e-4
Kayley,2.3e-4
Shawna,2.29e-4
Mollie,2.28e-4
Cayla,2.27e-4
Destiney,2.27e-4
Stacey,2.27e-4
Noemi,2.26e-4
Kaylyn,2.26e-4
Mireya,2.26e-4
Mariela,2.25e-4
Eden,2.24e-4
Jaime,2.24e-4
Donna,2.24e-4
Alayna,2.23e-4
Tina,2.23e-4
Halle,2.22e-4
Salma,2.22e-4
Marlene,2.21e-4
Tess,2.21e-4
Graciela,2.21e-4
Kourtney,2.2e-4
Leanna,2.2e-4
Maribel,2.19e-4
Madisyn,2.18e-4
Alisa,2.16e-4
Nicolette,2.16e-4
Blanca,2.15e-4
Micah,2.14e-4
Meaghan,2.14e-4
Melinda,2.14e-4
Lilly,2.13e-4
Chandler,2.13e-4
Emely,2.13e-4
Katelin,2.13e-4
Mara,2.12e-4
Edith,2.12e-4
Aspen,2.11e-4
Karlee,2.11e-4
Araceli,2.1e-4
Candice,2.1e-4
Destini,2.1e-4
Karli,2.1e-4
Angie,2.09e-4
Chyna,2.09e-4
Casandra,2.07e-4
Corinne,2.07e-4
Karlie,2.07e-4
Tanya,2.06e-4
Abbie,2.06e-4
Aisha,2.06e-4
Juliet,2.05e-4
Phoebe,2.05e-4
Katarina,2.04e-4
Macey,2.04e-4
Margarita,2.03e-4
Reyna,2.03e-4
Sage,2.03e-4
Abbigail,2.02e-4
Carlee,2.02e-4
Christy,2.02e-4
Desirae,2.02e-4
Rosemary,2.02e-4
Sarai,2.02e-4
Kathy,1.99e-4
Celia,1.98e-4
Gracie,1.97e-4
Yvette,1.97e-4
Leann,1.97e-4
Reilly,1.96e-4
Thalia,1.95e-4
Isis,1.94e-4
Sydnee,1.94e-4
Lyndsey,1.92e-4
Madyson,1.92e-4
Karly,1.91e-4
Lucia,1.91e-4
Madelynn,1.91e-4
Gisselle,1.9e-4
Miracle,1.89e-4
Christa,1.88e-4
Jazmyn,1.88e-4
Kristine,1.88e-4
Lea,1.88e-4
Taya,1.88e-4
Lyric,1.86e-4
Sandy,1.86e-4
Annabelle,1.85e-4
Maranda,1.85e-4
Nikita,1.85e-4
Beatriz,1.85e-4
Cortney,1.84e-4
Diane,1.84e-4
Kacey,1.84e-4
Maegan,1.84e-4
Carli,1.83e-4
Chelsie,1.83e-4
Elaina,1.83e-4
Kailyn,1.83e-4
Malia,1.82e-4
Kianna,1.82e-4
Randi,1.82e-4
Rylie,1.82e-4
Carol,1.81e-4
Anita,1.81e-4
Alivia,1.8e-4
Kari,1.8e-4
Sheila,1.8e-4
Allyssa,1.8e-4
Estrella,1.8e-4
Celina,1.79e-4
Halie,1.79e-4
Kyleigh,1.79e-4
Tracy,1.79e-4
Alexandrea,1.78e-4
Anissa,1.78e-4
Bridgette,1.78e-4
Juliette,1.78e-4
Shaina,1.78e-4
Rocio,1.77e-4
Tiffani,1.77e-4
Brook,1.77e-4
Brielle,1.76e-4
Aleah,1.75e-4
Helena,1.75e-4
Stephany,1.75e-4
Chantel,1.74e-4
Selina,1.74e-4
Jayda,1.73e-4
Maura,1.73e-4
Lizette,1.72e-4
Joyce,1.71e-4
Darby,1.7e-4
Jazlyn,1.7e-4
Susana,1.7e-4
Rachelle,1.7e-4
Yvonne,1.7e-4
Yadira,1.69e-4
Dulce,1.69e-4
Sally,1.68e-4
Chanel,1.68e-4
Jaqueline,1.68e-4
Kasandra,1.67e-4
Calista,1.67e-4
Madisen,1.66e-4
Janessa,1.65e-4
Esperanza,1.63e-4
Macie,1.63e-4
Gwendolyn,1.63e-4
Shea,1.63e-4
Damaris,1.62e-4
Kenzie,1.62e-4
Loren,1.62e-4
Rebeca,1.62e-4
Eliana,1.61e-4
Stefanie,1.61e-4
Dorothy,1.61e-4
Janice,1.61e-4
Karley,1.61e-4
Alize,1.6e-4
Elissa,1.6e-4
Jeanette,1.6e-4
Katlin,1.6e-4
Bonnie,1.59e-4
Lori,1.59e-4
Misty,1.59e-4
Norma,1.59e-4
Brynn,1.58e-4
Kallie,1.58e-4
Kayli,1.58e-4
Ayana,1.57e-4
Kristy,1.57e-4
Arlene,1.56e-4
Brittani,1.56e-4
Kaela,1.56e-4
Christiana,1.56e-4
Juanita,1.55e-4
Anika,1.54e-4
Carson,1.54e-4
Amani,1.54e-4
Michele,1.54e-4
Caitlynn,1.53e-4
Leila,1.53e-4
Aylin,1.53e-4
Hana,1.53e-4
Leilani,1.53e-4
Mikala,1.53e-4
Daria,1.52e-4
Shirley,1.51e-4
Shyann,1.51e-4
Kaelyn,1.51e-4
Nataly,1.5e-4
Gretchen,1.5e-4
Itzel,1.5e-4
Mariam,1.5e-4
Tea,1.5e-4
Ansley,1.49e-4
Devyn,1.48e-4
Marley,1.48e-4
Alessandra,1.48e-4
Kori,1.48e-4
Yolanda,1.48e-4
Antoinette,1.47e-4
Dallas,1.47e-4
Daphne,1.47e-4
Giovanna,1.47e-4
Raegan,1.47e-4
Elyse,1.46e-4
Berenice,1.46e-4
Jaden,1.46e-4
Quinn,1.46e-4
Kaci,1.45e-4
Yasmeen,1.45e-4
Alena,1.45e-4
Annette,1.45e-4
Dasia,1.45e-4
Kaylynn,1.45e-4
Alex,1.44e-4
Fabiola,1.44e-4
Jenifer,1.44e-4
Alysa,1.43e-4
Jacklyn,1.43e-4
Joselyn,1.43e-4
Makala,1.43e-4
Shelbie,1.43e-4
Drew,1.43e-4
Erykah,1.43e-4
Leanne,1.43e-4
Kelley,1.42e-4
Sonya,1.42e-4
Dejah,1.41e-4
Yessenia,1.41e-4
Dalia,1.41e-4
Myah,1.41e-4
Reanna,1.41e-4
Breanne,1.4e-4
Trisha,1.4e-4
Alysha,1.4e-4
Jesse,1.39e-4
Melina,1.39e-4
Princess,1.39e-4
Ali,1.39e-4
Liana,1.39e-4
Nadine,1.39e-4
Nayeli,1.39e-4
Silvia,1.37e-4
Elyssa,1.37e-4
Kalie,1.37e-4
Katlynn,1.37e-4
Madilyn,1.37e-4
Tasia,1.37e-4
Dawn,1.36e-4
Lilian,1.36e-4
Bryana,1.36e-4
Cecelia,1.36e-4
Jill,1.36e-4
Emerald,1.35e-4
Kalyn,1.35e-4
Kaycee,1.35e-4
Shaylee,1.35e-4
Camila,1.35e-4
Kaylah,1.35e-4
Magdalena,1.35e-4
Tatianna,1.35e-4
Felicity,1.34e-4
Ireland,1.34e-4
Sarina,1.34e-4
Tamera,1.34e-4
Myranda,1.34e-4
Starr,1.34e-4
Katerina,1.33e-4
Kristi,1.33e-4
Lara,1.33e-4
Blair,1.33e-4
Gabriel,1.33e-4
Haylie,1.33e-4
Katy,1.33e-4
Ashanti,1.32e-4
Darlene,1.32e-4
Valentina,1.32e-4
Kinsey,1.32e-4
Scarlett,1.32e-4
Hayden,1.31e-4
Joelle,1.31e-4
Roxanne,1.31e-4
Shana,1.31e-4
Suzanne,1.31e-4
Tammy,1.31e-4
Demi,1.31e-4
Serenity,1.31e-4
Skyla,1.31e-4
Anya,1.3e-4
Daija,1.3e-4
Dianna,1.3e-4
Charlene,1.3e-4
Patience,1.3e-4
Sydnie,1.3e-4
Keri,1.29e-4
Tristan,1.29e-4
Willow,1.29e-4
Asha,1.29e-4
Aubree,1.29e-4
Tanisha,1.29e-4
Emilia,1.28e-4
Jana,1.28e-4
Jasmyn,1.28e-4
Layla,1.28e-4
Shakira,1.28e-4
Adrian,1.27e-4
Delia,1.27e-4
Unique,1.27e-4
Rita,1.26e-4
Ashly,1.25e-4
Connie,1.25e-4
Hillary,1.25e-4
Lucero,1.25e-4
Noel,1.25e-4
Shauna,1.25e-4
Jacey,1.25e-4
Rochelle,1.25e-4
Delilah,1.24e-4
Jaida,1.24e-4
Lillie,1.24e-4
Octavia,1.24e-4
Daisha,1.24e-4
Jena,1.24e-4
Kendal,1.24e-4
Maeve,1.24e-4
Marianna,1.24e-4
Sydni,1.24e-4
Alysia,1.23e-4
Jocelyne,1.23e-4
Jayden,1.23e-4
Savana,1.23e-4
Iliana,1.22e-4
Lourdes,1.22e-4
Odalis,1.22e-4
Reina,1.22e-4
Joanne,1.22e-4
Kirstin,1.22e-4
Ashlie,1.21e-4
Cali,1.21e-4
Ingrid,1.21e-4
Marcella,1.21e-4
Shelbi,1.21e-4
Abigayle,1.21e-4
Baby,1.21e-4
Jaelyn,1.21e-4
Odalys,1.21e-4
Stevie,1.21e-4
Violet,1.21e-4
Rhianna,1.2e-4
Shianne,1.2e-4
Stella,1.2e-4
Kelsea,1.2e-4
Ayla,1.19e-4
Jodi,1.19e-4
Sade,1.19e-4
America,1.19e-4
Lacy,1.19e-4
Maci,1.19e-4
Amira,1.18e-4
Justina,1.18e-4
Jazmyne,1.18e-4
Maricela,1.18e-4
Myra,1.18e-4
Cydney,1.17e-4
Shae,1.17e-4
Alycia,1.17e-4
Armani,1.17e-4
Eryn,1.17e-4
Haven,1.17e-4
Martina,1.17e-4
Vanesa,1.16e-4
Zoie,1.16e-4
Lila,1.16e-4
Monika,1.16e-4
Alia,1.15e-4
Eve,1.15e-4
Breonna,1.14e-4
Mattie,1.14e-4
Beatrice,1.14e-4
Beverly,1.14e-4
Catalina,1.14e-4
Constance,1.14e-4
Harmony,1.14e-4
Hazel,1.13e-4
Katia,1.13e-4
Kortney,1.13e-4
Marlee,1.13e-4
Marlena,1.13e-4
Corina,1.13e-4
Elisha,1.13e-4
Brionna,1.12e-4
Lexis,1.12e-4
Nautica,1.12e-4
Destany,1.12e-4
Kameron,1.12e-4
Alyssia,1.11e-4
Breann,1.11e-4
Caleigh,1.11e-4
Chase,1.11e-4
Yazmin,1.11e-4
Abril,1.11e-4
Deasia,1.11e-4
Serina,1.11e-4
Shanice,1.11e-4
Chaya,1.1e-4
Jessika,1.1e-4
Melisa,1.1e-4
Fernanda,1.09e-4
Hadley,1.09e-4
Janette,1.09e-4
Yajaira,1.09e-4
Kaylan,1.09e-4
Lia,1.09e-4
Lizeth,1.09e-4
Janie,1.08e-4
Kia,1.08e-4
Star,1.08e-4
Kerri,1.07e-4
Audra,1.07e-4
Ivana,1.07e-4
Jayme,1.07e-4
Kenia,1.07e-4
Paloma,1.07e-4
Ryann,1.07e-4
Bobbi,1.06e-4
Leeann,1.06e-4
Cori,1.06e-4
Debra,1.06e-4
Kaylen,1.06e-4
Shantel,1.06e-4
Tayla,1.06e-4
Jensen,1.05e-4
Presley,1.05e-4
Samara,1.05e-4
Alexys,1.05e-4
Eboni,1.05e-4
Jaycee,1.05e-4
Jayde,1.05e-4
Judy,1.05e-4
Kennedi,1.05e-4
Raina,1.04e-4
Elsa,1.03e-4
Hollie,1.03e-4
Keisha,1.03e-4
