name,percent
Michael,0.018066
Jacob,0.017765
Matthew,0.015366
Joshua,0.01386
Christopher,0.01339
Nicholas,0.013144
Brandon,0.011761
Tyler,0.011703
Andrew,0.011666
Austin,0.011587
Joseph,0.011432
Daniel,0.01141
David,0.01029
William,0.010278
John,0.010164
Zachary,0.010156
Ryan,0.009968
James,0.009711
Anthony,0.009686
Justin,0.00887
Jonathan,0.008703
Alexander,0.008618
Robert,0.007662
Kyle,0.00754
Dylan,0.007173
Christian,0.007157
Jordan,0.00711
Samuel,0.006845
Noah,0.006611
Benjamin,0.006441
Thomas,0.006357
Kevin,0.006172
Jose,0.006102
Nathan,0.005714
Cameron,0.005635
Hunter,0.005468
Aaron,0.005201
Ethan,0.005197
Eric,0.004917
Jason,0.004636
Brian,0.004514
Caleb,0.004454
Cody,0.004348
Logan,0.004263
Adam,0.004122
Steven,0.004001
Connor,0.003902
Charles,0.003872
Timothy,0.00387
Sean,0.003806
Jared,0.003682
Juan,0.003629
Luis,0.003554
Gabriel,0.003487
Richard,0.003432
Alex,0.00343
Patrick,0.003322
Trevor,0.003256
Isaiah,0.003201
Nathaniel,0.003173
Jack,0.003146
Devin,0.003068
Evan,0.003003
Mark,0.002906
Isaac,0.00289
Elijah,0.002793
Chase,0.002745
Jeremy,0.002734
Carlos,0.002702
Jesse,0.002683
Adrian,0.002679
Dakota,0.002666
Ian,0.002642
Bryan,0.002619
Luke,0.002606
Jesus,0.002574
Cole,0.00254
Stephen,0.002469
Antonio,0.002438
Garrett,0.002363
Angel,0.002352
Tanner,0.002321
Mason,0.002299
Spencer,0.002281
Blake,0.002274
Kenneth,0.002264
Seth,0.002263
Dalton,0.002253
Paul,0.002129
Miguel,0.0021
Jeffrey,0.002066
Tristan,0.002058
Lucas,0.002018
Bryce,0.002
Alejandro,0.001995
Marcus,0.00198
Victor,0.00197
Travis,0.001937
Brendan,0.001914
Jackson,0.001905
Bradley,0.001873
Jake,0.001866
Mitchell,0.001788
Taylor,0.001768
Colton,0.001764
Edward,0.001762
Jorge,0.001709
Dustin,0.001698
Gregory,0.001691
Derek,0.001683
Peter,0.001669
Alec,0.001656
Shawn,0.001607
Jeremiah,0.00159
Corey,0.00158
Gavin,0.001576
Shane,0.001563
Joel,0.001563
Devon,0.001553
Dominic,0.001529
Vincent,0.001528
Colin,0.001517
Scott,0.001511
Julian,0.001506
George,0.001503
Ricardo,0.001503
Grant,0.001487
Riley,0.001487
Oscar,0.001483
Collin,0.001474
Xavier,0.001446
Nicolas,0.001439
Brett,0.001424
Dillon,0.001401
Maxwell,0.001377
Henry,0.001372
Wyatt,0.001343
Malik,0.00133
Francisco,0.001329
Erik,0.001321
Parker,0.001299
Raymond,0.001296
Johnathan,0.001279
Cristian,0.001265
Eduardo,0.001226
Omar,0.001209
Manuel,0.00116
Alexis,0.001143
Javier,0.001139
Clayton,0.001118
Mario,0.001115
Wesley,0.001106
Bailey,0.001106
Ivan,0.001104
Liam,0.00109
Kaleb,0.001082
Andres,0.001075
Max,0.001064
Levi,0.00106
Hayden,0.001057
Alan,0.001055
Darius,0.001052
Brady,0.001034
Cory,0.001023
Martin,0.001018
Fernando,0.001015
Edgar,0.00101
Cesar,9.87e-4
Gage,9.85e-4
Casey,9.74e-4
Sergio,9.7e-4
Roberto,9.66e-4
Chandler,9.63e-4
Harrison,9.39e-4
Dawson,9.36e-4
Preston,9.33e-4
Phillip,9.32e-4
Frank,0.00093000000000000005
Owen,9.23e-4
Donald,9.18e-4
Marco,9.14e-4
Ronald,9.12e-4
Trenton,9.03e-4
Troy,8.99e-4
Hector,8.96e-4
Diego,8.93e-4
Chad,8.92e-4
Drew,8.9e-4
Carter,8.89e-4
Jakob,8.81e-4
Keith,8.8e-4
Conner,8.77e-4
Andre,8.71e-4
Derrick,8.67e-4
Jonathon,8.58e-4
Aidan,8.4e-4
Edwin,8.39e-4
Sebastian,8.37e-4
Micah,8.32e-4
Pedro,8.25e-4
Dante,8.24e-4
Landon,8.11e-4
Calvin,8.07e-4
Jalen,7.83e-4
Ruben,7.81e-4
Erick,7.79e-4
Damian,7.74e-4
Chance,7.61e-4
Donovan,7.61e-4
Abraham,7.58e-4
Trey,7.58e-4
Josiah,7.5e-4
Emmanuel,7.42e-4
Philip,7.4e-4
Griffin,7.36e-4
Johnny,7.29e-4
Gerardo,7.27e-4
Carson,7.26e-4
Jonah,7.23e-4
Colby,7.19e-4
Peyton,7.17e-4
Mathew,7.15e-4
Andy,7.05e-4
Armando,7.04e-4
Giovanni,7e-4
Curtis,6.95e-4
Douglas,6.92e-4
Jerry,6.9e-4
Rafael,6.85e-4
Skyler,6.83e-4
Trent,6.79e-4
Raul,6.78e-4
Nolan,6.73e-4
Gary,6.64e-4
Zackary,6.64e-4
Marcos,6.63e-4
Enrique,6.53e-4
Dennis,0.00064899999999999995
Allen,6.47e-4
Jaime,6.38e-4
Zachery,6.37e-4
Marc,6.36e-4
Israel,6.3e-4
Randy,6.29e-4
Brenden,6.25e-4
Alberto,6.11e-4
Avery,6.11e-4
Larry,5.96e-4
Brent,5.93e-4
Julio,5.88e-4
Braden,5.87e-4
Louis,5.83e-4
Miles,5.82e-4
Cooper,5.81e-4
Tony,5.81e-4
Josue,5.8e-4
Leonardo,5.73e-4
Nickolas,5.7e-4
Albert,5.68e-4
Carl,5.65e-4
Elias,5.63e-4
Ty,5.61e-4
Kobe,5.45e-4
Dominick,5.41e-4
Jimmy,5.37e-4
Kristopher,5.32e-4
Kameron,5.29e-4
Zane,5.29e-4
Drake,5.21e-4
Danny,5.21e-4
Micheal,5.2e-4
Damon,5.19e-4
Quentin,5.19e-4
Brennan,5.19e-4
Jarod,5.16e-4
Tristen,5.14e-4
Lawrence,5.13e-4
Ashton,5.08e-4
Brock,5.07e-4
Darren,5.07e-4
Ramon,5.05e-4
Jarrett,5.03e-4
Brayden,5.01e-4
Nikolas,4.97e-4
Dallas,4.97e-4
Joe,4.96e-4
Deandre,4.9e-4
Eli,4.87e-4
Theodore,4.85e-4
Arthur,4.84e-4
Arturo,4.84e-4
Ricky,4.78e-4
Jeffery,4.75e-4
Lane,4.71e-4
Lorenzo,4.71e-4
Alfredo,4.7e-4
Morgan,4.69e-4
Tommy,4.69e-4
Damien,4.69e-4
Russell,4.69e-4
Simon,4.67e-4
Angelo,4.66e-4
Terry,4.66e-4
Myles,4.6e-4
Keegan,4.58e-4
Tucker,4.54e-4
Saul,4.52e-4
Payton,4.51e-4
Branden,4.49e-4
Pablo,4.45e-4
Gustavo,4.42e-4
Walter,4.42e-4
Bryant,4.41e-4
Kyler,4.37e-4
Lance,4.34e-4
Craig,4.34e-4
Fabian,4.3e-4
Brendon,4.29e-4
Rodney,4.27e-4
Terrell,4.25e-4
Bryson,4.24e-4
Corbin,4.18e-4
Braxton,4.13e-4
Marvin,4.13e-4
Bobby,4.12e-4
Jay,4.11e-4
Maurice,4.09e-4
Jaden,4.08e-4
Jon,4.08e-4
Quinn,4.02e-4
Salvador,4.01e-4
Billy,4.01e-4
Conor,4e-4
Kody,4e-4
Cade,3.98e-4
Ernesto,3.98e-4
Quinton,3.97e-4
Roman,3.95e-4
Eddie,3.92e-4
Emilio,3.9e-4
Ross,3.9e-4
Justice,3.87e-4
Johnathon,3.86e-4
Trevon,3.84e-4
Zackery,3.83e-4
Dean,3.81e-4
Roger,3.79e-4
Isiah,3.79e-4
Jaylen,3.74e-4
Brody,3.71e-4
Ismael,3.67e-4
Desmond,3.66e-4
Marshall,3.65e-4
Willie,3.65e-4
Reginald,3.63e-4
Oliver,3.62e-4
Marquis,3.61e-4
Skylar,3.6e-4
Grayson,3.58e-4
Jayson,3.58e-4
Frederick,3.55e-4
Esteban,3.54e-4
Keaton,3.54e-4
Emanuel,3.53e-4
Todd,3.47e-4
Malcolm,3.47e-4
Kelvin,3.45e-4
Kendall,3.44e-4
Guillermo,3.42e-4
Shaun,3.42e-4
Moises,3.41e-4
Jamal,3.4e-4
Zachariah,3.39e-4
Terrance,3.36e-4
Davis,3.34e-4
Demetrius,3.31e-4
Gerald,3.31e-4
Abel,3.3e-4
Jace,3.29e-4
Triston,3.24e-4
Tyson,3.23e-4
Randall,3.22e-4
Roy,3.22e-4
Bruce,3.21e-4
Jessie,3.17e-4
Duncan,3.16e-4
Darian,3.15e-4
Felix,3.14e-4
Franklin,3.14e-4
Steve,3.13e-4
Orlando,3.11e-4
Lukas,3.1e-4
Clay,3.07e-4
Ali,3.07e-4
Jayden,3.06e-4
Jarrod,3.05e-4
Rene,3.03e-4
Nelson,3.02e-4
Tyrone,3.02e-4
Khalil,3.02e-4
Ahmad,3e-4
Kristian,3e-4
Lee,3e-4
Jamie,2.99e-4
Tyree,2.96e-4
Chris,2.96e-4
Graham,2.95e-4
Nathanael,2.95e-4
Devan,2.92e-4
Francis,2.86e-4
Rodolfo,2.86e-4
Jerome,2.85e-4
Weston,2.85e-4
Malachi,2.84e-4
Hugo,2.81e-4
Holden,2.77e-4
Kendrick,2.77e-4
Melvin,2.75e-4
Cedric,2.73e-4
Javon,2.73e-4
Tristin,2.72e-4
Byron,2.71e-4
Reid,2.71e-4
Warren,2.7e-4
Jaquan,2.69e-4
Deshawn,2.68e-4
Jarred,2.68e-4
Walker,2.68e-4
Jordon,2.66e-4
Jermaine,2.66e-4
Harley,2.65e-4
Darrell,2.63e-4
Kaden,2.63e-4
Leo,2.6e-4
Damion,2.6e-4
Ronnie,2.59e-4
Trace,2.59e-4
Wayne,2.59e-4
Reed,2.58e-4
Devonte,2.56e-4
Maximilian,2.55e-4
Amir,2.55e-4
Marquise,2.55e-4
Tariq,2.53e-4
Alvin,2.52e-4
Rodrigo,2.52e-4
Santiago,2.5e-4
Wade,2.5e-4
Beau,2.46e-4
Ezekiel,2.46e-4
Gilberto,2.46e-4
Tyrell,2.46e-4
Allan,2.45e-4
Charlie,2.44e-4
Felipe,2.44e-4
Noel,2.44e-4
Tomas,2.44e-4
Keenan,2.43e-4
Terrence,2.42e-4
Sam,2.41e-4
Camron,2.4e-4
Eugene,2.4e-4
Neil,2.4e-4
Caden,2.4e-4
Alfonso,2.39e-4
Reece,2.39e-4
Dale,2.38e-4
Elliot,2.38e-4
Harry,2.36e-4
Stanley,2.34e-4
Donte,2.33e-4
Mauricio,2.33e-4
Leonard,2.32e-4
Noe,2.31e-4
Ariel,2.31e-4
Issac,2.28e-4
Garret,2.26e-4
Kenny,2.26e-4
Dominique,2.26e-4
Leon,2.26e-4
Davon,2.25e-4
Dane,2.25e-4
Karl,2.25e-4
Rogelio,2.23e-4
Mohammad,2.22e-4
Bennett,2.22e-4
Ernest,2.22e-4
Julius,2.22e-4
Ezra,2.2e-4
Jaylon,2.2e-4
Ray,2.2e-4
Deven,2.19e-4
Colten,2.18e-4
Marlon,2.18e-4
Ramiro,2.18e-4
Glenn,2.17e-4
Rolando,2.15e-4
Blaine,2.14e-4
River,2.14e-4
Elliott,2.12e-4
Solomon,2.12e-4
Mohamed,2.12e-4
Sawyer,2.12e-4
Tylor,2.1e-4
Sterling,2.09e-4
Dorian,2.08e-4
Darryl,2.07e-4
Gilbert,2.07e-4
Moses,2.07e-4
Dwayne,2.06e-4
Gunnar,2.03e-4
Tate,2.03e-4
Mateo,2.02e-4
Harold,2.01e-4
Osvaldo,2e-4
Uriel,2e-4
Daquan,1.98e-4
Joey,1.98e-4
Jonas,1.98e-4
Sheldon,1.98e-4
Wilson,1.97e-4
Camden,1.95e-4
Juwan,1.95e-4
Mohammed,1.95e-4
Alonzo,1.94e-4
Rudy,1.94e-4
Brice,1.93e-4
Coleman,1.93e-4
Kade,1.93e-4
Stefan,1.92e-4
Cordell,1.91e-4
Austen,1.9e-4
Adan,1.89e-4
Brennen,1.87e-4
Cullen,1.85e-4
Sidney,1.85e-4
Nigel,1.84e-4
Alfred,1.83e-4
Deonte,1.83e-4
Efrain,1.83e-4
Orion,1.83e-4
Quintin,1.83e-4
Kurt,1.82e-4
Nathanial,1.82e-4
Aiden,1.81e-4
Geoffrey,1.81e-4
Reese,1.8e-4
Kai,1.79e-4
Addison,1.79e-4
Kolby,1.78e-4
Sage,1.78e-4
Ronaldo,1.77e-4
Cyrus,1.76e-4
Antoine,1.76e-4
Darnell,1.75e-4
Jaret,1.75e-4
Joaquin,1.75e-4
Dayton,1.74e-4
Lewis,1.74e-4
Gianni,1.73e-4
Leonel,1.73e-4
Ben,1.73e-4
Kane,1.73e-4
Clarence,1.72e-4
Ulises,1.72e-4
Vicente,1.72e-4
Derick,1.7e-4
Alvaro,1.69e-4
Davion,1.69e-4
Rashad,1.69e-4
Devante,1.69e-4
Darien,1.68e-4
Dashawn,1.68e-4
Quincy,1.68e-4
Coby,1.68e-4
Humberto,1.67e-4
Toby,1.67e-4
Will,1.67e-4
Demarcus,1.67e-4
Isaias,1.67e-4
Brad,1.66e-4
Dandre,1.64e-4
Everett,1.64e-4
Ralph,1.63e-4
Tevin,1.63e-4
Howard,1.62e-4
Stephon,1.62e-4
Jaylin,1.61e-4
Clinton,1.59e-4
Ezequiel,1.58e-4
Jaron,1.58e-4
Koby,1.57e-4
Tobias,1.56e-4
Ahmed,1.55e-4
Kareem,1.55e-4
Dillan,1.54e-4
Pierce,1.54e-4
August,1.54e-4
Stephan,1.53e-4
Jamison,1.53e-4
Earl,1.52e-4
Aron,1.52e-4
Romeo,1.51e-4
Adolfo,1.51e-4
Bret,1.51e-4
Kurtis,1.51e-4
Salvatore,1.5e-4
Kolton,1.49e-4
Rory,1.49e-4
Barry,1.49e-4
Jasper,1.49e-4
Tyrese,1.48e-4
Conrad,1.47e-4
Darion,1.47e-4
Deon,1.47e-4
Bernard,1.47e-4
Devyn,1.46e-4
Dexter,1.46e-4
Forrest,1.46e-4
Denzel,1.46e-4
Fredrick,1.46e-4
Kory,1.46e-4
Dangelo,1.45e-4
Perry,1.45e-4
Kieran,1.44e-4
Mackenzie,1.44e-4
Roderick,1.43e-4
Kasey,1.43e-4
Braydon,1.42e-4
Mike,1.42e-4
Markus,1.41e-4
Stone,1.41e-4
Darrius,1.4e-4
Agustin,1.39e-4
Deangelo,1.39e-4
Braeden,1.38e-4
Rhett,1.38e-4
Ignacio,1.37e-4
Freddy,1.36e-4
Gordon,1.36e-4
Mitchel,1.35e-4
Irvin,1.35e-4
Travon,1.34e-4
Leroy,1.34e-4
Tre,1.34e-4
Jovan,1.33e-4
Keon,1.33e-4
Rigoberto,1.33e-4
Shannon,1.33e-4
Aldo,1.32e-4
Garrison,1.32e-4
Heath,1.32e-4
Norman,1.32e-4
Moshe,1.32e-4
Clifford,1.31e-4
Austyn,1.31e-4
Jamar,1.31e-4
Armani,1.29e-4
Cruz,1.29e-4
Keshawn,1.29e-4
Marcel,1.28e-4
Rylan,1.28e-4
Stuart,1.28e-4
Marquez,1.27e-4
Dion,1.27e-4
Gunner,1.26e-4
Hudson,1.26e-4
Raphael,1.26e-4
Dwight,1.26e-4
Easton,1.25e-4
Tristian,1.25e-4
Anton,1.25e-4
Dimitri,1.25e-4
Elisha,1.25e-4
Quinten,1.25e-4
Brenton,1.24e-4
Hassan,1.24e-4
Roland,1.24e-4
Silas,1.24e-4
Amari,1.23e-4
Frankie,1.23e-4
Lamar,1.23e-4
Raekwon,1.23e-4
Estevan,1.22e-4
Sammy,1.22e-4
Asher,1.22e-4
Carlton,1.21e-4
Brayan,1.2e-4
Davonte,1.2e-4
Donavan,1.2e-4
Jarvis,1.2e-4
Jaxon,1.2e-4
Tyrek,1.2e-4
Daryl,1.19e-4
Zion,1.19e-4
Clifton,1.18e-4
Jorden,1.18e-4
Jameson,1.18e-4
Kelly,1.18e-4
Zechariah,1.18e-4
Shamar,1.17e-4
Cornelius,1.17e-4
Elvis,1.17e-4
Korey,1.17e-4
Talon,1.17e-4
Chaz,1.17e-4
Justyn,1.17e-4
Guadalupe,1.16e-4
Courtney,1.16e-4
Declan,1.16e-4
Dylon,1.16e-4
Rashawn,1.16e-4
Arnold,1.15e-4
Shayne,1.15e-4
Cristopher,1.15e-4
Maximillian,1.15e-4
Trever,1.15e-4
Kirk,1.14e-4
Justus,1.14e-4
Antwan,1.13e-4
Reynaldo,1.13e-4
Jefferson,1.12e-4
Kent,1.12e-4
Santos,1.12e-4
Houston,1.12e-4
Muhammad,1.12e-4
Nestor,1.12e-4
Remington,1.11e-4
Savion,1.11e-4
Brooks,1.11e-4
Baby,1.1e-4
Lamont,1.1e-4
Clark,1.1e-4
Deondre,1.1e-4
Layne,1.09e-4
Raheem,1.09e-4
Alonso,1.09e-4
Jairo,1.09e-4
Darrin,1.08e-4
Glen,1.08e-4
Misael,1.08e-4
Reuben,1.08e-4
Jarett,1.07e-4
Kamron,1.07e-4
Dallin,1.07e-4
Fred,1.07e-4
Milton,1.07e-4
Kole,1.06e-4
Jamel,1.06e-4
Ulysses,1.06e-4
Junior,1.05e-4
Madison,1.05e-4
Jadon,1.05e-4
Ladarius,1.05e-4
Tyrique,1.05e-4
Josef,1.04e-4
Brandan,1.04e-4
Colt,1.04e-4
German,1.04e-4
Winston,1.04e-4
Cortez,1.03e-4
Elmer,1.03e-4
Jacoby,1.03e-4
Guy,1.03e-4
Vernon,1.03e-4
Don,1.02e-4
Neal,1.02e-4
Zakary,1.02e-4
Duane,1.01e-4
Nash,1.01e-4
Tahj,1.01e-4
Dequan,1e-4
Hugh,1e-4
Paris,1e-4
Terence,1e-4
Tyriq,1e-4
Bradly,9.9e-5
Clint,9.9e-5
Darin,9.9e-5
Jackie,9.9e-5
Julien,9.9e-5
Tracy,9.9e-5
Alden,9.7e-5
Denver,9.7e-5
Rohan,9.6e-5
Titus,9.6e-5
Demarco,9.6e-5
Hakeem,9.6e-5
Lonnie,9.6e-5
Adonis,9.5e-5
Bernardo,9.5e-5
Brandyn,9.5e-5
Asa,9.5e-5
Axel,9.5e-5
Gino,9.5e-5
Greyson,9.5e-5
Herbert,9.5e-5
Kellen,9.5e-5
Keyshawn,9.5e-5
Octavio,9.5e-5
Chaim,9.4e-5
Destin,9.4e-5
Jordy,9.4e-5
Maverick,9.4e-5
Pierre,9.4e-5
Jean,9.4e-5
Deshaun,9.3e-5
Khalid,9.2e-5
Myron,9.2e-5
Thaddeus,9.2e-5
Deion,9.2e-5
Donnie,9.1e-5
Javonte,9.1e-5
Keven,9.1e-5
Kristofer,9.1e-5
Raymundo,9.1e-5
Ellis,9e-5
Jaleel,9e-5
Kevon,9e-5
Turner,9e-5
Montana,9e-5
Tyreek,9e-5
Dontae,8.9e-5
Efren,8.9e-5
Grady,8.9e-5
Jamari,8.9e-5
Aubrey,8.8e-5
Nehemiah,8.8e-5
Nick,8.8e-5
Freddie,8.7e-5
Marques,8.7e-5
Antony,8.7e-5
Bo,8.7e-5
Bradford,8.7e-5
Davin,8.7e-5
Ibrahim,8.7e-5
Aric,8.6e-5
Gerard,8.6e-5
Landen,8.6e-5
Simeon,8.6e-5
Kordell,8.6e-5
Tyquan,8.6e-5
Dakotah,8.5e-5
Darrion,8.5e-5
Dillion,8.5e-5
Marcelo,8.5e-5
Emmett,8.5e-5
Heriberto,8.5e-5
Kelton,8.5e-5
Omari,8.5e-5
Prince,8.5e-5
Benny,8.4e-5
Izaiah,8.4e-5
Jamarcus,8.4e-5
Alexandro,8.4e-5
Cale,8.4e-5
Trystan,8.4e-5
Jaren,8.3e-5
Kalen,8.3e-5
Mikel,8.3e-5
Raven,8.3e-5
Tavian,8.3e-5
Arron,8.3e-5
Jacquez,8.3e-5
Tyron,8.3e-5
Dewayne,8.2e-5
Dominik,8.2e-5
Emerson,8.2e-5
Samir,8.2e-5
Vaughn,8.2e-5
Alessandro,8.2e-5
Anderson,8.2e-5
Ari,8.2e-5
Benito,8.2e-5
Bronson,8.2e-5
Garett,8.2e-5
Josh,8.2e-5
Sonny,8.2e-5
Auston,8.1e-5
Brant,8.1e-5
Jayce,8.1e-5
Jimmie,8.1e-5
Lincoln,8.1e-5
Lloyd,8.1e-5
Nasir,8.1e-5
Rick,8.1e-5
Shelby,8.1e-5
Alton,8.1e-5
Kyree,8.1e-5
Nico,8.1e-5
Seamus,8.1e-5
Tyshawn,8.1e-5
Fidel,8e-5
Draven,8e-5
Tyrik,8e-5
Brennon,7.9e-5
Markel,7.9e-5
Abdullah,7.9e-5
Andreas,7.9e-5
Blaise,7.9e-5
Gonzalo,7.9e-5
Jaylan,7.9e-5
Johnnie,7.9e-5
Jordi,7.9e-5
Rickey,7.9e-5
Markell,7.8e-5
Phoenix,7.8e-5
Reilly,7.8e-5
Brannon,7.8e-5
Dario,7.8e-5
Jerrod,7.8e-5
Robin,7.8e-5
Giancarlo,7.8e-5
Jacques,7.8e-5
Lionel,7.8e-5
Jabari,7.7e-5
Paxton,7.7e-5
Jalon,7.7e-5
Royce,7.7e-5
Ryder,7.7e-5
Alexandre,7.6e-5
Clyde,7.6e-5
Hernan,7.6e-5
Mekhi,7.6e-5
Augustus,7.6e-5
Devonta,7.5e-5
Gregorio,7.5e-5
Kennedy,7.5e-5
Reagan,7.5e-5
Shemar,7.5e-5
Branson,7.5e-5
Jelani,7.5e-5
Jerod,7.5e-5
Matteo,7.5e-5
Darrian,7.4e-5
Domenic,7.4e-5
Giovanny,7.4e-5
Hans,7.4e-5
Herman,7.4e-5
Johan,7.4e-5
Kerry,7.4e-5
Rex,7.4e-5
Abram,7.4e-5
Hamza,7.4e-5
Infant,7.3e-5
Najee,7.3e-5
Nathen,7.3e-5
Niko,7.3e-5
Dan,7.3e-5
Keagan,7.3e-5
Chauncey,7.2e-5
Ishmael,7.2e-5
Jamil,7.2e-5
Nikhil,7.2e-5
Rico,7.2e-5
Taj,7.2e-5
Brycen,7.2e-5
Isidro,7.2e-5
Luciano,7.2e-5
Vincenzo,7.2e-5
Bishop,7.1e-5
Isai,7.1e-5
Jovani,7.1e-5
Jovany,7.1e-5
Miguelangel,7.1e-5
Rasheed,7.1e-5
Dejuan,7.1e-5
Jensen,7.1e-5
Nicklaus,7.1e-5
Abdul,7e-5
Broderick,7e-5
Deontae,7e-5
Keanu,7e-5
Kenton,7e-5
Loren,7e-5
Rahul,7e-5
Babyboy,7e-5
Tarik,7e-5
Valentin,7e-5
Darrien,6.9e-5
Floyd,6.9e-5
Genaro,6.9e-5
Kenyon,6.9e-5
Keyon,6.9e-5
Leland,6.9e-5
Rocky,6.9e-5
Syed,6.9e-5
Amos,6.9e-5
Christion,6.9e-5
Francesco,6.9e-5
Judah,6.9e-5
Stewart,6.9e-5
Trevin,6.9e-5
Barrett,6.8e-5
Carlo,6.8e-5
Mariano,6.8e-5
Kale,6.8e-5
Killian,6.8e-5
Konnor,6.8e-5
Kylan,6.8e-5
