name,percent
Jacob,0.017346
Michael,0.016637
Matthew,0.014928
Joshua,0.013375
Christopher,0.012631
Nicholas,0.012582
Andrew,0.011705
Joseph,0.011384
Tyler,0.011125
Daniel,0.011122
Brandon,0.0106
Ryan,0.010313
Austin,0.010193
William,0.010161
John,0.009975
David,0.009961
Zachary,0.009807
Anthony,0.009556
James,0.009101
Justin,0.008969
Alexander,0.008544
Jonathan,0.008369
Dylan,0.00784
Noah,0.00732
Christian,0.00725
Robert,0.007133
Samuel,0.006876
Kyle,0.006759
Benjamin,0.006701
Jordan,0.006402
Thomas,0.006278
Nathan,0.006151
Cameron,0.006103
Kevin,0.006013
Jose,0.005962
Hunter,0.005639
Ethan,0.005616
Aaron,0.004831
Eric,0.004603
Jason,0.004595
Caleb,0.004552
Logan,0.004484
Brian,0.00432
Adam,0.004034
Cody,0.003857
Juan,0.003826
Steven,0.003772
Connor,0.00373
Timothy,0.003724
Charles,0.003691
Isaiah,0.003677
Jack,0.003625
Gabriel,0.003618
Jared,0.003571
Luis,0.003537
Sean,0.003536
Evan,0.003363
Alex,0.00335
Carlos,0.003268
Elijah,0.003235
Richard,0.003187
Nathaniel,0.003171
Patrick,0.003164
Isaac,0.00314
Seth,0.003094
Trevor,0.003069
Luke,0.00301
Devin,0.002928
Mark,0.002752
Jesus,0.002731
Mason,0.002677
Ian,0.002675
Angel,0.00265
Bryan,0.002646
Cole,0.002609
Chase,0.002564
Dakota,0.002499
Garrett,0.002491
Adrian,0.002487
Antonio,0.002466
Jeremy,0.002459
Jesse,0.002454
Jackson,0.002452
Blake,0.00236
Dalton,0.002229
Stephen,0.002227
Tanner,0.002219
Alejandro,0.002119
Kenneth,0.002103
Lucas,0.002072
Miguel,0.002062
Spencer,0.002058
Bryce,0.002036
Victor,0.001968
Paul,0.001968
Brendan,0.001961
Jake,0.001929
Marcus,0.001894
Tristan,0.001884
Jeffrey,0.001871
Gavin,0.001796
Travis,0.00177
Edward,0.001762
Bradley,0.001754
Peter,0.001685
Maxwell,0.001639
Jorge,0.001624
Jeremiah,0.00162
Colton,0.001613
Shane,0.001592
Mitchell,0.0015790000000000001
Julian,0.001578
Derek,0.001565
Xavier,0.001565
Joel,0.001563
Oscar,0.001534
Dominic,0.001521
Shawn,0.00152
Colin,0.001513
Taylor,0.001507
Vincent,0.001504
Gregory,0.001495
George,0.001492
Parker,0.001478
Devon,0.001472
Ricardo,0.001466
Riley,0.001457
Grant,0.001442
Collin,0.001432
Henry,0.001429
Wyatt,0.00142
Alec,0.00142
Dustin,0.001395
Francisco,0.00139
Corey,0.001388
Dawson,0.001375
Brett,0.001362
Nicolas,0.001356
Erik,0.001337
Scott,0.001335
Liam,0.001329
Dillon,0.001317
Omar,0.001311
Raymond,0.001291
Eduardo,0.001289
Johnathan,0.001236
Alexis,0.001194
Diego,0.001186
Ivan,0.001186
Hayden,0.001185
Chandler,0.001175
Sebastian,0.001166
Owen,0.001164
Andres,0.001163
Manuel,0.001154
Carson,0.001152
Clayton,0.00115
Cristian,0.001149
Kaleb,0.001145
Javier,0.001136
Max,0.001128
Preston,0.001123
Mario,0.001122
Alan,0.001103
Malik,0.001102
Aidan,0.001086
Bailey,0.001084
Wesley,0.001084
Fernando,0.001066
Levi,0.001055
Casey,0.001003
Jalen,0.001
Edgar,9.98e-4
Martin,9.98e-4
Drew,9.86e-4
Sergio,9.75e-4
Roberto,9.61e-4
Gage,9.59e-4
Carter,9.54e-4
Trenton,9.54e-4
Cesar,9.49e-4
Harrison,9.45e-4
Hector,9.39e-4
Brady,9.26e-4
Conner,9.24e-4
Ronald,9.18e-4
Frank,9.1e-4
Phillip,8.92e-4
Trey,8.82e-4
Andre,8.75e-4
Marco,8.69e-4
Donald,8.57e-4
Erick,8.55e-4
Micah,8.53e-4
Josiah,8.53e-4
Landon,8.42e-4
Jonah,8.38e-4
Darius,8.36e-4
Cory,8.36e-4
Jakob,8.3e-4
Pedro,8.3e-4
Tyrese,8.3e-4
Jaden,8.29e-4
Edwin,8.21e-4
Troy,8.2e-4
Keith,8.17e-4
Jonathon,8.08e-4
Braden,8.07e-4
Ruben,8.03e-4
Donovan,8.01e-4
Nolan,7.97e-4
Calvin,7.95e-4
Derrick,7.91e-4
Chad,7.78e-4
Abraham,7.77e-4
Emmanuel,7.76e-4
Gerardo,7.7e-4
Andy,7.65e-4
Griffin,7.59e-4
Damian,7.56e-4
Giovanni,7.52e-4
Brayden,7.48e-4
Chance,7.41e-4
Colby,7.4e-4
Cade,7.36e-4
Johnny,7.3e-4
Mathew,7.23e-4
Raul,7.21e-4
Rafael,7.06e-4
Enrique,7.05e-4
Skyler,7e-4
Dante,6.95e-4
Armando,6.93e-4
Peyton,6.78e-4
Marc,6.72e-4
Avery,6.72e-4
Trent,6.71e-4
Zackary,6.67e-4
Dennis,6.56e-4
Philip,6.5e-4
Jaime,0.00064899999999999995
Brenden,6.46e-4
Marcos,6.46e-4
Josue,6.43e-4
Allen,6.4e-4
Jerry,6.37e-4
Douglas,6.32e-4
Curtis,6.23e-4
Israel,6.22e-4
Larry,6.15e-4
Gary,6.14e-4
Julio,6.1e-4
Zane,6.08e-4
Jayden,6.04e-4
Leonardo,6.04e-4
Ty,6.01e-4
Elias,5.98e-4
Zachery,5.97e-4
Kameron,5.91e-4
Alberto,5.88e-4
Cooper,5.84e-4
Louis,5.61e-4
Nickolas,5.58e-4
Randy,5.58e-4
Tony,5.56e-4
Dominick,5.56e-4
Simon,5.5e-4
Damien,5.49e-4
Albert,5.47e-4
Brennan,5.43e-4
Ricky,5.39e-4
Jimmy,5.38e-4
Brock,5.36e-4
Zion,5.25e-4
Danny,5.24e-4
Ashton,5.23e-4
Bryson,5.22e-4
Micheal,5.18e-4
Brent,5.18e-4
Miles,5.17e-4
Drake,5.15e-4
Eli,5.13e-4
Darren,5.05e-4
Alfredo,5.03e-4
Damon,5e-4
Arturo,4.98e-4
Lance,4.92e-4
Caden,4.92e-4
Fabian,4.9e-4
Carl,4.89e-4
Quinn,4.86e-4
Corbin,4.82e-4
Jaylen,4.81e-4
Kristopher,4.81e-4
Tucker,4.77e-4
Lane,4.75e-4
Joe,4.74e-4
Kyler,4.71e-4
Tommy,4.7e-4
Jarrett,4.69e-4
Keegan,4.69e-4
Ramon,4.68e-4
Dallas,4.66e-4
Lorenzo,4.65e-4
Payton,4.64e-4
Pablo,4.6e-4
Angelo,4.6e-4
Gustavo,4.59e-4
Jeffery,4.53e-4
Branden,4.51e-4
Walter,4.51e-4
Lawrence,4.5e-4
Myles,4.5e-4
Theodore,4.47e-4
Terry,4.44e-4
Kaden,4.41e-4
Morgan,4.39e-4
Saul,4.37e-4
Nikolas,4.35e-4
Arthur,4.29e-4
Rodney,4.26e-4
Quentin,4.24e-4
Kobe,4.22e-4
Deandre,4.21e-4
Jay,4.19e-4
Russell,4.19e-4
Craig,4.18e-4
Ernesto,4.1e-4
Brendon,4.04e-4
Emanuel,4.03e-4
Braxton,4.02e-4
Bryant,4.01e-4
Grayson,3.98e-4
Tristen,3.94e-4
Jamal,3.91e-4
Jace,3.87e-4
Ismael,3.85e-4
Roman,3.84e-4
Eddie,3.83e-4
Isiah,3.83e-4
Oliver,3.83e-4
Trevon,3.83e-4
Moises,3.83e-4
Jarod,3.82e-4
Jon,3.78e-4
Salvador,3.78e-4
Emilio,3.77e-4
Brody,3.75e-4
Marvin,3.73e-4
Billy,3.67e-4
Zackery,3.64e-4
Desmond,3.64e-4
Marshall,3.62e-4
Keaton,3.62e-4
Maurice,3.6e-4
Tyson,3.6e-4
Kody,3.59e-4
Roger,3.58e-4
Bobby,3.58e-4
Johnathon,3.57e-4
Rodrigo,3.55e-4
Lukas,3.54e-4
Jayson,3.53e-4
Conor,3.53e-4
Dean,3.51e-4
Abel,3.49e-4
Malcolm,3.49e-4
Esteban,3.48e-4
Malachi,3.46e-4
Davis,3.45e-4
Terrell,3.45e-4
Khalil,3.44e-4
Quinton,3.41e-4
Skylar,3.41e-4
Ezekiel,3.38e-4
Kelvin,3.37e-4
Terrance,3.37e-4
Shaun,3.37e-4
Gerald,3.35e-4
Camron,3.35e-4
Reginald,3.34e-4
Orlando,3.33e-4
Zachariah,3.3e-4
Frederick,3.28e-4
Willie,3.28e-4
Ross,3.28e-4
Felix,3.26e-4
Guillermo,3.26e-4
Justice,3.25e-4
Steve,3.24e-4
Demetrius,3.19e-4
Ali,3.18e-4
Roy,3.12e-4
Todd,3.08e-4
Kendall,3.07e-4
Chris,3.05e-4
Randall,3.04e-4
Marquis,3.02e-4
Weston,3.01e-4
Rene,3e-4
Amir,2.98e-4
Clay,2.96e-4
Santiago,2.95e-4
Graham,2.94e-4
Nelson,2.93e-4
Hugo,2.93e-4
Bruce,2.89e-4
Jessie,2.85e-4
Duncan,2.83e-4
Mateo,2.83e-4
Franklin,2.81e-4
Rodolfo,2.8e-4
Javon,2.8e-4
Jaquan,2.78e-4
Maximilian,2.78e-4
Kristian,2.78e-4
Darian,2.77e-4
Nathanael,2.76e-4
Reece,2.76e-4
Byron,2.76e-4
Noel,2.76e-4
Jarred,2.75e-4
Ahmad,2.75e-4
Reed,2.73e-4
Tyrone,2.73e-4
Kendrick,2.72e-4
Charlie,2.69e-4
Dane,2.68e-4
Darrell,2.68e-4
Francis,2.66e-4
Holden,2.66e-4
Kade,2.66e-4
Melvin,2.66e-4
Jermaine,2.64e-4
Walker,2.62e-4
Tyree,2.61e-4
Jarrod,2.59e-4
Garret,2.59e-4
Camden,2.58e-4
Jordon,2.58e-4
Devan,2.57e-4
Leo,2.56e-4
Jamie,2.55e-4
Solomon,2.55e-4
Allan,2.52e-4
Jerome,2.52e-4
Reid,2.52e-4
Kenny,2.51e-4
Alvin,2.51e-4
Lee,2.5e-4
Damion,2.5e-4
Stanley,2.49e-4
Tyrell,2.49e-4
Issac,2.48e-4
Jaylon,2.48e-4
Wayne,2.47e-4
Felipe,2.46e-4
Triston,2.46e-4
Reese,2.46e-4
Terrence,2.44e-4
Wade,2.43e-4
Sam,2.42e-4
Tate,2.42e-4
Harley,2.41e-4
Alfonso,2.4e-4
Davion,2.4e-4
Neil,2.4e-4
Ronnie,2.39e-4
Devonte,2.38e-4
Gilberto,2.38e-4
Mauricio,2.38e-4
Warren,2.38e-4
Eugene,2.36e-4
Aiden,2.35e-4
Leonard,2.35e-4
Ramiro,2.34e-4
Cedric,2.33e-4
Beau,2.3e-4
Deven,2.28e-4
Kai,2.28e-4
Sawyer,2.27e-4
Harry,2.26e-4
Leon,2.26e-4
Uriel,2.25e-4
Davon,2.24e-4
Ezra,2.23e-4
Noe,2.23e-4
Adan,2.22e-4
Moses,2.22e-4
Tomas,2.22e-4
Joey,2.2e-4
Keenan,2.19e-4
Deshawn,2.19e-4
Mohammed,2.19e-4
Rogelio,2.19e-4
Dale,2.17e-4
Bennett,2.14e-4
Marlon,2.14e-4
Mohamed,2.12e-4
Julius,2.12e-4
Elliot,2.1e-4
Ulises,2.1e-4
Mohammad,2.09e-4
Ariel,2.07e-4
Will,2.07e-4
Dorian,2.06e-4
Quincy,2.06e-4
Addison,2.05e-4
Gilbert,2.05e-4
Jaylin,2.05e-4
Jonas,2.05e-4
Tristin,2.04e-4
Ray,2.03e-4
Harold,2.03e-4
Lewis,2.02e-4
Marquise,2.02e-4
Donte,2.02e-4
Alonzo,2.01e-4
Dominique,2.01e-4
Kolby,2e-4
Braeden,1.99e-4
Rudy,1.99e-4
Wilson,1.99e-4
Ahmed,1.98e-4
Blaine,1.97e-4
Colten,1.96e-4
Glenn,1.94e-4
Brice,1.92e-4
Efrain,1.92e-4
Sage,1.92e-4
Sterling,1.92e-4
Darryl,1.92e-4
Karl,1.91e-4
Trace,1.91e-4
Darien,1.89e-4
Ernest,1.89e-4
Ben,1.89e-4
Elliott,1.87e-4
Alvaro,1.86e-4
Joaquin,1.85e-4
Orion,1.85e-4
Osvaldo,1.84e-4
Tylor,1.84e-4
Leonel,1.83e-4
Jaxon,1.82e-4
Nathanial,1.82e-4
Gunnar,1.82e-4
Adolfo,1.8e-4
Daquan,1.8e-4
Dwayne,1.79e-4
Rolando,1.79e-4
Cyrus,1.78e-4
Sheldon,1.78e-4
Stefan,1.78e-4
Elvis,1.77e-4
Nigel,1.77e-4
Humberto,1.77e-4
Infant,1.76e-4
Koby,1.76e-4
River,1.76e-4
Dayton,1.75e-4
Ezequiel,1.75e-4
Quintin,1.74e-4
Coleman,1.74e-4
Cullen,1.73e-4
Garrison,1.73e-4
Sidney,1.73e-4
Antoine,1.72e-4
Declan,1.72e-4
Cordell,1.68e-4
Nasir,1.68e-4
Ralph,1.68e-4
Vicente,1.67e-4
Austen,1.67e-4
Brennen,1.67e-4
Alfred,1.66e-4
Braydon,1.65e-4
Pierce,1.65e-4
Bret,1.64e-4
Everett,1.64e-4
Dashawn,1.64e-4
Kolton,1.64e-4
Kurt,1.64e-4
Tariq,1.64e-4
Devyn,1.64e-4
Isaias,1.63e-4
Toby,1.63e-4
Roderick,1.63e-4
Coby,1.62e-4
Deonte,1.62e-4
Jaron,1.61e-4
Tobias,1.59e-4
Kane,1.59e-4
Keyshawn,1.59e-4
Jadon,1.58e-4
Kieran,1.57e-4
Keshawn,1.56e-4
Clarence,1.56e-4
Dangelo,1.54e-4
Darnell,1.54e-4
Asher,1.53e-4
Shannon,1.51e-4
Brad,1.51e-4
Markus,1.49e-4
Derick,1.49e-4
Demarcus,1.48e-4
Agustin,1.48e-4
Dillan,1.47e-4
Freddy,1.47e-4
Aron,1.47e-4
Kareem,1.47e-4
Rylan,1.46e-4
Deon,1.45e-4
Ignacio,1.45e-4
Jaren,1.45e-4
Salvatore,1.45e-4
Conrad,1.45e-4
Shamar,1.45e-4
Stephan,1.44e-4
Clifford,1.44e-4
Deangelo,1.44e-4
Dandre,1.43e-4
Stephon,1.43e-4
Brayan,1.42e-4
Rohan,1.42e-4
Jefferson,1.41e-4
Stone,1.41e-4
Rory,1.4e-4
Silas,1.4e-4
Mackenzie,1.4e-4
Elisha,1.39e-4
August,1.39e-4
Mike,1.39e-4
Geoffrey,1.37e-4
Jasper,1.37e-4
Latrell,1.37e-4
Dion,1.36e-4
Howard,1.36e-4
Darion,1.35e-4
Tre,1.35e-4
Marcel,1.34e-4
Ulysses,1.34e-4
Earl,1.32e-4
Easton,1.32e-4
Barry,1.32e-4
Tevin,1.31e-4
Austyn,1.31e-4
Baby,1.31e-4
Bernard,1.31e-4
Irvin,1.31e-4
Jamison,1.31e-4
Frankie,1.3e-4
Gordon,1.3e-4
Jamar,1.3e-4
Jovan,1.3e-4
Rashad,1.3e-4
Raphael,1.3e-4
Winston,1.3e-4
Donavan,1.29e-4
Forrest,1.29e-4
Brenton,1.28e-4
Perry,1.28e-4
Maximillian,1.28e-4
Moshe,1.28e-4
Clinton,1.27e-4
Rigoberto,1.26e-4
Justus,1.25e-4
Kole,1.25e-4
Lamar,1.25e-4
Roland,1.25e-4
Ronaldo,1.24e-4
Anton,1.24e-4
Kamron,1.24e-4
Keon,1.24e-4
Octavio,1.23e-4
Talon,1.23e-4
Travon,1.22e-4
Dimitri,1.22e-4
Fredrick,1.22e-4
Kasey,1.22e-4
Nestor,1.21e-4
Romeo,1.21e-4
Armani,1.21e-4
Jean,1.21e-4
Mitchel,1.21e-4
Asa,1.2e-4
Devante,1.2e-4
Kory,1.2e-4
Cruz,1.19e-4
Dwight,1.19e-4
Heriberto,1.19e-4
Jaiden,1.19e-4
Kurtis,1.19e-4
Hudson,1.19e-4
Leroy,1.19e-4
Darin,1.18e-4
Stuart,1.18e-4
Titus,1.18e-4
Tyrek,1.18e-4
Cortez,1.17e-4
Jarvis,1.17e-4
Korey,1.17e-4
Muhammad,1.17e-4
Santos,1.17e-4
Jamel,1.16e-4
Rhett,1.16e-4
Destin,1.16e-4
Misael,1.15e-4
Norman,1.15e-4
Alonso,1.14e-4
Estevan,1.14e-4
Marquez,1.13e-4
Zechariah,1.13e-4
Amari,1.13e-4
Brooks,1.12e-4
Cornelius,1.12e-4
Guadalupe,1.12e-4
Ibrahim,1.12e-4
Reynaldo,1.12e-4
Lamont,1.12e-4
Milton,1.12e-4
Dylon,1.11e-4
Clark,1.11e-4
Gianni,1.11e-4
Greyson,1.11e-4
Tristian,1.11e-4
Dallin,1.1e-4
Carlton,1.1e-4
Jairo,1.1e-4
Jameson,1.09e-4
Remington,1.09e-4
Terence,1.09e-4
Kellen,1.09e-4
Cristopher,1.09e-4
Kirk,1.09e-4
Savion,1.09e-4
Josef,1.08e-4
Gunner,1.08e-4
Tyreke,1.08e-4
Aldo,1.07e-4
Antwan,1.07e-4
Reuben,1.07e-4
German,1.07e-4
Jordi,1.07e-4
Landen,1.07e-4
Shayne,1.07e-4
Clifton,1.06e-4
Lincoln,1.05e-4
Nash,1.05e-4
Chaz,1.05e-4
Jordy,1.05e-4
Brandan,1.04e-4
Darrius,1.04e-4
Deion,1.04e-4
Hassan,1.04e-4
Daryl,1.04e-4
Layne,1.04e-4
Trever,1.04e-4
Dexter,1.03e-4
Draven,1.03e-4
Vernon,1.03e-4
Cayden,1.03e-4
Houston,1.03e-4
Jayce,1.03e-4
Anderson,1.02e-4
Sammy,1.02e-4
Tyrique,1.02e-4
Denver,1.02e-4
Zakary,1.02e-4
Heath,1.01e-4
Izaiah,1.01e-4
Julien,1.01e-4
Junior,1.01e-4
Quinten,1.01e-4
Grady,1.01e-4
Lonnie,1.01e-4
Nick,1e-4
Abdullah,1e-4
Nico,9.9e-5
Fred,9.8e-5
Glen,9.8e-5
Dominik,9.8e-5
Jaylan,9.6e-5
Marques,9.6e-5
Raymundo,9.6e-5
Alexandro,9.6e-5
Kelly,9.6e-5
Adonis,9.5e-5
Colt,9.5e-5
Davin,9.5e-5
Dequan,9.5e-5
Kevon,9.5e-5
Ari,9.5e-5
Jett,9.5e-5
Josh,9.5e-5
Mekhi,9.5e-5
Turner,9.5e-5
Courtney,9.4e-5
Darrin,9.4e-5
Jorden,9.4e-5
Justyn,9.4e-5
Kent,9.4e-5
Seamus,9.4e-5
Axel,9.3e-5
Guy,9.3e-5
Reagan,9.3e-5
Jackie,9.3e-5
Tracy,9.3e-5
Arnold,9.2e-5
Emmett,9.2e-5
Lloyd,9.2e-5
Raven,9.2e-5
Rickey,9.2e-5
Don,9.2e-5
Luciano,9.2e-5
Maverick,9.2e-5
Mikel,9.2e-5
Nikhil,9.2e-5
Efren,9.1e-5
Giancarlo,9.1e-5
Keagan,9.1e-5
Keven,9.1e-5
Bo,9.1e-5
Marcelo,9.1e-5
Neal,9e-5
Thaddeus,9e-5
Abram,9e-5
Aubrey,9e-5
Hamza,9e-5
Raheem,9e-5
Brandyn,8.9e-5
Denzel,8.9e-5
Tyreek,8.9e-5
Dario,8.9e-5
Dyllan,8.9e-5
Ellis,8.8e-5
Johan,8.8e-5
Keanu,8.8e-5
Mariano,8.8e-5
Raekwon,8.8e-5
Zaire,8.8e-5
Brant,8.8e-5
Isai,8.8e-5
Jabari,8.8e-5
Juwan,8.8e-5
Shemar,8.8e-5
Antony,8.7e-5
Chaim,8.7e-5
Garett,8.7e-5
Gonzalo,8.7e-5
Hugh,8.7e-5
Johnnie,8.7e-5
Benito,8.7e-5
Davonte,8.7e-5
Freddie,8.7e-5
Jamari,8.7e-5
Yosef,8.7e-5
Deontae,8.6e-5
Kristofer,8.6e-5
Porter,8.6e-5
Jacoby,8.6e-5
Jimmie,8.6e-5
Tahj,8.6e-5
Clint,8.5e-5
Deshaun,8.5e-5
Duane,8.5e-5
Gerard,8.5e-5
Gino,8.5e-5
Nehemiah,8.5e-5
Reilly,8.5e-5
Brennon,8.5e-5
Emiliano,8.5e-5
Jaydon,8.5e-5
Korbin,8.5e-5
Madison,8.5e-5
Nathen,8.5e-5
Paris,8.5e-5
Dillion,8.4e-5
Khalid,8.4e-5
Ladarius,8.4e-5
Markel,8.4e-5
Alessandro,8.4e-5
Barrett,8.4e-5
Deondre,8.4e-5
Shelby,8.4e-5
Tyron,8.3e-5
Andreas,8.3e-5
Bernardo,8.3e-5
Blaise,8.3e-5
Demarco,8.3e-5
Dewayne,8.3e-5
Tyreese,8.3e-5
Dontae,8.2e-5
Elmer,8.2e-5
Emerson,8.2e-5
Paxton,8.2e-5
Rahul,8.2e-5
Rashawn,8.2e-5
Braedon,8.2e-5
Valentin,8.2e-5
Cale,8.2e-5
Tyshawn,8.2e-5
Donnie,8.1e-5
Jeff,8.1e-5
Judah,8.1e-5
Kennedy,8.1e-5
Keyon,8.1e-5
Lester,8.1e-5
Myron,8.1e-5
Rick,8.1e-5
Sonny,8.1e-5
Vance,8.1e-5
Phoenix,8.1e-5
Samir,8.1e-5
Domenic,8e-5
Fidel,8e-5
Jaleel,8e-5
Kelton,8e-5
Ryder,8e-5
Vaughn,8e-5
Treyvon,7.9e-5
Bradly,7.9e-5
Gene,7.9e-5
Jaxson,7.8e-5
Xander,7.8e-5
Benny,7.8e-5
Pierre,7.8e-5
Robin,7.8e-5
Royce,7.8e-5
Auston,7.7e-5
Branson,7.7e-5
Darrion,7.7e-5
Syed,7.7e-5
Tyquan,7.7e-5
Augustus,7.7e-5
Camren,7.7e-5
Jaret,7.7e-5
Semaj,7.7e-5
Simeon,7.7e-5
Matteo,7.6e-5
Omari,7.6e-5
Samson,7.6e-5
Alek,7.6e-5
Jalon,7.6e-5
Jovani,7.6e-5
Trae,7.6e-5
Ean,7.5e-5
Jude,7.5e-5
Gaven,7.5e-5
Giovanny,7.5e-5
Hans,7.5e-5
Herbert,7.5e-5
Hernan,7.5e-5
Prince,7.5e-5
Shea,7.5e-5
Bradford,7.4e-5
Brycen,7.4e-5
Genaro,7.4e-5
Jade,7.4e-5
Jovany,7.4e-5
Karson,7.4e-5
Kerry,7.4e-5
Trevion,7.4e-5
Ayden,7.3e-5
Darrian,7.3e-5
Elvin,7.3e-5
Jamarcus,7.3e-5
Jamil,7.3e-5
Markell,7.3e-5
Rey,7.3e-5
Tyriq,7.3e-5
Bronson,7.3e-5
Tavion,7.3e-5
Braiden,7.2e-5
Dakotah,7.2e-5
Kadin,7.2e-5
Cristobal,7.2e-5
Donavon,7.2e-5
Herman,7.2e-5
Arman,7.1e-5
Eliseo,7.1e-5
Francesco,7.1e-5
Kenyon,7.1e-5
Alden,7.1e-5
Broderick,7.1e-5
Carlo,7.1e-5
Aditya,7e-5
Jerrod,7e-5
Rowan,7e-5
Aric,7e-5
Bridger,7e-5
Darrien,7e-5
Kylan,7e-5
Adrien,6.9e-5
Alexandre,6.9e-5
Dejuan,6.9e-5
Irving,6.9e-5
Kayden,6.9e-5
Montana,6.9e-5
Abdul,6.9e-5
