name,percent
Jacob,0.016514
Michael,0.015346
Matthew,0.013695
Joshua,0.013194000000000001
Christopher,0.01199
Nicholas,0.011815
Andrew,0.011324
Joseph,0.01093
Daniel,0.010681
Tyler,0.010305
William,0.009896
Brandon,0.009745
Ryan,0.009715
John,0.009617
Zachary,0.009516
David,0.009454
Anthony,0.009416
James,0.0086130000000000009
Justin,0.00852
Alexander,0.008282
Jonathan,0.008085
Christian,0.007693
Austin,0.007643
Dylan,0.007378
Ethan,0.007298
Benjamin,0.007108
Noah,0.006836
Samuel,0.00678
Robert,0.006577
Nathan,0.006241
Cameron,0.006117
Kevin,0.006071
Thomas,0.006055
Jose,0.00603
Hunter,0.006008
Jordan,0.005831
Kyle,0.005737
Caleb,0.004723
Jason,0.004682
Logan,0.004667
Aaron,0.004578
Eric,0.004386
Brian,0.00429
Gabriel,0.00416
Adam,0.003897
Jack,0.003894
Isaiah,0.003844
Juan,0.003694
Luis,0.003669
Connor,0.00361
Charles,0.003605
Elijah,0.003578
Isaac,0.003558
Steven,0.00352
Evan,0.003515
Jared,0.003508
Sean,0.003506
Timothy,0.003475
Luke,0.003424
Cody,0.003418
Nathaniel,0.003258
Alex,0.003231
Seth,0.003219
Mason,0.003124
Richard,0.003045
Carlos,0.003026
Angel,0.003022
Patrick,0.003016
Devin,0.002949
Bryan,0.002941
Cole,0.00284
Jackson,0.00283
Ian,0.002822
Garrett,0.0028
Trevor,0.002754
Jesus,0.00272
Chase,0.002608
Adrian,0.002557
Mark,0.002504
Blake,0.002465
Sebastian,0.00241
Antonio,0.002342
Lucas,0.002309
Jeremy,0.002269
Gavin,0.002245
Miguel,0.002237
Julian,0.002199
Dakota,0.002182
Alejandro,0.002161
Jesse,0.002145
Dalton,0.002131
Bryce,0.002071
Tanner,0.002029
Kenneth,0.001987
Stephen,0.001979
Jake,0.001958
Victor,0.001941
Spencer,0.001939
Marcus,0.001817
Paul,0.001815
Brendan,0.001753
Xavier,0.001744
Jeremiah,0.001744
Jeffrey,0.001708
Tristan,0.001692
Jalen,0.001684
Jorge,0.001673
Edward,0.001666
Riley,0.00164
Wyatt,0.001635
Colton,0.001634
Joel,0.001617
Maxwell,0.001613
Aidan,0.00158
Travis,0.001576
Shane,0.001567
Colin,0.001561
Dominic,0.001556
Carson,0.001553
Vincent,0.001549
Derek,0.00154
Oscar,0.001524
Grant,0.001522
Eduardo,0.001512
Peter,0.001508
Henry,0.001492
Parker,0.001486
Hayden,0.00146
Collin,0.001458
George,0.001454
Bradley,0.001445
Mitchell,0.00143
Devon,0.001424
Ricardo,0.001398
Shawn,0.001385
Taylor,0.001367
Nicolas,0.001364
Gregory,0.001359
Francisco,0.001359
Liam,0.001332
Kaleb,0.001315
Preston,0.001315
Erik,0.001304
Alexis,0.001301
Owen,0.0013
Omar,0.001287
Diego,0.001287
Dustin,0.001255
Corey,0.001249
Fernando,0.001246
Clayton,0.001229
Carter,0.001222
Ivan,0.00121
Jaden,0.001207
Javier,0.001194
Alec,0.001189
Johnathan,0.001184
Scott,0.001178
Manuel,0.001162
Cristian,0.001161
Alan,0.001157
Raymond,0.001148
Brett,0.001142
Max,0.001128
Andres,0.001127
Gage,0.001125
Mario,0.001118
Dawson,0.001108
Dillon,0.001085
Cesar,0.001082
Wesley,0.001063
Levi,0.001044
Jakob,0.001036
Chandler,0.001021
Martin,0.00101
Malik,9.99e-4
Edgar,9.93e-4
Trenton,9.89e-4
Sergio,9.88e-4
Nolan,9.72e-4
Josiah,9.71e-4
Marco,9.7e-4
Peyton,9.59e-4
Harrison,9.49e-4
Hector,9.48e-4
Micah,9.46e-4
Roberto,9.38e-4
Drew,9.34e-4
Brady,9.03e-4
Erick,9.03e-4
Conner,9.01e-4
Jonah,8.79e-4
Casey,8.74e-4
Jayden,8.73e-4
Emmanuel,8.63e-4
Edwin,8.62e-4
Andre,8.59e-4
Phillip,8.5e-4
Brayden,8.44e-4
Landon,8.43e-4
Giovanni,8.43e-4
Bailey,8.4e-4
Ronald,8.38e-4
Braden,8.31e-4
Damian,8.24e-4
Donovan,8.23e-4
Ruben,8.22e-4
Frank,8.19e-4
Gerardo,8.15e-4
Pedro,8.14e-4
Andy,8.12e-4
Chance,8.11e-4
Abraham,8.04e-4
Calvin,8.04e-4
Trey,7.92e-4
Cade,7.89e-4
Donald,7.72e-4
Derrick,7.65e-4
Payton,7.58e-4
Darius,7.5e-4
Enrique,7.35e-4
Keith,7.3e-4
Raul,7.27e-4
Jaylen,7.26e-4
Troy,7.25e-4
Jonathon,7.17e-4
Cory,7.16e-4
Marc,7.11e-4
Skyler,7.05e-4
Rafael,7.05e-4
Griffin,7.04e-4
Trent,7.03e-4
Colby,7.02e-4
Johnny,6.98e-4
Eli,6.96e-4
Chad,6.96e-4
Armando,6.91e-4
Kobe,6.87e-4
Caden,6.74e-4
Cooper,6.74e-4
Marcos,6.74e-4
Elias,6.71e-4
Brenden,6.68e-4
Israel,6.63e-4
Avery,6.57e-4
Zane,6.56e-4
Dante,6.48e-4
Josue,6.48e-4
Zackary,6.47e-4
Mathew,6.44e-4
Allen,6.43e-4
Dennis,6.41e-4
Leonardo,6.38e-4
Ashton,6.3e-4
Philip,6.28e-4
Julio,6.26e-4
Miles,6.25e-4
Damien,6.24e-4
Ty,6.21e-4
Gustavo,6.19e-4
Drake,6.09e-4
Jaime,6.05e-4
Simon,5.98e-4
Jerry,5.96e-4
Curtis,5.95e-4
Kameron,5.86e-4
Lance,5.85e-4
Brock,5.85e-4
Bryson,5.78e-4
Alberto,5.74e-4
Dominick,5.71e-4
Jimmy,5.7e-4
Kaden,5.69e-4
Douglas,5.63e-4
Gary,5.6e-4
Brennan,5.55e-4
Zachery,5.51e-4
Randy,5.44e-4
Louis,5.43e-4
Larry,5.36e-4
Nickolas,5.22e-4
Tony,5.2e-4
Albert,5.18e-4
Fabian,5.18e-4
Keegan,5.18e-4
Saul,5.07e-4
Danny,5.06e-4
Tucker,5.02e-4
Damon,5e-4
Myles,5e-4
Arturo,4.97e-4
Corbin,4.96e-4
Deandre,4.95e-4
Kristopher,4.92e-4
Ricky,4.91e-4
Lane,4.87e-4
Pablo,4.83e-4
Darren,4.82e-4
Zion,4.82e-4
Jarrett,4.81e-4
Alfredo,4.79e-4
Micheal,4.76e-4
Angelo,4.75e-4
Carl,4.73e-4
Oliver,4.69e-4
Kyler,4.62e-4
Tommy,4.59e-4
Walter,4.54e-4
Dallas,4.52e-4
Jace,4.49e-4
Quinn,4.49e-4
Theodore,4.48e-4
Grayson,4.45e-4
Lorenzo,4.42e-4
Joe,4.4e-4
Arthur,4.38e-4
Bryant,4.33e-4
Brent,4.31e-4
Roman,4.28e-4
Russell,4.28e-4
Ramon,4.27e-4
Moises,4.26e-4
Lawrence,4.25e-4
Aiden,4.22e-4
Quentin,4.18e-4
Tyrese,4.16e-4
Jay,4.15e-4
Tristen,4.14e-4
Emanuel,4.09e-4
Salvador,4.09e-4
Terry,4.06e-4
Jeffery,4.01e-4
Morgan,4.01e-4
Esteban,3.94e-4
Tyson,3.92e-4
Braxton,3.9e-4
Branden,3.88e-4
Brody,3.87e-4
Craig,3.87e-4
Marvin,3.86e-4
Ismael,3.85e-4
Rodney,3.83e-4
Isiah,3.82e-4
Maurice,3.81e-4
Marshall,3.81e-4
Ernesto,3.8e-4
Emilio,3.79e-4
Brendon,3.77e-4
Kody,3.75e-4
Eddie,3.74e-4
Malachi,3.67e-4
Abel,3.66e-4
Keaton,3.64e-4
Jon,3.61e-4
Shaun,3.6e-4
Skylar,3.59e-4
Nikolas,3.54e-4
Ezekiel,3.53e-4
Santiago,3.52e-4
Kendall,3.52e-4
Axel,3.51e-4
Camden,3.51e-4
Trevon,3.51e-4
Bobby,3.5e-4
Conor,3.48e-4
Jamal,3.47e-4
Lukas,3.47e-4
Malcolm,3.43e-4
Zackery,3.4e-4
Jayson,3.4e-4
Javon,3.38e-4
Reginald,3.36e-4
Zachariah,3.35e-4
Desmond,3.35e-4
Roger,3.35e-4
Felix,3.34e-4
Dean,3.33e-4
Johnathon,3.33e-4
Quinton,3.29e-4
Ali,3.27e-4
Davis,3.27e-4
Demetrius,3.26e-4
Gerald,3.26e-4
Rodrigo,3.25e-4
Billy,3.2e-4
Rene,3.17e-4
Reece,3.16e-4
Justice,3.15e-4
Kelvin,3.15e-4
Leo,3.15e-4
Maximilian,3.14e-4
Guillermo,3.12e-4
Kevon,3.11e-4
Steve,3.11e-4
Chris,3.1e-4
Frederick,3.1e-4
Clay,3.07e-4
Weston,3.07e-4
Dorian,3.06e-4
Hugo,3.05e-4
Orlando,3.04e-4
Roy,3.04e-4
Terrance,3.01e-4
Kai,2.97e-4
Khalil,2.97e-4
Graham,2.96e-4
Noel,2.95e-4
Nathanael,2.92e-4
Terrell,2.92e-4
Willie,2.92e-4
Camron,2.91e-4
Tyrone,2.91e-4
Mauricio,2.9e-4
Amir,2.89e-4
Darian,2.87e-4
Jarod,2.87e-4
Nelson,2.86e-4
Kade,2.84e-4
Reese,2.83e-4
Garret,2.83e-4
Kristian,2.83e-4
Marquis,2.81e-4
Rodolfo,2.81e-4
Felipe,2.8e-4
Dane,2.79e-4
Todd,2.79e-4
Elian,2.77e-4
Walker,2.77e-4
Mateo,2.74e-4
Jaylon,2.72e-4
Kenny,2.71e-4
Bruce,2.7e-4
Ross,2.7e-4
Damion,2.69e-4
Ezra,2.69e-4
Francis,2.68e-4
Tate,2.62e-4
Byron,2.61e-4
Reid,2.61e-4
Warren,2.61e-4
Bennett,2.6e-4
Randall,2.59e-4
Triston,2.58e-4
Jermaine,2.58e-4
Jaquan,2.57e-4
Harley,2.56e-4
Jessie,2.56e-4
Duncan,2.54e-4
Franklin,2.54e-4
Reed,2.53e-4
Blaine,2.53e-4
Braeden,2.53e-4
Charlie,2.53e-4
Holden,2.53e-4
Ahmad,2.52e-4
Issac,2.49e-4
Kendrick,2.48e-4
Sawyer,2.47e-4
Melvin,2.46e-4
Solomon,2.46e-4
Jaylin,2.46e-4
Moses,2.46e-4
Sam,2.46e-4
Cedric,2.45e-4
Mohammad,2.44e-4
Beau,2.43e-4
Jordon,2.43e-4
Alvin,2.41e-4
Elliot,2.41e-4
Darrell,2.39e-4
Lee,2.39e-4
Jarred,2.39e-4
Mohamed,2.39e-4
Wade,2.38e-4
Davion,2.37e-4
Tomas,2.37e-4
Jaxon,2.36e-4
Uriel,2.36e-4
Deven,2.35e-4
Gilberto,2.34e-4
Rogelio,2.34e-4
Ronnie,2.34e-4
Julius,2.32e-4
Allan,2.32e-4
Brayan,2.3e-4
Deshawn,2.3e-4
Terrence,2.3e-4
Joey,2.3e-4
Noe,2.29e-4
Alfonso,2.28e-4
Ahmed,2.27e-4
Tyree,2.23e-4
Tyrell,2.23e-4
Devan,2.21e-4
Jerome,2.21e-4
Neil,2.21e-4
Ramiro,2.2e-4
Pierce,2.2e-4
Davon,2.19e-4
Devonte,2.18e-4
Jamie,2.18e-4
Leon,2.18e-4
Adan,2.18e-4
Eugene,2.17e-4
Marlon,2.17e-4
Stanley,2.17e-4
Quincy,2.16e-4
Leonard,2.16e-4
Wayne,2.14e-4
Will,2.14e-4
Alvaro,2.11e-4
Ernest,2.1e-4
Harry,2.1e-4
Addison,2.09e-4
Jadon,2.08e-4
Ray,2.08e-4
Alonzo,2.07e-4
Rolando,2.06e-4
Keyshawn,2.06e-4
Mohammed,2.05e-4
Tristin,2.05e-4
Donte,2.03e-4
Jonas,2.03e-4
Dominique,2.02e-4
Leonel,2.02e-4
Wilson,2.02e-4
Gilbert,2.01e-4
Coby,1.99e-4
Dangelo,1.99e-4
Kieran,1.99e-4
Colten,1.97e-4
Keenan,1.97e-4
Koby,1.97e-4
Jarrod,1.97e-4
Dale,1.95e-4
Harold,1.95e-4
Elliott,1.94e-4
Toby,1.94e-4
Dwayne,1.92e-4
Osvaldo,1.91e-4
Cyrus,1.9e-4
Kolby,1.9e-4
Sage,1.88e-4
Coleman,1.86e-4
Declan,1.86e-4
Adolfo,1.85e-4
Brennen,1.84e-4
Trace,1.84e-4
Ariel,1.83e-4
Darryl,1.83e-4
Shamar,1.83e-4
Efrain,1.83e-4
Orion,1.83e-4
Keshawn,1.82e-4
Rudy,1.82e-4
Ulises,1.82e-4
Darien,1.81e-4
Braydon,1.8e-4
Vicente,1.8e-4
Ben,1.79e-4
Nasir,1.79e-4
Dayton,1.78e-4
Joaquin,1.76e-4
Karl,1.75e-4
Dandre,1.75e-4
Isaias,1.75e-4
Rylan,1.74e-4
Sterling,1.74e-4
Cullen,1.74e-4
Quintin,1.73e-4
Stefan,1.73e-4
Brice,1.71e-4
Lewis,1.7e-4
Gunnar,1.69e-4
Humberto,1.69e-4
Nigel,1.67e-4
Alfred,1.67e-4
Agustin,1.65e-4
Asher,1.65e-4
Daquan,1.65e-4
Easton,1.65e-4
Salvatore,1.65e-4
Jaron,1.64e-4
Nathanial,1.64e-4
Everett,1.63e-4
Ralph,1.63e-4
Hudson,1.62e-4
Marquise,1.61e-4
Tobias,1.61e-4
Glenn,1.61e-4
Antoine,1.6e-4
Jasper,1.6e-4
Elvis,1.6e-4
Sidney,1.6e-4
Kane,1.59e-4
Ezequiel,1.59e-4
Tylor,1.58e-4
Aron,1.58e-4
Devyn,1.58e-4
Mike,1.58e-4
Dashawn,1.57e-4
Silas,1.57e-4
Jaiden,1.56e-4
Jayce,1.54e-4
Deonte,1.53e-4
Cristopher,1.52e-4
Romeo,1.52e-4
Deon,1.52e-4
Freddy,1.51e-4
Kurt,1.51e-4
Kolton,1.51e-4
River,1.51e-4
August,1.49e-4
Roderick,1.49e-4
Clarence,1.48e-4
Derick,1.48e-4
Jamar,1.46e-4
Raphael,1.46e-4
Rohan,1.46e-4
Kareem,1.45e-4
Muhammad,1.45e-4
Demarcus,1.45e-4
Sheldon,1.44e-4
Markus,1.44e-4
Cayden,1.43e-4
Luca,1.42e-4
Tre,1.41e-4
Jean,1.4e-4
Jamison,1.39e-4
Rory,1.39e-4
Brad,1.39e-4
Clinton,1.39e-4
Jaylan,1.39e-4
Titus,1.39e-4
Jevon,1.38e-4
Julien,1.38e-4
Emiliano,1.37e-4
Alonso,1.37e-4
Lamar,1.36e-4
Cordell,1.36e-4
Gordon,1.36e-4
Ignacio,1.36e-4
Jett,1.35e-4
Keon,1.35e-4
Baby,1.35e-4
Cruz,1.35e-4
Rashad,1.35e-4
Tariq,1.35e-4
Armani,1.34e-4
Deangelo,1.34e-4
Milton,1.34e-4
Geoffrey,1.33e-4
Elisha,1.33e-4
Bernard,1.32e-4
Darion,1.31e-4
Darnell,1.31e-4
Asa,1.31e-4
Bret,1.31e-4
Izaiah,1.31e-4
Moshe,1.31e-4
Irvin,1.3e-4
Jairo,1.3e-4
Aldo,1.29e-4
Howard,1.29e-4
Ayden,1.29e-4
Garrison,1.29e-4
Stuart,1.29e-4
Zechariah,1.29e-4
Kellen,1.28e-4
Travon,1.28e-4
Norman,1.28e-4
Shemar,1.28e-4
Dillan,1.27e-4
Junior,1.27e-4
Rhett,1.27e-4
Barry,1.26e-4
Darrius,1.26e-4
Kamron,1.26e-4
Jude,1.26e-4
Rigoberto,1.26e-4
Amari,1.25e-4
Jovan,1.25e-4
Octavio,1.24e-4
Perry,1.24e-4
Misael,1.24e-4
Hassan,1.23e-4
Jaren,1.23e-4
Kole,1.23e-4
Latrell,1.23e-4
Roland,1.23e-4
Quinten,1.23e-4
Ibrahim,1.22e-4
Justus,1.22e-4
German,1.22e-4
Gonzalo,1.22e-4
Forrest,1.21e-4
Mackenzie,1.21e-4
Nehemiah,1.21e-4
Anton,1.2e-4
Chaz,1.2e-4
Talon,1.2e-4
Maximillian,1.2e-4
Austen,1.19e-4
Brooks,1.19e-4
Greyson,1.19e-4
Guadalupe,1.19e-4
Winston,1.19e-4
Antwan,1.18e-4
Conrad,1.18e-4
Dion,1.18e-4
Lincoln,1.18e-4
Earl,1.17e-4
Jaydon,1.17e-4
Landen,1.17e-4
Leroy,1.17e-4
Gunner,1.17e-4
Jefferson,1.17e-4
Brenton,1.16e-4
Kurtis,1.16e-4
Stephan,1.16e-4
Stone,1.16e-4
Fredrick,1.16e-4
Shannon,1.16e-4
Shayne,1.15e-4
Karson,1.14e-4
Stephon,1.14e-4
Nestor,1.13e-4
Frankie,1.13e-4
Gianni,1.13e-4
Keagan,1.13e-4
Tristian,1.13e-4
Dimitri,1.12e-4
Kory,1.12e-4
Zakary,1.12e-4
Donavan,1.12e-4
Draven,1.12e-4
Jameson,1.12e-4
Clifton,1.11e-4
Daryl,1.11e-4
Emmett,1.11e-4
Cortez,1.1e-4
Destin,1.1e-4
Jamari,1.1e-4
Dallin,1.1e-4
Estevan,1.1e-4
Grady,1.1e-4
Davin,1.09e-4
Santos,1.09e-4
Carlton,1.08e-4
Marcel,1.08e-4
Mitchel,1.08e-4
Clifford,1.07e-4
Dylon,1.07e-4
Syed,1.07e-4
Adonis,1.06e-4
Dexter,1.06e-4
Keyon,1.06e-4
Reynaldo,1.06e-4
Devante,1.05e-4
Arnold,1.05e-4
Clark,1.05e-4
Kasey,1.05e-4
Sammy,1.05e-4
Thaddeus,1.05e-4
Jarvis,1.04e-4
Garett,1.04e-4
Glen,1.04e-4
Infant,1.04e-4
Keanu,1.04e-4
Kenyon,1.04e-4
Nick,1.04e-4
Ulysses,1.04e-4
Dwight,1.03e-4
Kent,1.03e-4
Denzel,1.03e-4
Lamont,1.03e-4
Houston,1.02e-4
Layne,1.02e-4
Darin,1.02e-4
Jorden,1.02e-4
Anderson,1.01e-4
Kayden,1.01e-4
Khalid,1.01e-4
Antony,1e-4
Deondre,1e-4
Ellis,1e-4
Marquez,1e-4
Ari,9.9e-5
Austyn,9.9e-5
Brycen,9.9e-5
Cornelius,9.9e-5
Remington,9.8e-5
Braedon,9.8e-5
Abram,9.7e-5
Hamza,9.7e-5
Ryder,9.7e-5
Zaire,9.7e-5
Terence,9.7e-5
Guy,9.6e-5
Jamel,9.6e-5
Tevin,9.6e-5
Alexandro,9.6e-5
Jordy,9.6e-5
Kelly,9.6e-5
Porter,9.6e-5
Reuben,9.6e-5
Trever,9.6e-5
Dario,9.5e-5
Jackie,9.5e-5
Keven,9.5e-5
Cristobal,9.5e-5
Josef,9.5e-5
Judah,9.5e-5
Raymundo,9.5e-5
Colt,9.4e-5
Giancarlo,9.4e-5
Paris,9.4e-5
Rahul,9.4e-5
Savion,9.4e-5
Deshaun,9.4e-5
Josh,9.4e-5
Korey,9.4e-5
Gerard,9.3e-5
Jacoby,9.3e-5
Lonnie,9.3e-5
Reilly,9.3e-5
Seamus,9.3e-5
Don,9.3e-5
Giovanny,9.3e-5
Jamil,9.3e-5
Kristofer,9.3e-5
Samir,9.3e-5
Dominik,9.2e-5
Finn,9.2e-5
Jan,9.2e-5
Benny,9.2e-5
Cale,9.2e-5
Irving,9.2e-5
Jaxson,9.2e-5
Kaiden,9.2e-5
Nico,9.1e-5
Rashawn,9.1e-5
Vernon,9.1e-5
Aubrey,9.1e-5
Gaven,9.1e-5
Jabari,9.1e-5
Marcelo,9.1e-5
Sincere,9.1e-5
Kirk,9e-5
Maximus,9e-5
Mikel,9e-5
Heath,9e-5
Kadin,9e-5
Alden,8.9e-5
Davonte,8.9e-5
Justyn,8.9e-5
Kelton,8.9e-5
Brandan,8.9e-5
Courtney,8.9e-5
Camren,8.8e-5
Dewayne,8.8e-5
Darrin,8.8e-5
Duane,8.8e-5
Elmer,8.8e-5
Maverick,8.8e-5
Nikhil,8.8e-5
Abdullah,8.7e-5
Chaim,8.7e-5
Darrion,8.7e-5
Nathen,8.7e-5
Sonny,8.7e-5
Bronson,8.7e-5
Xzavier,8.7e-5
Jovani,8.6e-5
Phoenix,8.6e-5
Reagan,8.6e-5
Blaze,8.6e-5
Efren,8.6e-5
Luciano,8.6e-5
Royce,8.6e-5
Tyrek,8.6e-5
Deontae,8.5e-5
Fidel,8.5e-5
Gaige,8.5e-5
Tyshawn,8.5e-5
Ronaldo,8.5e-5
Aden,8.4e-5
Neal,8.4e-5
Prince,8.4e-5
Rickey,8.4e-5
Deion,8.4e-5
Denver,8.4e-5
Gideon,8.4e-5
Benito,8.3e-5
London,8.3e-5
Matteo,8.3e-5
Samson,8.3e-5
Bernardo,8.3e-5
Raven,8.3e-5
Turner,8.3e-5
Carlo,8.2e-5
Gino,8.2e-5
Johan,8.2e-5
Ryley,8.2e-5
Simeon,8.2e-5
Domenic,8.2e-5
Hugh,8.2e-5
Trystan,8.2e-5
Emerson,8.2e-5
Rocky,8.2e-5
Trevion,8.2e-5
Heriberto,8.1e-5
Joan,8.1e-5
Marques,8.1e-5
Tyreek,8.1e-5
Vaughn,8.1e-5
Clint,8.1e-5
Nash,8.1e-5
Raheem,8.1e-5
Mariano,8e-5
Ladarius,8e-5
Lloyd,8e-5
Myron,8e-5
Omari,8e-5
Keshaun,7.9e-5
Pierre,7.9e-5
Xander,7.9e-5
Eliseo,7.9e-5
Jeff,7.9e-5
Rick,7.9e-5
Bradly,7.8e-5
Freddie,7.8e-5
Mekhi,7.8e-5
Sabastian,7.8e-5
Shea,7.8e-5
Alessandro,7.8e-5
Kavon,7.8e-5
Adrien,7.7e-5
Dan,7.7e-5
Isai,7.7e-5
Kian,7.7e-5
Rasheed,7.7e-5
Blaise,7.7e-5
Brodie,7.7e-5
Donnie,7.7e-5
Isidro,7.7e-5
Jaeden,7.7e-5
Javion,7.7e-5
Jimmie,7.7e-5
Johnnie,7.7e-5
Kennedy,7.7e-5
Paxton,7.7e-5
Tyrique,7.7e-5
Andreas,7.6e-5
Augustus,7.6e-5
Jalon,7.6e-5
Jamir,7.6e-5
Valentin,7.6e-5
Korbin,7.6e-5
Lawson,7.6e-5
Fred,7.5e-5
Herbert,7.5e-5
Maxim,7.5e-5
Bruno,7.5e-5
Donavon,7.5e-5
Javonte,7.5e-5
Alexzander,7.4e-5
Ean,7.4e-5
Kamren,7.4e-5
Rowan,7.4e-5
Alek,7.4e-5
Brandyn,7.4e-5
Demarco,7.4e-5
Hernan,7.3e-5
Amos,7.3e-5
Bo,7.3e-5
Branson,7.3e-5
Genaro,7.3e-5
Jamarcus,7.3e-5
Aric,7.2e-5
Barrett,7.2e-5
Brennon,7.2e-5
Rey,7.2e-5
Braiden,7.2e-5
Brant,7.2e-5
Dontae,7.2e-5
Jovany,7.2e-5
Kale,7.2e-5
Nicklaus,7.2e-5
Dillion,7.1e-5
Donnell,7.1e-5
Kylan,7.1e-5
Treyvon,7.1e-5
Vincenzo,7.1e-5
Zander,7.1e-5
Dayne,7.1e-5
Francesco,7.1e-5
Isaak,7.1e-5
Lionel,7.1e-5
Tracy,7.1e-5
