name,percent
Jacob,0.015734
Michael,0.014357
Matthew,0.012965
Joshua,0.012582
Christopher,0.011233
Nicholas,0.011053
Andrew,0.010843
Joseph,0.01063
Daniel,0.010141
William,0.009722
Anthony,0.009547
David,0.009345
Tyler,0.009326
John,0.009132
Ryan,0.008852
Zachary,0.008803
Ethan,0.008693
Brandon,0.008657
James,0.008254
Alexander,0.008087
Dylan,0.007981
Justin,0.007853
Jonathan,0.007805
Christian,0.007473
Austin,0.007234
Samuel,0.007152
Benjamin,0.00693
Noah,0.00652
Logan,0.006152
Robert,0.006123
Nathan,0.006115
Kevin,0.006095
Thomas,0.005881
Jose,0.005874
Cameron,0.005607
Hunter,0.005486
Caleb,0.005406
Gabriel,0.005281
Jordan,0.005231
Kyle,0.005115
Jason,0.004916
Aaron,0.004611
Isaiah,0.004148
Eric,0.004142
Elijah,0.004031
Brian,0.004014
Isaac,0.003964
Jack,0.003944
Connor,0.003913
Luke,0.003875
Adam,0.003747
Luis,0.00362
Mason,0.003605
Juan,0.003602
Charles,0.003523
Evan,0.003513
Sean,0.003495
Angel,0.003374
Carlos,0.003311
Jackson,0.003307
Nathaniel,0.003212
Alex,0.003201
Steven,0.003185
Cody,0.00318
Jared,0.003112
Jesus,0.003109
Timothy,0.003103
Seth,0.003013
Bryan,0.002963
Ian,0.002943
Devin,0.002921
Patrick,0.0028
Richard,0.00279
Cole,0.002778
Adrian,0.002624
Trevor,0.002609
Blake,0.002591
Gavin,0.002547
Chase,0.002516
Garrett,0.00245
Sebastian,0.002407
Julian,0.00239
Lucas,0.002368
Mark,0.002297
Antonio,0.002292
Aidan,0.002242
Alejandro,0.002205
Miguel,0.002202
Jeremy,0.002065
Jesse,0.002039
Jeremiah,0.002038
Bryce,0.002008
Dakota,0.001925
Xavier,0.001925
Carson,0.001907
Victor,0.001897
Kenneth,0.001891
Dalton,0.001885
Colby,0.001868
Jake,0.001856
Tanner,0.001855
Stephen,0.001807
Spencer,0.001805
Marcus,0.001783
Riley,0.001767
Dominic,0.001757
Wyatt,0.001741
Tristan,0.00173
Paul,0.001695
Jorge,0.001667
Carter,0.001662
Eduardo,0.001654
Edward,0.00163
Jaden,0.001621
Brendan,0.001618
Kaleb,0.001613
Hayden,0.0015790000000000001
Colton,0.001571
Jeffrey,0.001551
Vincent,0.001548
Oscar,0.001544
Parker,0.001543
Henry,0.001542
Maxwell,0.001541
Colin,0.001533
Joel,0.001531
Jalen,0.00151
Shane,0.001509
George,0.001493
Owen,0.001466
Liam,0.001465
Derek,0.001456
Peter,0.001425
Travis,0.001424
Grant,0.001415
Collin,0.001402
Francisco,0.001383
Ricardo,0.00138
Jayden,0.001371
Diego,0.00137
Nicolas,0.001365
Ivan,0.001364
Alexis,0.00134
Gage,0.001335
Bradley,0.00132
Devon,0.001318
Omar,0.001317
Alan,0.001279
Javier,0.001275
Cristian,0.001273
Shawn,0.00127
Preston,0.001267
Andres,0.001259
Fernando,0.001258
Erik,0.001246
Mitchell,0.001242
Gregory,0.001197
Dustin,0.001173
Max,0.001162
Cesar,0.001149
Edgar,0.001149
Clayton,0.001137
Raymond,0.001124
Manuel,0.00112
Taylor,0.001118
Johnathan,0.001115
Scott,0.00111
Corey,0.001083
Josiah,0.001081
Mario,0.001072
Jakob,0.001061
Levi,0.001046
Alec,0.001043
Brady,0.001042
Dillon,0.001036
Brayden,0.00103
Peyton,0.001024
Micah,0.001022
Marco,0.00102
Nolan,0.001012
Trenton,0.001008
Martin,9.96e-4
Dawson,9.83e-4
Wesley,9.8e-4
Sergio,9.8e-4
Edwin,9.59e-4
Jonah,9.59e-4
Brett,9.5e-4
Damian,9.5e-4
Roberto,9.46e-4
Braden,9.32e-4
Erick,9.29e-4
Hector,9.21e-4
Landon,9.1e-4
Caden,9.09e-4
Giovanni,9.06e-4
Malik,9.02e-4
Emmanuel,8.98e-4
Conner,8.86e-4
Abraham,8.78e-4
Cade,8.77e-4
Cooper,8.73e-4
Harrison,8.71e-4
Chandler,8.68e-4
Andy,8.62e-4
Andre,8.42e-4
Ruben,8.39e-4
Trent,8.32e-4
Phillip,8.27e-4
Pedro,8.2e-4
Donovan,8.03e-4
Ronald,7.99e-4
Frank,7.91e-4
Eli,7.81e-4
Calvin,7.8e-4
Ashton,7.73e-4
Aiden,7.67e-4
Drew,7.58e-4
Darius,7.57e-4
Josue,7.56e-4
Casey,7.53e-4
Kobe,7.5e-4
Kaden,7.5e-4
Chance,7.45e-4
Trey,7.44e-4
Johnny,7.4e-4
Gerardo,7.36e-4
Elias,7.34e-4
Skyler,7.29e-4
Armando,7.14e-4
Donald,7.11e-4
Rafael,7.05e-4
Derrick,7.04e-4
Leonardo,7.03e-4
Enrique,6.96e-4
Raul,6.95e-4
Keith,6.92e-4
Jaylen,6.9e-4
Griffin,6.87e-4
Marcos,6.84e-4
Damien,6.79e-4
Avery,6.78e-4
Zackary,6.71e-4
Miles,6.7e-4
Allen,6.68e-4
Bryson,6.57e-4
Troy,6.56e-4
Dante,6.54e-4
Israel,6.48e-4
Jaime,6.48e-4
Zane,6.43e-4
Malachi,6.4e-4
Jonathon,6.4e-4
Julio,6.38e-4
Payton,6.36e-4
Lance,6.21e-4
Mathew,6.16e-4
Axel,6.15e-4
Simon,6.13e-4
Cory,6.11e-4
Jerry,6.04e-4
Drake,6.03e-4
Alberto,6e-4
Marc,6e-4
Kameron,5.99e-4
Bailey,5.97e-4
Brenden,5.91e-4
Philip,5.91e-4
Ty,5.88e-4
Dennis,5.69e-4
Keegan,5.61e-4
Gustavo,5.52e-4
Curtis,5.43e-4
Brennan,5.43e-4
Fabian,5.38e-4
Dominick,5.36e-4
Jimmy,5.34e-4
Saul,5.34e-4
Louis,5.3e-4
Brock,5.28e-4
Albert,5.27e-4
Douglas,5.23e-4
Chad,5.21e-4
Arturo,5.12e-4
Randy,5.09e-4
Angelo,5.06e-4
Tucker,5.04e-4
Damon,5.03e-4
Pablo,5.02e-4
Larry,4.98e-4
Tony,4.95e-4
Kyler,4.93e-4
Danny,4.91e-4
Gary,4.9e-4
Myles,4.85e-4
Corbin,4.8e-4
Roman,4.74e-4
Alfredo,4.73e-4
Jace,4.73e-4
Oliver,4.73e-4
Nickolas,4.69e-4
Bryant,4.63e-4
Joe,4.62e-4
Darren,4.59e-4
Quinn,4.54e-4
Theodore,4.53e-4
Russell,4.48e-4
Moises,4.41e-4
Lane,4.33e-4
Zachery,4.32e-4
Maximus,4.32e-4
Kristopher,4.31e-4
Camden,4.3e-4
Lorenzo,4.3e-4
Jay,4.29e-4
Tristen,4.29e-4
Ramon,4.29e-4
Carl,4.26e-4
Arthur,4.26e-4
Dallas,4.25e-4
Grayson,4.23e-4
Micheal,4.22e-4
Emanuel,4.2e-4
Zion,4.2e-4
Ismael,4.19e-4
Ricky,4.14e-4
Brody,4.11e-4
Ernesto,4.11e-4
Brent,4.1e-4
Salvador,4.1e-4
Tommy,4.07e-4
Tyson,4.03e-4
Deandre,4.02e-4
Esteban,4e-4
Walter,3.99e-4
Isiah,3.97e-4
Jarrett,3.97e-4
Lukas,3.96e-4
Branden,3.93e-4
Lawrence,3.92e-4
Terry,3.88e-4
Santiago,3.88e-4
Reece,3.86e-4
Braxton,3.84e-4
Marvin,3.84e-4
Trevon,3.81e-4
Jamal,3.8e-4
Marshall,3.8e-4
Morgan,3.78e-4
Jeffery,3.75e-4
Quentin,3.69e-4
Jayson,3.68e-4
Emilio,3.66e-4
Mauricio,3.65e-4
Nikolas,3.62e-4
Dean,3.59e-4
Javon,3.59e-4
Rodney,3.58e-4
Kolby,3.58e-4
Leo,3.56e-4
Abel,3.55e-4
Davis,3.55e-4
Skylar,3.54e-4
Orlando,3.54e-4
Maximilian,3.53e-4
Jon,3.52e-4
Ezekiel,3.52e-4
Mateo,3.52e-4
Kody,3.48e-4
Roger,3.48e-4
Kai,3.48e-4
Maurice,3.47e-4
Justice,3.46e-4
Ali,3.45e-4
Tyrese,3.4e-4
Conor,3.39e-4
Zackery,3.37e-4
Chris,3.35e-4
Rodrigo,3.35e-4
Craig,3.3e-4
Felix,3.3e-4
Keaton,3.3e-4
Kade,3.3e-4
Eddie,3.29e-4
Billy,3.26e-4
Demetrius,3.25e-4
Ahmad,3.2e-4
Zachariah,3.19e-4
Jarod,3.17e-4
Bobby,3.17e-4
Shaun,3.16e-4
Amir,3.14e-4
Quinton,3.13e-4
Reese,3.13e-4
Brendon,3.09e-4
Jaxon,3.09e-4
Desmond,3.08e-4
Hugo,3.08e-4
Graham,3.06e-4
Walker,3.05e-4
Khalil,3.03e-4
Steve,3.02e-4
Guillermo,3e-4
Issac,2.99e-4
Kelvin,2.99e-4
Blaine,2.99e-4
Johnathon,2.98e-4
Malcolm,2.97e-4
Frederick,2.97e-4
Nelson,2.97e-4
Dale,2.96e-4
Weston,2.94e-4
Willie,2.94e-4
Gerald,2.94e-4
Braeden,2.93e-4
Julius,2.93e-4
Dorian,2.91e-4
Felipe,2.91e-4
Jaylon,2.9e-4
Jessie,2.87e-4
Rene,2.86e-4
Kristian,2.83e-4
Noel,2.82e-4
Terrance,2.81e-4
Bruce,2.8e-4
Kendall,2.79e-4
Clay,2.77e-4
Roy,2.76e-4
Ezra,2.76e-4
Reginald,2.74e-4
Camron,2.74e-4
Tate,2.73e-4
Quincy,2.72e-4
Darian,2.72e-4
Noe,2.7e-4
Jermaine,2.69e-4
Solomon,2.69e-4
Jaheim,2.68e-4
Charlie,2.68e-4
Sam,2.67e-4
Jaron,2.66e-4
Dane,2.65e-4
Holden,2.65e-4
Damion,2.64e-4
Francis,2.63e-4
Nathanael,2.62e-4
Brayan,2.62e-4
Mohamed,2.61e-4
Elliot,2.61e-4
Reid,2.6e-4
Franklin,2.58e-4
Moses,2.58e-4
Declan,2.57e-4
Todd,2.57e-4
Marquis,2.56e-4
Terrell,2.56e-4
Ramiro,2.55e-4
Harley,2.55e-4
Tyrone,2.54e-4
Melvin,2.52e-4
Alvin,2.52e-4
Cedric,2.52e-4
Coby,2.5e-4
Jaquan,2.48e-4
Lee,2.48e-4
Kenny,2.47e-4
Jadon,2.46e-4
Uriel,2.46e-4
Triston,2.46e-4
Randall,2.45e-4
Bennett,2.44e-4
Ross,2.43e-4
Reed,2.43e-4
Devan,2.42e-4
Duncan,2.42e-4
Jaiden,2.39e-4
Rodolfo,2.39e-4
Adan,2.39e-4
Byron,2.38e-4
Tomas,2.38e-4
Mohammed,2.37e-4
Osvaldo,2.37e-4
Allan,2.36e-4
Gilberto,2.31e-4
Jaylin,2.29e-4
Kendrick,2.28e-4
Sawyer,2.28e-4
Jerome,2.28e-4
Mohammad,2.27e-4
Garret,2.27e-4
Leon,2.26e-4
Rogelio,2.26e-4
Ahmed,2.25e-4
Deven,2.25e-4
Wade,2.25e-4
Jamie,2.24e-4
Wilson,2.23e-4
Ronnie,2.23e-4
Rylan,2.22e-4
Davion,2.2e-4
Harry,2.2e-4
Marlon,2.2e-4
Beau,2.19e-4
Darrell,2.19e-4
Joaquin,2.19e-4
Dayton,2.18e-4
Ayden,2.18e-4
Rolando,2.16e-4
Neil,2.14e-4
Romeo,2.14e-4
Stanley,2.14e-4
Tristin,2.14e-4
Deshawn,2.14e-4
Warren,2.13e-4
Hudson,2.12e-4
Jonas,2.11e-4
Joey,2.1e-4
Leonard,2.1e-4
Isaias,2.1e-4
Terrence,2.08e-4
Cyrus,2.07e-4
Alfonso,2.07e-4
Jordon,2.07e-4
Addison,2.05e-4
Tyree,2.04e-4
Eugene,2.03e-4
Wayne,2.03e-4
Emiliano,2.01e-4
Asher,2e-4
Toby,2e-4
Tyrell,1.99e-4
Davon,1.99e-4
Leonel,1.99e-4
Kieran,1.98e-4
Gilbert,1.97e-4
Rudy,1.97e-4
Koby,1.97e-4
Ulises,1.96e-4
Ariel,1.96e-4
Orion,1.95e-4
Colten,1.93e-4
Pierce,1.93e-4
Cayden,1.92e-4
Alvaro,1.91e-4
Sterling,1.91e-4
Johan,1.9e-4
Elliott,1.89e-4
Jasper,1.89e-4
Will,1.88e-4
Ben,1.87e-4
Vicente,1.87e-4
Sage,1.85e-4
Adolfo,1.84e-4
Efrain,1.83e-4
Harold,1.83e-4
Keenan,1.83e-4
Jaydon,1.82e-4
Alonzo,1.82e-4
Jarred,1.82e-4
Silas,1.82e-4
Agustin,1.8e-4
Coleman,1.79e-4
Devonte,1.79e-4
Trace,1.79e-4
Humberto,1.78e-4
Keshawn,1.78e-4
Dominique,1.78e-4
Donte,1.77e-4
Shamar,1.76e-4
Brennen,1.75e-4
Tobias,1.75e-4
Brice,1.74e-4
Ezequiel,1.74e-4
Ray,1.73e-4
Gunnar,1.73e-4
Jamar,1.73e-4
Easton,1.72e-4
Ernest,1.71e-4
Kevon,1.71e-4
Karl,1.69e-4
Jarrod,1.69e-4
Darryl,1.68e-4
Alfred,1.67e-4
Quintin,1.67e-4
Jude,1.66e-4
Luca,1.66e-4
Antoine,1.64e-4
Dwayne,1.64e-4
Muhammad,1.64e-4
Braydon,1.64e-4
Titus,1.64e-4
Cullen,1.63e-4
Shemar,1.62e-4
Izaiah,1.62e-4
Lewis,1.62e-4
Dashawn,1.61e-4
Cruz,1.6e-4
Darien,1.6e-4
Everett,1.6e-4
Sheldon,1.59e-4
Daquan,1.58e-4
Devyn,1.58e-4
Jamison,1.57e-4
Kareem,1.57e-4
Freddy,1.56e-4
Nasir,1.56e-4
River,1.56e-4
Kane,1.56e-4
Ralph,1.55e-4
Aden,1.54e-4
Dandre,1.53e-4
Kolton,1.53e-4
Mike,1.53e-4
Sidney,1.53e-4
Jamari,1.52e-4
Lincoln,1.5e-4
Jayce,1.49e-4
Keyshawn,1.49e-4
Ignacio,1.48e-4
Jairo,1.48e-4
Jordy,1.48e-4
Jameson,1.48e-4
Nigel,1.48e-4
Rohan,1.47e-4
Stefan,1.47e-4
Mekhi,1.47e-4
Glenn,1.46e-4
Phoenix,1.46e-4
Clarence,1.46e-4
Rashad,1.46e-4
Elisha,1.45e-4
Amari,1.45e-4
Rigoberto,1.44e-4
Marquise,1.43e-4
Aldo,1.42e-4
Zechariah,1.42e-4
Aron,1.42e-4
Jaylan,1.41e-4
Nathanial,1.41e-4
Armani,1.41e-4
Jett,1.41e-4
Julien,1.41e-4
Talon,1.41e-4
Cristopher,1.4e-4
August,1.4e-4
Kole,1.4e-4
Howard,1.39e-4
Lamar,1.39e-4
Darion,1.39e-4
Derick,1.39e-4
Roderick,1.39e-4
Asa,1.38e-4
Jean,1.38e-4
Kaiden,1.38e-4
Keon,1.37e-4
Irvin,1.37e-4
Jaren,1.36e-4
Elvis,1.35e-4
Kayden,1.35e-4
Jagger,1.34e-4
Markus,1.34e-4
Travon,1.34e-4
Moshe,1.34e-4
German,1.33e-4
Zander,1.33e-4
Kurt,1.32e-4
Reynaldo,1.32e-4
Greyson,1.32e-4
Gunner,1.32e-4
Elian,1.31e-4
Jovan,1.31e-4
Tylor,1.31e-4
Dangelo,1.3e-4
Junior,1.3e-4
Keanu,1.3e-4
Baby,1.3e-4
Geoffrey,1.3e-4
Ibrahim,1.3e-4
Donavan,1.29e-4
Landen,1.29e-4
Raphael,1.29e-4
Conrad,1.28e-4
Brad,1.27e-4
Darnell,1.27e-4
Deonte,1.27e-4
Milton,1.27e-4
Nehemiah,1.27e-4
Salvatore,1.27e-4
Bernard,1.26e-4
Justus,1.26e-4
Tariq,1.26e-4
Davin,1.26e-4
Dillan,1.26e-4
Stone,1.26e-4
Anton,1.25e-4
Jaxson,1.25e-4
Savion,1.25e-4
Clinton,1.24e-4
Gideon,1.23e-4
Keagan,1.23e-4
Korey,1.23e-4
Emmett,1.23e-4
Garrison,1.23e-4
Karson,1.23e-4
Demarcus,1.23e-4
Kadin,1.22e-4
Chaz,1.21e-4
Cristobal,1.21e-4
Gordon,1.21e-4
Grady,1.21e-4
Ari,1.2e-4
Misael,1.2e-4
Bret,1.19e-4
Hamza,1.19e-4
Josh,1.19e-4
Khalid,1.19e-4
Santos,1.19e-4
Semaj,1.19e-4
Cordell,1.18e-4
Alonso,1.18e-4
Tre,1.18e-4
Dominik,1.17e-4
Kellen,1.17e-4
Roland,1.17e-4
Stuart,1.17e-4
Destin,1.16e-4
Rhett,1.16e-4
Brycen,1.15e-4
Clifford,1.15e-4
Judah,1.15e-4
Rocco,1.15e-4
Brooks,1.15e-4
Jacoby,1.15e-4
Jair,1.15e-4
Perry,1.15e-4
Quinten,1.15e-4
Stephan,1.15e-4
Jovani,1.14e-4
Rory,1.14e-4
Reagan,1.14e-4
Guadalupe,1.13e-4
Kamron,1.13e-4
Draven,1.13e-4
Sammy,1.13e-4
Deon,1.12e-4
Dimitri,1.12e-4
Estevan,1.12e-4
Kurtis,1.12e-4
Earl,1.11e-4
Anderson,1.11e-4
Dexter,1.11e-4
Maverick,1.11e-4
Darrius,1.1e-4
Xander,1.1e-4
Dallin,1.1e-4
Antony,1.09e-4
Ulysses,1.09e-4
Zakary,1.09e-4
Elmer,1.09e-4
Jefferson,1.09e-4
Octavio,1.09e-4
Porter,1.09e-4
Blaze,1.08e-4
Emerson,1.08e-4
Frankie,1.08e-4
Jevon,1.08e-4
Jorden,1.08e-4
Alexandro,1.08e-4
Antwan,1.08e-4
Fredrick,1.08e-4
Maximillian,1.07e-4
Norman,1.07e-4
Dion,1.07e-4
Latrell,1.07e-4
Darin,1.06e-4
Arnold,1.06e-4
Hassan,1.06e-4
Nestor,1.06e-4
Camren,1.05e-4
Sincere,1.05e-4
Heath,1.05e-4
Abdullah,1.04e-4
Giancarlo,1.04e-4
Austen,1.04e-4
Gianni,1.04e-4
Jabari,1.04e-4
Jan,1.04e-4
Marcel,1.04e-4
Thaddeus,1.04e-4
Tristian,1.04e-4
Abram,1.03e-4
Gonzalo,1.03e-4
Winston,1.03e-4
Brenton,1.02e-4
Josef,1.02e-4
Lamont,1.02e-4
Leroy,1.02e-4
Barry,1.02e-4
Finn,1.01e-4
Guy,1.01e-4
Isaak,1.01e-4
Shannon,1.01e-4
Blaise,1.01e-4
Carlton,1.01e-4
Shayne,1.01e-4
Dylon,1e-4
Forrest,1e-4
Kory,1e-4
Isai,1e-4
Keyon,1e-4
Cortez,9.9e-5
Reuben,9.9e-5
Sabastian,9.9e-5
Jarvis,9.9e-5
Luciano,9.9e-5
Reilly,9.8e-5
Clifton,9.7e-5
Giovanny,9.7e-5
Samir,9.7e-5
Jaeden,9.7e-5
Clark,9.6e-5
Heriberto,9.6e-5
Layne,9.6e-5
Daryl,9.6e-5
Marcelo,9.6e-5
Nick,9.6e-5
Rowan,9.5e-5
Dario,9.5e-5
Denzel,9.5e-5
Fidel,9.4e-5
Gaven,9.4e-5
Houston,9.4e-5
Kelton,9.4e-5
Sonny,9.4e-5
Cale,9.4e-5
Nathen,9.4e-5
Turner,9.4e-5
Efren,9.3e-5
Glen,9.3e-5
Nico,9.3e-5
Nikhil,9.3e-5
Braiden,9.3e-5
Remington,9.3e-5
Jamel,9.2e-5
Oswaldo,9.2e-5
Colt,9.2e-5
Deshaun,9.2e-5
Stephon,9.2e-5
Bernardo,9.2e-5
Jovany,9.2e-5
Devante,9.1e-5
Eliseo,9.1e-5
Keven,9.1e-5
Raymundo,9.1e-5
Seamus,9.1e-5
Gino,9.1e-5
Hugh,9.1e-5
Justyn,9.1e-5
Rahul,9.1e-5
Ronan,9.1e-5
Shea,9.1e-5
Cornelius,9e-5
Dwight,9e-5
Jamil,9e-5
Joan,9e-5
Marquez,9e-5
Austyn,9e-5
Kennedy,9e-5
London,9e-5
Garett,8.9e-5
Don,8.9e-5
Jalon,8.9e-5
Fred,8.8e-5
Rashawn,8.8e-5
Darwin,8.7e-5
Mikel,8.7e-5
Adonis,8.7e-5
Braedon,8.7e-5
Deangelo,8.7e-5
Augustus,8.6e-5
Barrett,8.6e-5
Deondre,8.6e-5
Kirk,8.6e-5
Kylan,8.6e-5
Lonnie,8.6e-5
Tyshawn,8.6e-5
Haden,8.6e-5
Jackie,8.6e-5
Jadyn,8.6e-5
Kent,8.6e-5
Raven,8.6e-5
Vernon,8.6e-5
Xzavier,8.6e-5
Immanuel,8.5e-5
Darrin,8.5e-5
Duane,8.5e-5
Korbin,8.5e-5
Matteo,8.5e-5
Trever,8.5e-5
Courtney,8.4e-5
Kelly,8.4e-5
Lloyd,8.4e-5
Ryder,8.4e-5
Tyron,8.4e-5
Chaim,8.4e-5
Alijah,8.3e-5
Jakobe,8.3e-5
Alexzander,8.3e-5
Jeff,8.3e-5
Kasey,8.3e-5
Mackenzie,8.3e-5
Ryley,8.3e-5
Samson,8.3e-5
Mitchel,8.2e-5
Nash,8.2e-5
Vance,8.2e-5
Imanol,8.2e-5
Jordyn,8.2e-5
Kian,8.2e-5
Neal,8.2e-5
Rickey,8.1e-5
Tyquan,8.1e-5
Brodie,8.1e-5
Ellis,8.1e-5
Freddie,8.1e-5
Kristofer,8.1e-5
Layton,8.1e-5
Mariano,8.1e-5
Maxim,8.1e-5
Ronaldo,8.1e-5
Syed,8.1e-5
Zain,8.1e-5
Adrien,8e-5
Keshaun,8e-5
Niko,8e-5
Omari,8e-5
Yosef,8e-5
Aubrey,8e-5
Benny,8e-5
Jovanny,8e-5
Andreas,7.9e-5
Denver,7.9e-5
Domenic,7.9e-5
Markel,7.9e-5
Prince,7.9e-5
Terence,7.9e-5
Gaige,7.9e-5
Brant,7.8e-5
Davonte,7.8e-5
Paxton,7.8e-5
Yusuf,7.8e-5
Gavyn,7.8e-5
Jamarcus,7.8e-5
Trevion,7.8e-5
Vaughn,7.8e-5
Bo,7.7e-5
Carlo,7.7e-5
Jade,7.7e-5
Johnnie,7.7e-5
Pierre,7.7e-5
Pranav,7.7e-5
Yehuda,7.7e-5
Alden,7.7e-5
Alessandro,7.7e-5
Daunte,7.7e-5
Irving,7.7e-5
Rocky,7.7e-5
Treyvon,7.7e-5
Brennon,7.7e-5
Bronson,7.7e-5
Bruno,7.7e-5
Hernan,7.7e-5
Kale,7.7e-5
Kyree,7.7e-5
Caiden,7.6e-5
Javion,7.6e-5
Kavon,7.6e-5
Arjun,7.6e-5
Darrion,7.6e-5
Dyllan,7.6e-5
Lawson,7.6e-5
Milo,7.6e-5
Brandan,7.5e-5
Jahiem,7.5e-5
Rey,7.5e-5
Simeon,7.5e-5
Zavier,7.5e-5
Donnell,7.5e-5
Jimmie,7.5e-5
Menachem,7.5e-5
Mustafa,7.5e-5
Rylee,7.5e-5
Aric,7.4e-5
Bridger,7.4e-5
Dewayne,7.4e-5
Lionel,7.4e-5
Valentin,7.4e-5
Benito,7.4e-5
Giovani,7.4e-5
Jovanni,7.4e-5
