name,percent
Emily,0.012397
Madison,0.011038
Hannah,0.009532
Emma,0.008377
Alexis,0.007922
Ashley,0.007775
Abigail,0.007753
Sarah,0.007473
Samantha,0.007429
Olivia,0.007416
Elizabeth,0.00739
Alyssa,0.006509
Lauren,0.00625
Isabella,0.006166
Grace,0.006107
Jessica,0.0060350000000000004
Brianna,0.005834
Taylor,0.005812
Kayla,0.005728
Anna,0.005258
Victoria,0.004953
Megan,0.004669
Sydney,0.004579
Rachel,0.004517
Chloe,0.004511
Jasmine,0.004485
Sophia,0.004392
Jennifer,0.004328
Morgan,0.004273
Natalie,0.004234
Hailey,0.004046
Kaitlyn,0.004046
Julia,0.004038
Destiny,0.003946
Haley,0.003776
Katherine,0.003656
Nicole,0.00353
Alexandra,0.003516
Savannah,0.003334
Maria,0.003234
Stephanie,0.003176
Mackenzie,0.003176
Mia,0.00317
Allison,0.003162
Jordan,0.003117
Amanda,0.003105
Jenna,0.00287
Faith,0.002797
Makayla,0.002773
Paige,0.002772
Mary,0.002756
Brooke,0.002706
Katelyn,0.00267
Rebecca,0.002638
Andrea,0.002594
Madeline,0.002593
Kaylee,0.002525
Michelle,0.002508
Sara,0.002502
Zoe,0.002475
Kylie,0.002449
Sierra,0.002432
Kimberly,0.002426
Aaliyah,0.002422
Amber,0.002394
Gabrielle,0.002365
Caroline,0.002361
Vanessa,0.002256
Alexa,0.002232
Trinity,0.002222
Danielle,0.00213
Erin,0.0021
Autumn,0.00208
Angelina,0.002012
Shelby,0.002007
Gabriella,0.00198
Riley,0.00198
Jada,0.001975
Lily,0.001944
Melissa,0.001909
Jacqueline,0.001907
Ava,0.001902
Angela,0.00188
Bailey,0.001855
Isabel,0.001849
Jade,0.001839
Leah,0.001824
Courtney,0.001815
Ella,0.001802
Maya,0.001794
Jocelyn,0.001786
Leslie,0.001784
Ariana,0.00177
Melanie,0.001765
Claire,0.001726
Lillian,0.001722
Christina,0.001715
Evelyn,0.001708
Marissa,0.00168
Audrey,0.001676
Catherine,0.001667
Briana,0.001653
Katie,0.001631
Breanna,0.00162
Alexandria,0.001599
Laura,0.001589
Molly,0.001582
Kathryn,0.001572
Amy,0.001567
Angel,0.001565
Isabelle,0.001552
Sofia,0.001551
Daniela,0.001534
Arianna,0.001501
Ashanti,0.001492
Gabriela,0.001477
Diana,0.001471
Kelsey,0.00146
Kelly,0.001446
Madelyn,0.001445
Alicia,0.001428
Lindsey,0.001426
Caitlin,0.001388
Mikayla,0.001386
Jillian,0.001386
Cassandra,0.001383
Cheyenne,0.001371
Alexia,0.001363
Margaret,0.001355
Mariah,0.001353
Cassidy,0.001335
Avery,0.001312
Lizbeth,0.001303
Ana,0.001284
Sabrina,0.001282
Kennedy,0.001273
Lydia,0.00126
Daisy,0.001245
Amelia,0.001236
Tiffany,0.001213
Skylar,0.001212
Adriana,0.001208
Mckenzie,0.001186
Erica,0.001167
Mya,0.001155
Angelica,0.001151
Miranda,0.00115
Caitlyn,0.001149
Sophie,0.001138
Karen,0.001126
Summer,0.001119
Brooklyn,0.001117
Gracie,0.001092
Crystal,0.001086
Kiara,0.001066
Valerie,0.001065
Jordyn,0.001064
Ashlyn,0.001053
Heather,0.001045
Hope,0.00104
Kylee,0.001018
Alondra,0.001012
Gianna,0.001006
Jamie,9.97e-4
Abby,9.95e-4
Erika,9.93e-4
Karina,9.92e-4
Bianca,9.9e-4
Naomi,9.89e-4
Brittany,9.78e-4
Juliana,9.76e-4
Veronica,9.66e-4
Natalia,9.54e-4
Meghan,9.44e-4
Karla,9.31e-4
Cynthia,9.27e-4
Mckenna,9.09e-4
Bethany,9.05e-4
Chelsea,9.04e-4
Monica,9e-4
Delaney,8.95e-4
Payton,8.92e-4
Jasmin,8.91e-4
Shannon,8.91e-4
Julianna,8.87e-4
Kristen,8.69e-4
Kyla,8.64e-4
Peyton,8.62e-4
Maggie,8.61e-4
Nevaeh,8.6e-4
Alejandra,8.58e-4
Hayley,8.46e-4
Kate,8.46e-4
Hanna,8.37e-4
Aubrey,8.32e-4
Kendall,8.32e-4
Valeria,8.3e-4
Makenzie,8.24e-4
Reagan,8.22e-4
Ellie,8.2e-4
Rylee,8.2e-4
Michaela,8.16e-4
Aliyah,8.14e-4
Charlotte,8.12e-4
Esmeralda,8.1e-4
Carly,8.07e-4
Diamond,7.98e-4
Ruby,7.98e-4
Jazmin,7.97e-4
Jayla,7.96e-4
Rebekah,7.96e-4
Sadie,7.9e-4
Brenda,7.87e-4
Desiree,7.84e-4
Ariel,7.83e-4
Nadia,7.59e-4
Giselle,7.5e-4
Julie,7.43e-4
Kaitlin,7.39e-4
Addison,7.37e-4
Macy,7.33e-4
Adrianna,7.3e-4
Kara,7.11e-4
Claudia,7.08e-4
Alana,7.04e-4
Kyra,7.04e-4
Kendra,7.03e-4
Genesis,6.94e-4
Jazmine,6.91e-4
Alison,6.9e-4
Holly,6.9e-4
Elena,6.88e-4
Nancy,6.88e-4
Allyson,6.83e-4
Savanna,6.82e-4
Britney,6.81e-4
Raven,6.78e-4
Elise,6.77e-4
Eva,6.75e-4
Joanna,6.75e-4
Makenna,6.71e-4
Jaden,6.71e-4
Nina,6.68e-4
Serena,6.61e-4
Guadalupe,6.57e-4
Fatima,6.53e-4
Selena,6.51e-4
Haylee,0.00064899999999999995
Vivian,6.47e-4
Katelynn,6.44e-4
Camryn,6.43e-4
Cierra,6.43e-4
Mallory,6.37e-4
April,6.33e-4
Lindsay,6.28e-4
Mariana,6.28e-4
Cameron,6.27e-4
Cindy,6.18e-4
Liliana,6.14e-4
Kathleen,6.13e-4
Lucy,6.12e-4
Wendy,6.12e-4
Nayeli,6.11e-4
Josephine,6.06e-4
Anastasia,6.05e-4
Asia,6.04e-4
Camille,6.02e-4
Zoey,5.99e-4
Cecilia,5.93e-4
Kassandra,5.88e-4
Yesenia,5.88e-4
Kristina,5.87e-4
Skyler,5.87e-4
Ashleigh,5.77e-4
Sandra,5.76e-4
Heaven,5.73e-4
Kira,5.71e-4
Kirsten,5.71e-4
Patricia,5.65e-4
Katrina,5.63e-4
Josie,5.62e-4
Amaya,5.56e-4
Miriam,5.54e-4
Kailey,5.53e-4
Priscilla,5.52e-4
Tori,5.5e-4
Tatiana,5.47e-4
Bridget,5.44e-4
Layla,5.44e-4
Serenity,5.44e-4
Carolina,5.43e-4
Madeleine,5.42e-4
Mercedes,5.41e-4
Tessa,5.38e-4
Tara,5.38e-4
Jayden,5.29e-4
Kiana,5.29e-4
Melody,5.28e-4
Rachael,5.28e-4
Esther,5.24e-4
Alissa,5.23e-4
Casey,5.23e-4
Christine,5.19e-4
Natasha,5.18e-4
Carmen,5.17e-4
Clara,5.15e-4
Lauryn,5.13e-4
Celeste,5.12e-4
Alaina,5.08e-4
Paola,5.07e-4
Bryanna,4.96e-4
India,4.96e-4
Shayla,4.94e-4
Annie,4.92e-4
Halle,4.92e-4
Alexus,4.91e-4
Brittney,4.9e-4
Imani,4.9e-4
Eleanor,4.87e-4
Nia,4.87e-4
Denise,4.84e-4
Heidi,4.83e-4
Dakota,4.81e-4
Kayleigh,4.78e-4
Anne,4.77e-4
Sidney,4.76e-4
Marisa,4.73e-4
Brenna,4.69e-4
Logan,4.67e-4
Rose,4.67e-4
Annabelle,4.65e-4
Emilee,4.63e-4
Lilly,4.61e-4
Ciara,4.58e-4
Daniella,4.58e-4
Callie,4.57e-4
Ruth,4.54e-4
Dana,4.52e-4
Kassidy,4.49e-4
Helen,4.43e-4
Rosa,4.42e-4
Clarissa,4.41e-4
Harley,4.4e-4
Cristina,4.4e-4
Kamryn,4.4e-4
Annika,4.35e-4
Fiona,4.35e-4
Deanna,4.33e-4
Ashlynn,4.32e-4
Whitney,4.32e-4
Jadyn,4.3e-4
Yasmin,4.27e-4
Ashlee,4.26e-4
Jenny,4.26e-4
Hallie,4.24e-4
Madalyn,4.22e-4
Meredith,4.22e-4
Kristin,4.21e-4
Eliza,4.2e-4
Anahi,4.2e-4
Dominique,4.2e-4
Lisa,4.2e-4
Elisabeth,4.16e-4
Paulina,4.16e-4
Eden,4.15e-4
Carolyn,4.14e-4
Talia,4.11e-4
Sasha,4.1e-4
Virginia,4.06e-4
Laila,4.05e-4
Hailee,4.05e-4
Allie,4.04e-4
Julissa,4.04e-4
Tamara,4.03e-4
Kaylie,4.01e-4
Teresa,3.99e-4
Tiana,3.98e-4
Georgia,3.97e-4
Ashton,3.96e-4
Alayna,3.95e-4
Gloria,3.94e-4
Iris,3.92e-4
Marina,3.9e-4
Angie,3.89e-4
Aniya,3.87e-4
Carla,3.87e-4
Linda,3.87e-4
Gillian,3.86e-4
Jayda,3.82e-4
Raquel,3.81e-4
Tabitha,3.81e-4
Tatum,3.81e-4
Emely,3.77e-4
Eliana,3.77e-4
Krystal,3.76e-4
Genevieve,3.74e-4
Marisol,3.74e-4
Regan,3.74e-4
Kaitlynn,3.7e-4
Kiley,3.69e-4
Noelle,3.69e-4
Justice,3.67e-4
Lexi,3.66e-4
Ivy,3.65e-4
Lesly,3.64e-4
Baylee,3.63e-4
Francesca,3.63e-4
Alisha,3.6e-4
Monique,3.59e-4
America,3.57e-4
Tania,3.56e-4
Aniyah,3.55e-4
Izabella,3.55e-4
Gina,3.55e-4
Perla,3.55e-4
Jane,3.53e-4
Katlyn,3.52e-4
Renee,3.52e-4
Haleigh,3.51e-4
Madisyn,3.51e-4
Carissa,3.5e-4
Martha,3.48e-4
Precious,3.48e-4
Deja,3.47e-4
Sage,3.46e-4
Malia,3.46e-4
Bella,3.45e-4
Cheyanne,3.45e-4
Marie,3.45e-4
Alivia,3.43e-4
Amari,3.43e-4
Jessie,3.42e-4
Alina,3.4e-4
Kaleigh,3.39e-4
Phoebe,3.37e-4
Tia,3.37e-4
Aurora,3.37e-4
Jaqueline,3.37e-4
Kyleigh,3.35e-4
Leilani,3.35e-4
Rylie,3.35e-4
Itzel,3.34e-4
Madyson,3.34e-4
Alice,3.32e-4
Skye,3.29e-4
Alyson,3.28e-4
Viviana,3.28e-4
Piper,3.25e-4
Gisselle,3.24e-4
Leila,3.24e-4
Meagan,3.24e-4
Nyla,3.23e-4
Ainsley,3.23e-4
Camila,3.23e-4
Mckayla,3.23e-4
Fernanda,3.2e-4
Janet,3.19e-4
Emilie,3.17e-4
Jacquelyn,3.15e-4
Karissa,3.15e-4
Yasmine,3.13e-4
Brooklynn,3.13e-4
Paris,3.12e-4
Reese,3.11e-4
Johanna,3.1e-4
Cora,3.07e-4
Taryn,3.07e-4
Shania,3.05e-4
Abbey,3.04e-4
Lacey,3.04e-4
Nora,3.04e-4
Ayanna,3.02e-4
Krista,3.02e-4
Susan,3.02e-4
Macie,3.01e-4
Joy,2.99e-4
Ellen,2.98e-4
Kaylin,2.98e-4
Kiersten,2.97e-4
Cara,2.96e-4
Kiera,2.96e-4
Janelle,2.95e-4
Liberty,2.94e-4
Tamia,2.93e-4
Abbigail,2.92e-4
Anya,2.92e-4
Araceli,2.9e-4
Carley,2.9e-4
Destinee,2.9e-4
Mikaela,2.9e-4
Kasey,2.87e-4
Alanna,2.86e-4
Dulce,2.86e-4
Kierra,2.86e-4
Ryleigh,2.84e-4
Angelique,2.83e-4
Brandy,2.83e-4
Elisa,2.83e-4
Stella,2.82e-4
Maddison,2.81e-4
Litzy,2.79e-4
Mayra,2.79e-4
Athena,2.77e-4
Willow,2.76e-4
Kaley,2.75e-4
Charity,2.75e-4
Jaiden,2.74e-4
Lorena,2.73e-4
Anika,2.72e-4
Larissa,2.71e-4
Sharon,2.71e-4
Kailee,2.71e-4
Sylvia,2.7e-4
Theresa,2.7e-4
Tiara,2.69e-4
Pamela,2.69e-4
Irene,2.68e-4
Sarai,2.68e-4
Madelynn,2.67e-4
Miracle,2.66e-4
Janae,2.66e-4
Raegan,2.66e-4
Ann,2.65e-4
Lucia,2.65e-4
Tyler,2.65e-4
Bailee,2.64e-4
Brandi,2.64e-4
Elaina,2.64e-4
Jaclyn,2.63e-4
Ryan,2.63e-4
Sonia,2.63e-4
Abbie,2.61e-4
Maia,2.59e-4
Rhiannon,2.59e-4
Shakira,2.59e-4
Jaelyn,2.59e-4
Kelsie,2.59e-4
Marlene,2.58e-4
Cassie,2.57e-4
Aileen,2.56e-4
Emilia,2.56e-4
Joselyn,2.56e-4
Lena,2.56e-4
Marilyn,2.56e-4
Alma,2.56e-4
Simone,2.55e-4
Colleen,2.53e-4
Jimena,2.53e-4
Felicity,2.52e-4
Kaya,2.52e-4
Kali,2.51e-4
Kaila,2.5e-4
Kenya,2.5e-4
Melina,2.48e-4
Lexie,2.47e-4
Aspen,2.44e-4
Eve,2.42e-4
Barbara,2.41e-4
Nataly,2.4e-4
Deborah,2.4e-4
Hunter,2.39e-4
Carlie,2.39e-4
Lesley,2.39e-4
Isis,2.38e-4
Aimee,2.38e-4
Maritza,2.37e-4
Madilyn,2.36e-4
Chasity,2.36e-4
Daphne,2.35e-4
Tanya,2.35e-4
Edith,2.32e-4
Hailie,2.31e-4
Adrienne,2.31e-4
Julianne,2.31e-4
Macey,2.3e-4
Gwendolyn,2.3e-4
Justine,2.29e-4
Arielle,2.29e-4
Felicia,2.29e-4
Shyanne,2.27e-4
Kaia,2.25e-4
Reyna,2.25e-4
Ally,2.25e-4
Brynn,2.25e-4
Haylie,2.25e-4
Zaria,2.23e-4
Judith,2.23e-4
Lilian,2.23e-4
Kailyn,2.22e-4
Zoie,2.22e-4
Nathalie,2.22e-4
Luz,2.21e-4
Juliette,2.21e-4
Noemi,2.21e-4
Clare,2.2e-4
Janiya,2.2e-4
Tianna,2.2e-4
Annette,2.19e-4
Helena,2.19e-4
Kaylyn,2.18e-4
Savanah,2.18e-4
Juliet,2.17e-4
Valentina,2.16e-4
Chelsey,2.15e-4
Esperanza,2.15e-4
Ximena,2.15e-4
Thalia,2.14e-4
Mara,2.13e-4
Tatyana,2.13e-4
Hayden,2.12e-4
Violet,2.12e-4
Skyla,2.12e-4
Elle,2.11e-4
Nyah,2.11e-4
Tess,2.11e-4
Lila,2.09e-4
Paula,2.09e-4
Breana,2.09e-4
Frances,2.09e-4
Jolie,2.09e-4
Hana,2.08e-4
Jazlyn,2.08e-4
Teagan,2.08e-4
Lisbeth,2.07e-4
Laney,2.06e-4
Cristal,2.06e-4
Regina,2.06e-4
Aisha,2.05e-4
Jaida,2.05e-4
Marley,2.05e-4
Alisa,2.04e-4
Amya,2.04e-4
Lara,2.04e-4
Haven,2.03e-4
Isabela,2.03e-4
Rosemary,2.03e-4
Antonia,2.02e-4
Elaine,2.02e-4
Karli,2.02e-4
Alessandra,2.01e-4
Keely,2.01e-4
Micah,2.01e-4
Nya,2.01e-4
Carlee,1.99e-4
Yadira,1.99e-4
Leticia,1.98e-4
Janessa,1.98e-4
Toni,1.98e-4
Kaelyn,1.97e-4
Nichole,1.97e-4
Celia,1.97e-4
Kaiya,1.97e-4
Lillie,1.96e-4
Carina,1.96e-4
Kenzie,1.96e-4
Mollie,1.96e-4
Aracely,1.95e-4
Cayla,1.95e-4
Corinne,1.95e-4
Stacy,1.95e-4
Sydnee,1.95e-4
Sienna,1.95e-4
Halie,1.94e-4
Karlee,1.94e-4
Lea,1.94e-4
Eileen,1.93e-4
Anaya,1.92e-4
Lana,1.92e-4
Tina,1.92e-4
Harmony,1.92e-4
Mariam,1.91e-4
Stephany,1.91e-4
Laurel,1.9e-4
Donna,1.89e-4
Amani,1.89e-4
Tyra,1.89e-4
Ebony,1.88e-4
Mariela,1.88e-4
Ansley,1.88e-4
Leanna,1.88e-4
Jewel,1.87e-4
Kelli,1.87e-4
Ayana,1.86e-4
Montana,1.86e-4
Taliyah,1.86e-4
Lizeth,1.85e-4
Melany,1.85e-4
Monserrat,1.85e-4
Adeline,1.85e-4
Jazmyn,1.85e-4
Tayler,1.85e-4
Giovanna,1.84e-4
Brisa,1.84e-4
Kathy,1.84e-4
Kianna,1.84e-4
Presley,1.84e-4
Estefania,1.82e-4
Arely,1.82e-4
Desirae,1.82e-4
Bria,1.81e-4
Chaya,1.81e-4
Karlie,1.81e-4
Estrella,1.8e-4
Joyce,1.8e-4
Kennedi,1.8e-4
Delilah,1.8e-4
Jenifer,1.8e-4
Shayna,1.79e-4
Aubree,1.79e-4
Maeve,1.78e-4
Brielle,1.77e-4
Annabella,1.76e-4
Ciera,1.76e-4
Blanca,1.76e-4
Lia,1.76e-4
Penelope,1.76e-4
Tierra,1.76e-4
Yvette,1.74e-4
Destiney,1.74e-4
Myah,1.73e-4
Ingrid,1.72e-4
Shyann,1.72e-4
Casandra,1.71e-4
Sheila,1.71e-4
Damaris,1.7e-4
Quinn,1.7e-4
Katarina,1.7e-4
Aleah,1.69e-4
Maci,1.69e-4
Maribel,1.69e-4
Alena,1.69e-4
Annalise,1.69e-4
Kayley,1.68e-4
Margarita,1.68e-4
Aria,1.68e-4
Shaniya,1.68e-4
Sydni,1.68e-4
Kasandra,1.67e-4
Candace,1.66e-4
Cecelia,1.66e-4
Lyric,1.66e-4
Nikki,1.66e-4
Aliya,1.66e-4
Gia,1.65e-4
Abigayle,1.65e-4
Alize,1.65e-4
Janice,1.64e-4
Katelin,1.64e-4
Marianna,1.64e-4
Micaela,1.63e-4
Iyana,1.63e-4
Lola,1.63e-4
Yazmin,1.63e-4
Carrie,1.62e-4
Greta,1.62e-4
Susana,1.62e-4
Frida,1.61e-4
Nicolette,1.61e-4
Salma,1.61e-4
Amira,1.61e-4
Sandy,1.61e-4
Arlene,1.6e-4
Evelin,1.6e-4
Dayana,1.6e-4
Parker,1.6e-4
Elyse,1.59e-4
Hazel,1.59e-4
Stacey,1.59e-4
Lexus,1.59e-4
Liana,1.58e-4
Mattie,1.58e-4
Devin,1.57e-4
Christian,1.57e-4
Makena,1.55e-4
Reilly,1.55e-4
Calista,1.54e-4
Kellie,1.54e-4
Celine,1.53e-4
Anissa,1.53e-4
Kaliyah,1.53e-4
Kayli,1.53e-4
Shaylee,1.53e-4
Destini,1.52e-4
Maura,1.52e-4
Aiyana,1.52e-4
Kacie,1.52e-4
Kaylynn,1.52e-4
Lilliana,1.52e-4
Elissa,1.51e-4
Jaylin,1.51e-4
Karly,1.51e-4
Amara,1.5e-4
Ayla,1.5e-4
Dasia,1.5e-4
Catalina,1.49e-4
Iliana,1.49e-4
Joslyn,1.49e-4
Kendal,1.49e-4
Shea,1.49e-4
Carson,1.49e-4
Taniya,1.49e-4
Belen,1.48e-4
Jacey,1.48e-4
Lizette,1.48e-4
Rocio,1.48e-4
Scarlett,1.47e-4
Fabiola,1.46e-4
Alysa,1.45e-4
Jamya,1.45e-4
Katharine,1.45e-4
Kenna,1.45e-4
Rayna,1.45e-4
Aryanna,1.45e-4
Gretchen,1.45e-4
Annabel,1.44e-4
Christy,1.44e-4
Jaliyah,1.44e-4
Raina,1.44e-4
Aliza,1.44e-4
Ashly,1.44e-4
Cali,1.44e-4
Celina,1.44e-4
Elsa,1.44e-4
Ericka,1.44e-4
Jalyn,1.44e-4
Jaycee,1.44e-4
Tracy,1.44e-4
Diane,1.43e-4
Emmalee,1.43e-4
Kenia,1.43e-4
Robyn,1.43e-4
Devon,1.42e-4
Emerson,1.42e-4
Miah,1.42e-4
Denisse,1.41e-4
Savana,1.41e-4
Danna,1.41e-4
Jasmyn,1.41e-4
London,1.41e-4
Abigale,1.4e-4
Jaidyn,1.39e-4
Berenice,1.39e-4
Madisen,1.39e-4
Bryana,1.38e-4
Essence,1.38e-4
Christiana,1.38e-4
Kaylah,1.38e-4
Carol,1.37e-4
Kourtney,1.37e-4
Rianna,1.37e-4
Robin,1.37e-4
Vanesa,1.37e-4
Jaime,1.37e-4
Makaila,1.37e-4
Moriah,1.37e-4
Alia,1.36e-4
Keyla,1.36e-4
Meadow,1.36e-4
Christa,1.36e-4
Princess,1.36e-4
Mireya,1.35e-4
Roxana,1.35e-4
Anita,1.35e-4
Brianne,1.34e-4
Giana,1.34e-4
Beatriz,1.33e-4
Jaylynn,1.33e-4
Joana,1.33e-4
Patience,1.33e-4
Tristan,1.33e-4
Dorothy,1.33e-4
Selina,1.33e-4
Carli,1.32e-4
Sally,1.32e-4
Hadley,1.32e-4
Rebeca,1.32e-4
Sarahi,1.32e-4
Shirley,1.31e-4
Alexandrea,1.31e-4
Jailyn,1.3e-4
Noelia,1.3e-4
Priscila,1.3e-4
Abagail,1.3e-4
Maleah,1.3e-4
Shreya,1.29e-4
Dylan,1.29e-4
Kallie,1.29e-4
Elyssa,1.28e-4
Jana,1.28e-4
Sarina,1.28e-4
Ashtyn,1.28e-4
Lyndsey,1.28e-4
Sky,1.28e-4
Kya,1.27e-4
Dalia,1.27e-4
Darlene,1.27e-4
Shawna,1.27e-4
Jayde,1.26e-4
Madalynn,1.26e-4
Saige,1.26e-4
Yuliana,1.26e-4
Armani,1.26e-4
Jakayla,1.26e-4
Maegan,1.26e-4
Maliyah,1.26e-4
Reanna,1.26e-4
Sonya,1.26e-4
Samira,1.25e-4
Alexys,1.24e-4
Devyn,1.24e-4
Kelsi,1.24e-4
Sade,1.24e-4
Sydnie,1.24e-4
Jalynn,1.24e-4
Marlee,1.24e-4
Myra,1.24e-4
Joelle,1.23e-4
Rachelle,1.23e-4
Rita,1.23e-4
Yessenia,1.23e-4
Akira,1.23e-4
Isabell,1.23e-4
Kalyn,1.23e-4
Meaghan,1.23e-4
Norma,1.23e-4
Samara,1.23e-4
Taya,1.23e-4
Unique,1.23e-4
Candice,1.22e-4
Graciela,1.22e-4
Paloma,1.22e-4
Galilea,1.22e-4
Kaela,1.22e-4
Melinda,1.22e-4
Journey,1.21e-4
Katy,1.21e-4
Yvonne,1.21e-4
Anjali,1.21e-4
Aylin,1.21e-4
Breonna,1.21e-4
Keira,1.21e-4
Mandy,1.21e-4
Ryann,1.21e-4
Amina,1.2e-4
Baby,1.2e-4
Janie,1.2e-4
Jaylene,1.2e-4
Luisa,1.2e-4
Mina,1.2e-4
Miya,1.2e-4
Dania,1.19e-4
Darby,1.19e-4
Odalys,1.19e-4
Deasia,1.19e-4
Riya,1.19e-4
Karley,1.18e-4
Cadence,1.18e-4
Estefany,1.18e-4
Iyanna,1.18e-4
Citlali,1.17e-4
Kiya,1.17e-4
Allyssa,1.17e-4
Alysha,1.17e-4
Chana,1.17e-4
Ireland,1.17e-4
Marcella,1.17e-4
Alycia,1.16e-4
Trista,1.16e-4
Dianna,1.16e-4
Jaylyn,1.16e-4
Jena,1.16e-4
Aja,1.15e-4
Jaquelin,1.15e-4
Kari,1.15e-4
Nyasia,1.15e-4
Yolanda,1.15e-4
Alex,1.15e-4
Libby,1.15e-4
Abril,1.14e-4
Aubrie,1.14e-4
Brionna,1.14e-4
Sheridan,1.14e-4
Lina,1.14e-4
Loren,1.14e-4
Magdalena,1.14e-4
Estefani,1.13e-4
Keeley,1.13e-4
Maryam,1.13e-4
Chandler,1.13e-4
Jackeline,1.13e-4
Jazmyne,1.13e-4
Jeanette,1.13e-4
Yareli,1.13e-4
Johana,1.12e-4
Juana,1.12e-4
Katerina,1.12e-4
Kristine,1.12e-4
Amiya,1.12e-4
Angeline,1.11e-4
Caitlynn,1.11e-4
