name,percent
Emily,0.012819
Emma,0.011327
Madison,0.010077
Hannah,0.008792
Olivia,0.008055
Abigail,0.007944
Alexis,0.007407
Ashley,0.007241
Elizabeth,0.007025
Samantha,0.006918
Isabella,0.006871
Sarah,0.006854
Grace,0.006373
Alyssa,0.006359
Lauren,0.005515
Kayla,0.005459
Brianna,0.005276
Jessica,0.005212
Taylor,0.005144
Sophia,0.004833
Anna,0.004707
Victoria,0.004609
Natalie,0.004563
Chloe,0.004529
Sydney,0.004448
Hailey,0.004386
Jasmine,0.004018
Rachel,0.003976
Morgan,0.003955
Megan,0.003891
Jennifer,0.003776
Kaitlyn,0.003766
Julia,0.00371
Haley,0.003588
Katherine,0.003554
Mia,0.003533
Destiny,0.003468
Alexandra,0.003265
Ava,0.003135
Nicole,0.003105
Savannah,0.003067
Maria,0.003034
Brooke,0.002977
Ella,0.002944
Mackenzie,0.002925
Allison,0.00292
Paige,0.002873
Jordan,0.002819
Stephanie,0.002794
Faith,0.002789
Makayla,0.002783
Kylie,0.002775
Kaylee,0.00272
Jenna,0.002671
Amanda,0.002662
Trinity,0.002557
Zoe,0.002536
Katelyn,0.00252
Mary,0.002491
Andrea,0.002483
Madeline,0.002483
Michelle,0.002428
Rebecca,0.002421
Kimberly,0.002407
Sara,0.002371
Gabrielle,0.002292
Alexa,0.002292
Caroline,0.002286
Lily,0.002211
Vanessa,0.00217
Angelina,0.002129
Riley,0.002117
Sierra,0.002112
Amber,0.002052
Autumn,0.002022
Lillian,0.00201
Gabriella,0.002005
Audrey,0.001992
Jada,0.001989
Erin,0.00196
Leah,0.001953
Danielle,0.001927
Isabel,0.00192
Maya,0.00192
Ariana,0.001912
Arianna,0.001893
Jocelyn,0.001854
Evelyn,0.001846
Avery,0.00184
Aaliyah,0.001831
Leslie,0.001815
Claire,0.001782
Melanie,0.001771
Shelby,0.001762
Marissa,0.001753
Melissa,0.001745
Sofia,0.001739
Bailey,0.001729
Jacqueline,0.001704
Molly,0.001698
Jade,0.001692
Gabriela,0.001676
Courtney,0.001668
Angela,0.001653
Breanna,0.00163
Catherine,0.001612
Katie,0.001588
Diana,0.00157
Christina,0.001551
Isabelle,0.001551
Amelia,0.001544
Daniela,0.001535
Mariah,0.001533
Briana,0.001526
Madelyn,0.001491
Mya,0.001473
Kathryn,0.001469
Brooklyn,0.001459
Amy,0.001435
Angel,0.001435
Adriana,0.001416
Kennedy,0.001384
Alexandria,0.00138
Kelly,0.001365
Laura,0.001364
Gracie,0.001359
Lydia,0.001308
Margaret,0.001305
Ana,0.001292
Kelsey,0.001282
Alicia,0.001268
Lindsey,0.001268
Alexia,0.001246
Cheyenne,0.001234
Jillian,0.001211
Daisy,0.0012
Mikayla,0.001195
Sabrina,0.001193
Ashlyn,0.001182
Cassandra,0.001166
Karen,0.001163
Caitlin,0.001153
Gianna,0.001153
Skylar,0.00115
Nevaeh,0.001144
Lizbeth,0.001136
Natalia,0.001126
Tiffany,0.001126
Mckenzie,0.001123
Cassidy,0.001115
Sophie,0.001114
Angelica,0.001102
Summer,0.001101
Kylee,0.001095
Jordyn,0.001091
Kendall,0.001089
Juliana,0.001063
Miranda,0.001055
Erica,0.001043
Caitlyn,0.001037
Kate,0.001025
Bianca,0.001024
Abby,0.001022
Naomi,0.001016
Kyla,0.001009
Rylee,0.001007
Crystal,0.001005
Alondra,9.96e-4
Karina,9.86e-4
Jamie,9.6e-4
Valerie,9.52e-4
Hope,9.46e-4
Kiara,9.35e-4
Hayley,0.00093000000000000005
Delaney,9.25e-4
Chelsea,9.15e-4
Veronica,9.15e-4
Erika,9.07e-4
Karla,8.88e-4
Giselle,8.84e-4
Amaya,8.81e-4
Charlotte,8.8e-4
Carly,8.79e-4
Aubrey,8.76e-4
Julianna,8.66e-4
Valeria,8.66e-4
Ellie,8.62e-4
Maggie,8.58e-4
Sadie,8.51e-4
Addison,8.49e-4
Ruby,8.49e-4
Peyton,8.48e-4
Mckenna,8.46e-4
Meghan,8.46e-4
Layla,8.41e-4
Jazmin,8.33e-4
Alejandra,8.31e-4
Cynthia,8.28e-4
Jasmin,8.28e-4
Jayla,8.28e-4
Reagan,8.27e-4
Esmeralda,8.24e-4
Alana,8.08e-4
Payton,8.08e-4
Bethany,8.07e-4
Heather,8.07e-4
Monica,8.05e-4
Nadia,7.89e-4
Makenzie,7.88e-4
Brittany,7.87e-4
Adrianna,7.75e-4
Hanna,7.72e-4
Ariel,7.71e-4
Eva,7.55e-4
Haylee,7.5e-4
Desiree,7.49e-4
Rebekah,7.46e-4
Genesis,7.45e-4
Macy,7.39e-4
Lucy,7.35e-4
Zoey,7.31e-4
Elena,7.3e-4
Kyra,7.29e-4
Vivian,7.25e-4
Makenna,7.24e-4
Shannon,7.23e-4
Jaden,7.21e-4
Brenda,7.2e-4
Kristen,7.18e-4
Mallory,7.13e-4
Raven,7.11e-4
Elise,7.08e-4
Alison,7.05e-4
Serenity,7.04e-4
Diamond,6.97e-4
Aliyah,6.94e-4
Michaela,6.88e-4
Asia,6.82e-4
Kara,6.77e-4
Fatima,6.76e-4
Nina,6.76e-4
Julie,6.73e-4
Liliana,6.71e-4
Jayden,6.71e-4
Kailey,6.63e-4
Guadalupe,6.63e-4
Savanna,6.57e-4
Jazmine,6.56e-4
Allyson,6.52e-4
Laila,6.51e-4
Claudia,6.5e-4
Joanna,6.48e-4
Mariana,6.47e-4
Carmen,6.43e-4
Camille,6.37e-4
Serena,6.35e-4
Katelynn,6.34e-4
Josephine,6.27e-4
Kendra,6.16e-4
Lindsay,6.14e-4
Holly,6.11e-4
Carolina,6.06e-4
Kaitlin,5.95e-4
Heaven,5.94e-4
Lilly,5.92e-4
Jadyn,5.88e-4
Sandra,5.88e-4
Nancy,5.87e-4
Selena,5.86e-4
Anastasia,5.85e-4
Cecilia,5.79e-4
Cindy,5.79e-4
Paris,5.77e-4
Katrina,5.69e-4
Tatiana,5.66e-4
Skyler,5.65e-4
Alaina,5.62e-4
Kirsten,5.57e-4
April,5.56e-4
Tessa,5.55e-4
Perla,5.53e-4
Kathleen,5.47e-4
Miriam,5.47e-4
Annika,5.43e-4
Wendy,5.41e-4
Kira,5.41e-4
Priscilla,5.37e-4
Cierra,5.36e-4
Esther,5.35e-4
Kayleigh,5.35e-4
Brynn,5.33e-4
Alissa,5.29e-4
Annabelle,5.27e-4
Clara,5.21e-4
Cameron,5.2e-4
Brenna,5.17e-4
Celeste,5.16e-4
Tori,5.16e-4
Camila,5.16e-4
Kristina,5.15e-4
Bridget,5.13e-4
Yesenia,5.12e-4
Melody,5.1e-4
Emilee,5.09e-4
Josie,5.07e-4
Kassandra,5.07e-4
Patricia,5.04e-4
Eleanor,5.02e-4
Camryn,4.98e-4
Reese,4.97e-4
Shayla,4.97e-4
Harley,4.96e-4
Casey,4.93e-4
Ashlynn,4.89e-4
Heidi,4.88e-4
Aniya,4.86e-4
Allie,4.84e-4
Bella,4.84e-4
Bryanna,4.84e-4
Rachael,4.84e-4
Daniella,4.83e-4
Natasha,4.83e-4
Britney,4.82e-4
Madeleine,4.81e-4
Ashanti,4.78e-4
Denise,4.77e-4
Shania,4.76e-4
Imani,4.75e-4
Paola,4.75e-4
Sidney,4.75e-4
Kiana,4.73e-4
Marisa,4.72e-4
Mercedes,4.72e-4
Eliza,4.7e-4
Christine,4.69e-4
Tara,4.62e-4
Halle,4.59e-4
Callie,4.58e-4
Annie,4.57e-4
Dakota,4.57e-4
Alayna,4.54e-4
Eden,4.5e-4
Piper,4.5e-4
Leila,4.45e-4
Nia,4.45e-4
Eliana,4.44e-4
Kaylie,4.43e-4
Alivia,4.43e-4
Aniyah,4.42e-4
Fiona,4.41e-4
Logan,4.41e-4
Leilani,4.4e-4
Ruth,4.39e-4
Yasmin,4.36e-4
Talia,4.33e-4
Julissa,4.32e-4
Emely,4.27e-4
Ashleigh,4.25e-4
Kiley,4.25e-4
Hailee,4.24e-4
Ayanna,4.22e-4
Rose,4.21e-4
Meredith,4.2e-4
Lesly,4.18e-4
Cristina,4.17e-4
Lauryn,4.16e-4
Nora,4.14e-4
Sasha,4.12e-4
Jayda,4.11e-4
Alexus,4.06e-4
Lacey,4.06e-4
Georgia,4.05e-4
Aurora,4.04e-4
Rylie,4.04e-4
Clarissa,4.03e-4
Lisa,4.03e-4
Madalyn,4.03e-4
Angie,4e-4
Dana,3.99e-4
Anne,3.98e-4
Stella,3.98e-4
Ashlee,3.96e-4
Ciara,3.95e-4
Tatum,3.94e-4
Genevieve,3.93e-4
Kyleigh,3.93e-4
Lexi,3.92e-4
Amari,3.92e-4
Iris,3.92e-4
Marisol,3.91e-4
Helen,3.9e-4
Rosa,3.9e-4
Izabella,3.89e-4
Alina,3.84e-4
Haleigh,3.84e-4
Kassidy,3.84e-4
Raquel,3.84e-4
Kamryn,3.8e-4
Brittney,3.79e-4
Tiana,3.78e-4
Tabitha,3.77e-4
Marina,3.75e-4
Noelle,3.74e-4
Brooklynn,3.74e-4
Viviana,3.74e-4
Ivy,3.73e-4
Sage,3.73e-4
India,3.7e-4
Virginia,3.7e-4
Hallie,3.69e-4
Linda,3.68e-4
Krystal,3.68e-4
Madisyn,3.64e-4
Jaiden,3.63e-4
Anahi,3.62e-4
Paulina,3.62e-4
Skye,3.62e-4
Tania,3.58e-4
Kristin,3.57e-4
Francesca,3.57e-4
Deanna,3.56e-4
Gloria,3.54e-4
Jenny,3.54e-4
Elisabeth,3.53e-4
Amya,3.53e-4
Malia,3.52e-4
Madyson,3.51e-4
Jane,3.51e-4
Teresa,3.51e-4
Carolyn,3.49e-4
Alice,3.48e-4
Nayeli,3.48e-4
Baylee,3.47e-4
Itzel,3.47e-4
Cora,3.46e-4
Phoebe,3.44e-4
Ainsley,3.42e-4
Laci,3.42e-4
Alisha,3.41e-4
Krista,3.39e-4
Kaitlynn,3.39e-4
Kaylin,3.38e-4
Alyson,3.37e-4
Kiera,3.37e-4
Whitney,3.36e-4
Dominique,3.36e-4
Pamela,3.35e-4
Regan,3.34e-4
Ellen,3.33e-4
Kaleigh,3.33e-4
Justice,3.32e-4
Renee,3.31e-4
Taryn,3.31e-4
Karissa,3.3e-4
Emilie,3.29e-4
Monique,3.27e-4
Samara,3.27e-4
Valentina,3.27e-4
Tamia,3.26e-4
Elaina,3.24e-4
Carla,3.23e-4
Carissa,3.23e-4
Gina,3.2e-4
Sarai,3.19e-4
Cheyanne,3.19e-4
Gillian,3.19e-4
Macie,3.18e-4
Jaqueline,3.18e-4
Mckayla,3.17e-4
Destinee,3.16e-4
Ashton,3.14e-4
Abbey,3.12e-4
Joselyn,3.12e-4
Lucia,3.11e-4
Martha,3.1e-4
Cadence,3.09e-4
Jessie,3.08e-4
Nyla,3.07e-4
Ryleigh,3.07e-4
Yasmine,3.07e-4
Anika,3.05e-4
Tia,3.05e-4
Isabela,3.04e-4
Janelle,3.02e-4
Kiersten,3.01e-4
Ryan,2.99e-4
Anya,2.97e-4
Miracle,2.97e-4
Hailie,2.97e-4
Dulce,2.95e-4
Meagan,2.94e-4
Alanna,2.93e-4
Kailee,2.92e-4
Joy,2.89e-4
Kaley,2.89e-4
Fernanda,2.87e-4
Liberty,2.87e-4
Tamara,2.86e-4
Dylan,2.86e-4
Lana,2.85e-4
Cara,2.84e-4
Katlyn,2.83e-4
Trista,2.83e-4
Deja,2.82e-4
Janet,2.82e-4
Marie,2.82e-4
Lena,2.81e-4
Susan,2.81e-4
Ximena,2.81e-4
America,2.81e-4
Gisselle,2.81e-4
Maddison,2.79e-4
Marlene,2.79e-4
Emilia,2.78e-4
Abbigail,2.77e-4
Precious,2.75e-4
Elisa,2.75e-4
Larissa,2.73e-4
Johanna,2.72e-4
Helena,2.7e-4
Jimena,2.7e-4
Mayra,2.7e-4
Athena,2.69e-4
Sharon,2.69e-4
Carley,2.68e-4
Abbie,2.68e-4
Nataly,2.68e-4
Willow,2.68e-4
Charity,2.66e-4
Estrella,2.66e-4
Jacquelyn,2.66e-4
Kasey,2.65e-4
Madilyn,2.64e-4
Kierra,2.64e-4
Jaelyn,2.63e-4
Aileen,2.63e-4
Araceli,2.62e-4
Anaya,2.59e-4
Angelique,2.59e-4
Kaya,2.59e-4
Madelynn,2.57e-4
Julianne,2.57e-4
Raegan,2.57e-4
Simone,2.57e-4
Mikaela,2.56e-4
Marilyn,2.55e-4
Cassie,2.54e-4
Janiya,2.53e-4
Sydnee,2.53e-4
Maci,2.5e-4
Sylvia,2.5e-4
Kailyn,2.49e-4
Eve,2.49e-4
Sonia,2.48e-4
Ann,2.48e-4
Elle,2.48e-4
Laney,2.47e-4
Lilian,2.47e-4
Macey,2.47e-4
Maritza,2.47e-4
Carlie,2.47e-4
Janae,2.47e-4
Tess,2.47e-4
Kali,2.46e-4
Maia,2.46e-4
Aspen,2.46e-4
Hayden,2.45e-4
Lila,2.45e-4
Theresa,2.45e-4
Lorena,2.44e-4
Lexie,2.43e-4
Reyna,2.43e-4
Kaila,2.43e-4
Marley,2.43e-4
Aracely,2.41e-4
Melany,2.41e-4
Aimee,2.4e-4
Luz,2.38e-4
Rhiannon,2.37e-4
Arielle,2.37e-4
Kenya,2.36e-4
Nathalie,2.36e-4
Irene,2.34e-4
Haylie,2.34e-4
Isis,2.33e-4
Jaclyn,2.33e-4
Jazlyn,2.33e-4
Violet,2.33e-4
Harmony,2.32e-4
Janessa,2.32e-4
Justine,2.32e-4
Brielle,2.31e-4
Alessandra,2.31e-4
Kelsie,2.3e-4
Daphne,2.29e-4
Haven,2.29e-4
Arely,2.28e-4
Tyler,2.28e-4
Gwendolyn,2.27e-4
Yadira,2.27e-4
Brandy,2.26e-4
Juliet,2.25e-4
Lesley,2.25e-4
Tanya,2.25e-4
Tiara,2.25e-4
Brandi,2.24e-4
Zoie,2.24e-4
Frances,2.23e-4
Melina,2.2e-4
Jaida,2.19e-4
Bailee,2.18e-4
Kaelyn,2.18e-4
Lola,2.18e-4
Delilah,2.17e-4
Mariela,2.17e-4
Noemi,2.17e-4
Kaia,2.17e-4
Tianna,2.16e-4
Colleen,2.16e-4
Keira,2.16e-4
Shyanne,2.15e-4
Thalia,2.15e-4
Felicity,2.15e-4
Skyla,2.14e-4
Yazmin,2.14e-4
Teagan,2.13e-4
Elaine,2.13e-4
Judith,2.13e-4
Regina,2.12e-4
Aisha,2.11e-4
Rebeca,2.11e-4
Deborah,2.1e-4
Adrienne,2.1e-4
Lillie,2.1e-4
Barbara,2.09e-4
Savanah,2.09e-4
Clare,2.08e-4
Alma,2.08e-4
Aubree,2.07e-4
Sienna,2.07e-4
Kennedi,2.07e-4
Mara,2.07e-4
Karlee,2.06e-4
Maeve,2.06e-4
Jaylin,2.05e-4
Mollie,2.05e-4
Zaria,2.04e-4
Halie,2.04e-4
Kaylyn,2.04e-4
Frida,2.03e-4
Mariam,2.03e-4
Amara,2.03e-4
Celia,2.03e-4
Tatyana,2.03e-4
Cristal,2.02e-4
Laurel,2.02e-4
Presley,2.02e-4
Adeline,2.01e-4
Aria,2.01e-4
Jamya,2.01e-4
Kenzie,2e-4
Carina,2e-4
Stacy,1.99e-4
Alena,1.99e-4
Rosemary,1.99e-4
Lia,1.98e-4
Shaniya,1.98e-4
Esperanza,1.97e-4
Quinn,1.97e-4
Taliyah,1.97e-4
Ally,1.96e-4
Lea,1.96e-4
Dayana,1.96e-4
Emmalee,1.96e-4
Hana,1.95e-4
Corinne,1.95e-4
Eileen,1.94e-4
Lyric,1.94e-4
Edith,1.93e-4
Carlee,1.92e-4
Hazel,1.92e-4
Stephany,1.92e-4
Jazmyn,1.92e-4
Ansley,1.91e-4
Taniya,1.91e-4
Princess,1.9e-4
Chelsey,1.9e-4
Breana,1.89e-4
Felicia,1.89e-4
Salma,1.88e-4
Tina,1.88e-4
Greta,1.88e-4
Jolie,1.88e-4
Karlie,1.88e-4
Kayley,1.88e-4
Leticia,1.88e-4
Nya,1.87e-4
Amira,1.87e-4
Ingrid,1.87e-4
Alisa,1.86e-4
Hadley,1.86e-4
Juliette,1.86e-4
Katharine,1.86e-4
Tyra,1.86e-4
Kendal,1.85e-4
Micah,1.85e-4
Ayana,1.84e-4
Amani,1.84e-4
Blanca,1.84e-4
Keely,1.84e-4
Annabella,1.83e-4
Penelope,1.83e-4
Dayanara,1.82e-4
Leanna,1.82e-4
Lizeth,1.81e-4
Myah,1.8e-4
Annalise,1.78e-4
Paula,1.78e-4
Giovanna,1.77e-4
Janiyah,1.77e-4
Jalyn,1.77e-4
Tayler,1.77e-4
Toni,1.77e-4
Jenifer,1.76e-4
Brisa,1.75e-4
Chasity,1.75e-4
Abigayle,1.75e-4
Jewel,1.75e-4
Elsa,1.74e-4
Elyse,1.74e-4
Kaylynn,1.74e-4
Lara,1.74e-4
Liana,1.74e-4
Aiyana,1.74e-4
Mattie,1.74e-4
Cayla,1.73e-4
Carrie,1.72e-4
Joyce,1.72e-4
Anissa,1.72e-4
Antonia,1.72e-4
Evelin,1.71e-4
Lisbeth,1.71e-4
Micaela,1.71e-4
Aryanna,1.71e-4
Candace,1.7e-4
Cecelia,1.7e-4
Shakira,1.68e-4
Nichole,1.67e-4
Essence,1.66e-4
Ebony,1.66e-4
Kayli,1.66e-4
Dalia,1.65e-4
Gia,1.64e-4
Marianna,1.64e-4
Catalina,1.64e-4
Stacey,1.64e-4
Annette,1.63e-4
Joana,1.63e-4
Shaylee,1.63e-4
Taniyah,1.63e-4
Meadow,1.62e-4
Scarlett,1.62e-4
Devon,1.62e-4
Hunter,1.62e-4
Lilliana,1.62e-4
Alize,1.61e-4
Donna,1.61e-4
Karli,1.61e-4
Aliya,1.61e-4
Emerson,1.61e-4
Chaya,1.6e-4
Yvette,1.6e-4
Desirae,1.6e-4
Kelli,1.6e-4
Aleah,1.59e-4
Jakayla,1.59e-4
Kaliyah,1.59e-4
Shea,1.59e-4
Cali,1.58e-4
Gretchen,1.58e-4
Joslyn,1.58e-4
Maura,1.57e-4
Iliana,1.57e-4
London,1.57e-4
Shayna,1.57e-4
Shreya,1.57e-4
Sydni,1.57e-4
Noelia,1.56e-4
Ryann,1.56e-4
Shirley,1.56e-4
Devin,1.56e-4
Ericka,1.56e-4
Samira,1.56e-4
Ayla,1.55e-4
Jaylynn,1.55e-4
Kenia,1.55e-4
Abigale,1.55e-4
Parker,1.55e-4
Celine,1.54e-4
Danna,1.54e-4
Galilea,1.54e-4
Sanaa,1.54e-4
Kaylah,1.54e-4
Casandra,1.53e-4
Shyann,1.53e-4
Kaiya,1.53e-4
Kathy,1.52e-4
Moriah,1.52e-4
Raina,1.52e-4
Montana,1.52e-4
Nyah,1.52e-4
Yuliana,1.52e-4
Amiya,1.51e-4
Karly,1.51e-4
Lacie,1.51e-4
Norah,1.51e-4
Sheila,1.51e-4
Tracy,1.51e-4
Kianna,1.51e-4
Nikki,1.51e-4
Kenna,1.5e-4
Christian,1.49e-4
Kya,1.49e-4
Johana,1.48e-4
Lacy,1.48e-4
Makena,1.48e-4
Maliyah,1.48e-4
Sandy,1.48e-4
Savana,1.47e-4
Kacie,1.46e-4
Monserrat,1.46e-4
Kasandra,1.46e-4
Katarina,1.46e-4
Litzy,1.46e-4
Lizette,1.46e-4
Rayna,1.46e-4
Yahaira,1.46e-4
Damaris,1.45e-4
Dorothy,1.45e-4
Karley,1.45e-4
Aliza,1.44e-4
Areli,1.44e-4
Maribel,1.44e-4
Jacey,1.44e-4
Jaidyn,1.44e-4
Margarita,1.44e-4
Jasmyn,1.43e-4
Madisen,1.43e-4
Arlene,1.42e-4
Aubrie,1.42e-4
Elissa,1.42e-4
Alysa,1.41e-4
Marlee,1.41e-4
Bria,1.41e-4
Berenice,1.4e-4
Carli,1.4e-4
Devyn,1.4e-4
Jaycee,1.4e-4
Jaylene,1.4e-4
Paloma,1.4e-4
Carson,1.4e-4
Miah,1.4e-4
Annabel,1.39e-4
Ashly,1.39e-4
Ciera,1.39e-4
Amina,1.38e-4
Estefania,1.38e-4
Abagail,1.38e-4
Brianne,1.38e-4
Giana,1.38e-4
Madalynn,1.38e-4
Reilly,1.38e-4
Alia,1.37e-4
Kadence,1.37e-4
Patience,1.37e-4
Susana,1.37e-4
Amelie,1.37e-4
Graciela,1.37e-4
Jaliyah,1.37e-4
Lexus,1.37e-4
Mireya,1.37e-4
Ashtyn,1.36e-4
Carol,1.36e-4
Destiney,1.36e-4
Sky,1.36e-4
Yoselin,1.36e-4
Camilla,1.35e-4
Calista,1.35e-4
Destini,1.35e-4
Luna,1.35e-4
Rocio,1.34e-4
Yareli,1.34e-4
Belen,1.33e-4
Nicolette,1.33e-4
Sydnie,1.33e-4
Christa,1.32e-4
Jaime,1.32e-4
Jalynn,1.32e-4
Katelin,1.32e-4
Reina,1.32e-4
Tierra,1.32e-4
Christiana,1.32e-4
Joelle,1.32e-4
Rachelle,1.32e-4
Journey,1.31e-4
Kallie,1.31e-4
Lyndsey,1.31e-4
Robyn,1.31e-4
Amiyah,1.31e-4
Tamya,1.31e-4
Sherlyn,1.3e-4
Campbell,1.3e-4
Jackeline,1.3e-4
Sarahi,1.3e-4
Isabell,1.29e-4
Magdalena,1.29e-4
Marlen,1.29e-4
Candice,1.29e-4
Natalee,1.29e-4
Saige,1.29e-4
Elyssa,1.28e-4
Armani,1.27e-4
Robin,1.27e-4
Jailyn,1.27e-4
Kourtney,1.27e-4
Lainey,1.27e-4
Libby,1.27e-4
Kayden,1.26e-4
Makaila,1.26e-4
Nyasia,1.26e-4
Angeles,1.26e-4
Lucille,1.26e-4
Aryana,1.25e-4
Beatriz,1.25e-4
Bridgette,1.25e-4
Dasia,1.25e-4
Diane,1.25e-4
Karyme,1.25e-4
Kellie,1.25e-4
Lina,1.25e-4
Hayleigh,1.25e-4
Taya,1.25e-4
Delia,1.24e-4
Denisse,1.24e-4
Myra,1.24e-4
Natalya,1.24e-4
Shawna,1.24e-4
Bonnie,1.23e-4
Abril,1.23e-4
Arly,1.23e-4
Fabiola,1.23e-4
Anita,1.22e-4
Baby,1.22e-4
Jaylyn,1.22e-4
Rowan,1.22e-4
Janice,1.22e-4
Mandy,1.22e-4
Alexys,1.21e-4
Brionna,1.21e-4
Keyla,1.21e-4
Tristen,1.21e-4
Brook,1.21e-4
Christy,1.21e-4
Trisha,1.21e-4
Saniya,1.2e-4
Sariah,1.2e-4
Citlali,1.2e-4
Kaci,1.2e-4
Roselyn,1.2e-4
Loren,1.19e-4
Silvia,1.19e-4
Vanesa,1.19e-4
Breonna,1.19e-4
Miya,1.19e-4
Sonya,1.19e-4
Yaritza,1.19e-4
Asha,1.18e-4
Iyanna,1.18e-4
Selina,1.18e-4
Mira,1.18e-4
Phoenix,1.18e-4
Laisha,1.17e-4
Alexandrea,1.17e-4
Bryana,1.17e-4
Kaydence,1.17e-4
Kaylen,1.17e-4
Kinsey,1.17e-4
Rory,1.17e-4
Alani,1.16e-4
Amaris,1.16e-4
Jacklyn,1.16e-4
Kacey,1.16e-4
Katerina,1.16e-4
Katy,1.16e-4
Priscila,1.16e-4
Reanna,1.16e-4
Anais,1.16e-4
Caleigh,1.16e-4
Anjali,1.15e-4
Iyana,1.15e-4
