name,percent
Jacob,0.014104
Michael,0.012906
Joshua,0.011942
Matthew,0.011429
Andrew,0.010543
Ethan,0.010179
Joseph,0.010163
Daniel,0.010013
Christopher,0.009922
Anthony,0.009592
William,0.009521
Nicholas,0.009383
Ryan,0.009327
David,0.008856
Tyler,0.008655
Alexander,0.008437
John,0.008196
James,0.008042
Dylan,0.00748
Zachary,0.007403
Brandon,0.007255
Jonathan,0.007134
Samuel,0.006974
Benjamin,0.006702
Christian,0.006613
Justin,0.006505
Nathan,0.006503
Logan,0.006283
Gabriel,0.005958
Jose,0.005903
Noah,0.005637
Kevin,0.005582
Austin,0.00557
Caleb,0.005544
Robert,0.005421
Thomas,0.00521
Elijah,0.005074
Jordan,0.00492
Aidan,0.004797
Cameron,0.004746
Hunter,0.004717
Jason,0.004674
Connor,0.00461
Evan,0.0045
Jack,0.004441
Luke,0.004429
Angel,0.004358
Isaac,0.004255
Isaiah,0.004222
Aaron,0.004218
Gavin,0.004174
Jackson,0.00415
Kyle,0.004119
Mason,0.003762
Juan,0.00373
Eric,0.003708
Charles,0.003664
Adam,0.003659
Brian,0.003653
Luis,0.00361
Sean,0.003384
Alex,0.003236
Nathaniel,0.003175
Bryan,0.003153
Ian,0.003079
Carlos,0.00296
Jesus,0.002935
Adrian,0.002909
Cole,0.002811
Steven,0.002788
Lucas,0.002741
Owen,0.002715
Aiden,0.002708
Devin,0.00269
Jayden,0.00264
Timothy,0.002609
Julian,0.002575
Cody,0.002572
Blake,0.002511
Seth,0.002503
Dominic,0.002484
Jaden,0.002469
Diego,0.002439
Hayden,0.002431
Xavier,0.002411
Richard,0.002407
Chase,0.00239
Colin,0.002323
Carson,0.002317
Jeremiah,0.002309
Patrick,0.00228
Antonio,0.002246
Sebastian,0.002213
Jesse,0.002186
Miguel,0.002186
Victor,0.002111
Landon,0.002101
Jake,0.002098
Trevor,0.002089
Alejandro,0.002056
Ashton,0.002009
Carter,0.001988
Bryce,0.001967
Riley,0.001943
Mark,0.001919
Garrett,0.001894
Jared,0.001877
Jeremy,0.001851
Wyatt,0.001761
Brayden,0.00175
Kenneth,0.001733
Tristan,0.001731
Caden,0.00173
Liam,0.001699
Jorge,0.00166
Henry,0.001647
Vincent,0.001629
Kaleb,0.001618
Tanner,0.001616
Marcus,0.001613
Kaden,0.001589
Oscar,0.001572
Joel,0.001544
Paul,0.001544
Parker,0.001518
Dakota,0.001502
Stephen,0.001496
Ivan,0.001494
Eduardo,0.001485
Edward,0.001478
Alan,0.001475
Maxwell,0.001472
Collin,0.001432
Nicolas,0.00143
Colton,0.001405
Gage,0.001399
Grant,0.00139
George,0.001387
Spencer,0.001385
Jeffrey,0.001374
Brendan,0.001365
Brady,0.001365
Dalton,0.001362
Shane,0.00134
Cristian,0.001336
Peter,0.001336
Francisco,0.001318
Ricardo,0.001316
Derek,0.001312
Alexis,0.001296
Omar,0.001286
Josiah,0.001277
Conner,0.001275
Preston,0.001255
Jalen,0.001249
Shawn,0.001225
Fernando,0.001216
Erik,0.001215
Travis,0.001209
Devon,0.0012
Javier,0.001193
Max,0.00117
Damian,0.001167
Jonah,0.001159
Bradley,0.001138
Cooper,0.001129
Cesar,0.001123
Mario,0.001123
Braden,0.001122
Levi,0.001113
Andres,0.001109
Edgar,0.001105
Micah,0.001088
Manuel,0.001071
Nolan,0.001056
Donovan,0.001054
Giovanni,0.001048
Johnathan,0.001043
Trenton,0.001039
Colby,0.001034
Edwin,0.001032
Clayton,0.001014
Emmanuel,0.001013
Wesley,0.001009
Gregory,0.001002
Erick,9.98e-4
Raymond,9.74e-4
Dillon,9.55e-4
Hector,9.51e-4
Sergio,9.46e-4
Eli,9.38e-4
Marco,9.34e-4
Ty,9.23e-4
Malachi,9.12e-4
Abraham,9.02e-4
Mitchell,9.01e-4
Martin,8.99e-4
Corey,8.98e-4
Damien,8.97e-4
Roberto,8.93e-4
Taylor,8.72e-4
Ayden,8.71e-4
Jaylen,8.65e-4
Dawson,8.6e-4
Dominick,8.47e-4
Scott,8.43e-4
Peyton,8.43e-4
Dustin,8.41e-4
Andre,8.33e-4
Elias,8.14e-4
Leonardo,8.13e-4
Harrison,8.08e-4
Josue,7.98e-4
Bryson,7.9e-4
Ruben,7.89e-4
Andy,7.73e-4
Brett,7.7e-4
Jakob,7.65e-4
Avery,7.6e-4
Zane,7.57e-4
Cade,7.51e-4
Drew,7.5e-4
Calvin,7.45e-4
Pedro,7.43e-4
Griffin,7.32e-4
Alec,7.27e-4
Trey,7.22e-4
Miles,7.2e-4
Malik,7.16e-4
Frank,7.15e-4
Skyler,7.08e-4
Brody,6.96e-4
Phillip,6.92e-4
Xander,6.79e-4
Simon,6.76e-4
Rafael,6.71e-4
Ronald,6.68e-4
Gerardo,6.67e-4
Raul,6.67e-4
Chance,6.62e-4
Marcos,6.57e-4
Trent,6.57e-4
Brock,6.56e-4
Derrick,6.56e-4
Oliver,6.55e-4
Johnny,6.5e-4
Israel,0.00064899999999999995
Enrique,6.46e-4
Jace,6.33e-4
Allen,6.25e-4
Keith,6.25e-4
Dante,6.24e-4
Donald,6.23e-4
Camden,6.17e-4
Darius,6.14e-4
Troy,6.11e-4
Armando,6.09e-4
Yahir,6.08e-4
Keegan,6.06e-4
Chandler,6.05e-4
Payton,6.05e-4
Jaime,6.01e-4
Casey,5.97e-4
Kai,5.79e-4
Kobe,5.77e-4
Brenden,5.64e-4
Gustavo,5.57e-4
Zackary,5.57e-4
Lance,5.56e-4
Angelo,5.52e-4
Julio,5.51e-4
Fabian,5.47e-4
Lane,5.38e-4
Myles,5.37e-4
Brennan,5.37e-4
Drake,5.37e-4
Alberto,5.36e-4
Jimmy,5.36e-4
Mathew,5.35e-4
Corbin,5.3e-4
Kameron,5.29e-4
Dennis,5.27e-4
Louis,5.25e-4
Jaxon,5.23e-4
Leo,5.21e-4
Jerry,5.17e-4
Kyler,5.17e-4
Danny,5.15e-4
Philip,5.11e-4
Quinn,5.11e-4
Saul,5.11e-4
Jonathon,5.07e-4
Emanuel,4.95e-4
Roman,4.95e-4
Tucker,4.95e-4
Tyson,4.95e-4
Grayson,4.87e-4
Damon,4.86e-4
Pablo,4.86e-4
Cayden,4.82e-4
Braxton,4.77e-4
Tony,4.76e-4
Arturo,4.7e-4
Bryant,4.66e-4
Darren,4.66e-4
Landen,4.66e-4
Douglas,4.65e-4
Jaiden,4.63e-4
Theodore,4.59e-4
Lorenzo,4.58e-4
Lukas,4.58e-4
Zander,4.56e-4
Emilio,4.55e-4
Albert,4.53e-4
Larry,4.52e-4
Camron,4.49e-4
Randy,4.44e-4
Alfredo,4.44e-4
Santiago,4.42e-4
Cory,4.4e-4
Marc,4.38e-4
Aden,4.35e-4
Nickolas,4.34e-4
Gary,4.33e-4
Ezekiel,4.32e-4
Curtis,4.31e-4
Joe,4.26e-4
Jayson,4.26e-4
Braeden,4.17e-4
Mateo,4.17e-4
Zion,4.17e-4
Ismael,4.15e-4
Chad,4.1e-4
Marvin,4.09e-4
Maximilian,4.09e-4
Ernesto,4.06e-4
Salvador,4.06e-4
Tristen,4.05e-4
Esteban,4.01e-4
Quentin,3.98e-4
Amir,3.89e-4
Lawrence,3.89e-4
Ramon,3.88e-4
Ali,3.86e-4
Russell,3.85e-4
Axel,3.84e-4
Jay,3.84e-4
Brayan,3.83e-4
Marshall,3.81e-4
Ricky,3.8e-4
Moises,3.8e-4
Arthur,3.78e-4
Nikolas,3.78e-4
Kristopher,3.77e-4
Carl,3.68e-4
Walter,3.68e-4
Micheal,3.66e-4
Bailey,3.62e-4
Reece,3.6e-4
Maurice,3.6e-4
Abel,3.6e-4
Morgan,3.56e-4
Rodrigo,3.51e-4
Keaton,3.5e-4
Isiah,3.49e-4
Hugo,3.46e-4
Kayden,3.45e-4
Kaiden,3.39e-4
Reese,3.38e-4
Charlie,3.37e-4
Davis,3.36e-4
Maximus,3.36e-4
Jadon,3.34e-4
Orlando,3.34e-4
Jeffery,3.32e-4
Felix,3.29e-4
Jon,3.29e-4
Kade,3.29e-4
Mekhi,3.28e-4
Zachariah,3.28e-4
Dean,3.27e-4
Rodney,3.27e-4
Shaun,3.27e-4
Mauricio,3.26e-4
Dallas,3.25e-4
Brent,3.24e-4
Zachery,3.24e-4
Chris,3.23e-4
Julius,3.23e-4
Tommy,3.19e-4
Hudson,3.19e-4
Eddie,3.19e-4
Terry,3.18e-4
Justice,3.17e-4
Roger,3.16e-4
Branden,3.15e-4
Graham,3.15e-4
Jamal,3.11e-4
Issac,3.1e-4
Ezra,3.09e-4
Conor,3.09e-4
Kelvin,3.07e-4
Quinton,3.07e-4
Tate,3.07e-4
Deandre,3.05e-4
Melvin,3.05e-4
Jaylin,3.04e-4
Weston,3.03e-4
Skylar,3.01e-4
Adan,3e-4
Jessie,2.99e-4
Walker,2.98e-4
Asher,2.98e-4
Kody,2.97e-4
Allan,2.97e-4
Holden,2.95e-4
Jarrett,2.93e-4
Tyrese,2.93e-4
Amari,2.92e-4
Declan,2.91e-4
Beau,2.91e-4
Elliot,2.91e-4
Harley,2.9e-4
Nelson,2.9e-4
Craig,2.88e-4
Rylan,2.88e-4
Billy,2.86e-4
Jaylon,2.86e-4
Guillermo,2.84e-4
Bennett,2.83e-4
Emiliano,2.81e-4
Brendon,2.81e-4
Frederick,2.8e-4
Toby,2.77e-4
Nasir,2.77e-4
Uriel,2.77e-4
Sam,2.75e-4
Dane,2.74e-4
Kristian,2.73e-4
Jermaine,2.72e-4
Sawyer,2.72e-4
Zackery,2.71e-4
Roy,2.71e-4
Felipe,2.68e-4
Jude,2.68e-4
Rene,2.68e-4
Steve,2.68e-4
Trevon,2.67e-4
Dorian,2.67e-4
Javon,2.67e-4
Silas,2.67e-4
Joaquin,2.66e-4
Bobby,2.66e-4
Willie,2.65e-4
Desmond,2.64e-4
Jaheim,2.63e-4
Terrance,2.63e-4
Demetrius,2.63e-4
Reid,2.62e-4
Quincy,2.61e-4
Khalil,2.6e-4
Osvaldo,2.6e-4
Kolby,2.59e-4
Luca,2.59e-4
Ahmad,2.58e-4
Jonas,2.57e-4
Franklin,2.57e-4
Tomas,2.56e-4
Marquis,2.55e-4
Johnathon,2.54e-4
Nathanael,2.54e-4
Noe,2.54e-4
Reginald,2.53e-4
Damion,2.52e-4
Gerald,2.52e-4
Jaydon,2.51e-4
Kendrick,2.51e-4
Kenny,2.5e-4
Clay,2.47e-4
Jamari,2.47e-4
Blaine,2.47e-4
Devan,2.47e-4
Terrell,2.46e-4
Noel,2.44e-4
Pierce,2.44e-4
Cyrus,2.42e-4
Bruce,2.42e-4
Malcolm,2.42e-4
Adolfo,2.41e-4
Rogelio,2.41e-4
Easton,2.4e-4
Byron,2.39e-4
Warren,2.38e-4
Moses,2.37e-4
Solomon,2.37e-4
Trace,2.37e-4
Joey,2.36e-4
Rodolfo,2.35e-4
Kendall,2.35e-4
Leon,2.35e-4
Gilberto,2.34e-4
Tobias,2.32e-4
Rohan,2.32e-4
Dayton,2.31e-4
Davion,2.3e-4
Jair,2.29e-4
Mohamed,2.29e-4
Reed,2.28e-4
Deven,2.27e-4
Elliott,2.27e-4
Caiden,2.25e-4
Braydon,2.23e-4
Wilson,2.23e-4
Alvin,2.22e-4
Francis,2.22e-4
Todd,2.22e-4
Jasper,2.21e-4
Deshawn,2.2e-4
Kadin,2.2e-4
Marlon,2.2e-4
Triston,2.17e-4
Alfonso,2.16e-4
Darian,2.14e-4
Leonel,2.13e-4
Harry,2.13e-4
Gael,2.11e-4
Randall,2.11e-4
Ben,2.09e-4
Terrence,2.09e-4
Omarion,2.09e-4
Jaxson,2.08e-4
Octavio,2.08e-4
Alonzo,2.08e-4
Will,2.06e-4
Jayce,2.06e-4
Tristin,2.06e-4
Kieran,2.05e-4
Addison,2.04e-4
Ahmed,2.04e-4
Ramiro,2.03e-4
Cedric,2.03e-4
Izaiah,2.02e-4
Duncan,2.01e-4
Ronnie,1.99e-4
Tyrone,1.97e-4
Alvaro,1.96e-4
Jamie,1.96e-4
Jerome,1.96e-4
Lincoln,1.95e-4
Tyrell,1.95e-4
Dale,1.94e-4
Rolando,1.93e-4
Tyree,1.93e-4
Amarion,1.93e-4
Jameson,1.92e-4
Lee,1.92e-4
Wade,1.92e-4
Stanley,1.91e-4
Darrell,1.91e-4
Brennen,1.9e-4
Leonard,1.9e-4
Orion,1.9e-4
Jordon,1.89e-4
Mohammad,1.88e-4
Phoenix,1.88e-4
Coby,1.87e-4
Ezequiel,1.87e-4
Aldo,1.85e-4
Johan,1.85e-4
Ariel,1.85e-4
Everett,1.85e-4
Kellen,1.85e-4
River,1.84e-4
Eugene,1.83e-4
Efrain,1.82e-4
Isaias,1.82e-4
Keenan,1.82e-4
Wayne,1.82e-4
Jaquan,1.81e-4
Neil,1.81e-4
Rudy,1.81e-4
Cristopher,1.8e-4
Maddox,1.8e-4
Ross,1.79e-4
Davin,1.79e-4
Jamison,1.79e-4
Gunnar,1.78e-4
Coleman,1.75e-4
Davon,1.75e-4
Grady,1.74e-4
Jairo,1.74e-4
Vicente,1.74e-4
Colten,1.73e-4
Donte,1.73e-4
Gilbert,1.72e-4
Cruz,1.71e-4
Ernest,1.71e-4
Moshe,1.71e-4
Nehemiah,1.68e-4
Camren,1.67e-4
Sage,1.67e-4
Keshawn,1.66e-4
Mohammed,1.66e-4
Dominik,1.65e-4
Freddy,1.64e-4
Quintin,1.64e-4
Garret,1.64e-4
Harold,1.64e-4
Titus,1.64e-4
Dwayne,1.63e-4
Ibrahim,1.63e-4
Anderson,1.62e-4
Brice,1.62e-4
Kolton,1.61e-4
Elisha,1.61e-4
Karson,1.6e-4
Layne,1.6e-4
Ray,1.6e-4
Jabari,1.59e-4
Jett,1.58e-4
Omari,1.58e-4
Koby,1.57e-4
Dominique,1.56e-4
Humberto,1.56e-4
Kamron,1.56e-4
Nathanial,1.55e-4
Rowan,1.55e-4
Darien,1.55e-4
Gunner,1.55e-4
Devyn,1.54e-4
Sterling,1.54e-4
Irvin,1.54e-4
Jaron,1.54e-4
Keagan,1.54e-4
Keon,1.54e-4
Kole,1.54e-4
Julien,1.54e-4
Lewis,1.53e-4
Mike,1.53e-4
Romeo,1.53e-4
Ulises,1.53e-4
Antoine,1.52e-4
Rory,1.51e-4
Jamarion,1.5e-4
Porter,1.5e-4
Agustin,1.48e-4
Junior,1.47e-4
Judah,1.46e-4
Muhammad,1.46e-4
Aron,1.45e-4
Ryder,1.45e-4
August,1.44e-4
Gianni,1.44e-4
Asa,1.44e-4
Markus,1.44e-4
Alijah,1.43e-4
Elmer,1.43e-4
Finn,1.43e-4
Jaeden,1.43e-4
Karl,1.43e-4
Ralph,1.43e-4
Giancarlo,1.42e-4
Rocco,1.42e-4
Ari,1.42e-4
Dashawn,1.42e-4
Kareem,1.42e-4
Alonso,1.41e-4
Dillan,1.41e-4
Glenn,1.41e-4
Rashad,1.41e-4
Alexzander,1.38e-4
Darnell,1.38e-4
Greyson,1.38e-4
Devonte,1.38e-4
Brodie,1.37e-4
Emmett,1.36e-4
Garrison,1.36e-4
Keyshawn,1.36e-4
Sidney,1.36e-4
Cullen,1.35e-4
Ignacio,1.35e-4
Gannon,1.35e-4
Gaven,1.34e-4
Gideon,1.34e-4
Jamar,1.34e-4
Rhett,1.34e-4
Darryl,1.34e-4
Estevan,1.34e-4
Marquise,1.34e-4
Draven,1.33e-4
Zechariah,1.33e-4
Santos,1.32e-4
Elvis,1.31e-4
Alfred,1.31e-4
Kane,1.31e-4
Josh,1.3e-4
Rigoberto,1.3e-4
Derick,1.29e-4
Stefan,1.29e-4
Salvatore,1.28e-4
Xzavier,1.28e-4
Armani,1.28e-4
Brooks,1.28e-4
Jean,1.27e-4
Donavan,1.27e-4
Emerson,1.26e-4
German,1.26e-4
Nigel,1.26e-4
Alessandro,1.25e-4
Conrad,1.25e-4
Abram,1.24e-4
Kenyon,1.24e-4
Misael,1.24e-4
Gavyn,1.24e-4
Clarence,1.24e-4
Yair,1.24e-4
Howard,1.23e-4
Sincere,1.23e-4
Giovanny,1.22e-4
Deon,1.22e-4
Heath,1.22e-4
Aditya,1.21e-4
Daquan,1.21e-4
Alden,1.2e-4
Anton,1.2e-4
Blaze,1.2e-4
Clinton,1.2e-4
Raphael,1.2e-4
Jefferson,1.19e-4
Maverick,1.19e-4
Antony,1.18e-4
Seamus,1.18e-4
Jaylan,1.18e-4
Roland,1.18e-4
Baby,1.17e-4
Hamza,1.17e-4
Kurt,1.16e-4
Aydan,1.16e-4
Isai,1.16e-4
Matteo,1.16e-4
Talon,1.16e-4
Milton,1.15e-4
Vance,1.15e-4
Aryan,1.14e-4
Jorden,1.14e-4
Oswaldo,1.14e-4
Roderick,1.14e-4
Adrien,1.14e-4
Demarcus,1.14e-4
Zakary,1.14e-4
Cale,1.13e-4
Nico,1.13e-4
Ronaldo,1.13e-4
Geoffrey,1.12e-4
Gordon,1.12e-4
Lamar,1.12e-4
Jarod,1.12e-4
Jacoby,1.11e-4
Braiden,1.11e-4
Darion,1.11e-4
Ronan,1.11e-4
Maximillian,1.1e-4
Jovan,1.1e-4
Semaj,1.1e-4
Darin,1.09e-4
Jagger,1.09e-4
Keyon,1.09e-4
Sonny,1.09e-4
Haden,1.09e-4
Sheldon,1.09e-4
Arjun,1.08e-4
Marcel,1.08e-4
Pranav,1.08e-4
Brycen,1.07e-4
Justus,1.07e-4
Keven,1.07e-4
Korbin,1.07e-4
Korey,1.07e-4
Bruno,1.07e-4
Dandre,1.07e-4
Guadalupe,1.07e-4
Jovani,1.07e-4
Quinten,1.07e-4
Tariq,1.07e-4
Shamar,1.06e-4
Travon,1.06e-4
Cornelius,1.06e-4
Bernard,1.05e-4
Konner,1.05e-4
Reuben,1.05e-4
Chaz,1.05e-4
Dallin,1.05e-4
Milo,1.05e-4
Clark,1.04e-4
Domenic,1.04e-4
Jordy,1.04e-4
Norman,1.04e-4
Vaughn,1.04e-4
Leroy,1.03e-4
Samir,1.03e-4
Alexandro,1.03e-4
Blaise,1.03e-4
Ean,1.03e-4
Brad,1.03e-4
Braedon,1.03e-4
Lawson,1.03e-4
Reynaldo,1.03e-4
Sammy,1.03e-4
Stephan,1.03e-4
Damarion,1.02e-4
Irving,1.02e-4
Jahir,1.02e-4
Javion,1.02e-4
Jovany,1.02e-4
Remington,1.02e-4
Chaim,1.02e-4
Darrius,1.02e-4
Frankie,1.02e-4
Hassan,1.02e-4
Jakobe,1.02e-4
Lamont,1.02e-4
Tristian,1.02e-4
Adriel,1.01e-4
Arnold,1.01e-4
Tylor,1.01e-4
Adonis,1e-4
Andreas,1e-4
Ellis,1e-4
Fredrick,1e-4
Denzel,1e-4
Houston,1e-4
Brenton,9.9e-5
Dimitri,9.9e-5
Jarrod,9.9e-5
Simeon,9.9e-5
Gonzalo,9.9e-5
Keanu,9.9e-5
Perry,9.9e-5
Waylon,9.9e-5
Dario,9.8e-5
Kevon,9.8e-5
Tyshawn,9.8e-5
Barrett,9.8e-5
Rylee,9.8e-5
Shannon,9.8e-5
Shea,9.8e-5
Zaire,9.8e-5
Gaige,9.7e-5
Maxim,9.7e-5
Jarred,9.7e-5
Kelton,9.7e-5
Nick,9.7e-5
Augustus,9.6e-5
Marques,9.6e-5
Dexter,9.6e-5
Nikhil,9.6e-5
Prince,9.6e-5
Santino,9.6e-5
Dangelo,9.5e-5
Dion,9.5e-5
Raymundo,9.5e-5
Antwan,9.5e-5
Gino,9.5e-5
Jamel,9.5e-5
Reagan,9.5e-5
Barry,9.4e-5
Earl,9.4e-5
Kian,9.4e-5
Konnor,9.4e-5
Darwin,9.4e-5
Enzo,9.4e-5
Jahiem,9.3e-5
Jaren,9.3e-5
Reilly,9.3e-5
Winston,9.3e-5
Forrest,9.3e-5
Cortez,9.3e-5
Deonte,9.3e-5
Hugh,9.3e-5
Kent,9.2e-5
Kylan,9.2e-5
Luciano,9.2e-5
Cannon,9.1e-5
Jan,9.1e-5
London,9.1e-5
Malakai,9.1e-5
Jarvis,9.1e-5
Nathen,9.1e-5
Abdullah,9e-5
Nestor,9e-5
Zain,9e-5
Dylon,9e-5
Layton,9e-5
Ethen,8.9e-5
Jadyn,8.9e-5
Josef,8.9e-5
Kamari,8.9e-5
Shayne,8.9e-5
Heriberto,8.9e-5
Kaeden,8.9e-5
Marcelo,8.8e-5
Marquez,8.8e-5
Savion,8.8e-5
Carlo,8.8e-5
Kale,8.8e-5
Treyton,8.8e-5
Bo,8.7e-5
Darrion,8.7e-5
Efren,8.7e-5
Zack,8.7e-5
Deangelo,8.7e-5
Rex,8.7e-5
Stone,8.7e-5
Bradyn,8.6e-5
Jovanni,8.6e-5
Jovanny,8.6e-5
Thaddeus,8.6e-5
Trever,8.6e-5
Valentin,8.6e-5
Isaak,8.5e-5
Elian,8.5e-5
Javen,8.4e-5
Niko,8.4e-5
Syed,8.4e-5
Terence,8.4e-5
Tre,8.4e-5
Yosef,8.4e-5
Cael,8.4e-5
Darrin,8.4e-5
Dwight,8.4e-5
Jamir,8.4e-5
Broderick,8.3e-5
Cason,8.3e-5
Clifford,8.3e-5
Daryl,8.3e-5
Ryker,8.3e-5
Austen,8.3e-5
Cristobal,8.3e-5
Giovani,8.3e-5
Alexandre,8.2e-5
Cordell,8.2e-5
Guy,8.2e-5
Paxton,8.2e-5
Rey,8.2e-5
Clifton,8.2e-5
Khalid,8.2e-5
Latrell,8.2e-5
Mathias,8.2e-5
Pierre,8.2e-5
Sabastian,8.2e-5
Bret,8.2e-5
Destin,8.2e-5
Stephon,8.2e-5
Sullivan,8.2e-5
Kennedy,8.1e-5
Soren,8.1e-5
Dontae,8.1e-5
Eliezer,8.1e-5
Kory,8.1e-5
Kurtis,8.1e-5
Mordechai,8.1e-5
Stuart,8.1e-5
Fidel,8e-5
Glen,7.9e-5
Mikel,7.9e-5
Vernon,7.9e-5
Zavier,7.9e-5
Cash,7.9e-5
Cristofer,7.9e-5
Jase,7.9e-5
Menachem,7.9e-5
Bernardo,7.8e-5
Campbell,7.8e-5
Jamil,7.8e-5
Deshaun,7.8e-5
Trystan,7.8e-5
Freddie,7.7e-5
Nash,7.7e-5
Rahul,7.7e-5
Benny,7.7e-5
Bridger,7.7e-5
Elvin,7.7e-5
Justyn,7.7e-5
Kasey,7.7e-5
Ryland,7.7e-5
Yusuf,7.7e-5
Amos,7.6e-5
Benito,7.6e-5
Coy,7.6e-5
Fletcher,7.6e-5
Kyree,7.6e-5
Matthias,7.6e-5
Rocky,7.6e-5
Trevion,7.6e-5
Zaid,7.6e-5
Zayne,7.6e-5
Arnav,7.5e-5
Canyon,7.5e-5
Marion,7.5e-5
Samson,7.5e-5
