name,percent
Jacob,0.013196
Michael,0.012041
Joshua,0.011447
Matthew,0.010832
Ethan,0.010521
Andrew,0.010277
Daniel,0.009928
William,0.009579
Joseph,0.009519
Christopher,0.009341
Anthony,0.009276
Ryan,0.009233
Nicholas,0.008766
David,0.008692
Alexander,0.008486
Tyler,0.00826
James,0.007786
John,0.007785
Dylan,0.00703
Nathan,0.006925
Jonathan,0.006801
Brandon,0.006693
Samuel,0.006675
Christian,0.00658
Benjamin,0.006541
Zachary,0.006496
Logan,0.006228
Jose,0.005769
Noah,0.005631
Justin,0.005617
Elijah,0.005541
Gabriel,0.00547
Caleb,0.005349
Kevin,0.005311
Austin,0.005086
Robert,0.005053
Thomas,0.004973
Connor,0.004761
Evan,0.004728
Aidan,0.004654
Luke,0.004544
Jack,0.00454
Jordan,0.004518
Angel,0.004506
Isaiah,0.004373
Isaac,0.004341
Jason,0.004291
Jackson,0.004254
Hunter,0.004212
Cameron,0.004208
Mason,0.004086
Gavin,0.004078
Aaron,0.003972
Juan,0.003849
Kyle,0.003704
Charles,0.003621
Luis,0.003549
Adam,0.003539
Brian,0.00347
Aiden,0.003389
Eric,0.003379
Jayden,0.003278
Alex,0.003221
Sean,0.003201
Bryan,0.003189
Lucas,0.00318
Owen,0.003177
Nathaniel,0.003154
Ian,0.00308
Jesus,0.003062
Carlos,0.002962
Adrian,0.002905
Diego,0.002782
Julian,0.002685
Cole,0.002674
Ashton,0.00257
Jeremiah,0.002537
Steven,0.002531
Timothy,0.002474
Seth,0.002454
Devin,0.002445
Chase,0.002444
Jaden,0.002439
Colin,0.002428
Cody,0.002422
Landon,0.002385
Hayden,0.00238
Carter,0.002375
Xavier,0.00237
Wyatt,0.002357
Dominic,0.00231
Richard,0.002293
Antonio,0.00229
Jesse,0.002253
Blake,0.002224
Sebastian,0.002142
Miguel,0.00214
Jake,0.002119
Alejandro,0.002108
Patrick,0.002101
Carson,0.002076
Victor,0.002031
Alexis,0.001979
Caden,0.00197
Kaden,0.001958
Riley,0.001948
Brayden,0.001926
Bryce,0.001907
Henry,0.001851
Trevor,0.001846
Jeremy,0.001829
Liam,0.001813
Mark,0.001781
Garrett,0.001748
Tristan,0.001647
Marcus,0.001642
Ivan,0.001637
Jorge,0.001627
Kaleb,0.00162
Vincent,0.001619
Kenneth,0.001618
Brady,0.001597
Oscar,0.001582
Joel,0.001531
Tanner,0.00153
Eduardo,0.001516
Paul,0.001504
Jared,0.001502
Edward,0.00149
Collin,0.001473
Alan,0.001452
Parker,0.001451
Cooper,0.001443
Conner,0.001422
Colton,0.001399
Maxwell,0.001387
Dakota,0.001379
Nicolas,0.00136
Cristian,0.001354
Stephen,0.001347
Grant,0.001334
Josiah,0.00132
Peter,0.00132
Ricardo,0.001317
Gage,0.001302
George,0.001296
Omar,0.001292
Francisco,0.001291
Brendan,0.001289
Jeffrey,0.001289
Spencer,0.001259
Preston,0.001253
Braden,0.001242
Levi,0.001225
Fernando,0.001219
Derek,0.001205
Cesar,0.001202
Javier,0.001201
Damian,0.001195
Eli,0.001191
Nolan,0.00118
Micah,0.001177
Peyton,0.001177
Max,0.001175
Shane,0.001172
Travis,0.001164
Dalton,0.001162
Manuel,0.001142
Shawn,0.001135
Andres,0.001134
Edgar,0.001131
Erik,0.001119
Edwin,0.001114
Emmanuel,0.001111
Devon,0.001102
Bradley,0.001091
Jonah,0.001085
Mario,0.00107
Malachi,0.001061
Erick,0.001055
Ty,0.00104
Ayden,0.001034
Johnathan,0.001031
Wesley,9.97e-4
Colby,9.78e-4
Trenton,9.73e-4
Donovan,9.72e-4
Raymond,9.67e-4
Giovanni,9.63e-4
Jalen,9.59e-4
Marco,9.52e-4
Hector,9.49e-4
Abraham,9.4e-4
Gregory,9.32e-4
Leonardo,0.00093000000000000005
Damien,9.25e-4
Dillon,9.25e-4
Clayton,9.09e-4
Andre,9.08e-4
Sergio,9.06e-4
Bryson,9.05e-4
Roberto,8.88e-4
Martin,8.79e-4
Jaylen,8.49e-4
Andy,8.44e-4
Dawson,8.35e-4
Elias,8.34e-4
Josue,8.28e-4
Harrison,8.2e-4
Brody,8.18e-4
Corey,7.91e-4
Drew,7.9e-4
Mitchell,7.81e-4
Scott,7.76e-4
Israel,7.74e-4
Taylor,7.64e-4
Dominick,7.59e-4
Ruben,7.58e-4
Calvin,7.55e-4
Miles,7.49e-4
Braxton,7.48e-4
Brett,7.41e-4
Dustin,7.33e-4
Rafael,7.32e-4
Avery,7.21e-4
Pedro,7.19e-4
Troy,7.11e-4
Jace,7.05e-4
Oliver,7.05e-4
Frank,6.94e-4
Zane,6.9e-4
Ronald,6.88e-4
Camden,6.85e-4
Skyler,6.73e-4
Jakob,6.71e-4
Gerardo,6.7e-4
Trey,6.64e-4
Payton,6.62e-4
Roman,6.61e-4
Griffin,6.56e-4
Armando,6.55e-4
Raul,6.54e-4
Malik,6.51e-4
Marcos,0.00064899999999999995
Brock,6.39e-4
Alec,6.32e-4
Kai,6.28e-4
Derrick,6.26e-4
Phillip,6.26e-4
Chance,6.26e-4
Johnny,6.23e-4
Cade,6.21e-4
Keith,6.21e-4
Simon,6.15e-4
Enrique,6.14e-4
Allen,6.12e-4
Keegan,6.11e-4
Trent,6.07e-4
Xander,6.03e-4
Jaiden,6.03e-4
Casey,6e-4
Drake,6e-4
Donald,5.91e-4
Cayden,5.88e-4
Leo,5.86e-4
Jaxon,5.81e-4
Fabian,5.8e-4
Julio,5.79e-4
Angelo,5.76e-4
Corbin,5.75e-4
Dante,5.73e-4
Grayson,5.67e-4
Jaime,5.66e-4
Kyler,5.57e-4
Lance,5.51e-4
Kameron,5.47e-4
Emanuel,5.43e-4
Brenden,5.42e-4
Zander,5.41e-4
Jimmy,5.36e-4
Landen,5.36e-4
Chandler,5.34e-4
Alberto,5.33e-4
Tyson,5.29e-4
Adan,5.28e-4
Darius,5.27e-4
Tucker,5.25e-4
Zackary,5.24e-4
Saul,5.23e-4
Gustavo,5.21e-4
Mathew,5.17e-4
Santiago,5.16e-4
Jerry,5.14e-4
Lukas,5.12e-4
Lorenzo,5.1e-4
Myles,5.09e-4
Emilio,5.07e-4
Nickolas,5.06e-4
Lane,5.05e-4
Brennan,5.03e-4
Nikolas,5.02e-4
Louis,4.98e-4
Pablo,4.96e-4
Danny,4.91e-4
Quinn,4.9e-4
Aden,4.89e-4
Philip,4.82e-4
Arturo,4.8e-4
Morgan,4.78e-4
Dennis,4.77e-4
Kaiden,4.77e-4
Zion,4.77e-4
Theodore,4.76e-4
Damon,4.68e-4
Ezekiel,4.66e-4
Randy,4.63e-4
Bryant,4.61e-4
Kayden,4.6e-4
Jayson,4.57e-4
Mateo,4.53e-4
Tony,4.53e-4
Curtis,4.5e-4
Yahir,4.49e-4
Braeden,4.46e-4
Axel,4.45e-4
Gary,4.37e-4
Alfredo,4.37e-4
Jonathon,4.36e-4
Hudson,4.34e-4
Quentin,4.32e-4
Tristen,4.32e-4
Ismael,4.29e-4
Larry,4.25e-4
Marc,4.25e-4
Asher,4.24e-4
Brayan,4.22e-4
Darren,4.22e-4
Albert,4.1e-4
Camron,4.07e-4
Amir,3.98e-4
Maximilian,3.95e-4
Ryder,3.94e-4
Salvador,3.93e-4
Chad,3.91e-4
Mekhi,3.9e-4
Ramon,3.9e-4
Ernesto,3.88e-4
Jay,3.88e-4
Joe,3.88e-4
Cory,3.87e-4
Charlie,3.84e-4
Esteban,3.84e-4
Douglas,3.78e-4
Marvin,3.76e-4
Abel,3.75e-4
Keaton,3.75e-4
Arthur,3.75e-4
Dallas,3.72e-4
Ricky,3.71e-4
Moises,3.7e-4
Orlando,3.69e-4
Eddie,3.64e-4
Lawrence,3.64e-4
Emiliano,3.63e-4
Russell,3.63e-4
Walter,3.62e-4
Hugo,3.6e-4
Mauricio,3.58e-4
Jude,3.57e-4
Carl,3.56e-4
Gael,3.55e-4
Holden,3.54e-4
Dean,3.53e-4
Kristopher,3.53e-4
Rylan,3.53e-4
Davis,3.52e-4
Marshall,3.51e-4
Maddox,3.45e-4
Ali,3.44e-4
Ezra,3.44e-4
Weston,3.42e-4
Walker,3.41e-4
Julius,3.37e-4
Joaquin,3.37e-4
Isiah,3.36e-4
Maurice,3.36e-4
Kade,3.32e-4
Rodrigo,3.32e-4
Tate,3.32e-4
Reese,3.31e-4
Reece,3.3e-4
Micheal,3.29e-4
Felix,3.27e-4
Luca,3.24e-4
Tommy,3.23e-4
Chris,3.19e-4
Issac,3.15e-4
Elliot,3.14e-4
Caiden,3.11e-4
Shaun,3.11e-4
Terry,3.11e-4
Justice,3.08e-4
Beau,3.07e-4
Bennett,3.06e-4
Brent,3.06e-4
Javon,3.06e-4
Amari,3.02e-4
Guillermo,3.02e-4
Kody,3.02e-4
Jon,3.01e-4
Osvaldo,3e-4
Jaylin,2.99e-4
Kelvin,2.99e-4
Roger,2.98e-4
Braydon,2.96e-4
Deandre,2.95e-4
Jeffery,2.95e-4
Kobe,2.95e-4
Easton,2.94e-4
Khalil,2.94e-4
Branden,2.93e-4
Graham,2.92e-4
Zachery,2.92e-4
Zachariah,2.92e-4
Jamari,2.91e-4
Jadon,2.91e-4
Jaylon,2.91e-4
Maximus,2.9e-4
Toby,2.9e-4
Silas,2.89e-4
Declan,2.87e-4
Melvin,2.86e-4
Rodney,2.86e-4
Bailey,2.84e-4
Davion,2.82e-4
Dorian,2.82e-4
Demetrius,2.81e-4
Sawyer,2.81e-4
Nathanael,2.8e-4
Sam,2.8e-4
Noe,2.8e-4
Felipe,2.79e-4
Reid,2.79e-4
Allan,2.79e-4
Jamal,2.79e-4
Uriel,2.77e-4
Marquis,2.76e-4
Omarion,2.75e-4
Frederick,2.74e-4
Rene,2.71e-4
Trevon,2.71e-4
Bobby,2.71e-4
Conor,2.71e-4
Noel,2.7e-4
Jessie,2.69e-4
Nelson,2.69e-4
Elliott,2.68e-4
Jonas,2.68e-4
Billy,2.68e-4
Brendon,2.67e-4
Jermaine,2.66e-4
Harley,2.64e-4
Jaxson,2.62e-4
Gerald,2.61e-4
Wilson,2.59e-4
Damion,2.59e-4
Desmond,2.57e-4
Roy,2.56e-4
Quincy,2.55e-4
Dane,2.55e-4
Leonel,2.53e-4
Skylar,2.53e-4
Terrance,2.53e-4
Rogelio,2.52e-4
Quinton,2.51e-4
Rowan,2.51e-4
Bruce,2.5e-4
Solomon,2.5e-4
Craig,2.48e-4
Rohan,2.48e-4
Nasir,2.47e-4
Kenny,2.46e-4
Tomas,2.44e-4
Reed,2.43e-4
Kristian,2.43e-4
Ahmad,2.41e-4
Franklin,2.4e-4
Terrell,2.4e-4
Joey,2.4e-4
Kanye,2.4e-4
Amarion,2.38e-4
Reginald,2.38e-4
Jaydon,2.36e-4
Kolby,2.36e-4
Jaquan,2.35e-4
Triston,2.33e-4
Willie,2.33e-4
Rodolfo,2.32e-4
Tobias,2.32e-4
Kadin,2.31e-4
Devan,2.3e-4
Kendall,2.3e-4
Zackery,2.3e-4
Isaias,2.3e-4
Mohamed,2.3e-4
Moses,2.3e-4
Steve,2.3e-4
Dayton,2.29e-4
Byron,2.27e-4
Johnathon,2.27e-4
Deven,2.26e-4
Kellen,2.25e-4
Pierce,2.25e-4
Alvin,2.24e-4
Cyrus,2.23e-4
Jameson,2.21e-4
Jarrett,2.19e-4
Kendrick,2.19e-4
Leon,2.19e-4
Wade,2.19e-4
Jayce,2.18e-4
Marlon,2.18e-4
Alfonso,2.17e-4
Francis,2.16e-4
Ahmed,2.15e-4
Rolando,2.15e-4
Warren,2.14e-4
Will,2.14e-4
Ben,2.13e-4
Trace,2.12e-4
Harry,2.12e-4
Ramiro,2.11e-4
Malcolm,2.11e-4
Jamie,2.1e-4
Everett,2.08e-4
Gilberto,2.08e-4
Rocco,2.08e-4
Todd,2.08e-4
Izaiah,2.07e-4
Jamarion,2.07e-4
Ronnie,2.07e-4
Addison,2.04e-4
Adolfo,2.02e-4
Grady,2.01e-4
Kieran,2.01e-4
Deshawn,2e-4
Darian,2e-4
Alonzo,1.99e-4
Orion,1.98e-4
River,1.98e-4
Ariel,1.97e-4
Phoenix,1.97e-4
Jerome,1.96e-4
Lincoln,1.96e-4
Stanley,1.95e-4
Lee,1.95e-4
Darrell,1.94e-4
Judah,1.94e-4
Rudy,1.94e-4
Gilbert,1.93e-4
Cruz,1.93e-4
Tyrone,1.93e-4
Ezequiel,1.91e-4
Vicente,1.91e-4
Duncan,1.91e-4
Quintin,1.9e-4
Blaine,1.9e-4
Tristin,1.9e-4
Finn,1.89e-4
Omari,1.89e-4
Randall,1.89e-4
Titus,1.88e-4
Johan,1.87e-4
Gunnar,1.87e-4
Colten,1.85e-4
Ray,1.85e-4
Jamison,1.85e-4
Jasper,1.85e-4
Nehemiah,1.83e-4
Cedric,1.82e-4
Leonard,1.82e-4
Cristopher,1.82e-4
Keenan,1.81e-4
Clay,1.81e-4
Efrain,1.8e-4
Eugene,1.8e-4
Ibrahim,1.8e-4
Kyan,1.79e-4
Abram,1.78e-4
Alvaro,1.77e-4
Ulises,1.77e-4
Davin,1.77e-4
Anderson,1.75e-4
Tyrese,1.75e-4
Reagan,1.74e-4
Gunner,1.73e-4
Ernest,1.71e-4
Wayne,1.71e-4
Tyrell,1.7e-4
Elisha,1.69e-4
Romeo,1.68e-4
Karson,1.68e-4
Terrence,1.68e-4
Dale,1.67e-4
Jair,1.67e-4
Jett,1.67e-4
Jordon,1.67e-4
Aldo,1.66e-4
Camren,1.66e-4
Jairo,1.66e-4
Moshe,1.66e-4
Ross,1.66e-4
Harold,1.66e-4
Mohammed,1.66e-4
Tyree,1.65e-4
Brodie,1.64e-4
Jabari,1.64e-4
Kareem,1.64e-4
Jase,1.63e-4
Davon,1.62e-4
Emmett,1.61e-4
Mohammad,1.61e-4
Mike,1.6e-4
Neil,1.6e-4
Gianni,1.59e-4
Julien,1.59e-4
Porter,1.59e-4
Brennen,1.59e-4
Kole,1.59e-4
Antoine,1.58e-4
Lewis,1.58e-4
Alijah,1.57e-4
Keshawn,1.57e-4
Brooks,1.57e-4
Coleman,1.57e-4
Jamar,1.57e-4
Kolton,1.56e-4
Markus,1.56e-4
Aron,1.55e-4
Dominik,1.55e-4
Freddy,1.54e-4
Alexzander,1.53e-4
Ronan,1.53e-4
Aryan,1.52e-4
Layne,1.51e-4
Brice,1.51e-4
Donte,1.51e-4
Junior,1.5e-4
Misael,1.5e-4
Cohen,1.49e-4
Dashawn,1.49e-4
Agustin,1.48e-4
Octavio,1.48e-4
Dominique,1.47e-4
Greyson,1.47e-4
Jaron,1.47e-4
Jefferson,1.47e-4
Sage,1.47e-4
Brycen,1.47e-4
Devyn,1.47e-4
Josh,1.46e-4
Irvin,1.46e-4
Salvatore,1.46e-4
Zechariah,1.46e-4
Aydan,1.45e-4
Dillan,1.45e-4
Kamron,1.45e-4
Ignacio,1.44e-4
Braiden,1.43e-4
Raphael,1.43e-4
August,1.43e-4
Garret,1.43e-4
Asa,1.42e-4
Sterling,1.42e-4
Alessandro,1.42e-4
Alonso,1.41e-4
Giancarlo,1.41e-4
Ari,1.4e-4
Muhammad,1.4e-4
Glenn,1.39e-4
Humberto,1.39e-4
Jaeden,1.39e-4
Jean,1.39e-4
Draven,1.39e-4
Nathanial,1.39e-4
Dwayne,1.38e-4
Waylon,1.38e-4
Rigoberto,1.37e-4
Damarion,1.36e-4
Heath,1.36e-4
Gideon,1.35e-4
Keagan,1.35e-4
Nico,1.33e-4
Elvis,1.33e-4
Karl,1.33e-4
Jaylan,1.31e-4
Coby,1.31e-4
Darryl,1.31e-4
Kane,1.31e-4
Isai,1.3e-4
Matteo,1.3e-4
Reynaldo,1.3e-4
Derick,1.29e-4
Braylon,1.29e-4
Darnell,1.29e-4
Javion,1.29e-4
Kasey,1.29e-4
Korbin,1.29e-4
Cullen,1.28e-4
Keon,1.28e-4
Braedon,1.28e-4
Oswaldo,1.28e-4
Ralph,1.28e-4
Xzavier,1.27e-4
Alfred,1.27e-4
Rhett,1.27e-4
Sidney,1.26e-4
Emerson,1.26e-4
Gaven,1.26e-4
Kian,1.25e-4
Rashad,1.25e-4
Roderick,1.25e-4
Rory,1.25e-4
Lawson,1.24e-4
Clark,1.24e-4
Marquise,1.24e-4
Lamar,1.23e-4
Alexandro,1.23e-4
Armani,1.23e-4
Donavan,1.22e-4
Hamza,1.22e-4
Clinton,1.22e-4
Justus,1.22e-4
Alden,1.21e-4
Sincere,1.21e-4
Semaj,1.2e-4
Garrison,1.2e-4
Mathias,1.2e-4
Yair,1.2e-4
Conrad,1.19e-4
Arjun,1.18e-4
Clarence,1.18e-4
Darien,1.18e-4
Jaheim,1.18e-4
Konner,1.18e-4
Denzel,1.18e-4
Frankie,1.18e-4
Gavyn,1.18e-4
Jovan,1.17e-4
Aditya,1.17e-4
Dangelo,1.17e-4
Gordon,1.17e-4
Anton,1.16e-4
Milton,1.16e-4
Jovani,1.15e-4
Keyshawn,1.15e-4
Luciano,1.15e-4
Ronaldo,1.14e-4
Santino,1.13e-4
Sheldon,1.13e-4
Estevan,1.13e-4
Talon,1.13e-4
Antony,1.12e-4
Bernard,1.12e-4
Malakai,1.12e-4
Maverick,1.12e-4
Milo,1.12e-4
Nigel,1.12e-4
Pranav,1.12e-4
Santos,1.12e-4
Adrien,1.11e-4
Jan,1.11e-4
Nathen,1.11e-4
Demarcus,1.11e-4
Howard,1.11e-4
Roland,1.11e-4
Barrett,1.11e-4
Cale,1.11e-4
Rylee,1.11e-4
Seamus,1.11e-4
Adonis,1.1e-4
Devonte,1.1e-4
Kurt,1.09e-4
Ryker,1.09e-4
Vance,1.09e-4
Vaughn,1.09e-4
Bruno,1.09e-4
Tristian,1.09e-4
Marques,1.08e-4
Bradyn,1.08e-4
Kylan,1.08e-4
Stefan,1.08e-4
Baby,1.07e-4
Fredrick,1.07e-4
Jorden,1.07e-4
Prince,1.07e-4
Cash,1.07e-4
Enzo,1.07e-4
Kale,1.07e-4
Dexter,1.06e-4
Jadyn,1.06e-4
Adriel,1.06e-4
Hassan,1.06e-4
Kamari,1.06e-4
Keyon,1.06e-4
Cason,1.05e-4
Matthias,1.05e-4
Perry,1.05e-4
Samir,1.05e-4
Dandre,1.05e-4
Davian,1.05e-4
Remington,1.05e-4
Ean,1.04e-4
Maximillian,1.04e-4
Deon,1.04e-4
Jaidyn,1.04e-4
Leroy,1.04e-4
Blaze,1.03e-4
Darwin,1.03e-4
Demarion,1.03e-4
Kelton,1.03e-4
Jacoby,1.02e-4
Clifford,1.02e-4
Daquan,1.02e-4
Houston,1.02e-4
Quinten,1.02e-4
Sammy,1.02e-4
Zain,1.02e-4
Dylon,1.02e-4
German,1.02e-4
Cannon,1.01e-4
Giovanny,1.01e-4
Winston,1.01e-4
Brad,1.01e-4
Chaim,1.01e-4
Ellis,1.01e-4
Sonny,1.01e-4
Augustus,1e-4
Kaeden,1e-4
Konnor,1e-4
Marcel,1e-4
Landyn,1e-4
Reuben,1e-4
Yosef,1e-4
Zakary,1e-4
Dion,9.9e-5
Luka,9.9e-5
Dario,9.9e-5
Geoffrey,9.9e-5
Jakobe,9.9e-5
Nick,9.9e-5
Norman,9.9e-5
Simeon,9.9e-5
Soren,9.9e-5
Braulio,9.8e-5
Elian,9.8e-5
Madison,9.8e-5
Gonzalo,9.8e-5
Kenyon,9.8e-5
Darion,9.7e-5
Elmer,9.7e-5
Nikhil,9.7e-5
Stephan,9.7e-5
Andon,9.6e-5
Bo,9.6e-5
Gannon,9.6e-5
Jordy,9.6e-5
Jovany,9.6e-5
London,9.6e-5
Keanu,9.5e-5
Mikel,9.5e-5
Shannon,9.5e-5
Tariq,9.5e-5
Jaren,9.5e-5
Brenton,9.4e-5
Paxton,9.4e-5
Shamar,9.4e-5
Aydin,9.3e-5
Bernardo,9.3e-5
Deangelo,9.3e-5
Nestor,9.3e-5
Domenic,9.3e-5
Ethen,9.3e-5
Guadalupe,9.3e-5
Koby,9.3e-5
Blaise,9.2e-5
Dwight,9.2e-5
Heriberto,9.2e-5
Jovanni,9.2e-5
Matias,9.2e-5
Shea,9.2e-5
Arnav,9.2e-5
Franco,9.2e-5
Jaydin,9.2e-5
Maxim,9.2e-5
Haden,9.2e-5
Maximo,9.2e-5
Abdullah,9.1e-5
Deacon,9.1e-5
Arnold,9.1e-5
Savion,9.1e-5
Gino,9e-5
Isaak,9e-5
Ryland,9e-5
Teagan,9e-5
Thaddeus,9e-5
Turner,8.9e-5
Boston,8.9e-5
Dallin,8.9e-5
Jovanny,8.9e-5
Stephon,8.9e-5
Travon,8.9e-5
Carmelo,8.8e-5
Antwan,8.8e-5
Chaz,8.8e-5
Cortez,8.8e-5
Eddy,8.8e-5
Jamir,8.8e-5
Kamden,8.8e-5
Zack,8.7e-5
Hugh,8.7e-5
Irving,8.7e-5
Josef,8.7e-5
Lamont,8.7e-5
Marcelo,8.7e-5
Stone,8.7e-5
Jordyn,8.6e-5
Kennedy,8.6e-5
Malaki,8.6e-5
Rex,8.6e-5
Darrius,8.6e-5
Keven,8.6e-5
Koda,8.6e-5
Tyshawn,8.6e-5
Atticus,8.5e-5
Deshaun,8.5e-5
Jamel,8.5e-5
Rhys,8.5e-5
Shayne,8.5e-5
Vincenzo,8.5e-5
Zavier,8.5e-5
Javen,8.5e-5
Benny,8.4e-5
Earl,8.4e-5
Jaleel,8.4e-5
Kamren,8.4e-5
Branson,8.4e-5
Kevon,8.4e-5
Korey,8.4e-5
Layton,8.4e-5
Sullivan,8.4e-5
Carlo,8.3e-5
Marquez,8.3e-5
Samson,8.3e-5
Cael,8.3e-5
Elvin,8.3e-5
Niko,8.3e-5
Truman,8.3e-5
Fletcher,8.3e-5
Haiden,8.3e-5
Tayshaun,8.3e-5
Barry,8.2e-5
Dimitri,8.2e-5
Raymundo,8.2e-5
Yusuf,8.2e-5
Zaid,8.2e-5
Zaire,8.2e-5
Andreas,8.2e-5
Cornelius,8.2e-5
Efren,8.2e-5
Jayvon,8.2e-5
Kerry,8.2e-5
Trenten,8.2e-5
Trever,8.2e-5
Darin,8.1e-5
Jeramiah,8.1e-5
Rishi,8.1e-5
Tre,8.1e-5
Immanuel,8.1e-5
Jarvis,8.1e-5
Kason,8.1e-5
Broderick,8e-5
Rey,8e-5
Trevion,8e-5
Reilly,8e-5
Darrin,7.9e-5
Guy,7.9e-5
Jarod,7.9e-5
Nash,7.9e-5
Trevin,7.9e-5
Cordell,7.9e-5
Cristofer,7.9e-5
Destin,7.9e-5
Eliezer,7.9e-5
Fisher,7.9e-5
Rahul,7.9e-5
Jagger,7.8e-5
Jamarcus,7.8e-5
Menachem,7.8e-5
Tylor,7.8e-5
