name,percent
Emily,0.010247
Emma,0.009153
Madison,0.00892
Isabella,0.008728
Ava,0.008121
Abigail,0.007485
Olivia,0.007417
Hannah,0.006957
Sophia,0.006467
Samantha,0.005969
Elizabeth,0.005938
Ashley,0.00591
Mia,0.005758
Alexis,0.005372
Sarah,0.005328
Grace,0.00525
Natalie,0.005243
Chloe,0.004978
Alyssa,0.004873
Brianna,0.004479
Ella,0.004412
Anna,0.004112
Taylor,0.0041
Lauren,0.004068
Hailey,0.004033
Kayla,0.003939
Victoria,0.003657
Addison,0.003653
Jasmine,0.003593
Savannah,0.003388
Julia,0.003301
Jessica,0.00326
Lily,0.00324
Sydney,0.003122
Morgan,0.003109
Katherine,0.003016
Destiny,0.003015
Lillian,0.002986
Alexa,0.002929
Alexandra,0.002924
Kaitlyn,0.002909
Kaylee,0.002868
Nevaeh,0.002833
Brooke,0.002756
Makayla,0.002702
Maria,0.002678
Allison,0.002666
Rachel,0.002642
Angelina,0.002637
Gabriella,0.002571
Jennifer,0.002526
Avery,0.002518
Mackenzie,0.002494
Zoe,0.002467
Sofia,0.002433
Riley,0.002425
Maya,0.002417
Kimberly,0.002398
Andrea,0.002395
Megan,0.002368
Katelyn,0.002339
Faith,0.002317
Gabrielle,0.002315
Trinity,0.002312
Evelyn,0.002276
Kylie,0.002258
Brooklyn,0.002253
Audrey,0.002228
Leah,0.002224
Stephanie,0.002161
Madeline,0.002144
Sara,0.002105
Jocelyn,0.002093
Nicole,0.002065
Haley,0.002054
Arianna,0.002046
Paige,0.002044
Ariana,0.002028
Vanessa,0.001994
Michelle,0.001958
Mary,0.001952
Mariah,0.001944
Amelia,0.001942
Isabelle,0.001934
Melanie,0.001934
Claire,0.001924
Isabel,0.001921
Jenna,0.001887
Caroline,0.001812
Aaliyah,0.00179
Valeria,0.001789
Jada,0.001758
Aubrey,0.001752
Natalia,0.00172
Autumn,0.001711
Rebecca,0.001703
Jordan,0.001696
Gianna,0.001654
Jayla,0.001633
Layla,0.001607
Mya,0.001605
Amanda,0.001603
Gracie,0.001577
Marissa,0.001513
Molly,0.001499
Adriana,0.001482
Katie,0.001473
Leslie,0.001457
Gabriela,0.001449
Keira,0.001449
Jade,0.001435
Bailey,0.001426
Madelyn,0.001412
Angela,0.001399
Kennedy,0.001388
Danielle,0.001386
Melissa,0.001383
Jacqueline,0.00137
Diana,0.001362
Zoey,0.00136
Catherine,0.001334
Sophie,0.001334
Briana,0.001334
Eva,0.001332
Charlotte,0.001331
Breanna,0.001324
Valerie,0.001316
Amy,0.001315
Naomi,0.001292
Lydia,0.001273
Erin,0.001266
Daniela,0.001261
Shelby,0.001252
Rylee,0.001249
Serenity,0.00124
Amber,0.001238
Ruby,0.001234
Peyton,0.001216
Miranda,0.001196
Ashlyn,0.001178
Sierra,0.001175
Kate,0.001172
Ana,0.001155
Kathryn,0.001155
Skylar,0.001123
Alexandria,0.001121
Kylee,0.00112
Kendall,0.001114
Daisy,0.0011
Liliana,0.001088
Lilly,0.001087
Lucy,0.00108
Summer,0.00108
Mikayla,0.001078
Jazmin,0.001075
Reagan,0.001073
Sadie,0.001064
Angel,0.001061
Christina,0.001059
Reese,0.001048
Margaret,0.001047
Juliana,0.001046
Payton,0.001033
Alexia,0.001021
Alicia,0.001018
Mckenzie,0.001017
Alana,0.001012
Giselle,0.001002
Genesis,9.98e-4
Alondra,9.91e-4
Cheyenne,9.9e-4
Laura,9.85e-4
Karen,9.72e-4
Jillian,9.59e-4
Mariana,9.56e-4
Ellie,9.54e-4
Sienna,9.51e-4
Jordyn,9.42e-4
Camila,9.41e-4
Adrianna,9.38e-4
Bella,9.35e-4
Bianca,9.31e-4
Jasmin,9.29e-4
Kelsey,9.09e-4
Kiara,9.09e-4
Lindsey,9.02e-4
Elena,8.98e-4
Nadia,8.94e-4
Maggie,8.88e-4
Dakota,8.79e-4
Courtney,8.76e-4
Chelsea,8.74e-4
Delaney,8.69e-4
Julianna,8.68e-4
Kyra,8.61e-4
Sabrina,8.56e-4
Makenzie,8.52e-4
Cassidy,8.49e-4
Hope,8.46e-4
Caitlyn,8.41e-4
Crystal,8.34e-4
Ariel,8.29e-4
Jayden,8.13e-4
Kyla,8.11e-4
Abby,8.08e-4
Annabelle,7.98e-4
Angelica,7.97e-4
Karla,7.94e-4
Caitlin,7.93e-4
Tiffany,7.87e-4
Veronica,7.76e-4
Kelly,7.71e-4
Ciara,7.69e-4
Cadence,7.67e-4
Amaya,7.63e-4
Camryn,7.58e-4
Mckenna,7.53e-4
Elise,7.51e-4
Cassandra,7.46e-4
Aniyah,7.42e-4
Josephine,7.41e-4
Erica,7.4e-4
Esmeralda,7.37e-4
Vivian,7.37e-4
Julissa,7.34e-4
Karina,7.32e-4
Jazmine,7.3e-4
Fatima,7.27e-4
Allie,7.22e-4
Savanna,7.19e-4
Makenna,7.15e-4
Clara,7.15e-4
Alejandra,7.13e-4
Mallory,7.05e-4
Aliyah,6.92e-4
Laila,6.92e-4
Brooklynn,6.87e-4
Erika,6.85e-4
Brenda,6.8e-4
Cynthia,6.79e-4
Stella,6.76e-4
Jamie,6.76e-4
Kendra,6.72e-4
Bethany,6.69e-4
Nora,6.64e-4
Piper,6.63e-4
Haylee,6.58e-4
Alaina,6.52e-4
Monica,6.51e-4
Kira,6.5e-4
Carly,6.47e-4
Tessa,6.46e-4
Heaven,6.41e-4
Alivia,6.33e-4
Guadalupe,6.27e-4
Joanna,6.17e-4
Carmen,6.13e-4
Kailey,6.11e-4
Allyson,6.09e-4
Violet,6.07e-4
Aniya,6.05e-4
Paris,6.04e-4
Lindsay,5.98e-4
Cecilia,5.95e-4
Ayla,5.91e-4
Kayleigh,5.86e-4
Dulce,5.84e-4
Eleanor,5.84e-4
Hanna,5.84e-4
Rebekah,5.84e-4
Alayna,5.83e-4
Katelynn,5.83e-4
Alison,5.82e-4
Georgia,5.82e-4
Macy,5.82e-4
Nina,5.81e-4
Kamryn,5.78e-4
Carolina,5.72e-4
Kaylie,5.72e-4
Eliana,5.71e-4
Lola,5.71e-4
Kara,5.7e-4
Tatiana,5.67e-4
Leila,5.57e-4
Selena,5.53e-4
Jadyn,5.51e-4
Miriam,5.5e-4
Anastasia,5.48e-4
Anahi,5.48e-4
Esther,5.47e-4
Cameron,5.44e-4
Izabella,5.4e-4
Josie,5.4e-4
Ashlynn,5.39e-4
Heidi,5.38e-4
Jayda,5.36e-4
Scarlett,5.36e-4
Julie,5.33e-4
Melody,5.28e-4
Desiree,5.26e-4
Kiera,5.23e-4
Paola,5.21e-4
Callie,5.2e-4
Jaden,5.19e-4
Camille,5.15e-4
Hayley,5.14e-4
Emerson,5.13e-4
Emely,5.12e-4
Daniella,5.11e-4
Aurora,5.11e-4
Meredith,5.11e-4
Leilani,5.1e-4
Estrella,5.06e-4
Joselyn,5.06e-4
Diamond,5.01e-4
Skyler,4.95e-4
April,4.93e-4
Eden,4.93e-4
Rylie,4.92e-4
Brittany,4.9e-4
Marisol,4.9e-4
Lizbeth,4.89e-4
Meghan,4.89e-4
Yasmin,4.87e-4
Nancy,4.86e-4
Eliza,4.86e-4
Celeste,4.85e-4
Ryleigh,4.84e-4
Lila,4.81e-4
Shayla,4.8e-4
Asia,4.79e-4
Michaela,4.79e-4
Fiona,4.75e-4
Annika,4.73e-4
Ivy,4.72e-4
Sasha,4.7e-4
Madeleine,4.69e-4
Lucia,4.68e-4
Heather,4.65e-4
Ashlee,4.64e-4
Claudia,4.62e-4
Harmony,4.61e-4
Kaitlin,4.57e-4
Holly,4.57e-4
Lexi,4.56e-4
Rose,4.55e-4
Helen,4.54e-4
Tatum,4.54e-4
Bridget,4.53e-4
Samara,4.52e-4
Presley,4.51e-4
London,4.49e-4
Danica,4.48e-4
Alina,4.47e-4
Wendy,4.47e-4
Natasha,4.4e-4
Madalyn,4.38e-4
Kaydence,4.38e-4
Kyleigh,4.38e-4
Shannon,4.38e-4
Alessandra,4.34e-4
Talia,4.27e-4
Phoebe,4.27e-4
Sandra,4.26e-4
Sherlyn,4.26e-4
Genevieve,4.25e-4
Ruth,4.25e-4
Cindy,4.23e-4
Iris,4.22e-4
Kaelyn,4.21e-4
Addyson,4.19e-4
Kathleen,4.19e-4
Kristen,4.18e-4
Priscilla,4.18e-4
Emilee,4.13e-4
Alissa,4.12e-4
Johanna,4.11e-4
Itzel,4.1e-4
Denise,4.08e-4
Nia,4.08e-4
Katrina,4.07e-4
Brenna,4.05e-4
Cora,4.04e-4
Alice,4.03e-4
Perla,4.03e-4
Janiya,4.02e-4
Angie,4.01e-4
Harley,4.01e-4
Nyla,4.01e-4
Janelle,3.93e-4
Kadence,3.9e-4
Rachael,3.89e-4
Ximena,3.89e-4
Nayeli,3.88e-4
Nataly,3.88e-4
Dana,3.87e-4
Serena,3.87e-4
Rosa,3.86e-4
Annie,3.84e-4
Brynn,3.83e-4
Kiana,3.83e-4
Kaylin,3.82e-4
Kristina,3.81e-4
Maddison,3.77e-4
Imani,3.75e-4
Malia,3.74e-4
Marina,3.74e-4
Madyson,3.73e-4
Kirsten,3.73e-4
Anya,3.72e-4
Patricia,3.7e-4
Lana,3.69e-4
Casey,3.68e-4
Marley,3.67e-4
Madisyn,3.67e-4
Sage,3.67e-4
Hayden,3.65e-4
Lesly,3.65e-4
Kassandra,3.64e-4
Yesenia,3.64e-4
Emilia,3.63e-4
Bryanna,3.58e-4
Francesca,3.58e-4
Sidney,3.58e-4
Kimora,3.57e-4
Aubree,3.55e-4
Haylie,3.55e-4
Lauryn,3.55e-4
Teagan,3.55e-4
Kiley,3.54e-4
Logan,3.54e-4
Fernanda,3.53e-4
Skye,3.53e-4
Madilyn,3.51e-4
Raven,3.5e-4
Dayanara,3.49e-4
Raegan,3.49e-4
Valentina,3.48e-4
Christine,3.47e-4
Mercedes,3.47e-4
Lilian,3.47e-4
Jaelyn,3.45e-4
Sarai,3.45e-4
Taryn,3.44e-4
Tania,3.43e-4
Elaina,3.42e-4
Lilliana,3.41e-4
Lacey,3.41e-4
Viviana,3.4e-4
Gloria,3.35e-4
Ainsley,3.33e-4
Hallie,3.33e-4
Tori,3.33e-4
Linda,3.32e-4
Noelle,3.32e-4
Kassidy,3.31e-4
Anne,3.31e-4
Ryan,3.31e-4
Hailee,3.3e-4
Brielle,3.3e-4
America,3.29e-4
Janiyah,3.29e-4
Tara,3.29e-4
Melany,3.28e-4
Hazel,3.26e-4
Jaiden,3.26e-4
Adeline,3.24e-4
Clarissa,3.23e-4
Isabela,3.22e-4
Baylee,3.21e-4
Britney,3.21e-4
Jimena,3.21e-4
Alyson,3.2e-4
Alanna,3.19e-4
Jenny,3.19e-4
Jane,3.19e-4
Amya,3.17e-4
Tiana,3.16e-4
Macie,3.15e-4
Elle,3.12e-4
Miracle,3.12e-4
Penelope,3.11e-4
Lena,3.07e-4
Anika,3.07e-4
Laney,3.07e-4
Anaya,3.06e-4
Lillie,3.06e-4
Shania,3.06e-4
Kaleigh,3.05e-4
Emilie,3.02e-4
Abbigail,3.02e-4
Halle,3e-4
Kailyn,3e-4
Hadley,2.98e-4
Cristina,2.94e-4
Maritza,2.94e-4
Carla,2.92e-4
Elisabeth,2.92e-4
Marisa,2.92e-4
Athena,2.91e-4
Paulina,2.9e-4
Joy,2.9e-4
Lisa,2.9e-4
Raquel,2.9e-4
Natalee,2.89e-4
Krystal,2.89e-4
Virginia,2.87e-4
Harper,2.87e-4
Maia,2.86e-4
Marilyn,2.86e-4
Helena,2.85e-4
Kiersten,2.84e-4
Marlene,2.84e-4
Jaqueline,2.83e-4
Luna,2.83e-4
Norah,2.82e-4
Carolyn,2.8e-4
Amari,2.79e-4
Sylvia,2.78e-4
Danna,2.78e-4
Lia,2.78e-4
Martha,2.77e-4
Kenya,2.77e-4
Lexie,2.76e-4
Willow,2.76e-4
Saniya,2.76e-4
Kaitlynn,2.75e-4
Rihanna,2.74e-4
Ayanna,2.74e-4
Deanna,2.71e-4
Pamela,2.71e-4
Tabitha,2.71e-4
Teresa,2.71e-4
Whitney,2.71e-4
Jazlyn,2.7e-4
Yazmin,2.69e-4
Aileen,2.67e-4
Nathalie,2.64e-4
Liberty,2.63e-4
Kali,2.62e-4
Quinn,2.62e-4
Ellen,2.61e-4
Justice,2.61e-4
Yadira,2.61e-4
Elisa,2.59e-4
Delilah,2.58e-4
Alexus,2.57e-4
Melina,2.56e-4
Carley,2.56e-4
Precious,2.55e-4
Madelynn,2.55e-4
Tiara,2.55e-4
Kenzie,2.54e-4
Barbara,2.54e-4
Dayana,2.54e-4
Zoie,2.54e-4
Cara,2.53e-4
Jessie,2.53e-4
Destinee,2.53e-4
Simone,2.53e-4
Annabella,2.51e-4
Janet,2.51e-4
Jaida,2.5e-4
Cierra,2.5e-4
India,2.5e-4
Regan,2.49e-4
Isis,2.48e-4
Araceli,2.48e-4
Kasey,2.46e-4
Amira,2.45e-4
Marie,2.45e-4
Aspen,2.45e-4
Tamia,2.45e-4
Danika,2.44e-4
Amara,2.44e-4
Arely,2.44e-4
Kristin,2.44e-4
Judith,2.43e-4
Patience,2.43e-4
Renee,2.42e-4
Mckayla,2.42e-4
Juliet,2.41e-4
Arielle,2.4e-4
Alisha,2.4e-4
Carissa,2.39e-4
Kailee,2.38e-4
Jaidyn,2.38e-4
Luz,2.38e-4
Yasmine,2.37e-4
Annalise,2.36e-4
Irene,2.35e-4
Eve,2.34e-4
Evangeline,2.34e-4
Janessa,2.34e-4
Carlie,2.33e-4
Reyna,2.32e-4
Kierra,2.32e-4
Regina,2.32e-4
Skyla,2.32e-4
Yoselin,2.32e-4
Aubrie,2.31e-4
Damaris,2.31e-4
Susan,2.31e-4
Tia,2.31e-4
Brisa,2.31e-4
Lea,2.31e-4
Sanaa,2.31e-4
Sonia,2.31e-4
Haleigh,2.3e-4
Daphne,2.3e-4
Haven,2.29e-4
Cali,2.29e-4
Jolie,2.29e-4
Rubi,2.26e-4
Addisyn,2.26e-4
Alma,2.26e-4
Ingrid,2.25e-4
Sharon,2.25e-4
Karissa,2.25e-4
Felicity,2.24e-4
Jazmyn,2.24e-4
Kayden,2.24e-4
Kennedi,2.23e-4
Kaylynn,2.22e-4
Savanah,2.22e-4
Brittney,2.2e-4
Jaylin,2.2e-4
Gwendolyn,2.19e-4
Yareli,2.19e-4
Siena,2.18e-4
Ally,2.18e-4
Larissa,2.18e-4
Macey,2.18e-4
Noemi,2.18e-4
Parker,2.17e-4
Amiyah,2.17e-4
Jaylynn,2.17e-4
Rowan,2.16e-4
Gia,2.16e-4
Dominique,2.15e-4
Lyla,2.15e-4
Mikaela,2.15e-4
Kaya,2.15e-4
Lyric,2.14e-4
Maeve,2.14e-4
Karlee,2.14e-4
Myah,2.14e-4
Edith,2.13e-4
Arabella,2.13e-4
Aria,2.12e-4
Bailee,2.12e-4
Carlee,2.12e-4
Shaniya,2.12e-4
Abbie,2.11e-4
Aryanna,2.11e-4
Juliette,2.11e-4
Monique,2.11e-4
Cheyanne,2.1e-4
Mayra,2.1e-4
Clare,2.09e-4
Campbell,2.09e-4
Cristal,2.09e-4
Tyra,2.08e-4
Maci,2.07e-4
Taniya,2.07e-4
Charity,2.06e-4
Alena,2.06e-4
Jacquelyn,2.06e-4
Kaley,2.06e-4
Paula,2.05e-4
Aleah,2.05e-4
Cecelia,2.03e-4
Evelin,2.03e-4
Stacy,2.02e-4
Deborah,2.02e-4
Esperanza,2.02e-4
Janae,2.01e-4
Elyse,2.01e-4
Gisselle,2e-4
Marianna,1.99e-4
Tamara,1.99e-4
Mara,1.99e-4
Angelique,1.98e-4
Aisha,1.98e-4
Laci,1.98e-4
Amani,1.97e-4
Greta,1.97e-4
Mariam,1.97e-4
Ashleigh,1.96e-4
Emmalee,1.96e-4
Kaylyn,1.96e-4
Ryann,1.96e-4
Tianna,1.96e-4
Catalina,1.95e-4
Kaia,1.95e-4
Ayana,1.94e-4
Keely,1.94e-4
Krista,1.94e-4
Lizeth,1.94e-4
Rosemary,1.94e-4
Monserrat,1.94e-4
Abbey,1.94e-4
Ansley,1.94e-4
Celia,1.94e-4
Lorena,1.94e-4
Aliya,1.93e-4
Roselyn,1.93e-4
Akeelah,1.93e-4
Gina,1.93e-4
Giana,1.92e-4
Princess,1.92e-4
Micah,1.91e-4
Ada,1.9e-4
Joslyn,1.9e-4
Saniyah,1.9e-4
Valery,1.9e-4
Theresa,1.89e-4
Elaine,1.88e-4
Zaria,1.88e-4
Hana,1.88e-4
Liana,1.87e-4
Giovanna,1.87e-4
Isabell,1.86e-4
Lainey,1.86e-4
Aracely,1.86e-4
Lucille,1.85e-4
Tess,1.85e-4
Ann,1.84e-4
Shyanne,1.84e-4
Jakayla,1.84e-4
Kayley,1.84e-4
Cassie,1.83e-4
Iliana,1.83e-4
Dylan,1.82e-4
Aiyana,1.82e-4
Rhiannon,1.82e-4
Taliyah,1.82e-4
Tyler,1.82e-4
Adrienne,1.81e-4
Jamya,1.81e-4
Lorelei,1.81e-4
Amiya,1.79e-4
Chasity,1.78e-4
Lesley,1.78e-4
Betsy,1.77e-4
Jacey,1.77e-4
Meagan,1.77e-4
Mila,1.77e-4
Tanya,1.77e-4
Chaya,1.76e-4
Cherish,1.76e-4
Leanna,1.76e-4
Charlize,1.75e-4
Kaliyah,1.75e-4
Anabelle,1.74e-4
Gracelyn,1.74e-4
Mollie,1.74e-4
Salma,1.74e-4
Gillian,1.73e-4
Amelie,1.73e-4
Deja,1.73e-4
Hailie,1.72e-4
Adison,1.72e-4
Aimee,1.72e-4
Jaliyah,1.72e-4
Kelsie,1.72e-4
Frances,1.71e-4
Marlee,1.71e-4
Aylin,1.71e-4
Kaila,1.71e-4
Karlie,1.71e-4
Sydnee,1.71e-4
Thalia,1.71e-4
Charlie,1.7e-4
Jaycee,1.7e-4
Kianna,1.7e-4
Gretchen,1.7e-4
Miah,1.7e-4
Eileen,1.7e-4
Abigayle,1.69e-4
Emery,1.69e-4
Ashly,1.68e-4
Lilyana,1.68e-4
Zariah,1.68e-4
Shakira,1.67e-4
Elsa,1.67e-4
Libby,1.67e-4
Katlyn,1.66e-4
Nathalia,1.66e-4
Nathaly,1.66e-4
Rhianna,1.66e-4
Jaylyn,1.66e-4
Shaylee,1.66e-4
Chelsey,1.64e-4
Leticia,1.64e-4
Madalynn,1.64e-4
Nyasia,1.64e-4
Shayna,1.64e-4
Brandy,1.64e-4
Jaelynn,1.64e-4
Mariela,1.64e-4
Makena,1.63e-4
Maribel,1.63e-4
Meadow,1.63e-4
Noelia,1.63e-4
Stephany,1.63e-4
Xiomara,1.63e-4
Blanca,1.63e-4
Saige,1.63e-4
Belinda,1.62e-4
Sariah,1.61e-4
Zion,1.61e-4
Lilianna,1.61e-4
Rayna,1.61e-4
Trista,1.6e-4
Tatyana,1.6e-4
Jaylee,1.59e-4
Phoenix,1.59e-4
Kendal,1.59e-4
Aryana,1.58e-4
Journey,1.58e-4
Toni,1.58e-4
Camilla,1.58e-4
Kallie,1.57e-4
Natalya,1.57e-4
Corinne,1.56e-4
Janiah,1.56e-4
Aleena,1.55e-4
Mattie,1.55e-4
Joyce,1.55e-4
Litzy,1.55e-4
Paisley,1.55e-4
Selah,1.55e-4
Donna,1.54e-4
Galilea,1.54e-4
Lara,1.54e-4
Frida,1.54e-4
Keyla,1.54e-4
Yaretzi,1.54e-4
Jayleen,1.53e-4
Maleah,1.53e-4
Breana,1.53e-4
Scarlet,1.53e-4
Essence,1.52e-4
Paloma,1.52e-4
Sarahi,1.52e-4
Abril,1.52e-4
Annabel,1.52e-4
Laurel,1.52e-4
Dalia,1.51e-4
Jewel,1.51e-4
Rebeca,1.51e-4
Aliza,1.51e-4
Karma,1.5e-4
Jaclyn,1.5e-4
Zara,1.5e-4
Angeline,1.49e-4
Johana,1.49e-4
Kaiya,1.49e-4
Braelyn,1.48e-4
Karli,1.48e-4
Carrie,1.48e-4
Elliana,1.48e-4
Kamila,1.48e-4
Sheyla,1.48e-4
Carina,1.47e-4
Lilah,1.47e-4
Kaylen,1.47e-4
Montana,1.47e-4
Anais,1.46e-4
Maliyah,1.46e-4
Cailyn,1.46e-4
Elsie,1.46e-4
Annette,1.46e-4
Bria,1.46e-4
Taniyah,1.46e-4
Iyana,1.45e-4
Bethzy,1.45e-4
Brylee,1.45e-4
Kenia,1.45e-4
Kinsley,1.45e-4
Susana,1.45e-4
Adyson,1.44e-4
Ashanti,1.44e-4
Cayla,1.44e-4
Desirae,1.44e-4
Naima,1.44e-4
Alisa,1.43e-4
Joselin,1.43e-4
Julianne,1.43e-4
Kayli,1.43e-4
Abagail,1.43e-4
Abigale,1.43e-4
Yaritza,1.43e-4
Yuridia,1.42e-4
Colleen,1.42e-4
Selina,1.42e-4
Shea,1.42e-4
Mariyah,1.41e-4
Katharine,1.41e-4
Kinsey,1.41e-4
Magdalena,1.41e-4
Yvette,1.41e-4
Averie,1.4e-4
Moriah,1.4e-4
Kathy,1.4e-4
Kinley,1.4e-4
Amaris,1.39e-4
Jaylah,1.39e-4
Jaylene,1.39e-4
Estefani,1.39e-4
Maura,1.39e-4
Myla,1.39e-4
Tayler,1.39e-4
Charlee,1.38e-4
Finley,1.38e-4
Karley,1.38e-4
Shyla,1.38e-4
Belen,1.38e-4
Chanel,1.38e-4
Adamaris,1.37e-4
Alia,1.37e-4
Kenna,1.37e-4
Raina,1.37e-4
Adelaide,1.36e-4
Luciana,1.36e-4
Mira,1.36e-4
Tayla,1.36e-4
Armani,1.36e-4
Jasmyn,1.35e-4
Destini,1.35e-4
Lilia,1.35e-4
Tina,1.35e-4
Chana,1.34e-4
Makaila,1.34e-4
Halie,1.34e-4
Alani,1.34e-4
Kya,1.34e-4
Savana,1.34e-4
Jalyn,1.33e-4
Jalynn,1.33e-4
Karis,1.33e-4
Reina,1.33e-4
Cloe,1.33e-4
Sheila,1.33e-4
Margarita,1.32e-4
Marin,1.32e-4
Malaya,1.32e-4
Riya,1.32e-4
Rocio,1.32e-4
Bree,1.31e-4
Mckinley,1.31e-4
Nichole,1.31e-4
Yuliana,1.31e-4
Alize,1.31e-4
Citlali,1.31e-4
Maryam,1.31e-4
Beatrice,1.3e-4
Justine,1.3e-4
Khloe,1.3e-4
Lacie,1.3e-4
Leia,1.3e-4
Micaela,1.3e-4
Nya,1.3e-4
Shyann,1.3e-4
Kaylah,1.3e-4
Miya,1.3e-4
Tatianna,1.3e-4
Akira,1.29e-4
Amirah,1.29e-4
Briley,1.29e-4
Carol,1.29e-4
Lucero,1.29e-4
Areli,1.28e-4
Brandi,1.28e-4
Destiney,1.28e-4
Jorja,1.28e-4
Stacey,1.28e-4
Hillary,1.27e-4
Christiana,1.27e-4
Dania,1.27e-4
Rayne,1.27e-4
Sanai,1.27e-4
Amina,1.26e-4
Dahlia,1.26e-4
Iyanna,1.26e-4
Leyla,1.26e-4
Lina,1.26e-4
Selene,1.26e-4
Dorothy,1.26e-4
Fabiola,1.26e-4
Flor,1.26e-4
Lorelai,1.26e-4
Mireya,1.26e-4
Neveah,1.26e-4
Joana,1.25e-4
Mina,1.25e-4
Luisa,1.24e-4
Nicolette,1.24e-4
Izabelle,1.24e-4
