name,percent
Emma,0.009043
Isabella,0.008941
Emily,0.008377
Madison,0.008199
Ava,0.008198
Olivia,0.008196
Sophia,0.007729
Abigail,0.00725
Elizabeth,0.005748
Chloe,0.005692
Samantha,0.005384
Addison,0.005188
Natalie,0.004905
Mia,0.004898
Alexis,0.004671
Alyssa,0.00464
Hannah,0.004582
Ashley,0.00453
Ella,0.004497
Sarah,0.004332
Grace,0.004323
Taylor,0.004022
Brianna,0.00397
Lily,0.003907
Hailey,0.003789
Anna,0.003477
Victoria,0.00342
Kayla,0.003281
Lillian,0.003272
Lauren,0.003108
Kaylee,0.003034
Allison,0.003006
Savannah,0.002943
Nevaeh,0.002914
Gabriella,0.002889
Sofia,0.002869
Makayla,0.002859
Avery,0.002801
Riley,0.002774
Julia,0.002698
Leah,0.002695
Aubrey,0.002675
Jasmine,0.002647
Audrey,0.002626
Katherine,0.002571
Morgan,0.002571
Brooklyn,0.002554
Destiny,0.002546
Sydney,0.002536
Alexa,0.002512
Kylie,0.002501
Brooke,0.002494
Kaitlyn,0.002463
Evelyn,0.002452
Layla,0.002376
Madeline,0.002319
Kimberly,0.002318
Zoe,0.002289
Jessica,0.00228
Peyton,0.002278
Alexandra,0.002219
Claire,0.002213
Madelyn,0.0022
Maria,0.002195
Mackenzie,0.002153
Arianna,0.002124
Jocelyn,0.002104
Amelia,0.002088
Angelina,0.002064
Trinity,0.002056
Andrea,0.002053
Maya,0.002042
Valeria,0.002027
Sophie,0.001953
Rachel,0.001948
Vanessa,0.001944
Aaliyah,0.001939
Mariah,0.001935
Gabrielle,0.001934
Katelyn,0.001913
Ariana,0.00188
Bailey,0.001878
Camila,0.001857
Jennifer,0.001821
Melanie,0.001786
Gianna,0.001764
Charlotte,0.001763
Paige,0.001755
Autumn,0.001752
Payton,0.001734
Faith,0.001729
Sara,0.001725
Isabelle,0.001721
Caroline,0.001699
Genesis,0.001698
Isabel,0.001679
Mary,0.001668
Zoey,0.001658
Gracie,0.00165
Megan,0.00164
Haley,0.001606
Mya,0.001601
Michelle,0.0016
Molly,0.001596
Stephanie,0.001594
Nicole,0.001576
Jenna,0.001557
Natalia,0.001556
Sadie,0.001517
Jada,0.001513
Serenity,0.001496
Lucy,0.001474
Ruby,0.001449
Eva,0.001423
Kennedy,0.001421
Rylee,0.001414
Jayla,0.001407
Naomi,0.001392
Rebecca,0.00139
Lydia,0.001378
Daniela,0.001348
Bella,0.001336
Keira,0.001318
Adriana,0.00131
Lilly,0.001292
Hayden,0.001285
Miley,0.001277
Katie,0.001276
Jade,0.00127
Jordan,0.001267
Gabriela,0.001262
Amy,0.001224
Angela,0.001218
Melissa,0.001208
Valerie,0.001206
Giselle,0.0012
Diana,0.001175
Amanda,0.001171
Kate,0.001163
Laila,0.001157
Reagan,0.001149
Jordyn,0.001146
Kylee,0.001146
Danielle,0.001145
Briana,0.001136
Marley,0.001133
Leslie,0.001117
Kendall,0.001112
Catherine,0.00111
Liliana,0.001103
Mckenzie,0.001099
Jacqueline,0.001091
Ashlyn,0.001088
Reese,0.001078
Marissa,0.001047
London,0.001038
Juliana,0.001034
Shelby,0.001034
Cheyenne,0.001014
Angel,0.001011
Daisy,0.001001
Makenzie,9.96e-4
Miranda,9.93e-4
Erin,9.92e-4
Amber,9.89e-4
Alana,9.8e-4
Ellie,9.58e-4
Breanna,9.52e-4
Ana,9.37e-4
Mikayla,9.36e-4
Summer,9.35e-4
Piper,9.21e-4
Adrianna,9.16e-4
Jillian,9.16e-4
Sierra,9.11e-4
Jayden,9.07e-4
Sienna,8.96e-4
Alicia,8.93e-4
Lila,8.93e-4
Margaret,8.89e-4
Alivia,8.8e-4
Brooklynn,8.8e-4
Karen,8.78e-4
Violet,8.74e-4
Sabrina,8.71e-4
Stella,8.71e-4
Aniyah,8.7e-4
Annabelle,8.67e-4
Alexandria,8.67e-4
Kathryn,8.49e-4
Skylar,8.41e-4
Aliyah,8.4e-4
Delilah,8.37e-4
Julianna,8.3e-4
Kelsey,8.27e-4
Khloe,8.21e-4
Carly,8.11e-4
Amaya,8.09e-4
Mariana,8.06e-4
Christina,7.99e-4
Alondra,7.98e-4
Tessa,7.96e-4
Eliana,7.93e-4
Bianca,7.92e-4
Jazmin,7.92e-4
Clara,7.89e-4
Vivian,7.86e-4
Josephine,7.82e-4
Delaney,7.79e-4
Scarlett,7.79e-4
Elena,7.79e-4
Cadence,7.77e-4
Alexia,7.75e-4
Maggie,7.71e-4
Laura,7.67e-4
Nora,7.47e-4
Ariel,7.46e-4
Elise,7.45e-4
Nadia,7.41e-4
Mckenna,7.34e-4
Chelsea,7.29e-4
Lyla,7.27e-4
Alaina,7.25e-4
Jasmin,7.24e-4
Hope,7.24e-4
Leila,7.21e-4
Caitlyn,7.16e-4
Cassidy,7.16e-4
Makenna,7.12e-4
Allie,7.08e-4
Izabella,7.07e-4
Eden,7.06e-4
Callie,7.06e-4
Haylee,7.06e-4
Caitlin,7.05e-4
Kendra,6.98e-4
Karina,6.96e-4
Kyra,6.93e-4
Kayleigh,6.9e-4
Addyson,6.9e-4
Kiara,6.87e-4
Jazmine,6.86e-4
Karla,6.86e-4
Camryn,6.83e-4
Alina,6.79e-4
Lola,6.78e-4
Kyla,6.78e-4
Kelly,6.77e-4
Fatima,6.73e-4
Tiffany,6.59e-4
Kira,6.58e-4
Crystal,6.55e-4
Mallory,6.51e-4
Esmeralda,6.45e-4
Alejandra,6.45e-4
Eleanor,6.43e-4
Angelica,6.42e-4
Jayda,6.42e-4
Abby,6.4e-4
Kara,6.38e-4
Veronica,6.38e-4
Carmen,6.31e-4
Jamie,6.29e-4
Ryleigh,6.23e-4
Valentina,6.21e-4
Allyson,6.17e-4
Dakota,6.14e-4
Kamryn,6.12e-4
Courtney,6.06e-4
Cecilia,6.05e-4
Madeleine,6.04e-4
Aniya,6.03e-4
Alison,6.01e-4
Esther,6.01e-4
Heaven,5.95e-4
Aubree,5.93e-4
Lindsey,5.92e-4
Leilani,5.89e-4
Nina,5.88e-4
Melody,5.87e-4
Macy,5.84e-4
Ashlynn,5.81e-4
Joanna,5.75e-4
Cassandra,5.68e-4
Alayna,5.66e-4
Kaydence,5.66e-4
Madilyn,5.65e-4
Aurora,5.63e-4
Heidi,5.59e-4
Emerson,5.58e-4
Kimora,5.53e-4
Madalyn,5.52e-4
Erica,5.44e-4
Josie,5.43e-4
Katelynn,5.43e-4
Guadalupe,5.4e-4
Harper,5.39e-4
Ivy,5.38e-4
Lexi,5.38e-4
Camille,5.32e-4
Savanna,5.32e-4
Dulce,5.29e-4
Daniella,5.26e-4
Lucia,5.26e-4
Emely,5.26e-4
Joselyn,5.25e-4
Kiley,5.25e-4
Kailey,5.21e-4
Miriam,5.2e-4
Cynthia,5.16e-4
Rihanna,5.15e-4
Georgia,5.14e-4
Rylie,5.13e-4
Harmony,5.12e-4
Kiera,5.12e-4
Kyleigh,5.11e-4
Monica,5.1e-4
Bethany,5.08e-4
Kaylie,5.08e-4
Cameron,5.05e-4
Teagan,5.03e-4
Cora,5.03e-4
Brynn,5e-4
Ciara,4.97e-4
Genevieve,4.97e-4
Alice,4.93e-4
Maddison,4.91e-4
Eliza,4.89e-4
Tatiana,4.89e-4
Jaelyn,4.89e-4
Erika,4.88e-4
Ximena,4.88e-4
April,4.85e-4
Marely,4.84e-4
Julie,4.81e-4
Danica,4.73e-4
Presley,4.73e-4
Brielle,4.72e-4
Julissa,4.72e-4
Angie,4.7e-4
Iris,4.67e-4
Brenda,4.65e-4
Hazel,4.65e-4
Rose,4.65e-4
Malia,4.64e-4
Shayla,4.63e-4
Fiona,4.63e-4
Phoebe,4.61e-4
Nayeli,4.59e-4
Paola,4.59e-4
Kaelyn,4.58e-4
Selena,4.56e-4
Audrina,4.52e-4
Rebekah,4.51e-4
Carolina,4.47e-4
Janiyah,4.44e-4
Michaela,4.42e-4
Penelope,4.41e-4
Janiya,4.41e-4
Anastasia,4.39e-4
Adeline,4.38e-4
Ruth,4.37e-4
Sasha,4.37e-4
Denise,4.33e-4
Holly,4.3e-4
Madisyn,4.28e-4
Hanna,4.28e-4
Tatum,4.27e-4
Marlee,4.27e-4
Nataly,4.26e-4
Helen,4.25e-4
Janelle,4.25e-4
Lizbeth,4.25e-4
Serena,4.23e-4
Anya,4.23e-4
Jaslene,4.23e-4
Kaylin,4.18e-4
Jazlyn,4.16e-4
Nancy,4.12e-4
Lindsay,4.08e-4
Desiree,4.07e-4
Hayley,4.07e-4
Itzel,4.07e-4
Imani,4.04e-4
Madelynn,4.01e-4
Asia,4e-4
Kadence,3.99e-4
Madyson,3.99e-4
Talia,3.99e-4
Jane,3.98e-4
Kayden,3.98e-4
Annie,3.97e-4
Amari,3.97e-4
Bridget,3.94e-4
Raegan,3.92e-4
Jadyn,3.91e-4
Celeste,3.89e-4
Jimena,3.89e-4
Luna,3.87e-4
Yasmin,3.87e-4
Emilia,3.86e-4
Annika,3.85e-4
Estrella,3.84e-4
Sarai,3.84e-4
Lacey,3.82e-4
Ayla,3.82e-4
Alessandra,3.8e-4
Willow,3.78e-4
Nyla,3.76e-4
Dayana,3.75e-4
Lilah,3.74e-4
Lilliana,3.73e-4
Natasha,3.73e-4
Hadley,3.73e-4
Harley,3.73e-4
Priscilla,3.73e-4
Claudia,3.72e-4
Allisson,3.71e-4
Baylee,3.7e-4
Brenna,3.7e-4
Brittany,3.69e-4
Skyler,3.69e-4
Fernanda,3.68e-4
Danna,3.66e-4
Melany,3.58e-4
Cali,3.56e-4
Lia,3.56e-4
Macie,3.56e-4
Lyric,3.54e-4
Logan,3.53e-4
Gloria,3.52e-4
Lana,3.52e-4
Mylee,3.52e-4
Cindy,3.52e-4
Lilian,3.51e-4
Amira,3.5e-4
Anahi,3.5e-4
Alissa,3.48e-4
Anaya,3.48e-4
Lena,3.48e-4
Ainsley,3.46e-4
Sandra,3.46e-4
Noelle,3.43e-4
Marisol,3.42e-4
Meredith,3.4e-4
Kailyn,3.39e-4
Lesly,3.38e-4
Johanna,3.38e-4
Diamond,3.37e-4
Evangeline,3.36e-4
Juliet,3.36e-4
Kathleen,3.34e-4
Meghan,3.34e-4
Paisley,3.34e-4
Athena,3.32e-4
Hailee,3.32e-4
Rosa,3.32e-4
Wendy,3.3e-4
Emilee,3.3e-4
Sage,3.3e-4
Alanna,3.29e-4
Elaina,3.28e-4
Cara,3.27e-4
Nia,3.27e-4
Paris,3.27e-4
Casey,3.26e-4
Dana,3.26e-4
Emery,3.25e-4
Rowan,3.25e-4
Aubrie,3.24e-4
Kaitlin,3.23e-4
Jaden,3.23e-4
Kenzie,3.23e-4
Kiana,3.22e-4
Viviana,3.2e-4
Norah,3.2e-4
Lauryn,3.18e-4
Perla,3.18e-4
Amiyah,3.18e-4
Alyson,3.16e-4
Rachael,3.16e-4
Shannon,3.15e-4
Aileen,3.13e-4
Miracle,3.13e-4
Lillie,3.11e-4
Danika,3.1e-4
Heather,3.1e-4
Kassidy,3.09e-4
Taryn,3.09e-4
Tori,3.09e-4
Francesca,3.08e-4
Kristen,3.08e-4
Amya,3.07e-4
Elle,3.06e-4
Kristina,3.06e-4
Cheyanne,3.04e-4
Haylie,3.04e-4
Patricia,3.03e-4
Anne,3.01e-4
Samara,3.01e-4
Skye,2.99e-4
Kali,2.99e-4
America,2.97e-4
Lexie,2.97e-4
Parker,2.97e-4
Halle,2.96e-4
Londyn,2.95e-4
Abbigail,2.94e-4
Linda,2.93e-4
Hallie,2.92e-4
Saniya,2.91e-4
Bryanna,2.9e-4
Bailee,2.89e-4
Jaylynn,2.88e-4
Mckayla,2.88e-4
Quinn,2.88e-4
Jaelynn,2.86e-4
Jaida,2.86e-4
Caylee,2.85e-4
Jaiden,2.84e-4
Melina,2.84e-4
Abril,2.83e-4
Sidney,2.82e-4
Kassandra,2.81e-4
Elisabeth,2.79e-4
Adalyn,2.78e-4
Kaylynn,2.78e-4
Mercedes,2.78e-4
Yesenia,2.78e-4
Elliana,2.77e-4
Brylee,2.76e-4
Dylan,2.76e-4
Isabela,2.76e-4
Ryan,2.76e-4
Ashlee,2.75e-4
Daphne,2.75e-4
Kenya,2.74e-4
Marina,2.74e-4
Christine,2.74e-4
Mikaela,2.73e-4
Kaitlynn,2.73e-4
Justice,2.72e-4
Saniyah,2.72e-4
Jaliyah,2.71e-4
Ingrid,2.71e-4
Marie,2.7e-4
Natalee,2.7e-4
Joy,2.69e-4
Juliette,2.69e-4
Simone,2.69e-4
Adelaide,2.68e-4
Krystal,2.67e-4
Kennedi,2.67e-4
Mila,2.67e-4
Tamia,2.67e-4
Addisyn,2.66e-4
Aylin,2.66e-4
Dayanara,2.66e-4
Sylvia,2.64e-4
Clarissa,2.63e-4
Maritza,2.63e-4
Virginia,2.63e-4
Braelyn,2.62e-4
Jolie,2.62e-4
Jaidyn,2.61e-4
Kinsley,2.61e-4
Kirsten,2.61e-4
Laney,2.61e-4
Marilyn,2.61e-4
Whitney,2.6e-4
Janessa,2.59e-4
Raquel,2.59e-4
Anika,2.58e-4
Kamila,2.58e-4
Aria,2.57e-4
Rubi,2.57e-4
Adelyn,2.56e-4
Amara,2.56e-4
Ayanna,2.56e-4
Teresa,2.56e-4
Zariah,2.56e-4
Kaleigh,2.55e-4
Amani,2.55e-4
Carla,2.55e-4
Yareli,2.55e-4
Gwendolyn,2.54e-4
Paulina,2.54e-4
Nathalie,2.54e-4
Annabella,2.53e-4
Jaylin,2.53e-4
Tabitha,2.53e-4
Deanna,2.53e-4
Madalynn,2.52e-4
Journey,2.51e-4
Aiyana,2.51e-4
Skyla,2.5e-4
Yaretzi,2.5e-4
Ada,2.49e-4
Liana,2.47e-4
Karlee,2.46e-4
Jenny,2.45e-4
Myla,2.45e-4
Cristina,2.45e-4
Myah,2.44e-4
Lisa,2.44e-4
Tania,2.43e-4
Isis,2.41e-4
Jayleen,2.41e-4
Jordin,2.41e-4
Arely,2.4e-4
Azul,2.4e-4
Helena,2.4e-4
Aryanna,2.39e-4
Jaqueline,2.39e-4
Lucille,2.39e-4
Destinee,2.38e-4
Martha,2.38e-4
Zoie,2.38e-4
Arielle,2.37e-4
Liberty,2.37e-4
Marlene,2.37e-4
Elisa,2.37e-4
Isla,2.37e-4
Noemi,2.37e-4
Raven,2.36e-4
Jessie,2.35e-4
Aleah,2.35e-4
Kailee,2.35e-4
Kaliyah,2.35e-4
Lilyana,2.35e-4
Haven,2.34e-4
Tara,2.34e-4
Giana,2.34e-4
Camilla,2.33e-4
Maliyah,2.33e-4
Irene,2.33e-4
Carley,2.32e-4
Maeve,2.32e-4
Lea,2.31e-4
Macey,2.31e-4
Sharon,2.31e-4
Alisha,2.3e-4
Marisa,2.3e-4
Jaylene,2.3e-4
Kaya,2.29e-4
Scarlet,2.29e-4
Siena,2.29e-4
Adyson,2.29e-4
Maia,2.29e-4
Shiloh,2.28e-4
Tiana,2.28e-4
Jaycee,2.27e-4
Gisselle,2.25e-4
Yazmin,2.25e-4
Eve,2.25e-4
Shyanne,2.25e-4
Arabella,2.24e-4
Sherlyn,2.24e-4
Sariah,2.24e-4
Amiya,2.23e-4
Kiersten,2.23e-4
Madilynn,2.23e-4
Shania,2.23e-4
Aleena,2.23e-4
Finley,2.23e-4
Kinley,2.22e-4
Kaia,2.22e-4
Aliya,2.21e-4
Taliyah,2.21e-4
Pamela,2.2e-4
Yoselin,2.19e-4
Ellen,2.18e-4
Carlie,2.18e-4
Monserrat,2.17e-4
Jakayla,2.17e-4
Reyna,2.16e-4
Yaritza,2.16e-4
Carolyn,2.15e-4
Clare,2.15e-4
Lorelei,2.15e-4
Paula,2.14e-4
Zaria,2.14e-4
Gracelyn,2.13e-4
Kasey,2.13e-4
Regan,2.13e-4
Alena,2.13e-4
Angelique,2.13e-4
Regina,2.13e-4
Britney,2.12e-4
Emilie,2.12e-4
Mariam,2.12e-4
Jaylee,2.1e-4
Julianne,2.1e-4
Greta,2.09e-4
Elyse,2.09e-4
Lainey,2.09e-4
Kallie,2.08e-4
Felicity,2.08e-4
Zion,2.08e-4
Aspen,2.07e-4
Carlee,2.07e-4
Annalise,2.06e-4
Iliana,2.05e-4
Larissa,2.05e-4
Akira,2.03e-4
Sonia,2.03e-4
Catalina,2.03e-4
Phoenix,2.03e-4
Joslyn,2.02e-4
Anabelle,2.02e-4
Mollie,2.01e-4
Susan,2.01e-4
Judith,2e-4
Destiney,2e-4
Hillary,2e-4
Janet,1.99e-4
Katrina,1.99e-4
Mareli,1.99e-4
Ansley,1.99e-4
Kaylyn,1.99e-4
Alexus,1.99e-4
Gia,1.99e-4
Maci,1.98e-4
Elsa,1.98e-4
Stacy,1.98e-4
Kaylen,1.97e-4
Carissa,1.97e-4
Haleigh,1.97e-4
Lorena,1.97e-4
Jazlynn,1.96e-4
Milagros,1.96e-4
Luz,1.96e-4
Leanna,1.95e-4
Renee,1.95e-4
Shaniya,1.95e-4
Charlie,1.94e-4
Abbie,1.93e-4
Cailyn,1.93e-4
Cherish,1.93e-4
Elsie,1.93e-4
Jazmyn,1.93e-4
Elaine,1.92e-4
Emmalee,1.92e-4
Luciana,1.92e-4
Dahlia,1.91e-4
Jamya,1.91e-4
Belinda,1.9e-4
Mariyah,1.9e-4
Chaya,1.89e-4
Dayami,1.89e-4
Rhianna,1.89e-4
Yadira,1.89e-4
Aryana,1.88e-4
Rosemary,1.88e-4
Armani,1.87e-4
Cecelia,1.87e-4
Celia,1.87e-4
Barbara,1.87e-4
Cristal,1.87e-4
Eileen,1.87e-4
Rayna,1.86e-4
Campbell,1.85e-4
Amina,1.85e-4
Aisha,1.84e-4
Amirah,1.84e-4
Ally,1.83e-4
Araceli,1.83e-4
Averie,1.83e-4
Mayra,1.83e-4
Sanaa,1.83e-4
Patience,1.82e-4
Leyla,1.82e-4
Selah,1.82e-4
Zara,1.82e-4
Chanel,1.81e-4
Kaiya,1.81e-4
Keyla,1.81e-4
Miah,1.81e-4
Aimee,1.81e-4
Giovanna,1.81e-4
Amelie,1.8e-4
Kelsie,1.8e-4
Alisson,1.8e-4
Angeline,1.8e-4
Dominique,1.8e-4
Adrienne,1.79e-4
Brisa,1.78e-4
Cierra,1.78e-4
Paloma,1.78e-4
Isabell,1.77e-4
Precious,1.77e-4
Alma,1.76e-4
Charity,1.75e-4
Jacquelyn,1.75e-4
Janae,1.75e-4
Frances,1.75e-4
Shyla,1.75e-4
Janiah,1.74e-4
Kierra,1.73e-4
Karlie,1.73e-4
Annabel,1.72e-4
Jacey,1.72e-4
Karissa,1.72e-4
Jaylah,1.72e-4
Xiomara,1.72e-4
Edith,1.71e-4
Marianna,1.71e-4
Damaris,1.71e-4
Deborah,1.71e-4
Jaylyn,1.71e-4
Evelin,1.7e-4
Mara,1.7e-4
Olive,1.7e-4
Ayana,1.69e-4
India,1.69e-4
Kendal,1.69e-4
Kayley,1.69e-4
Tamara,1.68e-4
Briley,1.68e-4
Charlee,1.68e-4
Nylah,1.68e-4
Abbey,1.67e-4
Moriah,1.67e-4
Saige,1.66e-4
Savanah,1.66e-4
Giada,1.66e-4
Hana,1.66e-4
Lizeth,1.65e-4
Matilda,1.65e-4
Ann,1.64e-4
Jazlene,1.64e-4
Gillian,1.64e-4
Beatrice,1.63e-4
Ireland,1.63e-4
Karly,1.63e-4
Mylie,1.63e-4
Yasmine,1.63e-4
Ashly,1.62e-4
Kenna,1.62e-4
Maleah,1.62e-4
Corinne,1.62e-4
Keely,1.62e-4
Tanya,1.62e-4
Tianna,1.61e-4
Adalynn,1.6e-4
Ryann,1.6e-4
Salma,1.6e-4
Areli,1.59e-4
Karma,1.59e-4
Shyann,1.59e-4
Kaley,1.59e-4
Theresa,1.59e-4
Evie,1.58e-4
Gina,1.58e-4
Roselyn,1.58e-4
Kaila,1.57e-4
Jaylen,1.57e-4
Natalya,1.57e-4
Meadow,1.56e-4
Rayne,1.56e-4
Aliza,1.55e-4
Yuliana,1.55e-4
June,1.55e-4
Lilianna,1.55e-4
Nathaly,1.55e-4
Ali,1.54e-4
Alisa,1.54e-4
Aracely,1.54e-4
Belen,1.54e-4
Tess,1.54e-4
Jocelynn,1.54e-4
Litzy,1.54e-4
Makena,1.54e-4
Abagail,1.53e-4
Giuliana,1.52e-4
Joyce,1.52e-4
Libby,1.52e-4
Lillianna,1.52e-4
Thalia,1.52e-4
Tia,1.52e-4
Sarahi,1.52e-4
Zaniyah,1.52e-4
Kristin,1.51e-4
Lorelai,1.51e-4
Mattie,1.51e-4
Taniya,1.51e-4
Jaslyn,1.51e-4
Gemma,1.5e-4
Valery,1.5e-4
Lailah,1.5e-4
Mckinley,1.5e-4
Micah,1.5e-4
Deja,1.49e-4
Frida,1.49e-4
Brynlee,1.49e-4
Jewel,1.49e-4
Krista,1.49e-4
Mira,1.49e-4
Yamilet,1.49e-4
Adison,1.48e-4
Carina,1.48e-4
Karli,1.47e-4
Magdalena,1.47e-4
Stephany,1.47e-4
Charlize,1.46e-4
Raelynn,1.46e-4
Aliana,1.46e-4
Cassie,1.46e-4
Mina,1.46e-4
Karley,1.45e-4
Shirley,1.45e-4
Marlie,1.45e-4
Alani,1.44e-4
Taniyah,1.44e-4
Cloe,1.44e-4
Sanai,1.44e-4
Lina,1.44e-4
Nola,1.44e-4
Anabella,1.43e-4
Dalia,1.43e-4
Raina,1.43e-4
Mariela,1.43e-4
Ariella,1.42e-4
Bria,1.42e-4
Kamari,1.42e-4
Monique,1.42e-4
Ashleigh,1.42e-4
Reina,1.42e-4
Alia,1.41e-4
Ashanti,1.41e-4
Lara,1.41e-4
Lilia,1.41e-4
Justine,1.41e-4
Leia,1.41e-4
Maribel,1.41e-4
Abigayle,1.4e-4
Tiara,1.4e-4
Alannah,1.4e-4
Princess,1.4e-4
Sydnee,1.4e-4
Kamora,1.39e-4
Paityn,1.39e-4
Payten,1.39e-4
Naima,1.39e-4
Gretchen,1.37e-4
Heidy,1.37e-4
Nyasia,1.37e-4
Livia,1.37e-4
Marin,1.37e-4
Shaylee,1.37e-4
Maryjane,1.36e-4
Laci,1.36e-4
Nathalia,1.36e-4
Azaria,1.35e-4
Anabel,1.35e-4
Chasity,1.35e-4
Emmy,1.35e-4
Izabelle,1.35e-4
Denisse,1.34e-4
Emelia,1.34e-4
Mireya,1.34e-4
Shea,1.34e-4
Amiah,1.34e-4
Dixie,1.34e-4
Maren,1.34e-4
Averi,1.33e-4
Esperanza,1.33e-4
Micaela,1.33e-4
Selina,1.33e-4
Alyvia,1.33e-4
Chana,1.33e-4
Avah,1.32e-4
Donna,1.32e-4
Kaylah,1.32e-4
Ashtyn,1.31e-4
Karsyn,1.31e-4
Makaila,1.31e-4
Shayna,1.31e-4
Essence,1.31e-4
Leticia,1.3e-4
Miya,1.3e-4
Rory,1.3e-4
Desirae,1.3e-4
Kianna,1.3e-4
Laurel,1.3e-4
Neveah,1.3e-4
Amaris,1.29e-4
Hadassah,1.29e-4
Dania,1.29e-4
Hailie,1.29e-4
Jamiya,1.29e-4
Kathy,1.29e-4
Laylah,1.29e-4
Riya,1.29e-4
Diya,1.28e-4
Carleigh,1.28e-4
Iyana,1.28e-4
Kenley,1.27e-4
Sloane,1.27e-4
Elianna,1.27e-4
